"ID","Progress","Uni","Full_Part","PTY","Current_Year","Course_Duration","Course_Name","Previous_Training","Gender","UKRN","timepoint","Perception_Replication1","Perception_Replication2","Perception_Materials1","Perception_Materials2","Perception_Education1","Perception_Education2","Perception_Access1","Perception_Access2","Perception_Data1","Perception_Data2","Perception_Power1","Perception_Power2","Perception_Preregistration1","Perception_Preregistration2","Perception_Preprint1","Perception_Preprint2","Knowledge_Replication","Knowledge_Materials","Knowledge_Education","Knowledge_Access","Knowledge_Data","Knowledge_Power","Knowledge_Preregistration","Knowledge_Preprint","Awareness_Replication","Awareness_Materials","Awareness_Education","Awareness_Access","Awareness_Data","Awareness_Power","Awareness_Preregistration","Awareness_Preprint","Experience_Replication","Experience_Materials","Experience_Education","Experience_Access","Experience_Data","Experience_Power","Experience_Preregistration","Experience_Preprint","Perception_Score_Total","Perception_Score_Mean","Knowledge_Score_Total","Knowledge_Score_Mean","Awareness_Score_Total","Experience_Score_Total","crisis_aware","crisis_learnt","crisis_explain","os_explain","os_learnt","applicability","comments"
1,"100","UKRN02","Full-time","Other (Please specify)","Year 1","3","Psychology BSC","Yes","Female","UKRN",1,1,2,2,1,0,0,2,1,1,1,1,1,2,1,1,-1,4,3,3,2,2,2,3,2,1,0,1,1,0,1,0,1,1,0,1,0,0,1,0,0,16,16,21,21,5,3,1,1,0,1,1,1,""
2,"100","UKRN02","Full-time","Yes","Year 1","4","Psychology","No","Female","UKRN",1,2,2,1,1,1,1,0,1,2,0,1,2,2,2,1,-2,4,4,2,3,1,2,4,3,0,0,1,1,0,0,1,1,0,0,1,0,0,0,0,0,17,17,23,23,4,1,1,1,1,0,1,1,""
3,"100","UKRN02","Full-time","Yes","Placement Year","3","BSc Psychology","Yes","Female","UKRN",1,2,-1,1,0,1,2,1,-1,1,-2,2,2,1,2,-2,-1,1,3,0,0,0,0,3,3,1,0,1,0,0,0,1,1,0,0,1,0,0,0,0,0,8,8,10,10,4,1,1,1,0,0,0,1,""
4,"100","UKRN02","Full-time","Yes","Year 1","3","Psychology with Forensic Investigation ","Yes","Female ","UKRN",1,1,2,1,-1,1,1,1,0,0,2,2,2,0,0,-2,-2,4,2,1,0,0,3,3,3,1,0,0,1,1,0,0,1,0,0,0,0,0,0,0,0,8,8,16,16,4,0,1,1,0,0,0,1,""
5,"100","UKRN02","Full-time","Yes","Placement Year","3","Bsc Psychology","Yes","Female","UKRN",1,1,1,1,1,-1,-1,-1,1,0,-1,2,2,0,2,-1,-1,4,3,3,3,1,3,3,2,1,1,0,1,1,1,0,1,0,0,1,0,0,0,1,0,5,5,22,22,6,2,1,0,1,0,0,1,""
6,"100","UKRN02","Full-time","No","Year 1","3","BSc Psychology","Yes","female","UKRN",1,2,2,-1,-1,-1,1,-1,-1,1,-2,1,2,1,1,0,-2,3,3,1,1,1,2,3,3,1,0,1,1,1,1,1,1,1,0,1,0,0,0,0,0,2,2,17,17,7,2,1,1,1,1,1,1,""
7,"100","UKRN02","Full-time","No","Year 2","3","Psychology","Yes","Female","UKRN",1,1,0,2,0,2,1,0,2,0,0,2,0,0,-2,1,0,3,3,3,1,3,2,4,3,1,0,0,1,1,1,1,1,0,1,1,0,0,0,0,1,9,9,22,22,6,3,0,NA,NA,0,0,0,""
8,"100","UKRN02","Full-time","Yes","Year 1","3","Psycholigy","No","female","UKRN",1,1,0,2,1,1,1,2,1,1,1,1,2,0,1,0,-1,3,3,1,1,1,3,3,3,1,1,1,1,0,0,0,0,0,0,0,0,0,0,0,0,14,14,18,18,4,0,1,1,0,0,0,0,""
9,"100","UKRN02","Full-time","Yes","Year 2","3","BSc Pyschology ","No","Female","UKRN",1,1,1,0,-1,1,1,1,1,2,-1,2,2,-1,1,-1,-1,1,1,1,0,3,3,4,3,0,0,1,0,0,1,1,1,0,0,1,0,0,1,1,1,8,8,16,16,4,4,1,1,1,0,0,1,""
10,"100","UKRN02","Full-time","Yes","Year 2","4","BSc (Hons) Psychology","No","Female ","UKRN",1,2,2,-2,-2,1,-1,2,-1,2,-2,2,2,-1,-1,-2,-1,3,3,1,0,1,3,3,3,0,0,1,0,0,1,1,1,0,0,0,0,0,1,1,1,0,0,17,17,4,3,1,1,0,0,0,1,"No"
11,"100","UKRN02","Full-time","Yes","Year 2","3","BsC Psychology ","No","Female ","UKRN",1,1,-2,2,-1,-1,-1,2,1,-1,-2,0,2,1,-1,1,-1,1,1,1,0,0,3,3,4,1,1,1,1,1,0,1,1,1,1,1,1,0,0,1,1,0,0,13,13,7,6,1,1,0,0,1,1,""
12,"100","UKRN02","Full-time","Yes","Placement Year","3","Psychology ","Yes","Female ","UKRN",1,2,1,2,2,1,1,2,2,1,1,2,2,1,1,-1,-1,1,3,3,3,0,3,3,3,1,1,1,1,0,1,1,1,0,1,1,1,0,1,1,0,19,19,19,19,7,5,0,NA,NA,1,1,1,""
13,"100","UKRN02","Full-time","Yes","Placement Year","3","Psychology","Yes","Female","UKRN",1,1,0,1,1,1,1,1,0,0,-2,0,2,1,1,-1,1,1,3,3,1,3,1,2,3,1,1,1,0,0,1,1,1,0,0,0,0,0,0,0,0,8,8,17,17,6,0,1,1,NA,0,0,0,""
14,"100","UKRN02","Full-time","Yes","Year 2","4","Psychology","Yes","Female ","UKRN",1,0,2,0,-2,1,0,1,-1,2,-1,1,2,0,0,-1,-2,4,3,3,2,0,3,3,1,0,0,1,0,0,1,1,1,0,0,1,0,0,1,1,0,2,2,19,19,4,3,1,1,0,0,0,1,""
15,"100","UKRN02","Full-time","Yes","Year 1","4","BPS Psychology ","Yes","Female ","UKRN",1,-1,2,0,1,-1,1,-1,-1,0,-1,1,2,1,2,-1,1,3,3,2,1,1,3,2,3,1,1,1,1,0,0,0,1,0,0,0,0,0,0,0,0,5,5,18,18,5,0,1,1,1,0,0,0,""
16,"100","UKRN02","Full-time","Yes","Year 2","3","Psychology ","Yes","Female","UKRN",1,2,1,0,2,1,1,2,0,1,1,1,2,0,1,-1,-2,4,4,4,3,1,3,2,4,0,0,0,1,0,0,0,0,0,0,1,0,0,0,1,1,12,12,25,25,1,3,1,1,1,0,0,1,""
17,"100","UKRN02","Full-time","Yes","Year 1","4","BSc Psychology","Yes","Female","UKRN",1,2,2,0,1,0,1,1,-1,-1,1,0,2,1,-1,-2,2,3,2,2,1,2,2,2,4,1,1,0,0,0,0,0,0,0,0,1,0,0,1,0,1,8,8,18,18,2,3,1,1,1,0,0,1,""
18,"100","UKRN02","Full-time","Yes","Year 1","4","Psychology","Yes","Female","UKRN",1,2,2,1,-1,1,2,1,-1,-2,0,1,2,0,2,-1,-2,4,3,3,1,0,0,4,4,1,0,0,0,0,1,1,1,0,0,0,0,0,0,0,1,7,7,19,19,4,1,1,1,0,0,0,1,""
19,"100","UKRN02","Full-time","Yes","Year 1","3","BSc (Hons) Psychology","Yes","Female","UKRN",1,2,1,1,1,2,2,2,1,2,2,1,2,1,1,-2,-2,3,3,4,1,1,3,3,3,1,0,1,1,0,1,1,1,0,0,1,0,0,1,0,1,17,17,21,21,6,3,1,1,1,1,1,1,"Very relevant to undergraduates and something that needs to have more awareness especially when writing up assignments for the first time"
20,"100","UKRN02","Full-time","Yes","Year 1","3","Psychology ","Yes","Male","UKRN",1,2,2,1,-1,1,1,1,-1,1,-2,2,1,1,-2,-2,-2,4,3,3,1,0,3,3,3,1,0,1,0,0,0,1,1,0,0,1,0,0,0,0,0,3,3,20,20,4,1,1,1,1,0,1,1,""
21,"100","UNI01","Full-time","No","Final Year","3","Psychology","Yes","Female","Non-UKRN",1,2,1,0,0,0,1,2,2,0,-1,-1,2,0,1,0,-1,3,1,4,2,1,1,1,4,0,0,1,0,0,0,0,0,0,0,0,0,0,0,0,0,8,8,17,17,1,0,0,NA,NA,1,0,1,"No"
22,"100","UKRN02","Full-time","No","Final Year","3","Psychology","Yes","Female","UKRN",1,1,1,0,0,1,0,2,-1,0,-1,2,2,2,1,-1,-1,3,3,3,1,1,3,2,3,1,1,1,0,0,1,1,1,1,0,1,0,0,1,0,0,8,8,19,19,6,3,0,NA,NA,1,1,1,""
23,"100","UKRN02","Full-time","Other (Please specify)","Year 1","3","Psychology","Yes","Female","UKRN",1,1,1,0,1,1,0,0,1,1,0,0,1,1,1,0,0,4,3,3,3,1,2,2,2,1,1,1,1,0,0,0,1,0,0,0,0,0,0,0,0,9,9,20,20,5,0,1,1,1,1,1,1,""
24,"100","UNI02","Full-time","No","Year 2","3","BSc Psychology Hons","No","N/A","Non-UKRN",1,1,2,1,1,1,1,2,1,1,2,1,2,1,1,0,-1,4,4,4,2,1,1,4,3,1,1,0,1,1,1,1,0,0,0,1,0,0,0,0,1,17,17,23,23,6,2,1,1,1,0,0,1,""
25,"100","UNI02","Full-time","No","Year 2","3","Single honours Psychology ","Yes","Female","Non-UKRN",1,2,1,1,1,1,1,1,1,-1,1,1,2,1,0,0,-2,1,3,3,3,1,3,3,3,0,0,1,0,0,0,0,1,0,0,0,0,0,0,0,1,11,11,20,20,2,1,1,1,1,0,0,1,""
27,"100","UNI02","Full-time","No","Final Year","3","Psychology ","No","Female ","Non-UKRN",1,1,1,0,1,1,1,2,1,0,0,1,1,-1,-1,-1,-1,3,2,3,1,1,2,2,3,1,1,1,1,1,1,1,1,0,0,0,0,0,0,0,0,6,6,17,17,8,0,1,0,0,0,0,1,""
28,"100","UNI02","Full-time","No","Year 2","3","Psychology","Yes","Female ","Non-UKRN",1,0,2,0,1,1,1,2,-1,-2,-1,1,2,0,1,-2,-2,4,3,3,0,1,3,3,2,1,1,1,1,1,1,1,1,0,0,0,0,0,0,0,0,3,3,19,19,8,0,1,1,1,0,1,1,""
29,"100","UNI02","Full-time","No","Final Year","3","Psychology ","Yes","Female ","Non-UKRN",1,2,2,2,2,2,2,2,2,2,2,0,2,0,1,-2,-2,4,4,4,4,0,3,2,4,1,0,1,0,0,1,0,1,0,0,0,0,0,0,0,0,19,19,25,25,4,0,1,1,1,0,0,1,""
30,"100","UNI02","Full-time","No","Final Year","3","Psychology ","Yes","Female ","Non-UKRN",1,1,-1,0,1,1,1,-1,-1,1,-1,1,1,0,1,0,1,3,1,3,1,3,3,3,3,1,1,1,0,0,1,0,1,1,0,1,0,0,0,0,0,5,5,20,20,5,2,1,0,0,1,0,1,""
31,"100","UNI02","Full-time","No","Year 1","3","Psychology with counselling ","Yes","Female","Non-UKRN",1,1,-2,1,1,1,-1,1,1,1,0,1,0,1,-1,1,-1,1,3,3,1,0,2,3,3,1,1,1,0,0,1,1,1,1,0,0,0,0,0,0,0,5,5,16,16,6,1,1,0,0,0,1,1,""
32,"100","UNI02","Full-time","No","Final Year","3","Bsc(hons) psychology ","Yes","Female ","Non-UKRN",1,1,2,0,1,0,0,0,-1,-1,-2,1,2,0,0,-1,1,4,4,3,3,1,3,2,3,1,1,1,1,1,1,1,1,0,0,0,0,0,0,0,0,3,3,23,23,8,0,1,1,0,0,0,1,""
33,"100","UNI01","Full-time","No","Year 2","3","BSc (Hons) Psychology with Criminology","Yes","Female","Non-UKRN",1,1,1,0,1,1,0,2,1,1,-1,1,1,1,1,-1,-1,3,3,3,1,1,3,2,2,0,0,1,1,1,0,0,1,0,0,0,0,0,0,0,0,9,9,18,18,4,0,1,0,0,0,0,1,""
34,"100","UNI02","Full-time","No","Year 2","3","Psychology with clinical skills","No","Female","Non-UKRN",1,2,2,1,2,1,1,2,1,2,1,1,2,1,1,1,0,3,3,4,4,2,3,4,4,0,0,0,1,0,0,1,1,0,0,1,0,0,0,0,0,21,21,27,27,3,1,1,1,1,1,1,1,""
35,"100","UNI01","Full-time","No","Final Year","3","Psychology with Criminology","No","Female","Non-UKRN",1,2,2,2,1,2,2,2,1,0,0,1,2,0,1,-2,-2,3,3,4,1,1,3,3,4,1,1,1,0,1,1,0,1,1,1,1,0,1,1,0,1,14,14,22,22,6,6,1,1,0,1,1,1,""
36,"100","UNI02","Full-time","Yes","Year 2","3","Psychology","No","Female","Non-UKRN",1,1,2,0,-2,0,2,2,1,0,-2,2,2,2,-1,-2,-1,3,3,4,1,0,0,4,0,0,0,1,0,0,0,0,1,1,1,0,1,1,1,1,0,6,6,15,15,2,6,1,1,0,0,0,1,""
37,"100","UNI02","Full-time","No","Year 2","3","Bsc (Hons) Psychology","No","Female","Non-UKRN",1,0,-1,0,0,0,0,0,-1,-1,-1,2,1,0,0,-1,-1,2,1,1,1,1,1,3,3,0,0,1,0,0,0,0,0,1,1,0,1,1,1,1,1,-3,-3,13,13,1,7,1,1,0,0,0,0,"No"
38,"100","UNI02","Full-time","Yes","Year 2","4","Forensic psychology ","No","Female ","Non-UKRN",1,1,-1,0,1,0,0,1,1,1,0,1,2,1,1,-1,1,3,2,3,1,2,1,3,1,1,0,1,0,1,1,1,1,0,0,1,0,0,1,0,0,9,9,16,16,6,2,1,1,0,1,1,1,"Some questions we are aware of  in second year but not all"
39,"100","UNI01","Full-time","No","Year 1","3","Psychology BSc (Hons)","Yes","Female","Non-UKRN",1,1,2,2,1,0,1,1,0,0,0,-1,2,0,1,-1,-1,1,1,3,3,1,3,1,2,0,0,0,0,0,0,0,0,1,0,1,0,0,0,0,0,8,8,15,15,0,2,0,NA,NA,0,0,1,""
40,"100","UNI01","Full-time","No","Year 1","3","Bsc Psychology (Hons)","Yes","Female","Non-UKRN",1,1,1,0,1,-1,-1,1,1,-1,-2,1,1,2,1,-1,-2,3,1,1,1,0,3,3,1,1,1,1,1,1,1,0,1,0,0,0,0,0,0,0,0,2,2,13,13,7,0,1,1,1,0,0,1,""
41,"100","UNI02","Full-time","No","Year 2","3","Psychology with clinical skills","No","Female ","Non-UKRN",1,2,1,1,1,1,1,1,2,0,-2,2,1,-1,1,-1,-1,3,3,3,1,0,1,3,2,0,0,1,0,0,0,1,1,0,0,0,0,0,0,0,0,9,9,16,16,3,0,1,0,1,0,0,1,"No"
42,"100","UNI01","Full-time","Yes","Year 1","3","Psychology BSc","Yes","Male","Non-UKRN",1,1,1,1,-1,2,0,1,-1,1,-1,2,1,1,-1,-1,-1,3,3,2,0,0,3,4,2,0,1,1,0,0,1,0,1,0,0,1,0,0,1,0,0,5,5,17,17,4,2,0,NA,NA,0,0,1,"None."
44,"100","UNI01","Full-time","No","Year 2","3","Psychology","No","Female","Non-UKRN",1,1,2,1,2,1,1,1,-1,0,-2,0,2,2,2,0,0,4,3,3,2,2,0,3,3,0,0,0,1,0,0,1,1,0,0,1,0,0,1,0,0,12,12,20,20,3,2,1,1,1,0,0,1,""
45,"100","UKRN07","Full-time","No","Final Year","3","Psychology Bsc","No","Female","UKRN",1,1,1,1,2,-1,1,-1,1,1,-1,1,1,1,0,-1,-2,4,0,4,3,2,4,2,3,0,0,1,0,0,1,1,1,0,0,1,0,0,1,1,0,5,5,22,22,4,3,0,NA,NA,0,0,1,""
46,"100","UKRN07","Full-time","Yes","Final Year","4","Psychology with Professional Placement","Yes","Female","UKRN",1,1,1,1,1,2,1,1,2,1,1,1,2,1,-1,1,-1,4,3,3,3,3,3,4,3,1,1,1,1,0,1,1,1,0,0,0,0,1,0,0,0,15,15,26,26,7,1,1,1,1,1,0,1,""
47,"51","UKRN02","Full-time","Yes","Placement Year","3","psychology","Yes","Female","UKRN",1,2,1,0,1,2,2,2,2,0,2,2,2,-1,0,-2,-1,NA,NA,NA,NA,NA,NA,NA,NA,0,0,0,0,0,0,0,1,0,0,0,0,0,0,0,0,14,14,NA,NA,1,0,NA,NA,NA,NA,NA,NA,""
48,"100","UKRN07","Full-time","No","Final Year","3","BSc Psychology","Yes","Female","UKRN",1,2,2,0,1,1,0,2,1,0,-1,1,2,-1,1,-1,-1,4,4,3,1,1,2,3,3,0,0,1,1,0,0,0,1,0,0,0,0,0,0,1,0,9,9,21,21,3,1,1,1,1,0,0,1,""
49,"100","UKRN07","Full-time","Yes","Final Year","4","Psychology with Professional Placement","Yes","Male","UKRN",1,2,2,2,1,2,2,2,1,2,2,2,2,-1,0,-1,-1,4,4,4,1,3,4,3,4,1,1,1,1,0,1,1,1,1,0,1,0,0,0,1,1,19,19,27,27,7,4,1,1,1,0,0,1,""
50,"100","UNI01","Full-time","No","Year 2","3","Psychology with Criminology","No","Female","Non-UKRN",1,-1,1,2,-2,2,2,2,2,2,-2,1,1,2,-1,1,2,1,1,4,4,1,3,3,4,1,1,1,1,0,1,0,1,0,0,0,0,0,0,1,0,14,14,21,21,6,1,0,NA,NA,1,1,1,""
51,"100","UKRN07","Full-time","No","Final Year","3","Psychology with Neuroscience","Yes","Female","UKRN",1,1,1,1,-1,1,1,2,1,1,0,-1,2,1,-1,1,1,3,3,4,3,3,3,3,3,1,0,1,1,0,0,1,1,0,0,0,0,0,0,1,1,11,11,25,25,5,2,1,1,1,1,1,1,""
52,"46","UNI02","Full-time","No","Year 1","3","Psychology with clinical skills","Yes","female","Non-UKRN",1,NA,NA,NA,NA,NA,NA,NA,NA,NA,NA,NA,NA,NA,NA,NA,NA,NA,NA,NA,NA,NA,NA,NA,NA,0,0,0,0,0,0,0,0,0,0,0,0,0,0,0,0,NA,NA,NA,NA,0,0,NA,NA,NA,NA,NA,NA,""
53,"100","UNI04","Full-time","No","Year 2","3","BSc Psychology","Yes","Female","Non-UKRN",1,2,2,-1,1,-1,2,2,1,2,-1,2,2,2,-2,-2,-2,4,3,4,0,1,2,3,2,1,1,0,0,0,0,1,1,0,0,1,1,1,1,0,0,9,9,19,19,4,4,0,NA,NA,1,0,1,""
54,"100","UNI04","Full-time","Other (Please specify)","Final Year","4","Psychology (with a Year Abroad)","No","Female","Non-UKRN",1,2,1,0,1,2,2,2,1,1,-1,1,1,1,1,-1,-1,3,3,4,3,1,1,3,3,0,1,0,1,1,0,1,1,0,0,1,0,0,1,0,0,13,13,21,21,5,2,1,1,0,0,0,1,""
55,"100","UNI04","Full-time","No","Final Year","3","BSc Psychology","Yes","Female","Non-UKRN",1,2,2,1,-2,1,1,1,-1,-2,-2,0,2,-1,2,-1,-1,3,1,3,1,1,1,2,3,0,0,1,0,0,0,0,1,0,0,1,0,0,0,0,0,2,2,15,15,2,1,1,1,1,0,0,1,""
56,"100","UKRN07","Full-time","No","Final Year","3","BSc Psychology (Hons) ","Yes","Female ","UKRN",1,1,1,1,0,1,1,2,1,1,1,2,-1,1,-1,-1,-1,3,2,3,3,1,1,3,3,1,1,1,0,1,1,1,1,0,0,0,1,0,0,0,0,9,9,19,19,7,1,1,1,1,1,1,1,"no "
57,"100","UNI04","Full-time","Yes","Year 2","4","BSc Psychology with Placement Year","No","Male","Non-UKRN",1,2,2,2,2,1,1,1,-1,1,-2,1,2,0,1,-2,-2,4,3,2,3,3,3,3,3,0,0,1,0,0,1,1,1,0,0,1,0,0,1,0,1,9,9,24,24,4,3,1,1,0,0,0,1,"The question asking whether raw data may be published online was answered ""Agree"": but this is only the case if the data is anonymous. I believe while misinformation may be a problem with ""publishing"" (i.e. simply posting online) un-replicated studies/peer-reviewed studies- it is unrealistic to say that in practice this can be halted, and rather the public must be informed about misinformation and the reliability of online sources. "
58,"100","UKRN02","Full-time","Yes","Year 1","4","Psychology with counselling","Yes","Female","UKRN",1,2,1,0,1,-1,0,0,-1,1,-1,1,2,1,-1,-1,1,3,1,1,0,0,1,3,2,0,1,0,0,0,1,1,0,1,0,1,1,1,0,0,1,5,5,11,11,3,5,1,0,1,0,1,0,""
59,"100","UNI04","Full-time","Yes","Year 2","4","Cognitive psychology with placement year","Yes","Female","Non-UKRN",1,0,1,1,1,1,1,1,1,1,1,-1,1,-1,1,-1,-2,4,2,3,0,0,1,1,3,1,0,0,0,0,0,0,1,0,0,1,0,0,0,0,0,6,6,14,14,2,1,0,NA,NA,0,0,1,""
60,"100","UNI11","Full-time","No","Final Year","3","Psychology and child development ","Yes","Female","Non-UKRN",1,2,2,1,2,2,2,2,1,2,-1,1,2,0,1,-1,-1,4,4,4,1,1,1,3,3,0,1,0,0,0,0,0,0,0,0,1,0,1,1,1,1,17,17,21,21,1,5,1,1,0,0,0,1,""
61,"100","UNI11","Full-time","No","Final Year","3","Bsc Psychology ","Yes","Female","Non-UKRN",1,1,1,1,1,0,1,2,2,1,1,1,2,0,1,-1,1,3,3,3,1,1,3,3,1,1,1,0,1,1,1,0,1,0,0,1,0,0,0,1,0,15,15,18,18,6,2,1,1,1,0,0,1,""
62,"100","UNI11","Full-time","No","Final Year","3","Psychology and child development ","No","Female","Non-UKRN",1,1,1,1,-1,1,1,1,-1,0,1,2,2,-1,2,-1,1,1,2,3,2,1,1,3,1,1,0,1,0,0,0,1,1,0,0,0,0,0,0,1,0,10,10,14,14,4,1,0,NA,NA,0,0,0,""
63,"100","UNI11","Full-time","No","Year 2","3","Bsc Psychology ","Yes","Female","Non-UKRN",1,1,2,1,1,0,0,1,1,-1,-1,1,2,1,1,-1,-2,3,2,3,3,1,3,1,3,1,1,1,1,0,0,1,1,0,0,1,0,0,0,0,0,7,7,19,19,6,1,0,NA,NA,1,0,0,""
64,"100","UNI11","Full-time","No","Year 1","3","Bsc Psychology","Yes","Female","Non-UKRN",1,2,2,1,1,0,0,2,0,1,-1,2,0,0,-2,1,1,3,2,3,1,3,3,3,2,0,0,1,0,0,1,0,1,0,0,1,0,0,1,0,0,10,10,20,20,3,2,1,0,1,0,0,0,""
65,"100","UNI11","Full-time","No","Year 1","3","Psychology with child development ","Yes","Female","Non-UKRN",1,1,1,1,1,-1,1,1,1,-2,-2,2,1,2,-1,-2,-2,3,3,2,0,1,2,1,2,0,0,1,0,0,1,0,1,0,0,1,0,0,1,0,0,2,2,14,14,3,2,1,1,0,0,0,1,""
66,"100","UNI11","Full-time","No","Final Year","3","BSc Psychology","Yes","Female ","Non-UKRN",1,1,2,2,2,1,2,2,1,1,0,0,2,1,1,-2,-1,4,3,3,3,4,0,3,2,1,0,0,1,1,0,0,0,0,1,1,0,0,1,1,1,15,15,22,22,3,5,1,1,NA,0,1,0,""
67,"100","UNI11","Full-time","No","Final Year","3","Psychology ","No","Female","Non-UKRN",1,2,2,1,2,1,-1,1,1,1,2,-2,2,0,1,-1,-1,4,3,3,2,2,3,1,2,0,0,1,0,0,1,1,1,1,1,0,1,1,0,0,0,11,11,20,20,4,4,0,NA,NA,0,0,0,""
68,"100","UNI11","Full-time","No","Year 1","3","Psychology","Yes","Female","Non-UKRN",1,1,1,0,1,1,0,2,1,2,-1,1,2,0,-1,-2,-2,3,3,4,1,0,3,3,4,1,0,1,0,0,0,1,1,0,0,1,0,0,0,0,0,6,6,21,21,4,1,1,1,1,0,0,1,""
69,"100","UNI11","Full-time","No","Year 2","3","psychology","Yes","female","Non-UKRN",1,1,1,1,1,0,1,1,-1,1,1,1,2,0,0,-1,0,3,1,1,1,3,3,3,2,0,0,0,0,0,0,0,1,0,0,0,0,0,0,0,0,9,9,17,17,1,0,0,NA,NA,0,0,1,""
70,"100","UNI11","Full-time","No","Year 2","3","BSc Psychology ","Yes","Female","Non-UKRN",1,2,2,1,1,1,1,2,2,1,1,0,2,0,1,-1,-1,4,4,4,4,3,4,3,3,1,1,1,1,0,0,1,1,0,0,0,0,0,0,1,0,15,15,29,29,6,1,1,1,1,1,1,1,"No"
71,"100","UNI11","Full-time","No","Year 1","3","psychology and child development ","No","Male","Non-UKRN",1,2,1,1,1,0,1,1,1,2,1,0,2,1,2,0,0,4,2,3,1,3,3,1,3,1,1,0,0,1,1,0,1,0,0,1,1,0,0,1,0,16,16,20,20,5,3,0,NA,NA,0,0,1,""
72,"100","UNI11","Full-time","No","Year 1","3","psychology ","Yes","female","Non-UKRN",1,1,1,0,-1,1,1,1,-1,1,-1,1,2,0,1,-1,-2,3,3,3,2,0,0,3,3,1,1,0,1,1,0,1,1,0,0,1,0,0,1,0,0,4,4,17,17,6,2,1,1,1,0,0,1,""
73,"100","UNI11","Full-time","No","Year 2","3","BSc Psychology","Yes","Female","Non-UKRN",1,1,1,1,1,1,1,2,1,1,-2,2,1,0,-1,-1,2,4,3,3,0,2,3,3,4,0,0,0,0,0,0,0,1,0,1,1,0,0,0,0,0,11,11,22,22,1,2,0,NA,NA,0,0,0,""
74,"100","UNI11","Full-time","No","Year 1","3","Bsc Psychology","Yes","female","Non-UKRN",1,2,1,1,-1,1,1,2,-1,1,1,1,2,2,1,-1,-1,3,1,1,1,1,1,3,3,1,1,1,1,1,1,0,1,0,1,1,0,0,1,0,1,12,12,14,14,7,4,1,1,1,1,1,1,""
75,"100","UNI11","Full-time","No","Year 1","3","Psychology BSc","Yes","Female","Non-UKRN",1,2,2,1,1,1,2,2,2,2,2,2,2,0,-2,-2,-1,4,4,3,3,1,3,3,4,0,0,0,0,0,0,0,0,0,0,1,0,0,0,0,1,16,16,25,25,0,2,1,0,0,0,0,1,""
76,"100","UNI11","Full-time","No","Year 1","3","Psychology","No","female","Non-UKRN",1,1,1,1,0,1,1,1,1,1,1,1,1,1,1,-1,-1,3,3,3,3,1,1,3,1,0,0,1,1,1,1,1,1,0,0,0,0,0,0,0,0,11,11,18,18,6,0,1,1,0,0,0,1,""
77,"81","UNI11","Full-time","No","Year 2","3","BSc Psychology ","Yes","Female","Non-UKRN",1,1,0,1,1,0,0,1,1,0,1,1,2,0,0,-2,-1,3,2,3,1,1,1,3,3,0,0,1,0,0,0,1,1,0,0,1,0,0,0,0,0,6,6,17,17,3,1,1,NA,NA,NA,NA,NA,""
78,"70","UNI11","Full-time","No","Final Year","3","Psychology ","No","Female ","Non-UKRN",1,1,2,2,1,1,1,1,1,1,1,1,2,1,1,-1,-1,3,3,1,1,2,1,NA,NA,0,0,0,0,1,0,0,0,1,1,1,1,0,1,1,1,15,15,NA,NA,1,7,NA,NA,NA,NA,NA,NA,""
79,"100","UKRN01","Full-time","Yes","Year 1","4","BSc Psychology","Yes","Female","UKRN",1,1,2,1,-2,-1,1,-1,-1,-1,-2,1,1,1,-1,0,0,1,1,1,1,1,1,3,2,1,1,0,0,0,0,1,1,0,0,1,1,1,1,0,0,-1,-1,11,11,4,4,1,1,1,0,0,0,""
80,"100","UKRN01","Full-time","Yes","Year 1","4","BSc Psychology ","Yes","Female","UKRN",1,1,1,0,0,0,0,1,1,0,0,1,1,0,-1,-1,-1,3,2,3,1,1,3,2,3,0,0,1,1,1,1,0,1,0,0,0,0,0,0,0,0,3,3,18,18,5,0,1,0,0,0,0,1,""
81,"100","UKRN01","Full-time","Yes","Year 1","4","Psychology ","Yes","Female ","UKRN",1,1,1,1,2,1,1,1,1,1,-1,1,2,0,2,0,0,3,1,3,2,2,3,3,3,1,1,0,0,1,1,1,1,0,0,1,1,0,0,0,0,14,14,20,20,6,2,0,NA,NA,1,1,1,""
82,"100","UKRN01","Full-time","No","Year 2","3","Psychology ","Yes","female","UKRN",1,2,2,-1,2,0,2,-1,-1,-1,-1,2,1,1,-1,-2,-1,3,1,4,3,1,3,2,2,1,1,1,1,1,1,1,1,1,1,1,0,0,1,0,0,3,3,19,19,8,4,0,NA,NA,1,0,1,""
83,"100","UKRN01","Full-time","No","Year 1","3","Psychology","No","Female","UKRN",1,1,1,0,1,1,1,2,1,1,-1,1,2,-1,-1,-1,0,2,1,1,1,4,0,1,3,1,1,0,0,1,0,1,0,0,0,1,1,0,1,0,1,8,8,13,13,4,4,0,NA,NA,0,0,1,""
84,"100","UKRN01","Full-time","Yes","Year 2","3","Psychology","Yes","Female","UKRN",1,1,1,0,0,0,-1,1,0,1,1,1,1,1,-1,0,-1,3,2,3,2,1,3,3,3,1,1,0,1,1,0,1,0,0,0,1,0,0,1,0,1,5,5,20,20,5,3,1,1,0,0,1,1,""
85,"100","UKRN01","Full-time","Yes","Year 2","4","Psychology ","Yes","Female","UKRN",1,2,2,1,1,1,-1,-1,-1,1,-2,2,1,2,0,0,-1,3,3,3,4,1,3,4,4,1,1,0,0,0,0,1,1,0,0,1,1,0,1,0,0,7,7,25,25,4,3,1,1,1,0,0,1,""
86,"100","UKRN01","Full-time","Yes","Year 1","4","Psychology","Yes","Female","UKRN",1,2,2,0,1,1,1,2,2,2,-2,2,-1,1,1,2,-2,4,3,3,1,0,4,4,3,0,0,1,1,0,1,0,1,0,0,0,0,0,0,0,0,14,14,22,22,4,0,0,NA,NA,1,1,1,""
87,"100","UKRN01","Full-time","Yes","Year 1","4","BSc psychology","Yes","Female","UKRN",1,2,1,-1,-2,0,0,-2,2,-1,-2,1,1,2,2,-1,-1,2,1,1,1,0,2,4,2,1,1,1,1,1,1,0,0,0,0,0,0,0,0,0,1,1,1,13,13,6,1,1,0,0,0,0,1,""
88,"100","UKRN01","Full-time","Yes","Year 1","4","Psychology ","Yes","Female ","UKRN",1,2,0,1,0,1,2,1,1,1,0,1,2,1,0,-1,-2,3,3,4,3,1,1,3,2,0,0,0,0,0,0,0,0,0,0,0,0,0,0,0,0,10,10,20,20,0,0,0,NA,NA,0,0,1,""
89,"100","UKRN01","Full-time","Yes","Year 1","4","BSc Psychology","Yes","Female","UKRN",1,1,2,1,1,0,0,1,1,-2,0,0,2,1,2,-1,-1,1,2,2,1,1,1,2,3,1,1,1,1,1,1,1,1,0,0,1,0,0,1,0,1,8,8,13,13,8,3,0,NA,NA,0,0,1,""
90,"100","UKRN01","Full-time","No","Year 1","3","Psychology Bsc","Yes","Female","UKRN",1,2,2,2,1,1,1,1,0,1,1,0,2,1,1,-1,0,1,4,3,0,0,1,3,3,1,0,1,0,0,0,0,1,0,0,1,0,0,0,0,1,15,15,15,15,3,2,1,1,0,0,1,1,"no"
91,"100","UKRN01","Full-time","Yes","Year 1","4","Psychology BSc","Yes","Female","UKRN",1,1,2,0,0,0,1,0,0,0,0,-1,2,0,1,0,-1,3,2,2,2,1,2,2,2,1,0,1,1,0,1,0,1,0,0,1,0,0,0,0,0,5,5,16,16,5,1,0,NA,NA,0,0,1,""
92,"100","UKRN01","Full-time","Yes","Year 2","4","Psychology","Yes","Female","UKRN",1,1,-1,1,-1,1,-1,1,-1,1,-1,1,-1,1,-1,1,-1,3,3,3,3,1,3,3,2,1,1,1,1,1,1,1,1,0,1,1,0,0,1,1,0,0,0,21,21,8,4,0,NA,NA,1,0,1,""
93,"100","UKRN01","Full-time","Yes","Year 1","3","Psychology Bsc","Yes","Female","UKRN",1,1,1,1,0,-1,0,-1,-1,-1,-2,1,2,1,2,0,-1,3,3,3,1,0,0,2,2,0,0,1,0,0,0,1,1,0,0,0,0,0,0,0,1,2,2,14,14,3,1,1,0,1,0,0,1,""
94,"100","UKRN01","Full-time","Yes","Placement Year","3","BSc Psychology","Yes","Female","UKRN",1,2,2,0,0,-1,0,1,0,2,0,1,2,0,1,-1,-2,3,3,2,2,1,3,1,2,0,1,1,1,1,1,1,1,0,0,1,0,0,0,1,1,7,7,17,17,7,3,1,1,1,0,0,1,""
95,"100","UKRN01","Full-time","Yes","Year 1","4","Psychology with placement year","Yes","Female","UKRN",1,1,2,2,2,0,-1,1,1,-1,-1,-1,2,1,2,-1,-1,4,3,2,1,1,0,3,1,1,1,1,1,1,1,1,1,0,0,1,0,0,0,0,1,8,8,15,15,8,2,1,1,0,0,0,1,""
96,"100","UKRN01","Full-time","Yes","Year 1","4","BSc Psychology","Yes","Female","UKRN",1,1,1,0,-2,0,-1,1,-1,0,1,2,-1,1,-1,0,-1,4,3,1,1,1,1,3,3,1,1,1,1,1,1,1,0,0,0,0,0,0,0,0,1,0,0,17,17,7,1,1,1,0,0,0,1,""
97,"100","UKRN01","Full-time","Yes","Placement Year","4","Psychology BsC","Yes","Female ","UKRN",1,2,1,0,-1,2,1,2,2,1,-1,1,2,-1,0,0,1,3,1,4,1,2,3,1,3,1,1,1,0,0,1,0,1,0,0,0,0,0,0,0,0,12,12,18,18,5,0,1,1,1,0,0,1,""
98,"100","UKRN01","Full-time","Yes","Placement Year","4","Psychology ","Yes","Female","UKRN",1,-1,2,-2,1,0,0,2,1,2,-1,2,2,1,2,-2,-2,3,2,4,1,0,2,4,2,0,0,1,1,0,0,1,1,0,0,0,0,0,0,0,0,7,7,18,18,4,0,1,1,1,0,0,1,""
99,"100","UKRN01","Full-time","Yes","Year 2","4","Psychology","Yes","Female","UKRN",1,-1,0,1,1,1,-1,0,1,1,1,1,1,1,-1,1,-1,3,3,3,2,1,2,3,3,1,1,1,0,0,1,0,1,0,0,0,1,1,0,1,0,6,6,20,20,5,3,1,0,1,0,0,1,""
100,"100","UKRN01","Full-time","No","Year 2","3","Psychology","No","Male","UKRN",1,2,2,1,2,1,1,1,-1,1,2,1,2,1,1,-1,-1,4,3,3,3,0,3,3,3,1,1,1,1,0,1,1,1,0,0,1,1,0,0,1,0,15,15,22,22,7,3,1,1,0,1,1,1,""
101,"100","UKRN01","Full-time","No","Year 2","3","Psychology BSc","Yes","Male","UKRN",1,1,1,2,1,1,0,2,1,1,1,2,2,0,-1,0,-2,3,3,1,0,0,3,4,3,1,0,1,1,0,0,0,1,0,0,0,0,0,0,0,0,12,12,17,17,4,0,1,1,1,0,0,1,""
102,"100","UKRN01","Full-time","Yes","Year 1","3","Psychology Bsc","Yes","Male","UKRN",1,2,2,2,1,-1,2,1,0,-1,-1,2,2,0,2,-2,-2,4,2,2,0,0,4,4,4,1,1,0,1,1,1,0,0,0,0,1,0,0,0,1,1,9,9,20,20,5,3,0,NA,NA,0,0,1,""
103,"100","UKRN01","Full-time","No","Year 1","3","Psychology BSc","Yes","Female","UKRN",1,1,-1,1,2,0,2,1,1,1,1,-1,1,0,1,-1,-1,3,3,1,1,1,1,1,1,1,1,1,0,1,1,0,1,1,1,1,0,0,1,0,1,8,8,12,12,6,5,0,NA,NA,0,0,1,""
104,"100","UKRN01","Full-time","Yes","Year 2","4","Psychology","Yes","Female","UKRN",1,2,2,1,0,1,0,1,0,1,0,1,0,1,-1,0,-1,3,2,3,1,1,2,3,3,1,1,0,1,1,0,0,1,0,0,1,0,0,1,1,0,8,8,18,18,5,3,1,1,0,0,0,1,""
105,"100","UKRN01","Full-time","Yes","Year 1","4","BSc Psychology with Placement Year","Yes","Female","UKRN",1,2,2,1,1,0,1,1,-1,2,2,1,1,0,-1,1,-1,4,3,3,3,1,3,2,3,1,0,1,0,0,0,0,1,0,0,1,0,0,0,0,1,12,12,22,22,3,2,0,NA,NA,0,0,1,""
106,"100","UKRN01","Full-time","Yes","Year 1","4","Psychology","Yes","female","UKRN",1,2,2,0,0,1,0,0,-1,1,-1,2,1,1,-1,0,1,3,2,3,1,0,2,2,3,1,0,1,1,1,1,0,1,1,0,0,1,0,1,0,0,8,8,16,16,6,3,0,NA,NA,0,0,1,""
107,"100","UKRN01","Full-time","Yes","Placement Year","4","Psychology","Yes","Female","UKRN",1,1,0,2,1,1,1,2,1,2,0,1,1,1,-1,0,0,3,3,4,3,2,2,3,3,1,1,1,1,0,1,1,1,0,0,1,0,0,1,1,0,13,13,23,23,7,3,1,1,1,1,1,1,""
108,"100","UKRN01","Full-time","Yes","Year 1","4","Psychology","Yes","Female ","UKRN",1,2,0,1,1,-1,-1,-1,-1,2,1,-1,2,1,1,-1,-1,4,4,3,1,1,3,1,3,1,0,1,0,0,0,0,1,0,0,0,0,0,0,0,1,4,4,20,20,3,1,1,1,1,0,0,1,"The issue could be that a lot of research is conducted on undergrad Psychology students "
109,"100","UKRN01","Full-time","No","Year 2","3","BSc Psychology ","Yes","Female","UKRN",1,1,1,1,1,1,0,2,2,1,-2,1,2,0,0,-1,0,3,2,3,1,1,1,2,3,0,0,0,1,0,0,0,0,1,1,1,0,1,1,1,1,10,10,16,16,1,7,0,NA,NA,0,0,1,""
110,"100","UKRN01","Full-time","Yes","Year 2","4","Psychology","Yes","Female","UKRN",1,-1,1,0,1,1,2,1,1,-1,0,2,2,0,2,-2,-1,3,2,2,1,1,2,4,3,1,1,1,1,1,1,1,1,0,0,1,1,0,1,0,1,8,8,18,18,8,4,1,1,1,0,0,1,""
111,"100","UKRN01","Full-time","Yes","Year 1","4","BSc Psychology  ","Yes","Female ","UKRN",1,2,1,0,1,1,1,2,0,-1,-1,2,2,0,-1,-1,-1,1,2,3,1,1,2,3,3,1,1,1,1,1,1,0,1,0,0,0,0,0,0,1,0,7,7,16,16,7,1,0,NA,NA,1,1,1,""
112,"100","UKRN01","Full-time","Yes","Year 2","4","Psychology ","Yes","Female","UKRN",1,2,2,1,1,1,1,1,1,1,-2,1,2,1,-1,-1,-1,1,3,3,3,1,0,4,3,1,1,1,1,1,1,1,1,0,0,0,0,0,0,0,0,10,10,18,18,8,0,1,1,1,0,1,1,""
113,"100","UKRN01","Full-time","Yes","Year 1","4","Psychology","Yes","female","UKRN",1,2,2,0,1,1,1,-1,-1,1,-2,1,2,1,1,-1,-1,4,2,4,3,0,4,3,2,1,1,1,0,1,1,0,1,0,0,1,0,0,1,0,1,7,7,22,22,6,3,0,NA,NA,1,0,1,""
114,"100","UKRN01","Full-time","Yes","Year 1","4","PSYCHOLOGY ","Yes","FEMALE","UKRN",1,2,1,2,0,0,0,1,1,2,0,1,0,1,-1,0,0,4,2,3,2,1,3,3,2,1,1,1,1,1,1,1,1,0,0,0,0,0,0,0,0,10,10,20,20,8,0,0,NA,NA,0,0,0,""
115,"100","UKRN01","Full-time","No","Year 1","3","Psychology","No","Female","UKRN",1,2,2,1,1,1,1,1,1,2,0,1,-1,0,-2,0,-1,3,3,3,1,2,3,1,3,1,1,1,0,0,1,1,1,0,0,0,0,0,0,0,1,9,9,19,19,6,1,1,0,1,0,0,1,""
116,"100","UKRN01","Full-time","Yes","Year 1","4","Psychology BSc","Yes","Female","UKRN",1,2,2,0,2,2,2,1,1,1,-1,0,2,1,-1,-2,-1,4,4,4,0,1,3,3,3,1,0,1,0,0,1,0,1,1,0,1,0,0,1,0,1,11,11,22,22,4,4,0,NA,NA,0,0,1,"One or two of the questions on the first page weren't clear--worth checking your wording."
117,"100","UKRN01","Full-time","Yes","Year 1","4","Psychology","Yes","Female","UKRN",1,2,1,0,1,1,1,2,2,1,2,1,2,0,1,1,0,3,3,3,2,2,2,3,1,0,0,1,0,0,0,0,1,0,0,0,0,0,0,0,0,18,18,19,19,2,0,0,NA,NA,0,0,1,""
118,"100","UKRN01","Full-time","Yes","Year 1","4","Psychology","Yes","female","UKRN",1,2,2,2,2,2,2,1,-1,2,2,1,2,1,-1,-1,1,4,3,4,1,3,4,3,3,1,1,1,1,1,1,1,1,1,1,0,0,0,1,0,1,19,19,25,25,8,4,1,0,1,0,0,1,""
119,"100","UKRN01","Full-time","Other (Please specify)","Year 1","3","Psychology","No","Female","UKRN",1,1,1,0,-2,0,0,1,-1,1,-1,1,1,-1,0,-1,-1,2,1,2,1,2,2,2,2,1,0,1,0,0,1,0,1,0,0,1,0,0,0,0,1,-1,-1,14,14,4,2,1,1,NA,0,0,0,""
120,"100","UKRN01","Full-time","Yes","Year 1","4","Bsc Psychology","No","female","UKRN",1,2,0,1,1,2,-2,2,2,1,-2,2,2,-1,-2,0,0,3,2,3,1,2,2,3,3,0,0,0,0,0,0,0,1,0,0,0,0,0,0,0,1,8,8,19,19,1,1,0,NA,NA,0,0,0,""
121,"100","UKRN01","Full-time","No","Year 2","3","Psychology","Yes","Female","UKRN",1,1,1,1,-1,0,0,1,1,-1,-1,0,2,0,1,-2,-1,1,1,2,1,1,3,2,2,1,1,1,1,0,1,1,1,0,0,1,1,0,0,0,1,2,2,13,13,7,3,1,0,1,0,0,1,""
122,"100","UKRN01","Full-time","Yes","Year 2","4","Psychology BSc","Yes","Female","UKRN",1,0,2,2,2,0,2,1,0,1,1,1,2,2,2,2,1,4,3,3,4,3,4,3,3,1,0,1,1,0,0,1,1,0,0,1,0,0,0,0,0,21,21,27,27,5,1,1,1,1,1,0,1,"The issues raised are somewhat applicable to undergraduates - it is important to understand things like replication andn open access, but it's not so relevant if undergraduates aren't going on to do research. Also, I felt like I didn't know much about the finanicial side - e.g. whether journals should charge for access for example."
123,"100","UKRN01","Full-time","Yes","Year 2","4","Psychology BSc","Yes","Female","UKRN",1,1,2,1,1,1,1,2,2,2,-1,-1,2,1,1,-1,-2,3,4,4,1,0,3,4,4,1,0,1,1,0,1,1,1,0,0,1,0,0,0,1,1,12,12,23,23,6,3,1,1,0,0,0,1,""
124,"100","UKRN01","Full-time","Yes","Year 1","4","BSc Psychology","Yes","Female","UKRN",1,1,1,0,1,0,1,1,0,1,-2,-1,2,1,1,-1,-1,3,3,3,1,2,2,2,3,1,0,0,0,0,0,0,1,0,0,1,1,0,1,0,0,5,5,19,19,2,3,1,0,1,0,0,1,""
125,"100","UKRN01","Full-time","Yes","Year 2","4","BSc Psychology","Yes","Female","UKRN",1,2,2,2,0,2,1,1,1,2,-2,2,2,2,0,1,0,4,3,4,3,1,2,3,3,1,0,1,1,1,1,1,0,0,0,0,0,0,0,0,1,18,18,23,23,6,1,1,1,1,0,1,1,""
126,"100","UKRN01","Full-time","Yes","Year 1","4","Psychology BSc","Yes","Female","UKRN",1,1,1,1,-2,0,0,0,-1,0,-2,2,1,2,-1,-1,0,1,2,3,0,2,3,3,3,1,0,1,1,0,0,0,1,0,1,0,0,1,1,1,0,1,1,17,17,4,4,0,NA,NA,1,0,1,""
127,"100","UKRN01","Full-time","Yes","Year 1","3","BSc psychology","No","Female ","UKRN",1,2,-1,0,0,0,0,1,0,1,1,1,1,1,-2,0,1,0,2,1,1,3,3,2,2,1,1,1,0,0,0,0,0,0,0,1,0,0,0,0,0,6,6,14,14,3,1,0,NA,NA,0,0,1,""
128,"100","UKRN01","Full-time","Yes","Year 1","4","Bsc Psychology","No","Female","UKRN",1,1,1,-1,0,-1,-2,0,0,-1,-1,1,1,1,-1,-2,-1,3,2,1,1,0,1,3,2,1,0,0,1,0,0,0,1,0,0,1,1,0,0,0,0,-5,-5,13,13,3,2,0,NA,NA,0,0,1,""
129,"100","UKRN01","Full-time","No","Year 1","3","BSc Psychology","No","Female","UKRN",1,1,1,1,1,0,0,1,-1,1,1,1,1,1,-1,1,0,3,3,1,1,2,3,1,3,1,1,1,1,1,1,1,1,0,0,0,1,0,1,0,1,9,9,17,17,8,3,0,NA,NA,1,0,0,""
130,"100","UKRN01","Full-time","Yes","Year 1","4","BSc (Hons) Psychology","Yes","Male","UKRN",1,1,1,0,1,0,1,1,0,1,0,1,1,0,1,0,-1,4,4,3,0,0,2,3,4,0,0,0,0,0,1,1,1,0,0,1,0,0,1,0,0,8,8,20,20,3,2,0,NA,NA,0,0,1,""
131,"100","UKRN01","Full-time","Yes","Year 1","4","Psychology Bsc","Yes","Male","UKRN",1,1,1,2,2,0,1,1,1,1,2,2,2,0,2,-1,-1,4,4,3,3,1,2,4,1,1,1,1,1,0,1,0,1,0,0,0,0,1,0,1,0,16,16,22,22,6,2,0,NA,NA,0,0,1,""
132,"100","UKRN01","Full-time","Yes","Year 1","4","Psychology ","Yes","Female","UKRN",1,2,1,1,-1,1,1,0,1,2,-1,1,1,1,0,1,1,3,1,2,1,1,3,3,3,1,1,0,1,1,1,1,1,0,0,1,0,0,0,0,0,12,12,17,17,7,1,1,0,0,1,0,1,""
133,"100","UKRN01","Full-time","No","Year 2","3","Psychology","Yes","female","UKRN",1,1,1,1,-1,1,1,1,-1,1,0,0,1,-1,-1,-1,-1,3,1,3,1,1,1,2,2,0,0,0,0,0,0,1,1,1,0,1,0,0,0,0,0,2,2,14,14,2,2,1,1,1,0,0,1,""
134,"100","UKRN01","Full-time","No","Year 2","3","Psychology","Yes","female","UKRN",1,2,2,1,1,2,1,0,1,1,-2,2,1,0,-2,-2,-1,1,3,3,1,3,2,2,2,0,0,1,1,1,0,0,1,1,1,0,0,0,1,1,0,7,7,17,17,4,4,0,NA,NA,0,0,1,""
135,"100","UKRN01","Full-time","Yes","Year 1","4","BSc psychology","No","Female","UKRN",1,1,1,1,-1,1,-1,1,-1,1,-1,1,1,1,-1,1,0,1,1,3,1,1,2,2,3,1,0,1,0,0,1,0,0,0,1,0,1,1,0,1,1,5,5,14,14,3,5,0,NA,NA,0,0,0,""
137,"100","UKRN01","Full-time","Yes","Year 1","4","Psychology ","Yes","Female","UKRN",1,2,2,-1,1,1,1,1,1,1,-1,1,1,0,-1,-1,-2,3,3,2,3,1,3,1,3,1,1,1,1,0,0,0,1,0,0,0,0,1,1,1,0,6,6,19,19,5,3,0,NA,NA,0,0,0,""
138,"100","UKRN01","Full-time","Yes","Year 2","4","Psychology Bsc","Yes","Female","UKRN",1,2,1,2,1,1,2,2,2,2,-1,1,2,1,1,-1,0,3,2,2,3,1,3,4,4,1,0,1,0,0,0,0,1,1,0,1,0,0,0,0,1,18,18,22,22,3,3,1,1,1,0,0,1,""
139,"100","UKRN01","Full-time","Yes","Year 2","3","Psychology","Yes","Female","UKRN",1,2,2,1,-1,-2,-1,1,-1,1,-1,1,2,1,2,-2,-2,3,3,3,1,1,1,2,2,0,0,1,0,0,0,0,0,0,0,1,0,0,0,0,0,3,3,16,16,1,1,0,NA,NA,0,0,0,""
140,"100","UKRN01","Full-time","Yes","Year 2","4","Psychology","Yes","Female","UKRN",1,1,1,0,1,1,1,-1,-1,1,-1,-1,1,0,-1,-1,-1,3,3,2,1,1,1,3,3,0,0,1,1,0,0,1,1,0,0,1,1,0,0,0,1,0,0,17,17,4,3,1,1,0,0,0,1,""
141,"100","UKRN01","Full-time","Yes","Year 1","4","Psychology BSc","Yes","Female","UKRN",1,2,1,0,1,1,1,1,0,-2,-1,1,1,1,1,-1,-1,3,2,0,1,1,3,3,3,0,0,1,1,0,0,1,1,0,0,1,0,0,0,0,0,6,6,16,16,4,1,0,NA,NA,0,0,1,""
142,"100","UKRN01","Full-time","Yes","Year 2","4","BSc psychology ","Yes","female","UKRN",1,1,1,0,1,0,0,1,1,0,1,1,2,-1,2,-1,-1,3,2,3,2,1,1,3,3,0,0,1,0,0,0,1,1,0,0,0,0,0,0,0,0,8,8,18,18,3,0,0,NA,NA,0,0,1,""
143,"100","UKRN01","Full-time","No","Year 1","3","BSc Psychology ","Yes","Female ","UKRN",1,2,0,0,1,0,0,1,0,-1,-2,1,2,0,-1,-1,-1,3,2,1,1,0,1,4,3,1,1,0,1,1,0,1,1,0,0,1,0,0,1,0,0,1,1,15,15,6,2,0,NA,NA,0,0,1,""
144,"100","UKRN01","Full-time","Yes","Year 1","4","Psychology Bsc ","Yes","Male ","UKRN",1,2,2,2,2,1,2,2,1,2,1,-1,2,1,-1,-1,2,4,4,4,3,2,4,1,4,1,1,1,1,1,1,1,1,1,0,0,0,0,0,0,1,19,19,26,26,8,2,1,0,0,0,0,1,""
145,"100","UKRN01","Full-time","Yes","Year 1","4","Psychology","Yes","Female","UKRN",1,2,2,0,-1,-1,-1,1,-1,1,-2,1,1,1,-2,-2,-1,3,3,1,1,1,1,3,1,1,1,0,1,1,0,1,0,0,0,1,0,0,1,0,1,-2,-2,14,14,5,3,0,NA,NA,0,0,1,""
146,"100","UKRN01","Full-time","Yes","Year 1","4","BSc Psychology","Yes","Female","UKRN",1,2,1,1,0,1,0,2,1,2,-2,0,1,0,1,-2,-2,4,4,3,0,0,1,2,3,1,1,1,0,0,1,0,1,1,1,1,0,0,1,0,1,6,6,17,17,5,5,1,0,0,0,0,1,""
147,"100","UKRN01","Full-time","No","Year 2","3","Psychology ","Yes","Female","UKRN",1,2,1,0,-1,1,-1,2,0,1,-1,1,1,1,-1,0,0,3,1,1,1,1,1,3,2,1,1,0,0,1,1,0,1,0,0,1,0,0,0,0,0,6,6,13,13,5,1,0,NA,NA,0,1,0,""
148,"100","UKRN01","Full-time","Yes","Year 1","4","psychology bsc","Yes","female","UKRN",1,2,2,1,-1,0,1,1,1,2,-1,1,2,0,1,1,-2,4,2,4,1,1,3,3,2,1,1,1,1,1,1,1,1,1,1,1,1,0,0,0,1,11,11,20,20,8,5,1,1,0,1,0,0,""
149,"100","UKRN01","Full-time","Yes","Placement Year","4","BSc Psychology","No","Female ","UKRN",1,1,1,1,2,-1,1,-1,-1,2,1,2,2,2,2,-1,1,4,3,3,4,3,1,4,2,1,1,1,1,1,1,1,1,0,0,0,0,0,0,0,0,14,14,24,24,8,0,1,1,1,1,1,1,""
150,"100","UKRN01","Full-time","Yes","Year 1","4","Psychology BSc","Yes","female","UKRN",1,2,1,2,2,2,2,2,2,2,1,1,2,0,-2,-1,-1,3,2,4,0,1,3,3,4,0,1,1,1,0,1,0,1,0,0,0,0,0,0,0,0,17,17,20,20,5,0,0,NA,NA,0,0,1,""
151,"100","UKRN01","Full-time","No","Year 2","3","Psychology","Yes","Female","UKRN",1,2,2,1,2,1,2,-1,0,1,1,-1,2,1,-1,-1,-1,3,3,3,1,0,1,1,3,1,0,1,0,0,0,1,1,0,0,0,0,0,0,0,1,10,10,15,15,4,1,0,NA,NA,1,0,1,""
152,"100","UKRN01","Full-time","Yes","Year 1","4","Psychology BSc","Yes","F","UKRN",1,2,2,1,1,1,1,2,1,2,1,1,0,1,0,-2,-1,4,4,4,2,1,3,3,3,1,1,1,1,1,1,0,1,0,0,0,0,0,0,0,0,13,13,24,24,7,0,1,0,1,1,0,1,""
153,"100","UKRN01","Full-time","Yes","Placement Year","4","Psychology","Yes","Female","UKRN",1,2,2,1,0,-1,-1,-1,-1,1,-2,1,2,1,1,0,-2,4,3,3,1,1,1,3,3,0,0,0,0,0,0,0,0,0,0,1,0,0,1,1,0,3,3,19,19,0,3,0,NA,NA,0,1,1,""
154,"100","UKRN01","Full-time","Yes","Year 2","4","Psychology BSc","Yes","Female","UKRN",1,1,1,0,1,1,0,0,0,0,0,1,1,1,1,-1,-1,3,3,2,2,1,3,3,2,1,0,0,0,0,1,0,0,0,0,1,0,0,0,1,1,6,6,19,19,2,3,1,1,1,0,1,1,""
155,"100","UKRN01","Full-time","Yes","Year 1","3","Bsc Psychology","No","Male","UKRN",1,1,1,0,1,1,0,1,1,1,1,1,1,0,-1,1,1,4,3,3,1,2,3,3,4,1,1,0,1,1,0,0,0,0,0,1,0,0,1,1,1,11,11,23,23,4,4,1,1,1,0,0,1,"None."
156,"100","UKRN01","Full-time","Yes","Year 1","4","Psychology ","Yes","Female","UKRN",1,2,2,0,1,1,1,2,2,1,1,-1,2,0,-1,0,-1,4,3,3,3,1,0,1,3,1,1,0,1,1,0,0,0,0,0,1,0,0,1,1,1,12,12,18,18,4,4,1,0,0,0,0,1,""
157,"100","UKRN01","Full-time","Yes","Year 1","4","BSc Psychology","Yes","Female","UKRN",1,2,2,2,1,0,1,-1,-1,1,1,2,1,1,0,-2,-2,4,3,2,1,0,2,4,4,0,0,1,1,0,1,1,1,0,0,0,0,0,0,1,0,8,8,20,20,5,1,1,0,0,0,0,1,""
158,"100","UKRN01","Full-time","No","Year 1","3","Psychology","No","Female ","UKRN",1,2,1,1,2,1,0,1,1,2,0,0,2,1,1,-1,-1,4,3,3,1,1,2,2,3,1,1,0,1,1,0,1,1,0,0,1,0,0,1,0,0,13,13,19,19,6,2,1,1,0,1,0,1,""
159,"100","UKRN01","Full-time","Yes","Year 1","4","BSc Psychology","Yes","female","UKRN",1,1,2,0,0,0,0,1,0,1,0,1,2,1,1,0,-1,3,3,2,0,1,3,3,2,0,0,1,1,1,1,0,1,0,0,0,1,0,0,0,0,9,9,17,17,5,1,0,NA,NA,0,0,1,""
160,"100","UKRN01","Full-time","Yes","Year 2","4","Psychology","Yes","female","UKRN",1,1,1,1,1,0,1,2,1,2,-1,1,2,1,1,0,-1,1,3,4,3,2,3,3,2,0,0,1,0,0,0,1,1,0,0,1,0,0,0,0,0,13,13,21,21,3,1,1,1,1,0,0,1,""
161,"100","UKRN01","Full-time","Yes","Year 2","4","BSc Psychology","Yes","female","UKRN",1,2,1,2,1,2,2,2,1,2,-1,2,1,0,0,-1,-2,1,4,3,1,1,1,4,4,0,0,1,1,1,1,1,1,1,1,0,0,0,0,0,0,14,14,19,19,6,2,1,0,1,0,0,1,""
162,"100","UKRN01","Full-time","No","Year 1","3","BSc Psychology","Yes","Female","UKRN",1,1,2,1,1,0,0,1,0,0,-1,1,1,1,1,0,0,3,3,3,3,2,3,3,3,0,0,1,0,0,0,0,1,0,0,0,0,0,0,0,0,9,9,23,23,2,0,0,NA,NA,0,0,1,""
163,"100","UKRN01","Full-time","Yes","Year 1","4","Psychology BSc","Yes","Female","UKRN",1,2,1,0,1,1,1,2,1,2,0,2,2,-1,1,1,-1,3,3,1,1,1,3,3,3,1,1,0,0,1,0,1,0,0,0,1,1,0,1,0,1,15,15,18,18,4,4,1,0,1,0,0,1,""
164,"100","UKRN01","Full-time","Yes","Year 2","4","Psychology (BSc)","Yes","Female","UKRN",1,2,2,1,0,1,1,1,0,0,-1,2,1,1,1,1,-1,3,1,2,2,2,2,3,2,1,1,1,1,1,1,1,1,1,1,0,1,1,1,0,1,12,12,17,17,8,6,1,1,1,0,0,0,""
165,"100","UKRN01","Full-time","Yes","Year 1","4","Psychology Bsc","Yes","Female","UKRN",1,1,2,1,2,1,2,0,-1,0,-1,-2,2,-2,2,1,0,4,4,3,0,2,3,4,3,1,0,0,1,1,0,0,1,0,0,0,0,0,1,1,0,8,8,23,23,4,2,1,1,1,0,0,1,""
166,"100","UKRN01","Full-time","Yes","Year 1","3","Psychology","Yes","Female","UKRN",1,0,1,0,-2,0,0,1,2,1,-2,2,2,2,-1,-1,-2,0,2,3,2,0,2,2,2,1,1,0,1,1,0,1,0,0,0,1,0,0,1,0,1,3,3,13,13,5,3,1,1,NA,0,1,1,""
167,"100","UKRN01","Full-time","Yes","Year 1","4","Psychology BSc ","Yes","Female","UKRN",1,1,0,0,1,1,0,1,1,1,0,2,2,0,2,-1,-2,3,3,3,4,0,2,3,1,1,0,0,0,0,0,1,0,0,0,1,0,0,0,0,1,9,9,19,19,2,2,0,NA,NA,0,0,1,""
168,"100","UKRN01","Full-time","Yes","Year 1","3","Bsc Psychology","No","Female","UKRN",1,2,1,1,0,1,1,-1,1,1,-2,1,1,1,-1,0,0,2,3,2,1,2,1,3,3,0,0,0,0,0,0,0,1,0,0,0,0,0,0,0,0,7,7,17,17,1,0,1,0,1,0,0,0,""
169,"100","UKRN01","Full-time","Yes","Year 1","4","Psychology","Yes","Female","UKRN",1,0,2,0,-1,0,-1,0,-1,-2,-2,1,2,0,0,-2,0,0,2,2,2,1,2,2,1,0,0,1,0,0,0,0,0,0,0,1,0,0,0,0,0,-4,-4,12,12,1,1,1,1,NA,0,0,1,""
170,"100","UKRN01","Full-time","Yes","Year 1","4","BSc psychology","Yes","male","UKRN",1,1,1,1,1,0,1,1,0,0,0,1,1,1,-1,-1,-1,3,3,3,1,2,3,3,1,0,0,1,0,0,1,0,1,1,1,0,1,1,0,1,0,6,6,19,19,3,5,0,NA,NA,0,0,1,""
171,"100","UKRN01","Full-time","Yes","Year 1","4","Psychology ","Yes","Female","UKRN",1,2,1,1,1,1,0,1,1,1,1,2,1,0,-1,-1,-1,3,3,3,1,1,1,3,3,1,1,1,0,1,1,1,0,0,0,1,1,0,0,0,1,10,10,18,18,6,3,1,0,1,0,0,1,""
172,"100","UKRN01","Full-time","Yes","Year 2","4","Psychology","Yes","female","UKRN",1,2,2,2,2,2,2,2,2,2,2,2,2,1,1,-2,-2,4,4,4,2,1,3,3,3,1,0,1,0,0,1,1,1,0,0,1,0,0,0,0,0,22,22,24,24,5,1,1,1,1,0,0,1,""
173,"100","UKRN01","Full-time","Yes","Placement Year","4","BSc Psychology ","No","Female ","UKRN",1,1,2,0,1,0,0,2,1,1,-1,1,2,0,0,0,0,3,2,1,1,3,3,3,1,0,0,1,1,0,0,1,1,0,0,1,0,0,0,0,0,10,10,17,17,4,1,0,NA,NA,0,0,1,"Its a bit confusing to answer the scenarios without more information. Like sharing the data online, its a bit iffy to share it without consent , but if the participant has been informed and consented, I can't see a problem with it "
174,"100","UKRN01","Full-time","Yes","Year 2","4","Psychology","Yes","Male","UKRN",1,2,2,0,0,1,1,0,0,1,-1,1,2,0,1,-1,-1,3,1,3,1,1,3,3,1,1,1,1,0,0,1,0,1,0,0,1,0,0,1,0,0,8,8,16,16,5,2,1,1,1,0,0,1,""
175,"100","UKRN01","Full-time","Yes","Year 1","3","Psychology BSc","Yes","Female","UKRN",1,2,1,0,1,0,-1,-1,-1,1,-2,-2,1,1,-1,-2,-1,3,3,1,0,0,3,2,2,1,0,1,0,0,1,0,1,0,0,0,0,0,0,0,0,-4,-4,14,14,4,0,1,1,1,1,1,1,"good study, raises important issues in psychology going on today."
176,"100","UKRN01","Full-time","Yes","Placement Year","4","psychology Bsc","Yes","female","UKRN",1,2,2,1,2,1,2,2,0,1,0,1,2,1,1,-1,-1,4,4,4,4,2,2,4,2,1,1,0,1,1,0,1,1,0,0,1,0,0,1,0,0,16,16,26,26,6,2,1,1,1,1,1,1,""
177,"100","UKRN01","Full-time","Yes","Placement Year","4","Psychology","Yes","Male","UKRN",1,2,2,1,0,1,-1,2,-1,2,0,1,1,1,-1,0,-1,1,1,3,1,0,3,2,4,1,1,1,1,1,1,1,1,0,0,0,0,0,0,0,0,9,9,15,15,8,0,1,1,1,1,1,1,""
178,"100","UKRN01","Full-time","Yes","Year 2","3","BSc Psychology","Yes","Female","UKRN",1,2,2,2,0,1,0,1,1,2,0,2,2,0,1,-2,-1,4,4,4,1,0,2,4,2,0,1,1,0,1,0,0,1,0,0,0,0,0,0,0,0,13,13,21,21,4,0,1,1,0,1,1,1,""
179,"100","UKRN01","Full-time","Yes","Year 2","3","Psychology","No","Female","UKRN",1,2,2,1,2,1,2,1,0,1,1,2,2,0,1,1,-1,0,3,0,2,1,3,3,2,0,0,0,0,0,0,0,0,1,0,1,0,0,1,1,1,18,18,14,14,0,5,1,1,1,1,0,1,""
180,"100","UKRN01","Full-time","Yes","Year 1","3","Psychology","Yes","Female","UKRN",1,1,1,1,1,0,0,2,-1,1,-1,2,1,1,-2,0,-1,4,3,3,1,0,2,3,3,1,1,1,0,0,1,0,1,0,0,0,1,1,0,1,0,6,6,19,19,5,3,0,NA,NA,1,0,1,"no"
181,"100","UKRN01","Full-time","No","Year 2","3","Psychology ","Yes","Female","UKRN",1,1,1,1,1,1,-1,1,0,1,0,1,-1,0,0,-1,-1,3,3,3,2,1,1,3,3,1,1,0,1,1,0,1,0,0,0,1,0,0,1,0,1,4,4,19,19,5,3,1,1,0,0,1,1,""
182,"100","UKRN01","Full-time","Yes","Year 1","4","BSc Psychology","Yes","Female","UKRN",1,1,1,0,1,0,0,0,0,1,0,1,1,1,0,-1,-1,1,2,0,0,0,1,3,2,1,0,1,0,0,1,0,1,0,0,1,0,0,0,0,1,5,5,9,9,4,2,1,0,1,0,0,0,""
183,"100","UKRN01","Full-time","Yes","Year 1","4","BCs psychology ","No","female","UKRN",1,2,0,1,-2,0,-1,1,1,1,-1,1,2,1,-1,0,0,4,1,3,0,1,3,1,1,0,0,0,1,1,0,0,0,1,1,1,0,0,1,1,1,5,5,14,14,2,6,1,0,0,1,0,1,""
184,"100","UKRN01","Full-time","Yes","Year 2","4","Psychology","Yes","Female","UKRN",1,2,2,2,1,1,1,2,2,0,1,2,2,2,2,0,-2,3,3,4,2,1,2,2,3,1,0,1,0,0,0,1,1,0,0,1,0,0,0,1,0,20,20,20,20,4,2,1,1,1,1,1,1,""
185,"100","UKRN01","Full-time","Yes","Year 2","3","Psychology","Yes","female","UKRN",1,1,1,1,1,1,1,1,-1,1,1,1,1,1,1,1,0,3,3,3,1,1,3,3,3,0,1,1,0,0,1,0,1,0,0,1,0,0,1,0,1,13,13,20,20,4,3,1,1,1,0,0,1,""
186,"100","UKRN01","Full-time","Yes","Year 1","4","Psychology (BSc)","Yes","Male","UKRN",1,2,1,2,2,1,0,0,-1,1,-2,1,2,0,-1,-1,-1,4,4,3,2,0,1,3,4,0,0,0,1,0,0,0,1,0,0,0,1,0,0,0,0,6,6,21,21,2,1,1,1,0,0,0,1,""
187,"100","UKRN01","Full-time","Yes","Year 1","4","BSc Psychology","Yes","female","UKRN",1,1,1,1,1,0,1,1,-1,1,0,2,1,1,-1,0,-1,3,1,3,0,1,3,3,3,1,1,1,1,0,1,1,1,0,0,1,1,0,1,0,1,8,8,17,17,7,4,1,0,1,0,0,1,""
188,"100","UKRN01","Full-time","No","Year 1","3","BSc Psychology","Yes","Female","UKRN",1,2,0,0,2,0,0,2,1,2,-2,2,1,1,0,2,0,4,3,4,1,2,1,2,2,0,0,1,0,0,1,0,0,0,0,1,1,0,0,0,1,13,13,19,19,2,3,1,0,0,0,0,1,""
189,"100","UKRN01","Full-time","Yes","Year 1","4","Psychology Bsc","Yes","female","UKRN",1,1,1,1,1,-1,1,-1,-1,-1,1,1,1,2,1,-1,-1,3,3,1,1,1,1,3,3,0,0,1,0,0,1,1,1,0,0,1,0,0,1,0,0,5,5,16,16,4,2,0,NA,NA,1,0,1,""
190,"100","UKRN01","Full-time","No","Year 1","3","Psychology","Yes","Female","UKRN",1,1,1,0,1,1,0,1,1,1,0,0,1,0,-1,1,1,3,3,1,1,2,2,2,3,1,1,1,1,1,1,1,1,0,0,0,0,0,0,0,0,9,9,17,17,8,0,0,NA,NA,1,0,1,""
191,"100","UKRN01","Full-time","No","Year 1","3","BSc Psychology","Yes","Female","UKRN",1,2,2,2,2,2,-2,2,-2,2,2,2,2,2,-2,2,-2,4,4,4,2,2,2,1,1,1,1,1,1,1,1,1,1,1,0,0,0,0,0,0,1,16,16,20,20,8,2,0,NA,NA,0,0,0,"No"
192,"100","UKRN01","Full-time","Yes","Year 2","4","BSc Psychology","Yes","Female","UKRN",1,1,2,1,1,0,1,2,0,1,1,1,1,1,1,0,-1,4,3,4,2,1,2,3,3,1,1,1,0,0,1,1,1,0,0,0,0,0,0,0,0,13,13,22,22,6,0,1,1,1,0,0,1,""
193,"100","UKRN01","Full-time","Yes","Placement Year","4","Psychology BSc","No","female","UKRN",1,2,1,-1,-1,1,1,2,-1,-1,-1,2,1,1,1,0,-1,3,3,3,1,1,1,3,3,1,1,1,0,0,0,0,1,0,0,0,0,0,0,1,0,6,6,18,18,4,1,1,1,1,0,0,1,"This was good to make sure I am up to data with research method knowledge and see where I lack"
194,"100","UKRN01","Full-time","Yes","Year 1","4","Bsc Psychology","Yes","Female","UKRN",1,2,2,-1,2,1,1,2,1,2,2,1,2,1,-1,-2,-1,4,3,4,0,1,1,4,3,0,0,1,1,0,0,0,1,0,0,1,1,0,0,0,0,14,14,20,20,3,2,0,NA,NA,0,0,1,""
195,"100","UKRN01","Full-time","Yes","Year 2","4","Psychology","Yes","Female","UKRN",1,2,1,1,1,1,1,2,2,1,1,0,2,1,1,-1,-1,3,3,3,3,2,2,3,3,0,0,1,0,0,0,1,1,0,0,1,0,0,0,0,0,15,15,22,22,3,1,1,0,0,0,0,1,""
196,"100","UKRN01","Full-time","Yes","Placement Year","4","BSc Psychology","Yes","Female","UKRN",1,2,2,1,2,2,2,2,1,1,-2,1,2,1,1,-1,-1,4,3,3,1,1,1,3,3,1,0,1,1,1,0,1,1,0,0,0,0,0,0,0,0,16,16,19,19,6,0,1,1,1,0,0,1,""
197,"100","UKRN01","Full-time","Yes","Year 1","4","Psychology Bcs","Yes","female","UKRN",1,2,2,0,-1,2,0,1,1,-1,1,1,2,0,-1,-1,-1,3,1,1,0,1,3,2,3,1,1,1,1,0,1,0,1,0,0,1,0,0,1,0,1,7,7,14,14,6,3,0,NA,NA,0,0,1,""
198,"100","UKRN01","Full-time","Yes","Year 1","4","BSc psychology","Yes","Female","UKRN",1,2,-1,2,2,2,2,2,1,2,-2,-1,2,-1,-2,2,1,4,3,1,0,3,4,3,3,1,1,0,0,1,1,1,0,0,0,1,1,0,0,0,1,13,13,21,21,5,3,0,NA,NA,0,0,1,""
199,"100","UKRN01","Full-time","Yes","Year 1","4","Psychology BSc","Yes","female","UKRN",1,0,1,1,2,-1,0,1,1,2,2,1,2,1,-1,1,0,3,3,2,1,1,1,2,3,1,1,0,1,1,0,1,0,0,0,1,0,0,1,0,1,13,13,16,16,5,3,1,1,1,0,0,1,""
200,"100","UKRN01","Full-time","Yes","Year 2","4","psychology","Yes","female","UKRN",1,1,2,1,0,1,1,1,1,2,1,1,2,1,0,0,-1,4,3,3,3,1,2,2,3,1,0,1,0,0,0,0,1,0,0,1,0,0,0,0,0,14,14,21,21,3,1,0,NA,NA,0,0,1,""
201,"100","UKRN01","Full-time","Yes","Year 2","4","Psychology BSc","Yes","Male","UKRN",1,2,1,2,-2,2,1,1,0,1,-2,2,-2,2,-1,-1,-1,3,4,4,4,3,3,3,4,0,1,0,1,1,1,0,0,1,1,1,0,0,1,1,1,5,5,28,28,4,6,1,1,1,1,1,1,""
202,"100","UKRN01","Full-time","Yes","Year 1","4","BSc psychology","Yes","female","UKRN",1,0,2,0,2,2,2,1,-1,2,2,2,2,1,0,-1,-2,4,4,4,0,1,3,2,4,1,0,1,0,0,0,0,1,0,0,1,0,0,0,0,1,14,14,22,22,3,2,0,NA,NA,1,0,1,""
203,"100","UKRN01","Full-time","No","Year 1","3","Psychology Bsc","Yes","Female","UKRN",1,2,1,2,1,1,0,2,0,1,1,1,2,-2,2,-1,-2,1,4,2,0,1,1,3,3,1,1,1,0,0,1,0,1,0,0,1,0,0,0,0,1,11,11,15,15,5,2,1,1,0,0,0,1,""
204,"100","UKRN01","Full-time","No","Year 1","3","Psychology ","No","female","UKRN",1,1,-1,0,0,0,0,1,0,0,-1,1,1,1,1,0,0,1,1,1,2,1,1,3,2,1,1,1,1,0,0,0,1,0,0,0,0,1,1,1,0,4,4,12,12,5,3,0,NA,NA,0,0,1,""
205,"100","UKRN01","Full-time","Yes","Year 1","4","Psychology Bsc","Yes","Female ","UKRN",1,2,2,2,-1,0,1,-1,1,0,1,1,2,-1,1,-1,-1,3,2,2,1,0,3,2,2,1,1,1,0,1,1,1,0,0,0,0,1,0,0,0,1,8,8,15,15,6,2,1,0,0,1,0,1,""
206,"100","UKRN01","Full-time","Yes","Year 1","4","BSc Psychology with placement","Yes","Female","UKRN",1,2,1,1,-1,1,-1,1,1,1,0,1,2,2,1,0,0,4,3,3,2,2,3,3,2,0,0,0,0,0,0,0,1,0,0,0,0,0,0,0,0,12,12,22,22,1,0,0,NA,NA,0,0,1,""
207,"100","UKRN01","Full-time","Yes","Year 1","4","BSc Psychology","Yes","Female","UKRN",1,2,1,1,0,1,0,0,1,-1,-1,1,2,1,1,-1,0,4,3,2,0,1,1,4,4,1,1,1,1,1,1,1,1,1,0,0,1,0,1,1,0,8,8,19,19,8,4,0,NA,NA,0,0,1,""
208,"100","UKRN01","Full-time","Yes","Year 2","4","Psychology","Yes","Female","UKRN",1,1,1,1,0,1,1,2,1,-2,1,1,2,-1,2,-1,-1,3,3,3,0,0,0,3,3,0,0,1,1,0,1,1,0,0,0,1,1,0,0,1,0,9,9,15,15,4,3,1,1,1,0,0,1,""
209,"100","UKRN01","Full-time","Yes","Year 2","4","BSc Psychology","Yes","Male","UKRN",1,2,0,1,-2,-1,0,2,2,1,-1,2,-1,0,-2,1,0,4,3,1,3,4,1,3,1,1,1,1,1,0,1,1,1,0,0,0,0,1,0,0,0,4,4,20,20,7,1,1,1,1,0,0,1,""
210,"100","UKRN01","Full-time","No","Year 1","3","Psychology ","Yes","Female","UKRN",1,2,1,-1,0,1,0,1,0,-1,-1,1,0,0,-1,1,0,4,3,2,1,1,1,2,2,1,1,1,0,0,0,0,1,1,0,1,0,0,0,0,1,3,3,16,16,4,3,0,NA,NA,0,0,1,""
211,"100","UKRN01","Full-time","Yes","Year 2","4","Psychology BSc","Yes","Female","UKRN",1,2,2,2,1,2,1,2,1,1,-1,1,2,1,1,-1,2,1,3,3,2,3,3,3,2,1,1,0,0,0,0,1,1,0,0,1,1,1,1,0,0,19,19,20,20,4,4,1,1,1,0,1,1,""
212,"100","UKRN01","Full-time","Yes","Year 1","4","BSc Psychology","Yes","female","UKRN",1,1,1,1,0,1,1,2,1,0,-1,1,2,0,-1,-1,-1,1,3,1,1,1,2,3,2,1,1,1,1,1,1,1,0,0,0,0,0,0,0,0,1,7,7,14,14,7,1,0,NA,NA,0,0,0,""
213,"100","UKRN01","Full-time","Yes","Year 1","4","Psychology BSc (Hons)","Yes","Female","UKRN",1,1,1,0,1,1,1,1,0,1,1,1,2,-1,1,-1,-1,3,3,2,1,2,3,2,3,0,0,1,0,0,0,0,1,0,0,0,0,0,0,0,0,9,9,19,19,2,0,0,NA,NA,0,0,0,""
214,"100","UKRN01","Full-time","No","Year 2","3","psychology ","Yes","female ","UKRN",1,2,2,1,0,1,0,1,-1,1,1,2,2,1,-1,-2,-1,3,2,3,1,1,2,3,3,0,0,0,0,0,0,0,1,1,1,1,0,0,1,0,0,9,9,18,18,1,4,0,NA,NA,1,1,1,""
215,"100","UKRN01","Full-time","Yes","Year 2","4","Psychology ","Yes","Male ","UKRN",1,1,0,1,-2,0,1,2,-1,1,-1,1,-2,1,0,1,-2,3,1,2,3,1,4,1,2,1,1,1,0,0,1,0,1,1,1,1,0,0,0,0,0,1,1,17,17,5,3,0,NA,NA,0,0,0,""
216,"100","UKRN01","Full-time","No","Year 1","3","psychology","No","female","UKRN",1,1,2,0,2,1,2,1,1,1,1,1,2,1,0,0,0,4,4,3,1,2,1,3,3,0,0,1,0,0,0,0,1,0,0,0,0,0,0,0,0,16,16,21,21,2,0,0,NA,NA,0,0,1,""
217,"100","UKRN01","Full-time","Yes","Year 1","4","Psychology BSc","Yes","Female","UKRN",1,2,2,1,-2,0,0,1,0,1,-1,2,2,0,2,-1,-1,3,2,3,1,1,3,3,1,1,1,1,0,0,0,0,1,0,0,1,0,0,0,0,0,8,8,17,17,4,1,0,NA,NA,0,0,0,""
218,"100","UKRN01","Full-time","Yes","Year 2","4","BSc Psychology","Yes","Female","UKRN",1,2,2,1,1,1,1,1,-1,1,1,2,2,1,1,0,-2,4,3,3,1,0,3,3,3,1,1,1,0,1,0,0,1,0,0,1,1,0,1,1,1,14,14,20,20,5,5,1,1,1,0,1,1,""
219,"100","UKRN01","Full-time","Yes","Year 2","4","Psychology ","Yes","Female","UKRN",1,1,1,1,-1,-1,0,-1,1,1,-1,1,2,0,2,-1,-1,3,3,3,1,0,3,3,3,0,0,1,0,0,0,1,1,0,0,1,0,0,0,0,0,4,4,19,19,3,1,1,1,0,0,0,0,""
220,"100","UKRN01","Full-time","Yes","Year 1","4","BSc Psychology ","Yes","Female","UKRN",1,1,1,1,1,1,1,1,1,2,0,0,1,0,1,0,-1,3,3,3,1,1,3,2,3,1,1,1,1,1,1,0,0,1,0,1,0,0,0,0,1,11,11,19,19,6,3,1,0,0,0,0,1,"Pretty Cool"
221,"100","UKRN01","Full-time","Yes","Year 1","4","Psychology","Yes","female","UKRN",1,2,2,1,0,0,0,1,0,1,0,1,2,1,-1,0,0,4,4,3,1,2,3,2,2,0,0,0,0,0,0,0,0,1,1,1,1,1,1,1,1,10,10,21,21,0,8,1,1,1,0,0,1,"no"
222,"100","UKRN01","Full-time","Yes","Placement Year","3","Psychology","Yes","Female","UKRN",1,1,2,2,1,0,0,1,0,1,-2,2,2,2,2,1,-1,3,3,2,1,1,2,3,3,0,0,1,0,0,0,1,1,0,0,1,0,0,0,1,0,14,14,18,18,3,2,1,1,1,0,0,0,""
223,"100","UKRN01","Full-time","Yes","Year 1","4","Psychology BSc","Yes","Female","UKRN",1,1,1,0,1,0,0,1,1,0,0,1,2,0,1,-1,-1,4,4,3,0,1,2,3,3,0,0,1,0,0,1,0,1,1,1,0,1,1,0,1,0,7,7,20,20,3,5,0,NA,NA,0,0,1,""
224,"100","UKRN01","Full-time","Yes","Year 1","4","BSc Psychology","No","Male","UKRN",1,1,2,1,2,1,0,1,-1,0,2,1,1,0,-1,1,-1,3,1,4,1,1,3,3,3,1,1,1,1,1,1,1,1,0,0,0,0,0,0,0,0,10,10,19,19,8,0,0,NA,NA,0,1,1,""
225,"100","UKRN01","Full-time","No","Year 2","3","Psychology BSc","Yes","Female","UKRN",1,1,2,2,-1,1,2,2,2,-2,-1,1,1,0,-1,-1,-1,3,3,3,0,1,0,2,2,1,1,1,0,0,1,1,1,1,1,1,0,0,1,0,0,7,7,14,14,6,4,0,NA,NA,0,0,1,""
226,"100","UKRN01","Full-time","Yes","Year 2","4","Psychology","Yes","f","UKRN",1,-2,-1,1,-2,-2,-2,2,1,-1,1,2,1,2,1,-2,-2,4,1,0,0,0,0,4,1,0,0,0,0,1,1,0,0,1,0,1,0,0,0,0,1,-3,-3,10,10,2,3,0,NA,NA,0,0,1,""
227,"100","UKRN01","Full-time","Yes","Year 2","4","BSc Psychology","Yes","female","UKRN",1,2,2,1,2,1,2,2,1,1,-2,1,-2,-2,2,-1,-1,4,3,3,4,1,1,2,3,1,0,0,1,0,0,0,0,0,1,1,0,1,1,0,1,9,9,21,21,2,5,0,NA,NA,1,0,1,""
228,"100","UKRN01","Full-time","Yes","Year 2","4","Psychology","Yes","Female","UKRN",1,2,1,1,-1,1,2,2,-1,2,2,2,2,1,1,2,-1,4,4,3,2,1,2,3,3,0,0,1,0,0,0,0,1,0,0,0,0,0,0,0,0,18,18,22,22,2,0,0,NA,NA,0,0,1,""
229,"100","UKRN01","Full-time","Yes","Year 1","4","Psychology BSc","Yes","Female ","UKRN",1,1,1,0,1,1,0,0,-1,-1,-1,1,2,0,-1,-1,1,3,3,3,1,1,2,3,2,0,1,1,1,1,0,0,0,1,0,0,0,0,1,1,1,3,3,18,18,4,4,0,NA,NA,0,0,1,""
230,"100","UKRN01","Full-time","Yes","Placement Year","4","BSc Psychology","Yes","Female","UKRN",1,1,1,1,0,1,0,1,0,-1,0,1,2,1,2,0,-1,3,3,3,2,1,3,3,1,0,0,0,0,0,0,0,0,0,0,0,0,0,0,0,0,9,9,19,19,0,0,1,1,1,0,0,1,""
231,"100","UKRN01","Full-time","Yes","Year 1","4","BSc Psychology ","Yes","Female","UKRN",1,2,1,1,1,2,1,-1,-1,1,-2,2,2,0,2,-1,-2,4,4,3,1,1,3,3,1,0,0,0,1,0,1,0,1,0,0,0,1,0,1,0,0,8,8,20,20,3,2,0,NA,NA,0,0,1,""
232,"100","UKRN01","Full-time","Yes","Placement Year","4","Psychology BSc","Yes","Female","UKRN",1,1,2,1,1,1,1,2,2,-1,-2,1,2,1,2,-1,-1,4,3,3,1,1,3,3,3,0,0,0,0,0,0,1,1,0,0,0,0,0,0,1,0,12,12,21,21,2,1,0,NA,NA,0,0,1,""
233,"100","UKRN01","Full-time","Yes","Year 2","4","Psychology","Yes","female","UKRN",1,2,1,1,1,0,1,1,1,1,-1,1,1,0,1,1,-1,3,3,3,2,2,3,3,3,1,1,0,1,1,0,0,0,0,0,1,0,0,1,1,1,11,11,22,22,4,4,1,1,1,0,0,1,""
234,"100","UKRN01","Full-time","Yes","Year 1","4","BSc Psychology","Yes","Female","UKRN",1,1,1,0,-1,1,-1,-1,-1,1,-1,2,1,0,-1,1,1,3,3,1,1,2,3,3,3,0,0,1,0,0,1,0,1,0,0,0,0,0,0,0,1,3,3,19,19,3,1,1,1,0,0,0,1,""
235,"100","UKRN01","Full-time","No","Year 2","3","Psychology","Yes","female","UKRN",1,2,0,1,0,1,0,1,0,1,-2,1,-1,0,-1,2,0,0,3,3,1,2,3,0,3,1,1,1,1,0,1,1,1,0,0,0,0,1,0,0,0,5,5,15,15,7,1,0,NA,NA,1,0,1,""
236,"100","UKRN01","Full-time","Yes","Placement Year","4","Psychology","Yes","Female","UKRN",1,2,2,2,0,1,0,2,2,2,0,1,1,0,1,-1,-1,3,3,4,0,1,2,3,2,0,0,1,0,0,0,1,1,0,0,1,0,0,0,1,1,14,14,18,18,3,3,1,0,0,1,0,1,""
237,"100","UKRN01","Full-time","Yes","Year 1","4","Bsc Psychology","Yes","Female ","UKRN",1,2,1,1,2,1,0,2,0,1,0,0,2,1,0,-1,-2,3,2,2,0,0,2,2,3,1,0,1,1,0,1,0,1,0,0,1,0,0,0,0,0,10,10,14,14,5,1,0,NA,NA,0,0,1,""
238,"100","UKRN01","Full-time","Yes","Year 2","4","Psychology ","No","Female","UKRN",1,2,2,2,2,2,2,2,2,2,2,2,2,2,2,-2,-1,4,4,4,4,2,4,4,4,1,0,1,1,1,0,1,1,0,1,0,0,0,1,0,0,25,25,30,30,6,2,1,1,1,1,1,1,""
239,"100","UKRN01","Full-time","Yes","Year 2","4","Psychology","Yes","Male","UKRN",1,2,2,2,2,1,2,2,2,2,2,2,2,1,2,-1,-1,4,4,4,4,3,4,4,4,1,1,1,1,1,1,1,1,1,0,1,0,0,0,1,1,24,24,31,31,8,4,1,1,1,1,1,1,"no"
240,"100","UKRN01","Full-time","No","Year 1","3","Psychology","Yes","Female","UKRN",1,1,1,0,1,-1,1,1,1,1,1,1,1,0,-1,0,1,3,3,3,1,2,3,3,3,1,0,1,1,1,0,1,1,1,0,0,0,0,0,0,1,9,9,21,21,6,2,0,NA,NA,0,0,1,""
241,"100","UKRN01","Full-time","Yes","Year 1","4","psychology ","Yes","female ","UKRN",1,2,2,-1,-1,0,1,1,-1,0,0,2,1,1,-1,-2,-2,3,3,2,1,0,1,3,3,1,1,1,1,1,1,1,0,0,0,0,0,0,0,0,1,2,2,16,16,7,1,0,NA,NA,0,0,1,""
242,"100","UKRN01","Full-time","Yes","Year 2","3","psychology Bsc","No","female","UKRN",1,1,0,1,1,0,1,1,0,1,-2,2,-1,0,-1,1,1,3,3,3,1,2,3,3,3,0,0,0,1,1,1,1,0,1,1,1,0,0,0,1,1,6,6,21,21,4,5,1,0,0,0,0,1,""
243,"100","UKRN01","Full-time","No","Year 1","3","Psychology BSc","No","Female","UKRN",1,2,2,2,0,2,0,2,-1,2,-2,2,2,-1,-2,-1,-2,4,3,4,0,0,1,4,3,1,1,1,1,0,1,0,1,0,0,1,1,0,1,0,1,7,7,19,19,6,4,1,0,1,0,0,1,"n/a"
244,"100","UKRN01","Full-time","Yes","Placement Year","4","Psychology BSc","Yes","Female","UKRN",1,2,1,1,1,1,0,1,-1,-1,1,1,2,1,2,-1,0,3,2,3,3,2,3,3,3,1,1,1,1,1,1,1,1,0,0,1,0,0,1,0,0,11,11,22,22,8,2,1,0,1,0,0,1,""
245,"100","UKRN01","Full-time","Yes","Year 1","4","Psychology BSc","No","female","UKRN",1,2,1,1,1,1,1,2,1,1,0,1,2,0,-1,0,0,3,3,3,2,3,3,3,3,0,0,0,0,0,0,0,0,0,0,0,0,0,0,0,0,13,13,23,23,0,0,0,NA,NA,0,0,1,"Have a nice day!"
246,"100","UKRN01","Full-time","Yes","Year 1","4","Psychology","Yes","Female","UKRN",1,1,1,1,1,0,1,1,1,1,-2,-1,2,1,-2,-1,-1,4,4,1,0,0,2,2,3,0,0,0,0,0,0,0,1,0,0,0,0,0,0,0,0,4,4,16,16,1,0,0,NA,NA,0,0,1,""
247,"100","UKRN01","Full-time","Yes","Placement Year","4","Bsc Psychology","No","Male","UKRN",1,2,2,1,2,1,1,2,1,1,2,2,2,1,2,0,1,4,3,3,4,3,3,3,3,1,1,1,1,1,1,1,1,1,1,1,1,1,1,1,0,23,23,26,26,8,7,1,1,0,1,1,1,""
248,"100","UKRN01","Full-time","Yes","Placement Year","4","psychology","Yes","Male ","UKRN",1,1,0,1,-1,1,-1,1,2,0,-1,1,-1,0,-1,-1,-1,1,3,3,1,1,3,2,3,0,0,1,0,0,1,0,0,1,1,0,1,1,0,1,1,0,0,17,17,2,6,0,NA,NA,0,1,1,"no additional comments"
249,"100","UKRN01","Full-time","Yes","Year 1","4","BSc Psychology","Yes","Male","UKRN",1,0,1,1,2,0,0,2,0,1,-2,-1,2,1,1,-1,0,4,4,4,1,1,0,3,4,0,0,0,0,0,0,0,1,0,0,0,0,0,0,0,0,7,7,21,21,1,0,1,0,1,0,0,0,""
250,"100","UKRN01","Full-time","Yes","Year 1","4","Psychology","Yes","Female","UKRN",1,1,2,1,2,1,1,1,1,1,-1,1,2,0,2,0,0,4,4,3,0,1,3,1,3,1,1,1,1,1,1,0,1,0,0,0,0,0,0,1,0,15,15,19,19,7,1,1,0,0,1,0,1,""
251,"100","UKRN01","Full-time","Yes","Final Year","4","Psychology BSc","Yes","Female","UKRN",1,2,1,1,1,0,1,2,1,1,0,0,2,0,-1,0,0,4,3,4,2,3,3,2,3,0,0,0,0,0,0,1,1,0,0,1,1,0,1,0,0,11,11,24,24,2,3,1,1,1,0,0,1,""
252,"100","UKRN01","Full-time","Yes","Year 2","3","Psychology BSc ","No","Female","UKRN",1,2,1,1,1,0,1,1,0,-1,-2,1,1,-1,1,-2,-2,3,3,0,0,1,1,3,1,0,0,0,0,1,1,1,0,1,1,1,1,0,0,0,1,2,2,12,12,3,5,0,NA,NA,0,0,1,""
253,"100","UKRN01","Full-time","No","Year 1","3","Psychology","Yes","Female","UKRN",1,2,2,1,0,2,2,1,-2,1,0,2,2,2,-1,-1,-1,3,3,3,2,1,3,4,4,0,0,1,1,1,1,0,1,0,0,1,0,0,1,0,1,12,12,23,23,5,3,0,NA,NA,0,0,1,""
254,"100","UKRN01","Full-time","Yes","Placement Year","4","Bsc Psychology","No","Female","UKRN",1,2,2,1,-1,1,1,1,1,-1,1,1,1,1,-1,1,-2,3,1,3,1,1,1,3,1,1,0,0,0,0,0,0,1,0,0,1,0,0,0,0,0,9,9,14,14,2,1,0,NA,NA,0,0,1,""
255,"100","UKRN01","Full-time","No","Year 1","3","Psychology Bsc (Hons)","Yes","Female","UKRN",1,1,1,0,1,1,1,1,1,1,-1,1,2,1,-1,0,-1,2,2,3,2,1,2,3,2,0,0,1,1,0,1,1,1,0,0,0,0,0,0,0,0,9,9,17,17,5,0,0,NA,NA,0,0,1,""
256,"100","UKRN01","Full-time","Yes","Placement Year","4","Psychology","Yes","Female","UKRN",1,2,2,1,-1,0,1,2,0,1,0,1,2,0,-1,1,-1,4,3,0,0,2,2,4,3,1,0,0,0,0,0,0,1,0,0,1,0,0,1,1,0,10,10,18,18,2,3,0,NA,NA,0,0,1,""
257,"100","UKRN01","Full-time","Yes","Year 1","4","Psychology BSc","Yes","Female","UKRN",1,1,2,0,-1,0,0,1,0,1,-2,1,1,1,1,0,1,3,3,3,2,2,2,1,2,0,0,0,0,0,0,0,1,0,0,0,0,0,0,0,0,7,7,18,18,1,0,0,NA,NA,0,0,0,""
258,"100","UKRN01","Full-time","No","Year 2","2","Psychology BSc","Yes","Female","UKRN",1,1,2,1,1,1,1,1,1,1,0,2,2,0,-1,-1,-2,4,2,2,1,0,3,4,3,1,1,0,1,1,0,0,0,0,0,1,0,0,1,1,1,10,10,19,19,4,4,1,1,1,0,1,1,""
259,"100","UKRN01","Full-time","Yes","Placement Year","4","Psychology","Yes","Female","UKRN",1,1,1,1,-1,1,0,-1,-1,0,-1,1,1,1,-1,-1,-1,4,3,1,1,1,3,3,3,0,0,1,0,0,1,1,1,0,0,1,0,0,1,1,0,0,0,19,19,4,3,1,1,1,0,0,1,""
260,"100","UKRN01","Full-time","Yes","Placement Year","4","Psychology BSc","Yes","Female","UKRN",1,1,2,-1,1,1,2,2,0,-2,-1,2,2,0,2,-1,0,3,3,2,0,1,2,4,2,0,0,1,0,0,1,0,1,1,1,0,1,1,0,1,0,10,10,17,17,3,5,1,1,1,0,0,1,""
261,"100","UKRN01","Full-time","Yes","Year 1","4","Psychology","Yes","female","UKRN",1,1,2,1,0,1,1,2,2,1,1,1,2,-1,2,1,-1,3,2,3,1,1,3,1,3,1,1,1,0,1,1,1,1,0,0,0,1,0,0,0,0,16,16,17,17,7,1,1,0,0,0,0,1,""
262,"100","UKRN01","Full-time","No","Year 2","3","psychology","Yes","female","UKRN",1,1,2,1,1,1,0,1,1,1,0,1,2,1,1,-1,-1,4,4,3,4,1,1,3,2,1,0,1,1,0,1,1,1,0,0,1,0,0,0,0,0,12,12,22,22,6,1,1,1,0,1,1,1,""
263,"100","UKRN01","Full-time","Yes","Year 2","3","Psychology BSc","No","Female","UKRN",1,2,2,1,2,-1,0,1,-1,-1,-2,1,1,1,-1,-2,1,3,3,3,1,1,1,3,1,1,1,1,0,0,0,0,1,0,1,1,0,0,0,0,1,4,4,16,16,4,3,0,NA,NA,1,1,1,""
264,"100","UKRN01","Full-time","Yes","Year 2","3","Psychology BSc","No","Female","UKRN",1,1,1,1,1,1,1,1,-1,1,1,2,1,1,-1,-1,-1,3,3,1,1,1,3,3,3,1,1,1,1,1,1,1,1,1,1,1,1,1,1,1,1,9,9,18,18,8,8,1,0,NA,1,1,1,""
265,"100","UKRN01","Full-time","Yes","Year 2","3","Psychology BSc","No","Female","UKRN",1,1,1,1,1,1,1,1,-1,1,1,2,1,-1,1,-1,-1,3,3,3,3,1,3,3,3,1,1,1,1,1,1,1,1,1,1,1,0,0,1,0,1,9,9,22,22,8,5,1,0,NA,1,1,1,""
266,"100","UKRN01","Full-time","Yes","Placement Year","4","BSc Psychology with placement year","Yes","female","UKRN",1,2,1,1,1,1,0,-1,-1,0,-1,1,2,0,1,-1,-1,1,1,3,1,4,1,1,2,1,1,1,1,0,1,1,1,1,0,1,0,0,1,1,0,5,5,14,14,7,4,1,1,0,0,0,1,""
267,"100","UKRN01","Full-time","Yes","Year 1","4","Psychology","Yes","Female","UKRN",1,2,1,1,0,0,1,2,-1,1,0,-1,2,1,-1,0,-1,3,1,3,2,1,3,2,3,0,0,0,1,1,1,0,0,0,0,1,0,0,0,0,1,7,7,18,18,3,2,1,0,1,0,0,1,""
268,"100","UKRN01","Full-time","Yes","Year 2","4","Bsc Psychology","Yes","female","UKRN",1,1,2,1,1,1,0,1,-1,2,1,1,2,1,-1,-1,-1,4,3,3,0,1,1,3,2,1,0,1,0,1,1,1,1,0,0,0,0,0,0,0,0,10,10,17,17,6,0,1,1,1,1,1,1,""
269,"100","UKRN01","Full-time","Yes","Year 1","4","Psychology","Yes","Female","UKRN",1,1,0,1,-1,1,1,1,1,1,0,1,1,0,-1,-1,-1,1,1,1,1,1,2,3,1,1,1,0,1,1,1,1,0,0,0,1,0,0,0,0,1,5,5,11,11,6,2,0,NA,NA,0,0,1,""
270,"100","UKRN01","Full-time","Yes","Year 1","4","Psychology","Yes","Female","UKRN",1,2,1,0,-1,1,1,1,1,0,-1,1,2,1,-1,0,-1,2,2,3,2,1,3,3,3,0,0,0,0,0,1,0,1,0,0,1,0,0,0,0,0,7,7,19,19,2,1,0,NA,NA,1,0,1,""
271,"100","UKRN01","Full-time","Yes","Year 1","4","Psychology ","Yes","Female ","UKRN",1,1,2,1,1,0,1,0,0,0,1,1,2,1,-1,-1,-1,4,4,1,0,1,1,1,3,0,0,0,0,0,0,0,1,0,0,0,0,0,0,0,0,8,8,15,15,1,0,1,0,NA,0,0,1,""
272,"100","UKRN01","Full-time","Yes","Year 1","4","Psychology ","Yes","Female","UKRN",1,1,1,1,1,1,1,1,0,1,-1,1,1,1,-1,0,-1,3,3,1,1,0,2,3,3,1,1,1,1,1,1,1,0,0,0,0,0,0,0,0,1,8,8,16,16,7,1,0,NA,NA,0,0,1,""
273,"100","UKRN01","Full-time","Yes","Year 1","4","Psychology","Yes","Male","UKRN",1,1,1,1,0,1,1,2,1,2,-1,2,2,-1,0,0,-1,3,3,3,1,0,3,3,3,0,0,1,1,0,0,0,1,1,1,0,0,1,1,1,0,11,11,19,19,3,5,0,NA,NA,0,0,1,""
274,"100","UKRN01","Full-time","No","Year 2","3","Undergraduate Psychology","No","Female","UKRN",1,1,1,1,1,2,1,2,1,2,2,1,2,2,0,-1,-2,2,2,4,2,2,2,3,2,1,0,0,1,1,1,0,1,0,1,1,0,0,0,1,1,16,16,19,19,5,4,1,1,1,1,1,1,""
275,"100","UKRN01","Full-time","Yes","Year 1","4","psychology ","Yes","female","UKRN",1,1,2,1,1,1,1,1,1,1,1,-1,2,0,-1,1,-1,3,3,3,3,1,1,1,3,0,0,0,0,0,0,0,0,0,0,0,0,0,0,0,0,11,11,18,18,0,0,0,NA,NA,0,0,1,""
276,"100","UKRN01","Full-time","Yes","Year 1","4","psychology ","Yes","female ","UKRN",1,0,2,1,-1,1,1,1,0,1,-1,1,2,1,-1,-1,0,3,3,3,1,1,1,3,3,0,0,0,0,0,0,0,1,0,0,0,0,0,0,0,1,7,7,18,18,1,1,0,NA,NA,0,0,1,""
277,"100","UKRN01","Full-time","Yes","Year 1","4","psychology bsc","Yes","female","UKRN",1,2,2,1,-1,1,2,1,-1,1,0,1,1,1,-1,1,1,3,1,3,2,3,3,1,3,0,0,0,0,1,0,1,1,1,1,1,1,0,1,0,1,12,12,19,19,3,6,0,NA,NA,0,0,1,""
278,"100","UKRN01","Full-time","Yes","Year 1","4","Psychology","Yes","Female","UKRN",1,2,2,0,1,1,2,2,1,2,-2,2,2,0,2,-2,-2,4,3,3,1,0,3,4,2,0,0,0,0,0,1,0,1,0,0,0,0,0,1,0,0,13,13,20,20,2,1,1,0,1,0,0,1,""
279,"100","UKRN01","Full-time","Yes","Year 1","4","psychology bsc","Yes","female","UKRN",1,1,-1,1,0,1,-1,1,-1,1,0,1,-1,1,1,1,0,3,1,3,2,2,3,1,3,0,0,0,0,1,0,1,1,1,1,1,1,0,1,0,1,5,5,18,18,3,6,0,NA,NA,0,0,1,""
280,"100","UKRN01","Full-time","Yes","Year 1","3","Psychology BSc","Yes","female","UKRN",1,0,2,0,1,1,1,1,1,1,1,0,2,0,-2,0,-1,3,2,3,2,1,2,3,3,1,0,1,0,0,1,0,1,0,0,0,0,0,1,0,1,8,8,19,19,4,2,0,NA,NA,0,0,0,""
281,"100","UKRN01","Full-time","Yes","Year 1","4","Psychology Bsc","Yes","Female","UKRN",1,2,1,1,1,1,1,1,-1,0,-1,1,1,0,0,-1,-2,3,2,3,2,0,3,3,3,1,1,0,1,1,1,1,1,0,0,1,0,0,0,0,0,5,5,19,19,7,1,0,NA,NA,0,0,1,""
282,"100","UKRN06","Full-time","No","Year 2","3","BSc Psychology ","Yes","Female ","UKRN",1,2,1,2,-1,2,2,1,1,2,-1,1,2,1,2,-1,-1,3,4,4,2,1,3,4,3,0,0,0,1,1,0,0,0,1,1,1,0,0,1,1,1,15,15,24,24,2,6,1,1,1,1,1,1,""
283,"100","UKRN06","Full-time","No","Year 1","3","Psychology","No","Female","UKRN",1,2,1,2,2,2,2,2,2,2,1,1,1,2,-1,-1,-1,4,4,3,3,1,3,3,4,1,1,1,0,0,1,0,1,0,0,1,0,0,0,0,0,19,19,25,25,5,1,1,1,1,1,1,1,""
284,"100","UKRN06","Full-time","No","Year 2","3","Psychology BSc","Yes","Female","UKRN",1,0,1,1,0,0,1,1,1,0,1,-1,2,-1,0,-1,-1,3,1,3,1,0,3,2,2,1,1,1,1,0,1,1,1,0,0,0,0,1,0,0,0,4,4,15,15,7,1,1,1,1,0,0,1,""
285,"100","UKRN06","Full-time","Yes","Placement Year","3","BSc Experimental Psychology","Yes","f","UKRN",1,1,1,1,2,2,2,0,2,2,2,1,2,1,2,-1,0,3,4,3,4,3,1,4,3,1,1,1,1,1,1,1,1,0,1,1,1,1,1,0,0,20,20,25,25,8,5,1,1,1,0,1,1,""
286,"100","UKRN06","Full-time","No","Final Year","3","Experimental psychology","Yes","Male","UKRN",1,1,1,1,2,-1,-1,-1,-1,1,1,1,2,1,2,0,-2,3,4,3,3,1,3,3,4,1,1,1,1,0,0,1,1,0,0,1,0,0,0,0,0,7,7,24,24,6,1,1,1,1,1,1,1,""
287,"100","UKRN06","Full-time","No","Year 1","3","BSc Psychology","Yes","Female ","UKRN",1,1,1,1,1,0,1,-1,-1,1,1,-1,2,1,0,0,0,3,3,3,3,1,3,2,2,0,0,0,0,0,0,0,1,0,0,0,0,0,0,0,0,7,7,20,20,1,0,1,0,0,0,0,1,""
288,"100","UKRN06","Full-time","No","Year 2","3","BSc psychology ","Yes","Female ","UKRN",1,2,0,1,0,2,0,1,1,2,1,1,1,2,1,1,0,3,3,3,2,2,3,3,3,1,1,1,1,1,1,1,1,0,0,0,0,0,0,0,0,16,16,22,22,8,0,1,1,1,1,1,1,""
289,"100","UKRN06","Full-time","No","Final Year","3","Psychological Science","Yes","Female","UKRN",1,1,1,1,1,0,0,1,0,2,1,2,2,2,1,-1,1,4,3,4,4,3,3,3,2,1,0,1,1,0,0,1,1,1,0,1,1,0,0,1,0,15,15,26,26,5,4,1,1,1,0,0,1,""
290,"100","UKRN06","Full-time","No","Year 1","3","Bsc psychology","Yes","Female","UKRN",1,1,0,0,-1,1,0,0,1,1,1,1,1,0,-1,0,-1,3,1,3,1,2,3,2,3,1,1,1,1,1,1,0,1,0,0,1,0,0,1,0,1,4,4,18,18,7,3,0,NA,NA,0,0,1,""
291,"100","UKRN06","Full-time","No","Final Year","4","BSc psychology","No","Female","UKRN",1,2,2,2,2,2,2,2,1,2,2,2,2,2,2,2,2,4,4,4,4,1,4,4,4,1,1,1,1,0,0,1,1,0,0,0,0,0,0,0,0,31,31,29,29,6,0,1,1,1,1,0,1,""
292,"100","UKRN06","Full-time","No","Year 1","3","Psychology (BSc)","No","female","UKRN",1,-1,1,0,-1,0,0,1,1,-1,0,1,1,1,2,-1,0,2,1,1,1,1,3,3,3,0,1,1,1,1,1,1,1,1,0,0,0,0,0,0,0,4,4,15,15,7,1,0,NA,NA,0,0,1,""
293,"100","UKRN06","Full-time","No","Year 2","3","Psychology","Yes","Female","UKRN",1,2,1,1,2,1,1,2,2,2,1,1,2,1,2,-1,-2,3,4,4,4,1,4,4,4,1,1,1,1,0,1,1,1,1,1,1,0,0,0,1,1,18,18,28,28,7,5,1,1,0,1,1,1,""
294,"100","UKRN06","Full-time","No","Year 2","4","Psychology with Innovation","Yes","Female","UKRN",1,1,2,2,2,2,1,2,2,1,2,2,2,2,1,-2,1,4,4,4,4,1,4,4,3,1,1,1,1,0,1,1,1,1,1,1,1,0,1,1,1,23,23,28,28,7,7,1,1,1,1,1,1,"I think it is important for students to know about the replicability crisis and to learn how to avoid this. They are the future of psychological research."
295,"100","UKRN06","Full-time","No","Year 1","3","Psychology","Yes","female","UKRN",1,1,1,1,2,1,1,2,1,1,-1,1,2,1,1,-1,-1,3,3,4,2,1,3,3,3,1,0,1,1,0,1,0,1,0,1,0,0,1,0,1,0,13,13,22,22,5,3,1,0,0,0,1,1,"no"
296,"100","UKRN06","Full-time","No","Final Year","3","Psychological Science","Yes","Male","UKRN",1,2,2,2,1,1,0,0,1,2,-2,0,0,2,-2,-2,-2,3,4,3,2,0,0,1,4,1,1,1,0,0,1,1,0,0,0,0,1,1,0,0,1,5,5,17,17,5,3,1,1,1,0,0,1,""
297,"100","UKRN01","Full-time","Yes","Placement Year","4","psychology","No","female","UKRN",1,2,1,1,1,1,1,2,1,2,1,1,1,-1,0,0,-1,3,2,3,0,1,3,3,3,1,1,1,1,1,1,1,1,1,0,0,0,1,0,1,0,13,13,18,18,8,3,1,1,NA,0,0,1,""
298,"100","UKRN03","Full-time","No","Year 2","3","BSc Psychology","Yes","Female ","UKRN",1,2,1,0,-1,1,0,0,0,1,0,0,0,0,0,-1,0,3,1,3,1,1,2,2,1,1,0,1,0,0,1,0,1,1,0,1,0,0,1,0,1,3,3,14,14,4,4,0,NA,NA,0,0,1,""
299,"100","UKRN06","Full-time","No","Year 1","3","Psychology BsC","Yes","Male","UKRN",1,2,2,1,2,2,1,1,-1,1,-2,-2,2,1,2,-2,-1,3,3,3,3,1,3,3,3,1,1,1,1,0,0,0,1,0,0,0,0,0,0,0,0,9,9,22,22,5,0,1,1,1,0,0,1,""
300,"100","UKRN06","Full-time","No","Final Year","3","Psychology","Yes","Female","UKRN",1,1,2,2,2,2,2,2,1,2,2,2,2,2,2,1,1,3,4,4,4,2,4,4,4,1,1,1,1,1,0,1,1,0,0,0,0,0,1,0,0,28,28,29,29,7,1,1,1,1,1,1,1,"I only know about this because of modules that I opted into. It was not part of core modules. I think it is really important that the replication crisis/open science is taught to all students in core modules. "
301,"100","UKRN06","Full-time","No","Year 1","3","Psychology (BSc)","No","Female","UKRN",1,2,0,2,2,0,2,-1,-1,2,2,1,2,1,1,-2,-2,4,4,4,4,1,3,4,2,1,1,0,1,1,0,1,1,0,0,1,0,0,1,0,0,11,11,26,26,6,2,1,1,1,0,0,1,"we havent talked about the accessibility of journals (and whether they should be free or not) so I havent really thought about that before, but I guess that it is important to pay for journals to support the researchers/further research. i honestly dont know if its unethical to publish your own research in a journal that is free to access  "
302,"100","UNI04","Full-time","No","Final Year","4","BSc Psychology with a year abroad","Yes","Female","Non-UKRN",1,1,2,2,2,2,2,2,2,2,2,2,2,2,2,-1,-2,3,4,2,4,1,2,4,4,1,1,1,1,0,1,0,1,0,0,0,0,1,0,1,0,24,24,24,24,6,2,1,1,1,0,0,1,""
303,"100","UNI04","Full-time","No","Final Year","3","PSYCHOLOGY","Yes","FEMALE","Non-UKRN",1,2,0,1,0,0,1,1,0,1,-2,1,1,0,-1,-1,0,3,3,2,1,0,2,2,4,0,0,0,1,1,0,0,0,1,1,1,0,0,1,1,1,4,4,17,17,2,6,1,0,0,0,0,1,""
304,"100","UNI04","Full-time","No","Final Year","3","Psychology","No","Female","Non-UKRN",1,2,2,1,2,2,2,1,1,1,2,1,2,1,-1,0,0,4,4,4,4,3,3,3,4,0,0,1,0,1,1,1,1,0,0,1,0,0,0,0,1,19,19,29,29,5,2,0,NA,NA,1,0,1,""
305,"100","UNI04","Full-time","No","Final Year","3","Bsc Psychology","Yes","female ","Non-UKRN",1,1,1,-2,1,1,1,1,0,1,-1,1,1,1,1,-1,-2,3,3,2,2,0,1,4,1,1,0,1,1,0,0,1,1,0,0,0,0,0,0,0,0,5,5,16,16,5,0,1,1,1,0,0,0,""
306,"100","UNI04","Full-time","No","Final Year","4","Psychology with a year abroad","Yes","Female","Non-UKRN",1,2,1,1,-1,1,1,2,1,2,1,1,1,0,1,-1,-2,3,3,3,0,1,3,2,3,1,1,1,1,1,1,1,1,0,0,1,1,0,0,0,1,11,11,18,18,8,3,1,0,NA,0,0,1,""
307,"100","UKRN01","Full-time","Yes","Year 1","4","Psychology BSc","Yes","Male","UKRN",1,1,1,-1,1,1,1,1,1,1,-1,-1,2,0,1,-2,-1,3,3,3,1,1,2,1,1,1,1,1,0,0,1,0,1,1,1,1,0,0,1,0,1,5,5,15,15,5,5,0,NA,NA,0,0,1,"no"
308,"100","UKRN01","Full-time","Yes","Year 1","3","Psychology","Yes","Male","UKRN",1,2,2,1,1,1,1,1,-1,2,0,1,1,1,-1,0,-1,3,3,3,0,1,3,3,3,0,0,0,0,0,0,0,1,0,0,0,0,0,0,0,0,11,11,19,19,1,0,0,NA,NA,0,0,1,""
309,"100","UKRN01","Full-time","No","Year 2","3","Psychology BSc","Yes","Male","UKRN",1,2,1,1,2,0,1,1,0,2,1,1,1,1,1,0,1,3,3,3,3,2,3,2,3,1,1,1,1,1,1,0,1,0,0,1,0,1,1,0,1,16,16,22,22,7,4,1,0,NA,0,0,0,""
310,"100","UNI07","Full-time","No","Year 2","3","Psychology","No","Female","Non-UKRN",1,1,1,0,2,1,1,0,-1,-2,-1,1,2,1,-1,-2,-1,3,2,0,0,1,1,4,0,1,1,0,1,1,1,1,1,0,0,1,0,0,0,0,0,2,2,11,11,7,1,0,NA,NA,0,0,1,""
311,"100","UNI07","Full-time","Yes","Year 2","3","BSc Psychology ","Yes","Female","Non-UKRN",1,1,1,0,1,1,1,-1,-1,1,1,1,2,-1,1,-1,-1,3,3,1,1,1,1,3,3,0,0,1,0,1,1,1,1,1,1,0,1,0,0,0,0,6,6,16,16,5,3,0,NA,NA,0,0,1,""
312,"100","UNI07","Full-time","No","Year 2","3","BSc Psychology ","Yes","Female ","Non-UKRN",1,2,1,1,0,-1,-1,2,2,-1,-1,1,2,1,1,-1,-1,3,3,3,1,3,3,3,1,1,0,1,0,1,1,0,1,1,0,1,0,0,1,0,0,7,7,20,20,5,3,0,NA,NA,0,0,1,""
313,"100","UNI07","Full-time","No","Year 2","3","Psychology ","Yes","Female ","Non-UKRN",1,1,1,1,0,1,2,1,2,-2,-2,1,2,1,-1,-2,-2,3,2,3,1,0,3,3,2,0,1,0,1,1,0,1,1,1,0,1,0,0,1,0,0,4,4,17,17,5,3,0,NA,NA,0,0,1,""
314,"100","UNI07","Full-time","No","Year 2","3","Abnormal and clinical psychology","No","Female ","Non-UKRN",1,1,2,1,1,0,0,-1,-1,2,1,2,1,1,-1,0,-1,4,3,3,1,1,2,2,4,1,0,1,1,0,1,1,1,0,0,1,0,0,1,1,1,8,8,20,20,6,4,0,NA,NA,0,0,1,""
315,"100","UNI07","Full-time","No","Year 2","3","Psychology ","No","Female","Non-UKRN",1,1,2,1,2,1,1,1,-1,-1,-2,2,2,-2,2,-2,-1,3,3,2,1,1,1,1,3,0,0,1,0,0,0,0,1,0,0,0,0,0,0,0,0,6,6,15,15,2,0,1,1,0,0,0,1,""
316,"100","UNI07","Full-time","No","Year 2","3","abnormal and clinical psychology","Yes","female","Non-UKRN",1,0,-1,1,-1,1,0,1,1,1,-2,1,0,1,1,0,-1,3,3,3,1,1,1,1,3,1,1,1,1,1,1,1,1,0,1,1,0,0,1,0,1,3,3,16,16,8,4,0,NA,NA,0,0,1,""
317,"100","UKRN08","Full-time","No","Final Year","3","Bsc Psychology","Yes","Female","UKRN",1,0,2,1,-2,-2,-1,0,0,0,-2,-2,2,0,2,-2,-2,0,0,2,0,0,0,1,3,0,0,1,0,0,0,0,1,0,0,1,0,0,0,0,0,-6,-6,6,6,2,1,1,1,1,0,0,1,""
318,"100","UKRN08","Full-time","No","Final Year","3","BSc Psychology ","Yes","Female","UKRN",1,1,1,0,1,1,1,1,1,-1,-1,1,1,1,1,-1,-1,3,3,3,3,1,3,3,3,0,1,0,0,1,0,0,1,1,0,1,1,0,1,1,0,7,7,22,22,3,5,1,1,1,1,0,1,"I used the open science framework for my dissertation, but feel like enough emphasis wasn’t placed on the topic in my course "
319,"100","UKRN08","Full-time","Yes","Year 2","3","Psychology ","Yes","Female ","UKRN",1,1,2,0,1,2,0,2,1,2,-2,1,2,2,-1,0,-1,4,3,3,3,3,2,4,3,1,1,1,1,0,0,0,1,0,0,0,0,1,1,1,0,12,12,25,25,5,3,1,1,1,1,1,1,""
320,"100","UKRN08","Full-time","No","Final Year","3","Psychology ","Yes","Female","UKRN",1,-2,2,2,2,-1,2,2,-2,2,2,-1,2,2,2,2,1,4,4,4,0,4,4,3,4,1,1,1,1,1,1,1,1,1,1,0,1,0,0,0,0,17,17,27,27,8,3,1,1,1,1,1,1,"I’ve just written my dissertation on this "
321,"100","UNI07","Full-time","No","Year 2","3","Psychology Bsc","No","Female ","Non-UKRN",1,1,1,0,1,1,-1,1,1,1,-1,1,1,1,2,-1,-2,3,3,3,0,0,2,3,3,1,0,1,0,1,1,1,1,0,0,1,0,0,1,0,0,7,7,17,17,6,2,0,NA,NA,0,0,1,""
322,"100","UKRN05","Full-time","No","Year 1","3","Psychology Bsc","Yes","Female ","UKRN",1,2,1,1,-2,1,0,0,-1,-1,-2,2,1,0,-1,-1,-1,4,3,3,1,1,3,4,3,0,0,0,0,0,0,0,1,0,0,0,0,0,0,0,0,-1,-1,22,22,1,0,0,NA,NA,0,0,1,""
323,"100","UKRN05","Full-time","Yes","Year 1","3","Psychology ","Yes","Female ","UKRN",1,2,1,1,1,-1,1,1,0,1,1,1,2,1,1,-1,-2,4,3,1,1,0,2,3,1,0,0,1,0,0,0,0,1,0,0,1,0,0,0,0,1,10,10,15,15,2,2,1,0,0,0,0,1,""
325,"100","UKRN05","Full-time","No","Year 1","3","Psychology","Yes","Female","UKRN",1,2,1,1,-2,1,2,1,-1,1,-2,1,1,1,1,1,-2,3,3,4,4,3,3,3,1,1,0,0,0,0,0,0,0,0,0,1,0,0,1,0,1,7,7,24,24,1,3,0,NA,NA,0,0,1,""
326,"100","UKRN05","Full-time","Yes","Year 1","4","Psychology BSc","Yes","female","UKRN",1,2,1,2,1,-1,-1,0,0,-1,2,1,1,-1,-1,-1,-1,4,2,3,0,1,3,2,1,1,1,1,0,0,1,1,1,0,0,0,1,1,0,0,0,3,3,16,16,6,2,0,NA,NA,1,0,1,""
327,"100","UKRN05","Full-time","No","Year 1","3","psychology","No","female","UKRN",1,1,1,1,1,1,-1,1,0,-2,-2,1,2,0,2,-1,-1,3,3,2,0,1,2,3,3,0,0,1,0,0,1,1,0,0,0,0,0,0,0,0,1,4,4,17,17,3,1,1,1,1,0,0,1,""
328,"100","UKRN05","Full-time","No","Year 1","3","Psychology Bsc","No","female","UKRN",1,1,1,1,1,0,1,-1,-1,1,1,-1,1,0,2,-2,-2,3,1,3,1,1,1,1,3,0,0,1,0,0,0,1,1,0,0,1,0,0,0,0,1,3,3,14,14,3,2,1,0,1,0,0,1,""
329,"100","UKRN05","Full-time","No","Year 1","3","Psychology Bsc","No","Female","UKRN",1,2,1,1,-1,-1,1,-1,-1,1,-1,1,1,0,-1,1,-1,4,4,3,1,1,0,3,3,0,0,1,0,0,0,0,1,0,0,0,0,0,0,0,1,2,2,19,19,2,1,0,NA,NA,0,0,1,""
330,"46","UKRN03","Full-time","No","Year 1","3","psychology bcc","Yes","female","UKRN",1,NA,NA,NA,NA,NA,NA,NA,NA,NA,NA,NA,NA,NA,NA,NA,NA,NA,NA,NA,NA,NA,NA,NA,NA,0,0,0,0,0,0,0,0,0,0,0,0,0,0,0,0,NA,NA,NA,NA,0,0,NA,NA,NA,NA,NA,NA,""
331,"100","UKRN08","Full-time","Yes","Year 1","4","Psychology ","Yes","Female ","UKRN",1,2,2,2,2,2,2,2,1,2,1,2,2,2,0,2,2,4,4,4,4,4,4,4,4,1,1,1,1,0,1,0,1,1,0,0,0,0,1,0,1,28,28,32,32,6,3,1,1,1,1,1,1,""
332,"100","UKRN06","Full-time","No","Year 2","3","Psychology BSc","Yes","Female","UKRN",1,1,2,1,1,2,2,2,1,0,1,1,2,2,1,1,-1,3,3,3,3,3,3,3,3,0,0,0,1,0,0,0,0,1,1,1,0,0,0,1,1,19,19,24,24,1,5,1,1,0,1,1,1,""
333,"46","UKRN06","Full-time","No","Year 2","3","Bsc Psychology ","No","Male","UKRN",1,NA,NA,NA,NA,NA,NA,NA,NA,NA,NA,NA,NA,NA,NA,NA,NA,NA,NA,NA,NA,NA,NA,NA,NA,0,0,0,0,0,0,0,0,0,0,0,0,0,0,0,0,NA,NA,NA,NA,0,0,NA,NA,NA,NA,NA,NA,""
334,"100","UKRN05","Full-time","No","Year 1","3","Psychology BSc","No","Female","UKRN",1,2,2,2,1,-1,1,-1,-1,2,-2,1,2,-1,-1,-1,1,4,4,3,1,1,1,1,3,0,0,1,0,0,0,1,1,0,0,1,0,0,0,1,1,6,6,18,18,3,3,0,NA,NA,0,0,1,""
335,"100","UKRN01","Full-time","No","Year 2","3","Psychology BSc (Hons)","Yes","Female","UKRN",1,1,2,1,1,0,0,1,2,2,1,1,2,0,0,0,0,4,3,3,1,1,3,3,3,1,1,1,0,0,0,1,1,1,1,1,0,0,0,0,0,14,14,21,21,5,3,0,NA,NA,0,0,1,""
336,"100","UKRN05","Full-time","No","Year 1","3","BSc Psychology","Yes","Non-Binary","UKRN",1,2,1,1,0,0,1,1,-1,0,0,1,2,1,0,-1,-1,3,2,3,3,1,1,3,1,0,0,0,0,0,0,0,1,0,0,0,0,0,0,0,0,7,7,17,17,1,0,0,NA,NA,0,0,0,""
337,"100","UKRN05","Full-time","No","Year 1","3","Psychology BSc","Yes","woman","UKRN",1,2,1,2,1,2,1,2,1,2,1,0,2,-1,-1,-1,-2,3,3,4,3,1,3,1,4,1,1,1,1,1,1,1,1,0,0,1,1,0,1,0,1,12,12,22,22,8,4,0,NA,NA,0,0,1,""
338,"100","UKRN01","Full-time","Yes","Year 1","3","Psychology","Yes","Male","UKRN",1,2,2,1,2,1,2,1,0,1,-2,2,2,0,0,-1,1,4,4,4,4,2,3,1,3,0,0,1,0,0,0,1,1,0,0,1,0,0,0,0,0,14,14,25,25,3,1,0,NA,NA,0,0,1,""
339,"100","UKRN01","Full-time","Yes","Year 1","3","Psychology","Yes","Male","UKRN",1,2,2,2,2,2,2,0,0,0,2,1,2,1,1,0,1,4,4,3,2,3,3,3,3,0,0,1,0,0,0,1,1,0,0,1,0,0,0,0,0,20,20,25,25,3,1,1,0,0,0,0,1,""
340,"100","UKRN05","Full-time","No","Year 1","3","Psychology","Yes","Female","UKRN",1,1,2,0,1,-1,1,1,-1,1,-2,1,2,0,1,-2,-2,3,3,3,0,1,1,3,1,0,0,1,0,0,0,0,1,0,0,1,0,0,0,0,0,3,3,15,15,2,1,0,NA,NA,0,0,1,""
341,"100","UNI19","Full-time","No","Final Year","3","BSc Psychology ","Yes","Female","Non-UKRN",1,-2,2,1,1,1,2,2,2,-2,1,2,2,0,-1,-2,-2,4,4,4,1,1,1,3,3,1,0,1,0,0,1,0,0,0,0,1,0,0,0,0,0,7,7,21,21,3,1,1,1,1,0,0,1,""
342,"100","UNI19","Full-time","No","Final Year","3","Psychology","Yes","F","Non-UKRN",1,2,2,0,1,1,0,1,0,-2,-1,1,2,-1,1,-1,-2,3,3,0,0,0,0,3,3,0,0,1,0,0,0,0,0,0,0,1,0,0,0,0,0,4,4,12,12,1,1,1,0,NA,0,0,1,""
343,"100","UNI19","Full-time","No","Year 2","3","Psychology","No","Female","Non-UKRN",1,2,1,1,2,1,0,0,-1,2,1,1,2,0,1,-1,-1,1,4,3,2,1,2,2,3,0,0,0,0,0,0,0,0,0,0,1,0,1,1,1,1,11,11,18,18,0,5,0,NA,NA,0,0,1,""
344,"100","UNI19","Full-time","No","Year 2","3","Psychology","No","Male","Non-UKRN",1,2,2,2,2,1,2,1,-1,1,2,1,2,1,-1,-1,-1,4,4,3,0,1,1,3,3,1,1,1,1,1,1,1,1,0,0,0,0,0,0,0,0,15,15,19,19,8,0,1,1,1,0,0,1,""
345,"100","UNI21","Full-time","Other (Please specify)","Year 2","3","BSc Psychology","No","Female","Non-UKRN",1,2,2,1,1,0,0,-1,1,1,1,1,2,2,2,-1,-2,4,3,3,1,0,1,3,3,0,0,1,0,0,0,1,1,0,0,1,0,0,0,0,1,12,12,18,18,3,2,1,1,1,0,0,1,""
346,"100","UNI21","Full-time","No","Final Year","3","BSc Psychology ","No","Female ","Non-UKRN",1,1,2,1,2,0,0,1,-1,2,2,2,2,2,2,-1,-2,0,4,2,0,1,4,4,3,1,0,1,1,1,1,1,1,0,1,0,0,0,0,0,0,15,15,18,18,7,1,1,1,1,0,1,1,"I took in a lot knowledge about stats and research methods during my course but failed to understand them very well "
347,"100","UNI21","Full-time","Other (Please specify)","Year 1","3","BSc Psychology ","No","Female","Non-UKRN",1,2,1,1,1,-1,1,1,1,1,1,1,2,0,2,-1,-1,3,3,4,1,1,3,3,3,0,1,0,0,1,0,1,0,1,0,1,1,0,1,0,1,12,12,21,21,3,5,1,1,1,0,0,1,""
348,"100","UNI21","Full-time","No","Final Year","3","Psychology BSc (Hons)","No","Female","Non-UKRN",1,1,1,1,0,2,1,2,-2,2,2,1,2,0,2,-1,0,3,3,3,2,1,1,3,2,1,0,0,0,1,0,0,0,0,1,1,1,0,1,1,1,14,14,18,18,2,6,0,NA,NA,0,0,1,""
349,"100","UNI21","Full-time","Other (Please specify)","Year 2","3","Psychology ","No","Female ","Non-UKRN",1,1,1,1,1,1,1,2,1,1,1,1,1,0,-1,-1,0,4,4,3,3,1,1,3,3,0,0,0,0,0,0,0,1,0,0,0,0,0,0,0,0,11,11,22,22,1,0,1,1,0,0,0,0,""
350,"100","UNI21","Full-time","Other (Please specify)","Placement Year","3","BSc psychology","Yes","Male","Non-UKRN",1,2,2,2,1,1,2,2,1,2,-1,1,0,1,1,-1,-1,4,4,4,0,1,3,4,3,0,0,0,1,1,0,1,0,1,1,1,0,0,1,0,1,15,15,23,23,3,5,1,1,1,0,0,1,"The first section was hard to complete as its not a black or white issue it depends on individual research, e.g. should materials be shared, yes, but only after they have been peer reviewed and published as this means the original author gets credit but the materials are open source so other researchers can now build on their work. The same goes for free journals, this seems resonable because ive seen some key articles priced upwards of £100, without funding this is too much, rather than prices being free maybe a base rate e.g. articles ahould be priced based on pages 1-10 pages is 2.99 11-15 is 4.99 etc. In terms of the replication crisis all original materials should be included, i always include my full questionaire and spss variable view in my appendix to show how i achieved my results, this allows for my work to be fully criticised and repeated to verify my results, if a researcher does not share original materials then i have little value in their work and assume it cannot be replicated "
351,"100","UNI21","Full-time","Yes","Year 1","3","Psychology ","No","Female ","Non-UKRN",1,-1,1,1,-1,-1,1,1,1,0,1,1,1,1,-1,0,-1,3,3,3,3,1,3,1,2,1,1,1,1,1,1,1,1,0,0,1,0,1,1,0,1,4,4,19,19,8,4,0,NA,NA,0,0,1,""
352,"100","UNI19","Full-time","No","Final Year","3","BSc Psychology","Yes","female","Non-UKRN",1,2,1,1,2,2,1,2,2,0,-2,-1,2,-1,-2,-2,-2,4,4,4,0,0,3,4,3,1,1,1,0,1,1,0,1,0,0,1,0,0,1,0,1,5,5,22,22,6,3,1,1,1,1,0,1,"understandable researchers want money for their papers they put hard work in but normally costs too much for a student to afford "
353,"100","UNI21","Full-time","Yes","Year 2","3","Psychology bsc","No","Female","Non-UKRN",1,2,2,1,-1,1,0,1,1,1,1,0,2,-1,1,-1,-1,3,3,3,3,1,1,2,3,1,1,1,1,0,0,1,0,0,0,0,0,0,0,0,1,9,9,19,19,5,1,1,1,NA,0,0,1,""
354,"100","UNI19","Full-time","No","Year 1","3","BSc Psychology ","No","female","Non-UKRN",1,-1,1,1,2,-1,1,-1,-1,2,2,1,1,0,1,-1,0,3,3,3,3,1,3,3,2,0,0,0,0,0,0,1,1,0,0,0,0,0,0,0,1,7,7,21,21,2,1,0,NA,NA,0,0,1,""
355,"100","UNI21","Full-time","Other (Please specify)","Placement Year","3","BSc (Hons) Psychology","Yes","Female","Non-UKRN",1,2,2,-1,1,0,0,1,0,2,1,1,1,0,-1,-2,-1,4,3,2,1,1,3,4,3,1,1,1,0,1,1,1,1,0,0,1,0,0,1,1,0,6,6,21,21,7,3,1,0,1,1,1,1,""
356,"100","UNI20","Full-time","Other (Please specify)","Year 2","3","Psychology BSc","No","Female ","Non-UKRN",1,1,1,1,1,0,0,1,1,2,-1,1,1,1,-1,0,-1,4,3,3,2,1,2,2,2,1,1,1,0,0,1,0,1,0,0,1,0,0,1,0,1,8,8,19,19,5,3,0,NA,NA,0,0,1,""
357,"100","UNI20","Full-time","No","Final Year","3","Bsc (Hons) Psychology ","No","Female ","Non-UKRN",1,2,1,1,1,1,0,1,2,1,-2,-1,1,0,-1,0,0,3,2,3,1,1,1,1,3,1,1,0,1,1,1,1,1,0,0,1,0,0,0,0,0,7,7,15,15,7,1,0,NA,NA,1,0,1,""
358,"100","UNI21","Full-time","No","Year 2","3","BSc Psychology ","No","Female","Non-UKRN",1,1,1,-1,-1,1,1,1,1,1,1,1,2,1,1,-1,-1,3,1,1,1,1,3,3,3,1,0,0,1,1,0,1,0,0,1,1,0,0,1,0,1,9,9,16,16,4,4,1,0,1,0,0,1,""
359,"100","UNI21","Full-time","Other (Please specify)","Year 1","3","Psychology ","No","Female","Non-UKRN",1,1,1,1,1,1,1,1,-1,2,1,2,2,-1,2,-2,-1,3,1,3,1,1,3,3,3,0,0,0,0,0,0,0,0,1,1,1,1,1,1,1,1,11,11,18,18,0,8,1,0,1,1,1,1,""
360,"100","UNI21","Full-time","Other (Please specify)","Year 1","3","Psychology ","No","Female ","Non-UKRN",1,-2,2,-1,1,1,0,1,1,0,0,2,1,1,1,-1,-1,4,3,3,1,1,3,3,2,1,1,0,1,1,0,0,0,0,0,1,0,0,1,1,1,6,6,20,20,4,4,1,1,1,0,0,1,""
361,"100","UNI19","Full-time","No","Year 1","3","Psychology ","No","female ","Non-UKRN",1,1,1,1,2,1,1,1,0,-2,1,0,2,0,1,-1,-2,4,3,3,1,1,1,1,3,1,1,1,0,0,0,0,1,0,0,0,1,1,1,1,0,7,7,17,17,4,4,0,NA,NA,1,0,1,""
362,"100","UNI22","Full-time","No","Year 1","3","Psychology with Counselling","No","Demiguy","Non-UKRN",1,2,2,2,2,2,2,0,-2,2,2,2,2,0,2,0,-2,4,4,2,1,0,1,4,4,0,0,0,0,0,0,0,0,0,0,1,0,0,0,0,0,18,18,20,20,0,1,0,NA,NA,0,0,1,""
363,"100","UNI22","Full-time","No","Final Year","4","Psychology BSc","Yes","Male","Non-UKRN",1,2,2,1,2,-1,-1,-1,-1,1,1,1,2,-1,2,-2,-2,3,3,3,0,0,1,2,2,0,0,1,0,0,1,0,1,0,0,1,0,0,1,0,1,5,5,14,14,3,3,1,1,0,1,1,1,""
364,"100","UNI22","Full-time","No","Year 2","3","Psychology ","Yes","Male ","Non-UKRN",1,1,2,1,1,1,1,1,1,2,1,2,-1,0,-2,0,-1,3,3,3,1,1,3,4,4,1,1,0,1,1,0,0,0,0,0,1,0,0,1,1,1,10,10,22,22,4,4,1,1,0,0,1,1,""
365,"100","UNI21","Full-time","Yes","Year 1","3","Psychology ","No","Female","Non-UKRN",1,2,2,2,2,1,1,1,1,1,-1,2,2,1,1,-1,-2,4,3,4,3,0,3,4,3,0,0,1,0,0,1,1,1,0,0,1,0,0,1,0,1,15,15,24,24,4,3,1,1,1,1,1,1,"N/A"
366,"100","UNI21","Full-time","Yes","Placement Year","3","Psychology ","Yes","Female","Non-UKRN",1,2,1,0,1,1,1,1,2,-1,2,1,2,1,1,-1,-1,3,2,2,2,1,2,3,3,0,0,1,0,0,0,1,1,1,1,0,1,1,1,0,0,13,13,18,18,3,5,0,NA,NA,0,0,1,"This survey has really highlighted to me that even after 3 years in university I lack an awareness on many areas within research methods, a lot of the things mentioned within this survey I had never heard of before and really struggled to answer the questions. "
367,"100","UNI19","Full-time","No","Final Year","3","BSc Psychology","Yes","Female","Non-UKRN",1,2,1,2,1,2,1,2,1,1,1,0,1,-1,-2,0,-1,3,3,3,1,1,3,1,3,0,0,1,0,0,0,1,1,0,0,0,0,0,0,0,0,11,11,18,18,3,0,0,NA,NA,0,0,1,""
368,"100","UNI22","Full-time","Yes","Year 2","3","Psychology with Behaviour Analysis ","Yes","Female","Non-UKRN",1,2,1,1,1,1,1,1,1,-1,-2,1,2,0,0,-1,-2,4,3,3,1,0,1,3,3,1,0,0,0,0,0,0,1,0,0,0,0,0,0,0,1,6,6,18,18,2,1,0,NA,NA,0,0,1,""
369,"100","UNI19","Full-time","No","Year 2","3","Psychology Bsc","Yes","Female","Non-UKRN",1,0,2,2,0,2,2,2,1,2,1,1,2,1,0,0,-1,4,4,4,2,1,4,1,3,0,0,1,0,0,1,0,1,0,0,0,0,0,0,0,0,17,17,23,23,3,0,1,1,1,0,1,1,""
370,"100","UNI21","Full-time","Yes","Year 2","4","Psychology","No","Female","Non-UKRN",1,2,2,0,2,1,2,2,2,2,2,2,2,1,2,-1,0,4,4,4,1,1,3,4,2,0,0,0,0,0,0,0,1,0,0,0,0,0,0,0,1,23,23,23,23,1,1,1,1,1,0,0,1,""
371,"100","UNI21","Full-time","Other (Please specify)","Placement Year","3","Psychology/ Psychology with year of professional placement ","No","male","Non-UKRN",1,2,2,2,2,2,2,2,1,2,2,2,2,0,2,-2,-2,3,4,4,3,0,3,4,4,0,0,0,0,0,0,0,0,0,0,1,1,0,1,1,1,21,21,25,25,0,5,1,1,1,1,0,1,"well designed survey and well tailored to my course"
372,"100","UNI21","Full-time","No","Final Year","3","BScHons Psychology","No","Female","Non-UKRN",1,2,0,1,1,0,0,1,-1,2,-1,1,2,1,-2,-1,-1,3,3,1,0,1,3,1,1,0,0,1,0,0,0,1,1,0,0,1,0,0,0,1,0,5,5,13,13,3,2,1,1,0,0,0,1,""
373,"100","UNI22","Full-time","No","Year 2","3","\psychology with criminology","Yes","female","Non-UKRN",1,2,1,1,1,1,2,2,2,2,2,1,1,0,-1,1,-1,3,3,1,1,1,3,3,3,0,0,0,0,0,0,0,0,1,0,1,0,0,1,0,1,17,17,18,18,0,4,1,0,0,1,0,1,""
374,"100","UKRN05","Full-time","No","Year 1","3","BSc psychology ","No","Female ","UKRN",1,-1,1,2,1,1,0,1,2,1,-1,2,2,1,-1,-1,-1,1,1,3,2,0,2,3,3,0,0,1,0,0,1,0,1,0,0,1,0,0,1,0,0,9,9,15,15,3,2,0,NA,NA,0,0,0,""
375,"100","UNI19","Full-time","No","Year 2","3","Psychology","Yes","Female","Non-UKRN",1,1,2,-1,2,1,0,1,0,-2,-2,1,2,-1,-1,-1,-2,3,2,3,0,0,1,3,2,1,1,0,1,1,0,0,0,0,0,1,0,0,1,1,1,0,0,14,14,4,4,0,NA,NA,0,0,0,""
376,"100","UNI22","Full-time","No","Year 2","3","Psychology BSc","Yes","Female","Non-UKRN",1,0,1,1,2,2,2,1,0,1,1,1,2,1,1,-1,1,4,1,4,1,2,3,4,2,0,1,0,1,1,0,1,0,1,0,1,0,0,1,0,1,16,16,21,21,4,4,0,NA,NA,0,0,1,""
377,"100","UNI19","Full-time","No","Year 2","3","Psychology ","Yes","Female ","Non-UKRN",1,1,1,1,-1,-1,1,1,1,1,1,1,1,-1,-1,-1,-1,3,1,2,1,0,1,3,3,1,0,1,0,0,0,1,1,0,0,1,0,0,0,1,1,4,4,14,14,4,3,1,0,1,0,0,1,""
378,"100","UNI19","Full-time","No","Final Year","3","BSc Psychology","Yes","Male","Non-UKRN",1,1,2,1,1,1,1,-1,-1,1,1,1,1,1,-1,-1,1,3,3,3,1,1,3,1,3,1,1,0,0,0,1,1,1,0,0,1,1,0,0,0,0,9,9,18,18,5,2,1,0,1,0,0,1,""
379,"100","UNI22","Full-time","No","Year 2","3","psychology with developmental disorders","No","female","Non-UKRN",1,2,1,0,-1,0,1,-1,0,1,-2,2,1,1,0,-1,-1,1,1,2,1,1,0,4,4,0,0,0,0,0,0,0,1,1,0,1,0,0,1,0,0,3,3,14,14,1,3,1,0,0,0,0,1,"undergraduates should learn more about ethic issues and principles"
380,"100","UNI20","Full-time","No","Year 2","3","Psychology ","Yes","Female","Non-UKRN",1,2,1,1,1,1,0,1,1,1,0,1,1,0,1,-1,0,3,3,1,1,2,2,3,3,1,1,0,0,0,1,1,1,0,1,0,0,0,0,0,1,11,11,18,18,5,2,0,NA,NA,1,1,1,""
381,"100","UNI22","Full-time","No","Year 1","3","Psychology with behavioural analysis","Yes","Female","Non-UKRN",1,1,1,1,1,1,1,1,0,1,1,1,1,1,1,0,-1,3,3,3,2,3,3,3,3,0,0,1,0,0,1,0,1,0,0,0,0,0,0,0,0,12,12,23,23,3,0,1,0,1,0,0,1,""
382,"100","UNI21","Full-time","No","Year 1","3","Psychology BSc","Yes","Female","Non-UKRN",1,2,2,1,1,1,1,1,-1,2,-2,1,2,0,0,-1,-2,4,3,3,1,1,3,2,2,0,0,1,1,0,1,0,1,0,0,1,0,0,0,0,0,8,8,19,19,4,1,0,NA,NA,0,0,1,""
383,"100","UKRN05","Full-time","Other (Please specify)","Year 1","3","BSc psychology ","Yes","Female","UKRN",1,2,1,1,1,0,1,2,1,1,-1,1,2,1,0,-1,0,3,3,3,1,2,3,2,3,0,0,1,0,1,0,1,1,0,0,0,0,0,0,0,0,12,12,20,20,4,0,0,NA,NA,0,0,1,""
384,"100","UNI24","Full-time","No","Final Year","3","Psychology","Yes","Female","Non-UKRN",1,1,1,1,1,1,1,1,1,1,1,1,2,-2,-1,-2,-1,3,3,3,0,0,0,4,3,0,1,1,0,0,1,1,1,0,0,0,0,0,1,1,1,7,7,16,16,5,3,1,1,0,0,0,1,""
385,"100","UNI24","Full-time","No","Year 1","3","Psychology and criminology ","Yes","Female ","Non-UKRN",1,1,0,1,-1,1,1,1,-1,1,1,1,1,0,-1,0,-1,3,1,3,1,2,3,3,3,1,1,1,1,1,1,1,1,1,0,1,0,0,1,0,0,5,5,19,19,8,3,1,0,0,0,0,1,""
386,"100","UNI24","Full-time","No","Year 2","3","Psychology ","No","Female","Non-UKRN",1,2,2,0,-2,1,2,2,-1,-2,-2,1,2,2,2,0,-1,0,4,0,0,0,0,4,4,0,0,0,0,0,0,0,0,0,0,0,0,0,0,0,0,8,8,12,12,0,0,0,NA,NA,0,0,1,""
387,"100","UNI24","Full-time","Other (Please specify)","Year 1","3","Psychology ","Yes","Female ","Non-UKRN",1,1,2,0,0,1,1,2,2,1,-1,1,2,1,-1,0,0,2,1,3,1,1,2,3,2,1,1,0,0,1,0,1,0,0,0,1,1,0,1,0,1,12,12,15,15,4,4,0,NA,NA,0,0,1,""
388,"100","UNI24","Full-time","No","Year 1","3","Psychology ","No","Female","Non-UKRN",1,2,-1,1,-1,2,1,1,1,0,-1,0,-1,1,-1,0,-2,2,2,3,3,1,3,3,3,0,1,1,0,1,0,0,1,1,0,0,1,0,1,1,0,2,2,20,20,4,4,0,NA,NA,1,0,1,""
389,"100","UNI24","Full-time","No","Year 1","3","Psychology ","No","Female","Non-UKRN",1,1,1,0,1,0,0,2,1,1,0,1,1,0,-1,-1,1,3,3,3,2,1,3,1,3,1,1,1,1,1,1,1,1,0,0,0,0,0,0,0,0,8,8,19,19,8,0,0,NA,NA,0,0,1,""
390,"100","UNI24","Full-time","No","Year 1","3","Psychology and Criminology","Yes","Female","Non-UKRN",1,2,1,1,0,1,0,2,1,1,-2,1,2,1,-1,-1,-1,3,3,3,3,1,3,1,2,0,0,1,0,0,0,1,1,0,0,0,0,0,0,0,0,8,8,19,19,3,0,0,NA,NA,0,0,1,""
391,"100","UNI24","Full-time","No","Year 1","3","Psychology and criminology ","Yes","Female","Non-UKRN",1,-2,2,0,-2,2,0,0,0,-2,0,1,0,1,-2,-1,0,2,2,2,2,2,2,2,2,1,1,1,1,1,1,1,1,0,0,0,0,0,0,0,0,-3,-3,16,16,8,0,0,NA,NA,0,0,1,""
392,"100","UNI24","Full-time","Yes","Year 1","3","Psychology of sport","Yes","Male","Non-UKRN",1,2,1,1,0,1,0,1,0,1,0,1,1,0,-1,1,0,3,3,2,1,2,3,3,2,1,0,1,0,0,1,0,0,0,0,0,0,0,0,0,1,9,9,19,19,3,1,0,NA,NA,0,0,0,""
393,"100","UKRN01","Full-time","Yes","Year 1","4","Psychology BSc","Yes","Female","UKRN",1,2,1,0,0,1,1,1,0,2,1,0,1,0,-1,0,-1,3,3,1,1,2,2,3,3,1,1,1,1,0,1,0,1,0,0,0,0,1,0,1,0,8,8,18,18,6,2,0,NA,NA,0,0,1,""
394,"100","UNI24","Full-time","No","Year 1","1","Media Psychology","No","Male","Non-UKRN",1,1,1,1,2,1,1,1,1,-1,-2,1,2,0,0,-1,-1,3,3,2,0,1,0,4,2,1,0,1,0,1,1,1,1,0,0,1,0,1,1,1,0,7,7,15,15,6,4,0,NA,NA,0,0,1,""
395,"100","UNI24","Full-time","No","Year 1","3","Psychology ","No","Female ","Non-UKRN",1,2,2,2,1,2,-1,2,1,1,-2,1,1,0,-2,-2,-2,3,4,3,0,0,4,3,3,1,1,1,1,0,1,1,1,0,1,1,1,0,1,1,1,6,6,20,20,7,6,0,NA,NA,1,0,0,""
396,"100","UNI24","Full-time","No","Year 1","3","Psychology of Human and Animal Behaviour","No","Female","Non-UKRN",1,2,2,0,1,0,-1,0,-1,1,2,1,1,1,-1,-1,1,4,2,3,3,3,3,3,2,1,0,1,0,1,1,0,1,0,0,1,0,0,1,0,0,8,8,23,23,5,2,0,NA,NA,0,0,1,""
397,"100","UNI22","Full-time","No","Year 2","3","Psychology with Behaviour Analysis","Yes","Female","Non-UKRN",1,1,0,2,-1,2,-1,2,-1,2,-1,0,2,1,2,0,-2,0,0,0,0,0,4,4,2,0,0,0,1,1,0,1,0,1,1,1,0,0,1,0,1,8,8,10,10,3,5,0,NA,NA,0,0,0,""
398,"100","UNI21","Full-time","Yes","Year 2","4","Psychology of Ageing","Yes","Female ","Non-UKRN",1,2,0,0,1,1,0,1,1,1,1,1,0,1,-2,-1,-1,0,1,3,3,2,3,2,2,0,0,1,0,0,0,0,0,0,0,1,0,0,0,0,0,6,6,16,16,1,1,0,NA,NA,0,0,1,""
399,"100","UNI24","Full-time","No","Year 1","3","Psychology","Yes","Female","Non-UKRN",1,2,2,1,-1,1,2,1,1,2,0,0,2,0,-1,-1,-2,3,3,2,0,1,2,3,2,1,0,0,0,0,1,0,1,0,1,1,1,1,0,1,0,9,9,16,16,3,5,0,NA,NA,0,0,1,""
400,"100","UKRN03","Full-time","No","Year 1","3","Bsc Psychology","Yes","Female","UKRN",1,2,1,0,1,1,1,2,-1,2,1,2,1,0,-1,-2,-2,1,1,3,1,0,3,4,2,1,0,1,0,1,0,0,0,0,0,0,0,0,1,0,1,8,8,15,15,3,2,0,NA,NA,0,0,1,""
401,"100","UNI19","Full-time","No","Year 2","3","Psychology ","Yes","Female ","Non-UKRN",1,2,2,1,1,2,1,2,1,2,-1,1,1,0,1,-1,-1,4,4,4,1,1,3,2,4,1,0,1,1,0,1,1,1,0,0,1,1,1,0,0,1,14,14,23,23,6,4,0,NA,NA,0,0,1,""
402,"100","UKRN03","Full-time","No","Year 2","3","Criminology and Psychology","Yes","Female ","UKRN",1,2,1,0,1,1,1,2,1,2,-1,0,2,1,-1,-1,-1,3,3,3,2,1,2,2,3,0,0,1,0,0,0,0,1,0,0,1,0,0,0,0,1,10,10,19,19,2,2,1,1,1,0,0,1,""
403,"100","UNI19","Full-time","Yes","Year 2","3","BSc Hons Psychology ","Yes","Female","Non-UKRN",1,2,1,1,-1,1,1,1,2,0,-1,2,1,0,1,-1,-1,3,2,1,0,0,2,3,1,0,0,0,0,0,0,1,1,0,0,1,0,0,0,0,0,9,9,12,12,2,1,0,NA,NA,0,1,1,"No. "
404,"100","UKRN03","Full-time","No","Year 1","3","Psychology Bsc (Hons)","No","Female","UKRN",1,1,2,2,1,1,2,2,1,2,1,1,2,0,-1,1,-1,3,3,4,1,2,3,1,3,1,0,0,1,0,0,1,0,0,1,1,0,1,1,0,1,17,17,20,20,3,5,0,NA,NA,0,0,1,""
405,"100","UKRN03","Full-time","No","Final Year","3","BSc (hons) Psychology","No","Woman","UKRN",1,1,2,1,1,1,1,2,2,2,1,1,2,2,1,0,1,4,3,4,3,3,4,4,3,1,1,1,1,0,1,1,1,1,0,1,0,0,0,1,0,21,21,28,28,7,3,1,1,1,1,1,1,""
406,"100","UKRN03","Full-time","No","Year 1","4","MPsych Hons ","Yes","Female","UKRN",1,2,1,0,1,1,0,1,-1,-1,-1,-1,2,1,-1,0,-2,3,1,1,1,0,1,1,2,1,0,0,0,1,0,1,1,0,1,1,1,0,1,0,0,2,2,10,10,4,4,0,NA,NA,1,1,0,""
407,"100","UNI24","Full-time","No","Year 2","3","Psychology and Criminology","Yes","Female","Non-UKRN",1,2,2,1,1,1,0,0,-1,-1,-2,2,2,1,2,-2,-1,4,0,4,2,1,0,4,4,0,0,1,0,0,1,0,1,0,0,1,0,0,1,0,0,7,7,19,19,3,2,0,NA,NA,0,0,1,""
408,"100","UKRN03","Full-time","Other (Please specify)","Year 1","4","Psychology and French Studies","Yes","Female ","UKRN",1,2,1,-1,1,1,1,1,-1,1,-1,2,2,-1,1,-2,-2,3,3,2,0,0,2,4,4,0,0,0,0,0,0,0,1,0,0,0,0,0,0,0,1,5,5,18,18,1,1,1,0,1,0,0,1,""
409,"100","UKRN03","Full-time","No","Final Year","3","BSc Psychology","Yes","Female","UKRN",1,1,2,2,2,0,2,0,0,2,0,1,2,2,2,-1,0,4,3,4,4,1,3,2,3,1,0,1,1,0,1,0,1,0,0,1,0,0,1,0,1,17,17,24,24,5,3,1,1,1,0,0,1,"I think understanding this topic is majorly important in learning psychology as a discipline. Even if you arent going to progress into research it is important to know that just because a paper has been published somewhere once that you still need to look at it critically. "
410,"100","UNI21","Full-time","No","Final Year","3","BSc Psychology","Yes","Female","Non-UKRN",1,2,2,1,-1,1,2,1,-1,2,-2,2,2,1,1,-1,1,4,4,0,0,0,0,4,4,0,0,1,0,0,1,1,1,1,1,0,1,1,0,0,0,13,13,16,16,4,4,1,1,1,0,0,1,""
411,"100","UKRN03","Full-time","No","Year 1","3","Psychology Bsc","Yes","Female","UKRN",1,1,1,1,0,1,1,-1,1,1,1,1,1,-1,1,-1,-1,3,3,3,3,1,3,3,3,1,1,1,0,1,1,1,1,0,0,0,0,0,0,0,1,7,7,22,22,7,1,1,1,1,0,0,1,""
412,"100","UNI19","Full-time","No","Year 2","3","Psychology","No","female ","Non-UKRN",1,1,1,0,1,1,0,1,1,2,1,1,1,0,-1,-1,-1,4,3,3,0,0,3,3,3,0,1,0,1,1,0,0,0,1,0,1,0,0,1,1,1,8,8,19,19,3,5,1,1,0,0,0,1,""
413,"100","UNI22","Full-time","No","Year 2","3","Sports psychology bsc ","No","Female ","Non-UKRN",1,2,1,-1,0,1,0,1,2,2,-2,1,2,2,2,1,-2,1,1,3,2,1,1,3,2,1,1,0,1,1,1,1,1,0,0,1,0,0,0,0,0,12,12,14,14,7,1,1,0,0,0,0,1,""
414,"100","UNI25","Full-time","No","Final Year","3","Psychology with Counselling","No","Female","Non-UKRN",1,1,2,1,1,0,2,2,2,2,-2,1,2,0,0,2,-1,3,3,3,2,1,1,3,2,1,1,1,1,1,0,1,1,0,0,0,0,0,0,0,0,15,15,18,18,7,0,0,NA,NA,0,0,1,""
415,"100","UKRN03","Full-time","No","Year 1","3","BA (hons) Psychology","Yes","Female","UKRN",1,2,2,1,1,1,1,1,1,1,1,1,2,1,-1,0,-2,3,2,3,1,0,3,3,2,0,0,1,0,0,0,0,1,0,0,0,0,0,0,0,0,13,13,17,17,2,0,1,1,1,0,0,1,""
416,"100","UNI24","Full-time","No","Final Year","3","Psychology","Yes","Female","Non-UKRN",1,2,1,1,2,2,2,2,1,2,-2,2,2,2,1,-1,-1,4,4,3,1,0,1,4,4,0,0,1,0,0,1,1,1,0,0,1,0,0,1,0,0,18,18,21,21,4,2,0,NA,NA,0,0,1,""
417,"100","UKRN03","Full-time","Other (Please specify)","Year 1","4","Psychology and Spanish studies ","No","Female ","UKRN",1,1,1,1,1,1,1,1,-1,1,1,2,1,1,-1,-1,0,3,2,3,1,2,3,4,3,1,0,1,0,0,1,0,1,0,0,1,0,0,1,0,1,10,10,21,21,4,3,1,0,NA,0,0,1,""
418,"100","UNI25","Full-time","Other (Please specify)","Year 2","3","Psychology ","Yes","Female ","Non-UKRN",1,1,1,0,-1,0,0,2,1,0,-2,1,1,1,1,-1,-1,3,1,2,1,0,1,1,2,1,0,1,1,0,0,1,1,0,0,1,1,0,0,0,0,4,4,11,11,5,2,1,1,0,0,1,0,""
419,"100","UNI24","Full-time","No","Year 2","3","BSc Psychology","Yes","Female","Non-UKRN",1,2,2,0,-1,1,1,1,1,2,-1,1,2,1,1,-1,-2,4,3,3,1,0,1,4,3,1,1,1,1,0,1,0,1,0,1,1,0,0,1,0,1,10,10,19,19,6,4,0,NA,NA,0,0,1,""
420,"100","UKRN03","Full-time","No","Final Year","3","BSc Psychology","Yes","Female","UKRN",1,2,2,2,2,1,2,2,2,1,2,2,2,1,1,-1,-2,4,4,3,2,0,0,3,3,0,0,0,1,1,0,1,0,1,1,1,0,0,1,0,1,21,21,19,19,3,5,1,1,NA,1,1,1,""
421,"100","UKRN03","Full-time","No","Year 1","3","Psychology ","No","Female","UKRN",1,2,2,-2,0,1,2,1,1,1,-2,1,2,1,-1,-1,1,3,1,4,3,3,1,3,3,1,0,1,1,1,1,0,1,0,1,0,0,0,0,1,0,9,9,21,21,6,2,0,NA,NA,0,0,1,""
422,"100","UNI25","Full-time","No","Final Year","3","Psychology with counselling ","Yes","Female ","Non-UKRN",1,2,1,2,2,1,2,1,0,2,-2,1,2,1,1,-1,-1,4,1,3,1,0,1,3,3,0,0,1,0,0,1,0,1,0,0,1,0,0,0,0,1,14,14,16,16,3,2,1,0,NA,0,0,1,""
423,"100","UNI25","Full-time","No","Year 2","3","Psychology","Yes","Female","Non-UKRN",1,1,2,0,2,0,0,2,1,2,2,1,2,1,1,1,0,4,4,4,4,2,3,3,3,1,0,1,1,0,0,1,1,0,0,0,1,0,0,1,1,18,18,27,27,5,3,1,1,1,0,1,1,""
424,"100","UKRN03","Full-time","No","Final Year","3","Psychology ","Yes","Female","UKRN",1,2,2,0,0,-1,-1,-1,-1,-1,-2,2,2,1,0,0,0,1,1,2,2,1,1,4,1,1,0,1,1,0,1,1,1,0,1,0,0,1,0,0,0,2,2,13,13,6,2,1,1,1,0,1,1,""
425,"100","UKRN03","Full-time","No","Final Year","3","BA Management and Psychology","No","Female","UKRN",1,2,1,1,0,1,0,0,-1,1,-2,1,1,2,1,0,-1,1,1,2,1,0,2,3,2,1,1,0,1,1,1,0,1,0,0,1,0,0,0,1,0,7,7,12,12,6,2,0,NA,NA,0,0,1,""
426,"100","UKRN03","Full-time","No","Final Year","3","Psychology ","Yes","Female ","UKRN",1,2,2,1,-1,1,2,2,1,-1,-2,2,2,0,1,-2,-2,3,2,3,1,0,0,4,3,1,1,0,1,1,0,1,0,0,0,1,0,0,1,0,1,8,8,16,16,5,3,1,1,1,0,0,0,""
427,"100","UNI25","Full-time","No","Year 2","3","Psychology","Yes","Female","Non-UKRN",1,2,2,2,1,1,2,2,1,1,-1,1,0,0,2,-1,-1,3,3,3,2,1,2,3,3,0,1,0,0,1,1,0,0,1,0,1,1,0,0,1,1,14,14,20,20,3,5,1,1,1,0,1,1,""
428,"100","UNI22","Full-time","No","Year 2","3","Psychology with Counselling","No","Female","Non-UKRN",1,-1,2,-1,-1,1,1,1,-1,-2,-2,1,2,0,2,0,0,4,2,3,1,1,3,4,3,0,0,1,0,0,1,0,1,0,0,1,0,0,1,0,1,2,2,21,21,3,3,1,1,0,0,0,1,"N/A"
429,"100","UKRN03","Full-time","No","Year 1","3","Bachelor of Science in Psychology and Linguistics ","No","Male","UKRN",1,2,2,1,2,1,1,2,2,1,1,1,2,1,1,1,1,4,4,4,4,3,4,3,3,1,0,1,1,0,0,1,1,0,0,0,0,0,0,0,0,22,22,29,29,5,0,1,0,0,0,0,1,"A lecture on replication crises and open science should be mandatory "
430,"100","UNI25","Full-time","No","Year 2","3","Psychology with Counselling","Yes","Female","Non-UKRN",1,1,2,2,1,0,2,1,1,0,1,2,2,1,2,-2,-1,3,3,3,1,0,2,4,1,1,1,0,0,1,0,0,0,0,0,1,1,0,1,1,1,15,15,17,17,3,5,1,1,0,1,1,1,""
431,"100","UNI21","Full-time","Yes","Placement Year","3","BSC Psychology","Yes","female","Non-UKRN",1,2,1,-2,1,2,-2,2,2,1,-2,2,2,0,-2,-2,-2,4,3,2,0,0,0,4,2,0,0,1,0,0,0,0,0,0,0,1,0,0,0,0,0,3,3,15,15,1,1,1,1,1,0,0,1,""
432,"100","UNI25","Full-time","No","Final Year","3","Psychology ","Yes","Female","Non-UKRN",1,1,1,0,1,0,1,-1,-1,1,-2,1,2,1,1,-1,-1,3,3,3,1,2,1,3,2,1,1,0,0,1,0,1,1,0,0,1,0,0,1,0,0,4,4,18,18,5,2,1,1,1,0,0,0,""
433,"100","UKRN03","Full-time","No","Final Year","3","BSc Psychology","Yes","Female","UKRN",1,1,1,-1,0,1,-1,0,-1,1,-2,1,2,1,1,-1,1,3,2,3,3,0,1,3,3,0,0,1,0,0,0,1,1,0,0,1,0,0,0,0,0,4,4,18,18,3,1,1,1,1,0,0,1,""
434,"100","UNI25","Full-time","No","Final Year","3","Psychology BSc","Yes","","Non-UKRN",1,2,2,0,-2,1,1,2,-1,-1,-1,1,2,1,1,-2,-1,4,3,3,3,0,3,3,1,0,0,1,0,0,0,1,1,0,0,1,0,0,0,0,0,5,5,20,20,3,1,1,0,1,0,0,1,""
435,"100","UNI21","Full-time","Yes","Year 1","3","Psychology BSC","No","female","Non-UKRN",1,1,1,0,1,1,1,1,1,-1,-1,1,1,0,1,-2,-1,3,3,1,1,1,2,3,3,1,0,1,0,1,0,1,1,0,1,0,1,0,1,0,0,5,5,17,17,5,3,0,NA,NA,0,0,1,""
436,"100","UKRN03","Full-time","No","Year 2","3","Psychology ","Yes","Female","UKRN",1,1,1,1,-1,1,1,2,-2,-1,-1,1,2,0,1,-1,-1,3,3,3,2,1,1,3,3,1,1,1,1,1,1,1,1,0,0,1,0,0,1,0,0,4,4,19,19,8,2,1,1,1,0,0,1,""
437,"100","UNI24","Full-time","No","Final Year","3","Psychology and Criminology ","Yes","Female","Non-UKRN",1,1,1,0,1,-1,0,0,-1,-1,-1,1,1,0,1,-1,-1,3,3,1,0,1,0,3,2,1,1,1,1,1,0,0,1,0,0,0,0,0,1,1,0,0,0,13,13,6,2,0,NA,NA,0,0,1,""
438,"100","UKRN03","Full-time","No","Year 1","3","psychology ","Yes","female","UKRN",1,2,1,1,1,1,1,-1,-1,1,1,-1,1,-1,1,-1,-1,3,3,3,3,0,3,1,3,1,1,0,1,1,0,1,1,0,0,1,0,0,1,0,0,5,5,19,19,6,2,0,NA,NA,0,0,1,""
439,"100","UKRN03","Full-time","No","Year 1","3","BA (Hons) Criminology and Psychology ","No","Female","UKRN",1,1,2,1,2,-2,2,2,2,2,-2,0,2,-2,2,1,-2,4,4,4,0,0,4,3,4,1,0,1,0,0,1,0,1,1,0,1,0,0,0,0,1,11,11,23,23,4,3,0,NA,NA,1,0,1,""
440,"100","UKRN03","Full-time","No","Final Year","3","Psychology ","Yes","Female ","UKRN",1,1,1,1,1,1,1,0,-1,1,1,-1,1,1,1,-1,-1,3,3,1,3,1,1,3,3,0,1,0,1,1,1,0,0,1,0,1,0,0,0,1,1,7,7,18,18,4,4,1,1,1,0,0,1,""
441,"100","UNI20","Full-time","Other (Please specify)","Placement Year","3","BSc Psychology","Yes","Female","Non-UKRN",1,1,1,2,2,2,2,2,2,0,2,1,2,0,-1,0,1,4,4,4,2,3,3,2,4,1,1,1,0,0,1,0,0,0,0,1,0,0,0,0,0,19,19,26,26,4,1,0,NA,NA,1,0,1,""
442,"100","UNI25","Full-time","No","Year 1","3","Psychology with Counselling ","No","Female ","Non-UKRN",1,2,1,0,1,1,1,1,2,-1,-2,2,2,-1,1,-1,1,0,1,3,1,1,2,4,2,0,0,1,0,0,0,1,1,0,0,1,0,0,0,1,1,10,10,14,14,3,3,0,NA,NA,0,0,0,""
443,"100","UKRN03","Full-time","No","Year 1","3","BCs Psychology","Yes","Female","UKRN",1,1,2,-1,1,1,0,1,1,-2,-2,-1,2,-1,1,-2,-2,4,3,1,3,0,2,2,3,0,0,1,1,0,1,0,1,0,0,1,1,0,1,0,1,-1,-1,18,18,4,4,1,1,1,0,0,1,""
444,"100","UNI21","Full-time","No","Final Year","3","Psychology","Yes","Female","Non-UKRN",1,2,1,1,-1,1,0,1,1,1,-2,1,1,-1,-2,-1,-2,3,3,1,0,0,0,3,3,1,1,1,0,0,1,0,1,0,0,0,0,0,0,0,0,1,1,13,13,5,0,1,0,0,0,0,1,""
445,"100","UKRN03","Full-time","No","Year 2","3","Psychology ","Yes","Female ","UKRN",1,2,1,1,-2,1,1,2,1,1,-2,2,1,1,-1,1,1,3,3,3,0,1,3,3,3,1,1,1,1,1,0,1,0,0,0,0,0,0,1,0,1,11,11,19,19,6,2,1,1,1,0,0,1,""
446,"100","UNI25","Full-time","No","Final Year","3","Psychology ","Yes","Female","Non-UKRN",1,1,2,0,1,2,1,2,1,-1,-2,1,1,0,-1,-1,-1,3,4,2,2,1,1,3,3,1,0,1,0,0,1,0,1,0,0,1,0,0,0,0,1,6,6,19,19,4,2,0,NA,NA,0,0,1,""
447,"100","UKRN03","Full-time","No","Year 2","3","Psychology","Yes","female","UKRN",1,2,1,1,0,1,0,2,0,2,-1,1,1,1,0,0,1,2,1,4,3,3,2,2,3,1,0,1,0,0,0,0,1,0,0,1,0,0,1,0,0,12,12,20,20,3,2,1,1,NA,0,1,1,""
448,"100","UNI24","Full-time","No","Year 1","3","Psychology Bsc","No","Female","Non-UKRN",1,0,1,0,1,1,2,1,1,2,1,1,2,0,-2,0,0,2,2,3,2,2,3,3,3,1,1,0,1,1,1,1,1,0,0,1,0,0,0,0,0,11,11,20,20,7,1,0,NA,NA,0,0,1,""
449,"100","UNI22","Full-time","No","Year 1","3","Psychology ","Yes","Female","Non-UKRN",1,1,1,1,1,2,1,1,2,2,-1,1,1,0,0,0,0,3,3,3,1,1,2,3,4,1,0,1,0,0,1,0,1,1,0,1,0,0,1,0,1,13,13,20,20,4,4,0,NA,NA,0,0,1,""
450,"100","UNI21","Full-time","Other (Please specify)","Year 2","3","BcS Psychology","No","Female","Non-UKRN",1,1,-1,0,0,1,0,2,2,1,1,2,0,1,1,-1,0,3,1,4,1,2,4,4,2,0,0,1,0,1,1,1,0,0,0,1,0,0,0,0,0,10,10,21,21,4,1,0,NA,NA,0,0,1,""
451,"100","UNI19","Full-time","No","Final Year","3","Psychology (PX)","Yes","Non-Binary","Non-UKRN",1,2,2,1,-2,2,1,2,2,2,-2,-1,2,1,-1,0,0,3,3,4,3,1,2,1,2,1,1,1,1,0,1,0,1,0,0,1,1,0,1,0,1,11,11,19,19,6,4,0,NA,NA,1,0,1,""
452,"100","UKRN03","Full-time","No","Year 2","3","Psychology","Yes","Female","UKRN",1,2,2,1,2,2,1,2,2,1,0,-1,2,0,1,-2,-2,4,3,4,2,0,4,2,3,1,1,1,1,1,1,1,1,1,1,1,0,0,1,1,0,13,13,22,22,8,5,1,0,1,1,1,1,""
453,"100","UNI22","Full-time","No","Year 2","3","Sport and Exercise Psychology","Yes","Female","Non-UKRN",1,1,2,-2,1,0,1,1,1,-2,-1,2,2,1,2,-2,-1,3,2,3,3,1,1,3,3,0,0,0,0,0,0,0,1,0,0,0,0,0,0,0,0,6,6,19,19,1,0,0,NA,NA,1,0,1,""
454,"100","UNI21","Full-time","No","Year 1","3","Psychology","Yes","Female","Non-UKRN",1,1,2,1,-1,-1,1,-2,-2,-1,-2,2,2,0,2,-2,-2,4,2,3,1,0,0,4,3,0,0,1,0,0,1,1,1,0,0,0,0,0,0,0,0,-2,-2,17,17,4,0,1,1,0,0,0,1,"No"
455,"100","UNI22","Full-time","No","Year 1","3","Psychology with Counselling ","Yes","Female ","Non-UKRN",1,2,2,0,0,1,2,1,1,1,2,2,1,-1,-1,-1,-2,4,1,3,0,0,2,3,2,1,1,1,0,0,1,0,1,0,0,1,0,0,0,0,1,10,10,15,15,5,2,1,1,NA,0,1,1,""
456,"100","UNI20","Full-time","Yes","Year 1","3","Bcs hons psychology ","Yes","female","Non-UKRN",1,1,1,0,1,1,0,1,1,1,1,1,0,1,-1,1,0,3,3,4,1,2,3,1,3,1,1,1,1,1,1,1,1,0,0,1,0,0,0,0,0,10,10,20,20,8,1,0,NA,NA,0,0,1,""
457,"100","UNI25","Full-time","No","Final Year","3","Psychology ","Yes","Female ","Non-UKRN",1,2,1,-1,-1,1,0,1,1,-2,-2,1,1,0,1,-1,-1,3,3,3,1,1,1,1,1,1,1,0,1,1,0,1,1,0,0,1,0,0,1,0,0,1,1,14,14,6,2,1,1,1,0,0,1,""
458,"100","UKRN03","Full-time","No","Year 2","3","BSc (Hons) Psychology","Yes","Female","UKRN",1,1,1,1,1,1,1,1,1,1,-2,1,2,2,0,1,-1,3,3,3,1,1,3,3,3,1,1,1,1,1,1,1,1,1,1,1,0,0,1,1,0,12,12,20,20,8,5,1,1,1,1,1,1,""
459,"100","UNI25","Full-time","No","Year 1","3","Psychology ","No","Female","Non-UKRN",1,2,2,1,0,0,1,1,1,1,1,2,2,0,-1,1,-1,3,3,4,3,0,3,4,3,1,1,0,0,0,0,1,1,0,0,1,1,1,1,0,0,13,13,23,23,4,4,0,NA,NA,0,0,1,""
460,"100","UNI24","Full-time","No","Final Year","3","Psychology and Criminology BSc","Yes","Female","Non-UKRN",1,2,1,1,1,1,0,2,-1,2,-2,2,2,-2,-1,-2,-1,3,4,4,2,2,1,4,3,0,0,0,0,0,0,0,1,0,0,1,0,0,0,1,0,5,5,23,23,1,2,0,NA,NA,0,0,1,""
461,"100","UNI21","Full-time","Other (Please specify)","Placement Year","3","BSc Psychology","No","Female","Non-UKRN",1,1,1,0,1,1,1,2,1,2,1,2,1,0,0,0,0,4,3,3,2,3,3,3,2,1,1,1,0,1,1,0,1,0,0,0,1,0,0,1,0,14,14,23,23,6,2,1,1,0,0,0,1,""
462,"100","UNI24","Full-time","No","Year 1","3","Psychology ","Yes","Female ","Non-UKRN",1,1,2,1,1,1,1,1,1,1,2,2,2,-1,-1,-1,-1,3,3,3,1,0,2,4,3,1,0,0,1,1,1,1,0,0,1,1,0,0,0,0,1,12,12,19,19,5,3,0,NA,NA,1,0,1,""
463,"100","UNI21","Full-time","No","Year 1","3","BSc Psychology","Yes","Male","Non-UKRN",1,2,2,1,1,1,0,1,-1,-2,-2,1,2,1,1,-1,1,3,3,3,1,3,3,3,1,1,0,1,1,0,1,0,1,0,1,0,0,1,0,1,0,8,8,20,20,5,3,1,1,1,1,0,1,""
464,"100","UKRN03","Full-time","No","Year 2","4","Psychology (Study Abroad) BSc","Yes","Female","UKRN",1,1,1,-1,1,1,-1,1,-1,-1,-2,1,1,2,-1,-1,-1,3,1,3,3,1,1,2,3,1,1,1,0,0,1,0,1,0,0,1,0,0,0,0,1,0,0,17,17,5,2,1,1,0,0,0,1,""
465,"100","UKRN03","Full-time","No","Year 2","3","management and psychology joint honors","Yes","female","UKRN",1,0,1,1,1,0,0,2,1,2,-2,2,2,1,1,-1,-1,4,3,3,1,1,3,4,3,0,0,0,0,1,0,1,0,1,1,1,1,0,1,0,1,10,10,22,22,2,6,0,NA,NA,0,0,1,""
466,"100","UKRN01","Full-time","Yes","Year 1","4","Psychology","Yes","Female","UKRN",1,1,1,1,0,0,0,0,0,1,0,1,1,1,-1,1,0,3,1,2,1,1,3,3,2,1,1,1,1,0,1,0,1,1,1,1,0,1,0,0,0,7,7,16,16,6,4,0,NA,NA,0,0,0,""
467,"100","UNI24","Full-time","No","Year 1","3","Bsc Psychology ","Yes","","Non-UKRN",1,1,1,1,1,1,-1,1,-1,1,-2,2,0,0,0,1,1,4,4,3,3,1,3,3,3,1,1,1,1,0,0,1,1,0,0,0,0,0,1,0,0,7,7,24,24,6,1,1,0,NA,0,0,0,""
468,"100","UKRN03","Full-time","No","Final Year","3","Psychology ","Yes","Female","UKRN",1,2,2,1,2,1,1,2,1,-1,-2,0,2,0,1,0,0,3,3,3,1,1,1,3,3,0,1,0,0,1,1,0,1,0,0,1,0,0,0,0,0,12,12,18,18,4,1,1,1,1,0,0,1,""
471,"100","UKRN06","Full-time","No","Year 2","3","psychology bsc","Yes","female","UKRN",1,2,2,2,2,2,2,1,1,2,2,-1,2,2,2,2,1,4,4,4,4,3,3,4,4,1,1,0,1,0,0,1,1,0,0,0,0,0,0,1,1,26,26,30,30,5,2,1,1,1,1,1,1,""
472,"100","UKRN03","Full-time","No","Year 1","3","Psychology","Yes","Female","UKRN",1,2,1,1,1,1,1,1,1,1,2,1,1,1,0,0,-1,4,4,3,3,0,1,3,3,0,0,1,0,0,1,0,0,0,0,1,0,0,1,0,0,14,14,21,21,2,2,0,NA,NA,0,0,1,""
473,"100","UNI21","Full-time","Other (Please specify)","Placement Year","3","Psychology BSc","No","Female ","Non-UKRN",1,2,2,1,1,2,2,1,-1,1,-1,1,2,2,-1,-1,-1,4,1,4,1,1,3,2,1,1,1,0,1,1,1,0,1,0,0,1,0,0,0,1,0,12,12,17,17,6,2,1,1,1,0,0,1,"Most was learnt through personal reading and further research. University only very briefly touched upon some of these topics."
474,"100","UNI20","Full-time","Other (Please specify)","Placement Year","3","Psychology","Yes","Female","Non-UKRN",1,1,1,0,-1,1,1,1,1,1,1,-1,2,1,-1,0,-1,3,3,3,1,1,1,1,3,1,0,1,0,1,1,0,1,0,1,0,1,0,0,1,0,7,7,16,16,5,3,0,NA,NA,0,0,1,""
475,"100","UNI24","Full-time","No","Year 1","3","psychology of sport","No","male","Non-UKRN",1,2,2,2,1,1,-1,-1,-1,1,-2,1,2,0,-1,1,1,3,3,3,3,3,3,3,3,1,1,1,0,0,0,0,1,0,0,0,0,0,0,0,0,8,8,24,24,4,0,0,NA,NA,1,0,1,""
476,"100","UNI22","Full-time","No","Year 2","3","Psychology","No","Female","Non-UKRN",1,2,1,-1,1,1,1,2,1,-1,-1,1,1,0,-1,-1,0,4,1,3,1,2,2,1,1,1,1,1,0,0,1,0,1,1,1,1,0,0,1,0,0,6,6,15,15,5,4,1,1,1,0,0,1,""
478,"100","UKRN03","Full-time","No","Final Year","3","Psychology (BSc)","Yes","Male","UKRN",1,1,1,1,0,0,-1,1,-1,2,1,2,2,1,1,-1,-1,3,3,2,3,1,3,3,1,1,1,1,1,0,1,0,1,0,0,1,0,0,1,0,0,9,9,19,19,6,2,1,1,1,1,1,1,""
479,"100","UKRN03","Full-time","Other (Please specify)","Year 1","4","Bsc Psychology with Study Abroad","Yes","Female","UKRN",1,1,1,0,2,1,1,1,1,2,1,1,1,1,-1,-1,-1,3,2,3,1,0,2,3,3,1,0,0,0,0,0,0,1,0,0,1,0,0,1,0,0,11,11,17,17,2,2,1,0,0,0,0,1,""
480,"100","UKRN03","Full-time","No","Year 1","4","Psychology ","Yes","Female","UKRN",1,1,1,0,-1,1,1,2,0,0,0,0,1,1,-1,-1,-1,4,1,3,1,1,3,2,3,1,1,1,0,0,1,1,1,1,1,1,0,0,1,1,1,4,4,18,18,6,6,1,0,1,1,1,1,""
481,"100","UNI25","Full-time","No","Final Year","3","Psychology ","Yes","Female","Non-UKRN",1,1,1,1,2,1,1,2,2,1,2,-1,1,1,-1,-1,-1,4,3,1,1,0,0,1,3,0,0,1,0,0,0,0,0,0,0,0,0,0,0,0,1,12,12,13,13,1,1,1,0,0,0,0,1,""
482,"100","UKRN05","Full-time","Yes","Year 1","3","BSc (Hons) Psychology","No","Female","UKRN",1,1,-1,1,1,0,-1,1,1,1,1,1,2,1,1,0,-2,4,2,2,1,1,2,1,3,0,0,1,0,0,1,0,1,0,0,1,0,0,0,0,0,8,8,16,16,3,1,0,NA,NA,0,0,1,""
483,"100","UNI22","Full-time","No","Year 2","3","Psychology with criminology and the criminal justice system","No","female","Non-UKRN",1,1,1,1,2,2,2,2,-2,2,-2,2,1,0,1,-2,-2,0,1,3,1,4,2,3,3,0,0,0,0,0,0,0,0,0,0,1,0,0,0,1,0,9,9,17,17,0,2,0,NA,NA,0,0,1,""
484,"100","UKRN01","Full-time","Yes","Year 2","4","Psychology (BSc Hons)","Yes","Female","UKRN",1,1,1,2,-1,1,1,1,0,1,1,1,2,1,-1,-1,-1,3,3,3,3,1,3,4,2,1,1,0,0,0,1,1,0,0,0,1,1,0,0,0,1,9,9,22,22,4,3,1,1,1,0,1,1,""
485,"70","UNI04","Full-time","No","Year 2","3","Psychology bsc ","Yes","Female","Non-UKRN",1,1,2,2,1,1,-1,2,-2,2,2,2,2,1,2,-2,-2,3,4,1,3,0,3,NA,NA,1,1,1,1,0,0,1,1,0,0,0,0,0,0,0,0,13,13,NA,NA,6,0,NA,NA,NA,NA,NA,NA,""
486,"100","UNI25","Full-time","Other (Please specify)","Year 2","3","Psychology with counselling","Yes","Female","Non-UKRN",1,0,0,0,0,0,0,1,1,1,1,2,2,-1,0,0,-1,4,3,3,1,2,2,4,2,0,0,1,1,0,0,1,1,0,0,0,1,0,0,1,1,6,6,21,21,4,3,0,NA,NA,0,0,1,"N/A"
487,"100","UNI24","Full-time","No","Year 2","3","Psychology","Yes","Man; Androgynous (feel free to put me in with either men or other)","Non-UKRN",1,2,2,2,2,1,2,2,2,-2,-2,0,2,2,2,-1,-1,3,2,4,2,2,2,3,2,0,1,1,1,0,1,1,1,0,1,1,0,0,1,1,1,15,15,20,20,6,5,1,0,0,1,0,1,""
488,"100","UNI25","Full-time","No","Final Year","3","Psychology BSc Hons","Yes","Female","Non-UKRN",1,2,2,0,1,1,0,2,2,2,2,1,2,1,0,-1,-1,3,2,4,1,1,3,3,3,0,0,0,0,0,0,0,1,0,0,1,0,0,0,1,0,16,16,20,20,1,2,0,NA,NA,0,0,0,""
489,"100","UNI25","Full-time","No","Final Year","3","Psychology ","Yes","Female ","Non-UKRN",1,1,1,-1,-1,1,1,1,1,1,-1,1,2,0,-1,0,0,1,1,1,1,1,1,3,3,1,0,1,0,0,1,0,1,1,0,1,0,0,1,0,0,6,6,12,12,4,3,0,NA,NA,0,0,1,"Overall I think research should share their results with others, if others want to replicate the study they should get consent from the researcher "
490,"100","UKRN03","Full-time","No","Year 1","","Psychology (Study abroad) Bsc (Hons)","Yes","Female","UKRN",1,2,2,2,2,2,2,1,1,2,0,2,2,2,0,1,-2,4,4,4,3,1,2,4,4,0,0,0,0,1,0,0,1,0,0,1,0,0,0,0,1,21,21,26,26,2,2,1,1,1,0,1,1,""
491,"100","UNI21","Full-time","Other (Please specify)","Year 2","3","BSc Psychology","No","Female","Non-UKRN",1,2,1,0,-2,0,0,1,-1,2,-2,2,2,1,2,-2,-2,4,3,4,1,0,2,4,3,1,0,1,1,0,0,0,1,0,0,0,0,0,0,0,0,4,4,21,21,4,0,1,1,1,1,1,1,""
492,"100","UNI24","Full-time","No","Year 2","3","Single honours psychology","No","Male","Non-UKRN",1,2,2,1,2,-1,1,0,0,-1,-2,1,2,-1,2,0,-1,4,4,2,1,1,2,3,3,1,1,0,1,0,0,1,0,0,0,1,0,1,1,0,1,7,7,20,20,4,4,1,0,0,0,0,1,""
493,"100","UNI21","Full-time","No","Year 1","3","Psychology","Yes","female","Non-UKRN",1,1,1,1,0,1,1,2,0,0,1,1,2,2,1,1,-2,0,4,1,1,1,1,3,3,0,0,0,0,0,0,0,0,0,0,1,0,1,0,0,0,13,13,14,14,0,2,1,0,1,0,0,1,""
495,"100","UKRN01","Full-time","Yes","Year 1","3","psychology BSC","Yes","Female","UKRN",1,1,1,1,0,0,0,1,0,1,0,1,1,1,2,0,1,3,1,3,1,2,1,2,2,1,0,1,1,0,1,1,1,0,0,1,0,0,0,1,0,11,11,15,15,6,2,0,NA,NA,1,0,1,""
496,"100","UNI21","Full-time","Other (Please specify)","Placement Year","3","Psychology ","No","Female","Non-UKRN",1,1,2,2,2,0,0,2,0,2,1,2,1,1,-1,-2,-1,4,2,4,3,0,3,3,2,1,1,1,0,0,1,0,1,1,1,1,0,0,1,0,1,12,12,21,21,5,5,1,0,0,0,0,1,""
497,"100","UKRN03","Full-time","No","Year 2","3","Psychology BSc","Yes","Female","UKRN",1,1,1,1,-1,1,1,1,1,1,1,-1,2,-1,1,-1,-1,3,3,3,3,1,1,3,3,1,1,1,1,0,0,0,1,0,0,0,0,0,0,0,0,7,7,20,20,5,0,1,1,0,0,0,1,""
498,"100","UNI22","Full-time","Yes","Year 1","3","Psychology with criminology and criminal justice ","Yes","Female ","Non-UKRN",1,2,2,1,-1,1,1,2,-1,1,1,1,-1,1,-1,-1,0,3,1,3,1,3,3,3,3,0,0,1,0,0,1,1,1,0,0,1,0,0,1,0,0,8,8,20,20,4,2,0,NA,NA,0,0,1,""
499,"100","UNI20","Full-time","Yes","Year 2","3","Bsc Psychology","Yes","Female","Non-UKRN",1,1,2,1,1,1,1,1,1,1,1,2,2,0,2,-1,2,4,3,3,3,3,4,3,3,1,1,0,0,1,0,1,0,0,0,1,0,0,1,0,1,18,18,26,26,4,3,0,NA,NA,1,0,1,""
500,"100","UKRN05","Full-time","No","Year 2","3","Sociology with Social Psychology","Yes","Female","UKRN",1,1,2,1,1,1,0,1,-2,-2,-1,1,1,1,0,-1,-1,3,1,1,1,1,0,3,3,1,1,1,1,1,1,1,1,1,0,1,0,1,0,0,1,3,3,13,13,8,4,1,1,0,1,1,1,""
501,"100","UNI21","Full-time","No","Final Year","3","Psychology ","No","Female ","Non-UKRN",1,2,1,0,1,0,1,1,2,1,2,1,2,0,-1,0,0,4,3,2,1,2,3,3,2,0,0,0,1,1,0,1,0,1,1,1,0,0,1,0,1,13,13,20,20,3,5,0,NA,NA,1,0,1,""
502,"100","UKRN05","Full-time","No","Final Year","3","Psychology","Yes","Female","UKRN",1,1,2,1,1,0,0,1,1,0,1,1,2,0,1,0,-1,4,3,3,1,0,2,2,3,0,0,1,1,0,0,1,1,0,0,1,0,0,0,1,0,11,11,18,18,4,2,0,NA,NA,0,0,0,""
503,"100","UKRN03","Full-time","No","Year 1","3","BA Hons Psychology and Linguistics","Yes","Female","UKRN",1,2,2,0,-1,0,2,1,1,-1,0,1,2,1,2,-2,1,4,2,3,0,1,3,3,2,0,0,1,0,1,1,0,1,0,0,1,0,1,1,0,0,11,11,18,18,4,3,1,1,0,0,0,1,"The questions were slightly confusing and too general at times"
504,"100","UKRN03","Full-time","No","Year 1","3","Psychology BSc Hons","Yes","Female","UKRN",1,2,1,1,1,1,1,2,1,1,-1,1,1,1,-1,0,-1,3,3,3,0,0,3,1,1,1,0,1,0,0,1,0,1,0,1,0,1,1,0,1,0,11,11,14,14,4,4,1,0,1,1,0,0,""
505,"100","UKRN03","Full-time","No","Year 1","3","Psychology","No","Male","UKRN",1,2,1,1,2,1,1,1,0,1,2,-1,2,0,-1,-1,2,4,3,3,4,4,3,2,3,1,1,1,1,0,1,0,1,0,0,1,0,0,1,0,0,13,13,26,26,6,2,1,1,1,0,0,1,""
506,"100","UKRN03","Full-time","No","Final Year","4","Psychology MPsych","Yes","Male","UKRN",1,1,1,2,2,1,2,2,2,2,2,1,2,2,2,-2,-2,3,4,4,4,1,4,3,3,1,1,1,1,0,1,1,1,0,0,0,0,0,0,0,0,20,20,26,26,7,0,1,1,1,0,0,1,""
507,"100","UKRN03","Full-time","No","Year 2","3","BSc Hons Psychology Full Time","Yes","Female","UKRN",1,2,1,2,2,2,1,0,0,1,0,2,2,2,2,-1,-1,3,4,4,3,1,2,4,4,1,1,1,1,0,1,1,1,1,1,1,0,0,0,0,0,17,17,25,25,7,3,1,1,1,1,1,1,""
508,"100","UNI21","Full-time","Yes","Year 1","3","psychology","No","female","Non-UKRN",1,1,1,1,1,0,1,1,-1,1,1,1,1,0,1,-1,0,3,2,4,1,2,3,3,2,1,1,0,0,0,0,0,0,0,0,1,0,0,1,0,1,9,9,20,20,2,3,1,1,0,0,0,1,""
509,"100","UNI24","Full-time","No","Year 2","3","Psychology and Criminology ","No","Female ","Non-UKRN",1,2,1,1,1,1,1,1,1,1,1,1,2,1,2,-1,-2,0,3,4,3,0,1,4,1,1,0,1,0,0,1,0,1,1,0,1,0,0,1,0,1,14,14,16,16,4,4,0,NA,NA,0,0,1,""
510,"100","UNI22","Full-time","Yes","Year 1","3","Psychology with Criminology and Criminal Justice","Yes","Female","Non-UKRN",1,1,1,0,1,1,-1,-1,0,1,-1,1,2,0,1,-1,-1,3,1,1,1,0,1,3,1,1,1,1,1,1,1,1,1,0,0,0,0,0,0,0,0,4,4,11,11,8,0,0,NA,NA,0,0,1,""
511,"100","UNI25","Full-time","No","Final Year","3","Psychology BSc Hons","Yes","Female","Non-UKRN",1,1,1,-1,2,0,0,-1,-1,0,-1,1,2,1,2,-1,-1,3,3,2,2,1,1,3,3,0,0,1,0,1,1,1,1,0,0,0,0,0,0,0,0,4,4,18,18,5,0,1,1,0,0,0,1,""
512,"100","UNI11","Full-time","No","Final Year","3","Psychology BSc","Yes","Female","Non-UKRN",1,1,1,-1,-1,1,1,1,0,-2,-2,-1,1,1,1,-2,-1,3,3,3,0,1,0,3,3,0,0,0,0,0,0,0,1,0,0,1,0,0,0,1,0,-2,-2,16,16,1,2,0,NA,NA,0,0,1,""
513,"100","UNI21","Full-time","No","Year 1","3","BSc Psychology","Yes","Female","Non-UKRN",1,2,2,1,-1,0,1,2,2,2,-2,2,2,1,1,-2,-2,3,3,3,1,0,3,3,3,1,1,1,1,1,1,1,1,0,0,0,0,1,0,0,1,11,11,19,19,8,2,1,1,1,0,0,1,""
514,"59","UNI07","Full-time","No","Year 2","3","Psychology BSc","Yes","Female","Non-UKRN",1,1,1,0,0,2,1,1,1,1,-2,1,2,0,1,-1,-2,3,3,NA,NA,NA,NA,NA,NA,0,0,1,0,0,0,0,1,1,1,0,1,1,1,1,0,7,7,NA,NA,2,6,NA,NA,NA,NA,NA,NA,""
515,"100","UNI50","Full-time","No","Year 2","3","Psychology ","Yes","Female ","Non-UKRN",1,1,2,2,2,2,2,2,2,1,1,-1,2,1,1,0,0,3,3,3,1,1,2,4,3,0,1,0,0,1,1,0,0,1,0,1,1,0,0,0,1,20,20,20,20,3,4,1,1,NA,1,1,1,""
516,"100","UNI50","Full-time","No","Final Year","3","BsC Psychology (Hons)","Yes","Female","Non-UKRN",1,2,1,1,-1,2,1,2,0,1,0,1,1,1,-1,0,-1,3,2,3,1,1,3,3,3,0,0,0,0,0,0,0,0,0,0,1,0,0,0,0,1,10,10,19,19,0,2,1,0,0,0,0,1,""
517,"100","UNI50","Full-time","No","Final Year","3","Psychology with forensic psychology ","Yes","Female","Non-UKRN",1,1,2,0,1,1,2,2,1,1,1,1,1,1,-1,-1,-1,1,3,1,1,0,1,4,3,0,0,1,1,0,0,0,1,0,0,0,0,0,0,0,0,12,12,14,14,3,0,1,1,0,0,0,1,""
518,"100","UNI50","Full-time","No","Year 1","3","Psychology with Clinical Psychology ","Yes","Female","Non-UKRN",1,1,1,1,1,1,1,2,1,1,-1,1,-1,1,-1,-1,-1,3,1,3,1,0,3,3,1,1,0,0,1,0,0,1,1,0,0,0,0,0,0,0,0,7,7,15,15,4,0,0,NA,NA,0,0,1,""
519,"100","UNI50","Full-time","No","Year 2","3","Psychology","Yes","Female","Non-UKRN",1,2,1,1,1,0,1,0,-1,1,-1,2,2,2,1,-1,-1,4,3,3,4,1,3,4,3,1,1,0,0,1,1,0,0,0,0,1,1,0,0,1,1,10,10,25,25,4,4,1,1,1,0,0,1,""
520,"100","UNI50","Full-time","No","Final Year","3","Psychology","Yes","Female ","Non-UKRN",1,2,1,-1,0,1,0,2,1,1,-1,1,1,0,-1,-1,-1,3,3,3,1,1,1,2,1,1,0,1,0,0,1,0,1,0,1,0,1,1,0,1,0,5,5,15,15,4,4,1,1,0,1,1,1,""
521,"100","UNI50","Full-time","No","Final Year","3","Psychology BSc","Yes","Female","Non-UKRN",1,2,1,1,1,1,1,1,1,1,0,1,1,0,0,0,0,1,2,3,1,2,1,3,2,1,1,1,0,1,1,1,1,0,0,1,0,0,0,1,1,12,12,15,15,7,3,1,1,0,0,0,1,""
522,"100","UNI50","Full-time","No","Final Year","3","Psychology with clinical","Yes","Male","Non-UKRN",1,2,1,0,1,1,1,2,1,2,2,1,2,0,-1,-1,-2,4,4,4,3,0,2,1,3,1,1,1,0,0,1,0,1,0,0,1,0,0,1,0,1,12,12,21,21,5,3,1,1,1,0,1,1,""
523,"100","UNI50","Full-time","No","Year 2","3","Psychology BSc","Yes","Female","Non-UKRN",1,2,2,-1,1,1,1,2,1,1,-2,1,1,1,-1,0,-1,3,3,3,1,1,3,3,3,0,0,1,0,1,1,1,1,0,0,1,0,0,0,0,1,9,9,20,20,5,2,1,0,0,0,0,1,""
524,"100","UNI50","Full-time","No","Year 2","3","Psychology ","Yes","Female ","Non-UKRN",1,2,1,1,1,1,1,2,1,1,-1,1,2,1,1,-1,-1,4,3,3,1,1,2,3,2,0,0,0,0,0,0,0,0,0,0,0,0,0,0,0,0,13,13,19,19,0,0,1,0,0,0,0,1,""
525,"100","UNI50","Full-time","No","Final Year","3","BSc Psychology","Yes","Female","Non-UKRN",1,1,1,1,1,1,2,2,2,1,1,1,2,2,1,1,-1,3,3,4,4,1,3,3,3,1,1,1,1,0,0,1,1,0,0,1,0,0,0,1,1,19,19,24,24,6,3,1,1,0,0,1,1,""
526,"100","UNI50","Full-time","No","Year 2","3","Psychology ","Yes","Female","Non-UKRN",1,2,1,1,1,1,0,1,1,1,0,1,2,2,-1,-1,0,3,3,1,2,2,1,3,3,1,0,0,0,0,0,0,0,0,1,1,0,0,1,0,1,12,12,18,18,1,4,1,1,1,0,0,1,""
527,"100","UNI50","Full-time","No","Year 2","3","Psychology","Yes","Female","Non-UKRN",1,2,1,1,1,1,1,1,1,1,1,1,2,1,-1,-1,-1,3,3,3,1,0,3,3,3,1,0,1,0,0,1,1,1,0,0,1,0,0,0,0,0,12,12,19,19,5,1,1,1,0,1,0,1,""
528,"100","UNI50","Full-time","No","Year 2","3","Psychology with forensic psychology ","No","Female","Non-UKRN",1,2,1,1,1,-1,2,1,1,2,-1,2,2,-1,1,-1,-1,4,3,1,1,0,1,4,3,1,0,1,1,0,0,0,1,0,0,0,0,0,0,0,0,11,11,17,17,4,0,0,NA,NA,0,0,1,""
529,"100","UNI50","Full-time","No","Final Year","3","Psychology with Forensic Psychology ","Yes","Female","Non-UKRN",1,2,1,-1,1,1,1,2,2,-1,-1,2,2,1,1,0,0,3,3,4,3,1,2,3,1,1,0,1,1,0,0,1,1,0,1,0,0,1,1,0,0,13,13,20,20,5,3,1,1,0,1,1,1,""
530,"100","UNI50","Full-time","No","Year 2","3","BSc Psychology ","Yes","Female","Non-UKRN",1,1,1,0,1,0,1,0,0,1,-2,1,2,1,1,-1,-1,3,2,3,1,0,0,2,2,1,1,1,1,1,1,0,1,0,0,1,0,0,1,0,1,6,6,13,13,7,3,0,NA,NA,1,0,1,""
531,"100","UNI50","Full-time","No","Year 1","3","BSc Psychology","Yes","Female","Non-UKRN",1,2,2,2,2,2,1,1,1,2,2,1,2,0,0,0,0,4,3,3,2,1,1,4,4,1,1,0,1,1,0,1,0,0,0,1,0,0,1,0,1,20,20,22,22,5,3,0,NA,NA,0,0,1,""
532,"100","UNI50","Full-time","No","Final Year","3","BSc (Hons) Psychology","Yes","Female","Non-UKRN",1,2,1,-1,0,1,0,2,1,1,-2,2,1,2,-1,-1,0,1,2,4,3,2,2,3,3,0,0,1,0,0,0,0,1,0,0,1,0,0,0,0,0,8,8,20,20,2,1,0,NA,NA,0,0,1,""
533,"100","UNI50","Full-time","No","Year 2","3","Psychology ","Yes","Female ","Non-UKRN",1,2,2,0,-1,0,0,1,-1,2,-1,1,-1,0,-1,0,-2,3,2,3,3,0,1,3,2,0,0,1,0,1,0,1,1,0,0,0,0,0,0,1,0,1,1,17,17,4,1,1,1,0,0,0,1,""
534,"100","UNI50","Full-time","No","Final Year","3","BSc Hons Psychology","Yes","Female","Non-UKRN",1,1,2,2,1,1,0,1,1,1,-2,1,2,1,0,1,0,4,1,4,2,1,2,3,3,1,0,0,0,1,0,0,0,0,1,1,1,0,0,1,1,13,13,20,20,2,5,1,1,1,1,0,1,"A non-significant finding is still a finding. We shouldn't look at a finding as being 'correct' or 'incorrect' based on its p value. Its reliability and accuracy should depend on the methodology and materials. If research is carried out 'properly,' we should see the finding as informative, be it significant or not. (I'm sorry this is an essay, I'm passionate about this)."
535,"100","UNI50","Full-time","No","Year 1","3","Bsc Psychology","Yes","female","Non-UKRN",1,2,2,2,2,0,0,1,0,0,-2,2,1,2,2,-2,-2,1,3,0,0,0,0,4,2,1,1,1,0,0,1,0,1,0,0,1,0,0,0,0,0,10,10,10,10,5,1,0,NA,NA,0,0,1,""
536,"100","UNI50","Full-time","No","Year 2","3","Psychology ","Yes","Female","Non-UKRN",1,1,1,1,1,0,0,1,-1,-1,-2,1,1,-1,-1,-1,-2,3,3,2,1,0,1,3,2,1,1,1,0,0,1,0,1,0,0,1,0,0,1,0,1,-2,-2,15,15,5,3,1,1,0,0,0,1,""
537,"100","UNI50","Full-time","No","Year 1","3","Psychology ","Yes","Female ","Non-UKRN",1,1,1,0,-1,1,1,1,1,1,-1,1,1,1,1,0,-1,1,1,3,1,1,3,3,3,0,1,1,1,1,1,1,0,1,0,0,0,0,0,0,1,8,8,16,16,6,2,0,NA,NA,0,0,1,""
538,"100","UNI50","Full-time","No","Final Year","3","Psychology BSc(Hons)","Yes","Female","Non-UKRN",1,1,1,1,1,1,1,2,1,1,-2,-1,2,0,-1,-1,-1,3,3,4,2,3,2,1,3,1,1,1,1,0,1,0,1,0,0,0,0,0,0,0,0,6,6,21,21,6,0,0,NA,NA,0,0,1,""
539,"100","UNI50","Full-time","No","Final Year","3","Psychology with clinical psychology ","Yes","Female","Non-UKRN",1,1,1,-1,1,1,1,1,2,-2,-2,2,2,0,1,0,0,2,3,3,1,2,1,3,2,0,0,1,0,0,0,1,0,0,0,1,0,0,0,1,0,8,8,17,17,2,2,0,NA,NA,0,0,1,""
540,"100","UNI50","Full-time","No","Year 2","3","Psychology ","Yes","Female ","Non-UKRN",1,2,2,1,1,-1,0,1,1,1,1,0,2,1,-1,-1,-1,3,3,4,2,1,3,1,2,1,0,1,0,0,0,0,1,0,1,0,1,1,1,1,0,9,9,19,19,3,5,1,1,0,0,0,0,""
541,"100","UNI50","Full-time","No","Final Year","3","BSc (Hons) Psychology","Yes","Female ","Non-UKRN",1,1,1,1,0,0,1,1,0,2,-2,1,2,1,1,0,-1,3,2,4,3,1,3,3,2,1,1,0,0,0,0,1,1,0,0,1,0,0,0,0,0,9,9,21,21,4,1,1,1,1,1,1,1,""
542,"100","UNI50","Full-time","No","Final Year","3","psychology","Yes","F","Non-UKRN",1,2,1,-1,-1,2,1,2,2,2,2,1,1,1,1,-1,-1,4,3,4,4,1,3,3,3,1,1,0,1,1,0,0,0,0,0,1,0,0,1,1,1,14,14,25,25,4,4,0,NA,NA,0,0,1,""
543,"100","UNI50","Full-time","No","Year 2","3","Psychology ","Yes","Female","Non-UKRN",1,1,1,1,1,1,2,-1,1,-1,-2,1,1,-1,1,-2,1,3,3,0,1,3,2,3,1,0,0,1,0,1,1,0,1,0,0,1,0,1,1,0,1,5,5,16,16,4,4,1,0,0,0,0,1,""
544,"100","UKRN03","Full-time","No","Year 1","3","Psychology and Linguistics","Yes","Female","UKRN",1,2,2,2,1,1,1,1,0,2,1,1,2,1,2,-1,-1,4,3,2,2,1,3,4,3,1,1,1,1,0,1,1,1,0,0,0,0,1,0,0,0,17,17,22,22,7,1,1,1,1,1,0,1,""
545,"100","UNI50","Full-time","No","Year 2","3","Psychology BSc","Yes","Female","Non-UKRN",1,1,1,-1,1,0,1,0,0,0,0,1,2,1,0,-1,-1,3,3,2,0,1,2,3,3,0,1,1,0,0,0,0,1,0,0,1,0,0,0,0,0,5,5,17,17,3,1,1,0,1,0,0,1,""
546,"100","UNI50","Full-time","No","Final Year","3","Psychology ","Yes","Female","Non-UKRN",1,2,1,1,1,0,1,1,-1,-1,-2,1,1,1,-1,-1,-1,3,3,3,1,1,1,1,1,1,1,1,1,1,1,1,1,1,1,1,0,1,1,0,0,3,3,14,14,8,5,1,0,1,1,1,1,""
547,"100","UKRN05","Full-time","No","Year 1","3","Psychology (BSc)","Yes","Female","UKRN",1,2,1,1,2,-1,1,2,2,2,1,1,2,1,-1,-1,-2,3,3,4,0,0,3,2,0,0,0,1,1,0,0,0,1,0,0,0,0,0,0,0,0,13,13,15,15,3,0,1,1,1,0,0,1,""
548,"100","UKRN03","Full-time","No","Year 1","3","BA Hons Psychology and Management ","Yes","Female","UKRN",1,2,2,2,1,2,1,1,-1,1,2,0,2,1,-2,-1,-2,4,4,0,0,1,3,2,4,1,1,1,0,1,1,0,1,0,1,1,0,0,1,0,1,11,11,18,18,6,4,1,0,0,1,0,1,""
549,"100","UNI50","Full-time","No","Year 2","3","BSc Psychology ","Yes","Female","Non-UKRN",1,1,2,-1,2,0,1,1,0,1,1,2,2,1,-1,-1,-2,4,4,3,3,0,2,4,2,1,1,1,1,1,1,1,1,0,0,1,0,0,1,0,0,9,9,22,22,8,2,1,1,1,1,1,1,""
550,"100","UNI50","Full-time","Yes","Year 2","3","Psychology","Yes","Female ","Non-UKRN",1,2,1,0,-1,1,0,2,0,2,-1,2,2,0,1,0,0,3,2,2,2,2,2,4,2,0,0,1,0,0,1,1,1,0,0,0,0,0,0,0,0,11,11,19,19,4,0,1,1,1,0,0,1,""
551,"100","UNI50","Full-time","No","Year 2","3","Psychology BSc","Yes","Male","Non-UKRN",1,2,2,2,-1,2,2,2,2,2,2,1,2,2,-1,1,0,4,4,4,3,1,3,2,4,1,1,1,1,1,1,1,1,1,1,1,1,0,1,0,0,22,22,25,25,8,5,1,1,0,1,0,1,""
552,"100","UNI50","Full-time","Yes","Placement Year","4","Psychology with Clinical Psychology with Study Abroad","No","male","Non-UKRN",1,1,1,1,1,1,1,2,2,1,1,1,2,1,1,1,1,4,3,4,4,1,3,3,3,1,1,1,1,0,1,1,1,0,0,1,0,0,0,0,0,19,19,25,25,7,1,1,1,0,1,1,1,""
554,"100","UNI21","Full-time","No","Final Year","3","Psychology ","No","Female ","Non-UKRN",1,1,2,1,0,1,0,2,-1,1,-2,1,-2,1,1,-1,-1,3,3,1,1,0,1,3,3,1,1,1,0,0,1,0,1,0,0,0,0,0,0,0,0,4,4,15,15,5,0,1,1,1,0,0,1,""
555,"100","UNI50","Full-time","No","Year 1","3","Psychology with Clinical Psychology","Yes","Female","Non-UKRN",1,1,2,1,-1,2,1,2,2,0,-2,1,2,1,-1,-1,0,1,1,1,1,3,3,3,3,1,1,1,1,1,1,1,1,0,0,1,0,0,1,0,1,10,10,16,16,8,3,0,NA,NA,1,0,1,""
556,"100","UNI21","Full-time","No","Year 1","3","psychology","No","female","Non-UKRN",1,1,1,0,1,1,2,1,-1,1,1,2,2,0,1,-1,-2,3,1,4,1,0,0,2,1,1,0,1,0,1,0,0,1,0,1,0,1,0,1,1,0,10,10,12,12,4,4,1,1,0,0,0,1,""
557,"100","UNI50","Full-time","No","Year 1","3","Psychology BSc","Yes","Female ","Non-UKRN",1,1,1,1,-1,1,1,0,0,1,1,1,2,-1,-1,-1,-1,3,3,2,1,1,2,3,3,1,1,0,1,1,0,1,0,0,0,1,0,0,1,0,1,5,5,18,18,5,3,0,NA,NA,1,0,1,""
558,"100","UNI50","Full-time","No","Year 1","3","Psychology Bsc","Yes","Female","Non-UKRN",1,2,2,2,1,2,1,2,2,0,0,2,2,1,-1,-1,-2,4,3,4,1,0,2,3,2,1,1,1,0,0,1,0,1,0,0,0,0,0,0,0,0,15,15,19,19,5,0,0,NA,NA,0,0,1,""
559,"100","UNI50","Full-time","No","Final Year","3","BSc Psychology ","Yes","Female","Non-UKRN",1,2,2,-1,1,1,1,2,1,1,-1,1,2,-1,2,-1,-2,3,3,3,1,4,1,1,3,0,0,1,1,1,1,0,1,1,1,0,0,0,0,1,0,10,10,19,19,5,3,1,1,0,0,0,1,""
560,"100","UNI24","Full-time","No","Year 2","3","BSc Psychology","No","Female","Non-UKRN",1,1,1,1,1,1,1,-1,-1,2,2,2,2,1,2,0,-1,3,3,3,3,2,3,3,3,1,1,1,1,1,1,1,1,0,0,0,0,0,0,0,1,14,14,23,23,8,1,1,1,0,0,0,1,"Only share data if anonymised (answer to some of these questions did not make this clear!)"
561,"100","UNI50","Full-time","No","Year 2","3","Psychology","Yes","Female ","Non-UKRN",1,2,2,2,2,1,1,1,1,1,1,2,2,2,1,1,-2,3,3,3,4,1,3,4,0,1,1,1,0,0,0,0,1,1,0,1,0,0,0,0,1,20,20,21,21,4,3,1,1,1,0,0,1,""
562,"100","UNI50","Full-time","No","Final Year","3","Psychology","Yes","Female","Non-UKRN",1,1,0,-1,1,1,1,2,1,0,-1,1,2,0,0,0,0,3,3,3,1,2,3,3,2,1,1,0,1,1,1,1,1,0,0,1,0,0,0,0,0,8,8,20,20,7,1,1,1,1,0,0,1,""
563,"100","UNI50","Full-time","No","Year 2","3","Psychology ","Yes","Female","Non-UKRN",1,2,2,1,-1,1,1,1,-1,1,-1,2,2,2,-2,-1,0,3,1,3,2,1,3,3,1,1,1,1,1,1,1,1,1,0,0,0,0,0,0,1,0,9,9,17,17,8,1,1,1,0,0,0,1,""
564,"100","UNI21","Full-time","Other (Please specify)","Year 1","3","Psychology ","Yes","Female ","Non-UKRN",1,1,1,0,1,-1,1,1,1,1,-1,1,2,1,1,-1,-1,3,3,2,3,1,2,3,2,0,0,1,0,0,1,0,1,0,0,1,0,0,1,0,0,8,8,19,19,3,2,1,1,0,0,0,1,""
565,"100","UNI21","Full-time","No","Year 2","3","Psychology","Yes","Female","Non-UKRN",1,2,2,1,2,-2,0,0,0,1,-1,2,2,0,1,-1,-1,3,3,3,3,1,2,2,1,0,0,0,0,0,0,0,1,0,0,0,0,0,0,0,1,8,8,18,18,1,1,0,NA,NA,0,0,1,""
566,"100","UNI50","Full-time","No","Final Year","3","psychology ","Yes","Female","Non-UKRN",1,1,1,-1,1,1,0,1,1,-1,-2,1,1,0,-1,-1,-1,3,2,3,1,1,1,3,2,0,0,0,0,0,0,1,1,0,0,1,0,0,0,0,0,1,1,16,16,2,1,1,0,1,0,0,1,""
567,"100","UNI24","Full-time","Yes","Year 2","3","BSc Psychology","No","Female","Non-UKRN",1,2,2,1,2,2,2,2,2,-2,-2,2,2,-2,2,0,-2,4,4,0,0,0,0,4,4,0,0,1,1,1,1,1,1,0,0,0,0,0,0,0,0,13,13,16,16,6,0,0,NA,NA,0,0,1,""
568,"100","UNI50","Full-time","No","Final Year","3","Psychology with Forensic Psychology","Yes","Female","Non-UKRN",1,1,1,1,1,1,1,1,1,1,1,1,1,0,1,-1,-1,3,2,4,3,1,2,3,3,0,0,1,1,0,1,0,1,1,1,0,0,1,0,1,0,11,11,21,21,4,4,0,NA,NA,0,0,1,""
569,"100","UNI50","Full-time","No","Year 1","3","BSc (Hons) Psychology with Clinical Psychology","Yes","Female","Non-UKRN",1,-1,2,2,2,2,2,2,2,2,-2,2,2,0,-1,1,0,4,4,4,0,3,3,4,4,1,0,0,1,1,1,1,1,0,1,1,0,0,0,0,0,17,17,26,26,6,2,0,NA,NA,1,0,1,""
570,"100","UNI21","Full-time","No","Year 2","3","Psychology","No","Female","Non-UKRN",1,2,1,2,1,1,0,0,0,2,2,2,2,2,-2,0,0,3,4,3,2,1,3,1,3,0,0,0,0,0,0,1,1,0,0,0,0,0,0,1,1,15,15,20,20,2,2,1,1,1,0,0,1,""
571,"100","UKRN03","Full-time","No","Final Year","3","BSc Psychology","Yes","Female","UKRN",1,2,1,0,-1,1,1,-1,-1,1,-2,1,1,1,-1,-1,-2,3,2,3,3,0,1,3,3,1,0,1,1,0,0,1,1,0,0,1,0,0,0,1,0,0,0,18,18,5,2,1,1,0,1,1,1,""
572,"100","UNI50","Full-time","No","Year 1","3","Psychology with Clinical Psychology ","Yes","Female","Non-UKRN",1,1,1,1,2,1,1,1,1,1,1,1,1,0,-1,-1,-1,3,3,3,1,1,2,2,3,1,0,0,0,0,0,0,1,0,0,0,0,0,0,0,1,10,10,18,18,2,1,0,NA,NA,0,0,1,""
573,"51","UKRN05","Full-time","No","Year 1","3","Psychology ","No","Female","UKRN",1,2,2,1,1,0,0,1,0,1,1,1,1,1,1,-1,0,NA,NA,NA,NA,NA,NA,NA,NA,1,0,1,0,0,1,0,1,1,0,1,0,0,1,0,1,12,12,NA,NA,4,4,NA,NA,NA,NA,NA,NA,""
574,"100","UNI24","Full-time","No","Final Year","3","BSc (Hons.) Psychology ","Yes","Female","Non-UKRN",1,0,1,0,-2,2,1,2,-1,1,-1,1,1,1,2,-1,0,4,3,3,1,1,3,3,3,0,0,1,1,1,1,1,1,0,0,1,0,0,1,1,1,7,7,21,21,6,4,0,NA,NA,0,0,1,""
575,"100","UNI50","Full-time","No","Year 1","3","Bsc psychology","Yes","Female ","Non-UKRN",1,2,2,1,1,2,2,0,0,2,0,2,1,1,0,0,-2,4,4,2,1,0,2,3,4,0,0,1,0,0,0,0,1,0,0,1,0,0,0,0,0,14,14,20,20,2,1,1,0,0,0,0,1,""
576,"51","UKRN05","Full-time","Yes","Year 1","3","BSc Psychology","No","Female","UKRN",1,2,2,1,1,1,2,-1,-1,2,1,2,1,2,-2,1,-1,NA,NA,NA,NA,NA,NA,NA,NA,1,1,1,1,1,1,1,1,1,0,1,0,0,0,0,0,13,13,NA,NA,8,2,NA,NA,NA,NA,NA,NA,""
578,"100","UKRN03","Full-time","No","Year 2","4","MPsych Psychology ","Yes","Female ","UKRN",1,1,2,1,1,1,1,1,2,1,1,1,2,2,1,0,-1,3,3,4,4,1,4,3,3,1,1,1,1,1,1,1,1,0,0,0,0,0,0,0,0,17,17,25,25,8,0,1,1,1,0,1,1,""
579,"100","UNI25","Full-time","Other (Please specify)","Year 1","3","Psychology","No","Female","Non-UKRN",1,0,1,1,0,1,0,0,1,1,-1,1,1,1,-1,-1,-1,3,1,2,1,1,2,2,2,1,1,1,1,1,1,1,1,0,0,0,0,0,0,0,0,4,4,14,14,8,0,1,1,0,1,0,1,""
580,"100","UKRN05","Full-time","Other (Please specify)","Year 1","4","Psychology","Yes","","UKRN",1,2,1,1,0,1,1,1,1,2,1,2,2,1,-1,-1,-1,3,2,3,3,1,2,3,2,1,1,0,1,1,1,1,0,0,0,1,0,0,0,0,1,13,13,19,19,6,2,0,NA,NA,1,0,0,""
582,"46","UNI21","Full-time","No","Year 1","3","Psychology ","No","Female","Non-UKRN",1,NA,NA,NA,NA,NA,NA,NA,NA,NA,NA,NA,NA,NA,NA,NA,NA,NA,NA,NA,NA,NA,NA,NA,NA,0,0,0,0,0,0,0,0,0,0,0,0,0,0,0,0,NA,NA,NA,NA,0,0,NA,NA,NA,NA,NA,NA,""
583,"49","UNI19","Full-time","No","Year 2","3","BSc Psychology","Yes","Male","Non-UKRN",1,1,1,1,0,0,1,0,-1,1,0,1,0,0,-1,-1,-1,NA,NA,NA,NA,NA,NA,NA,NA,0,0,0,0,0,0,0,0,0,0,0,0,0,0,0,0,2,2,NA,NA,0,0,NA,NA,NA,NA,NA,NA,""
584,"49","UKRN03","Full-time","No","Year 1","3","Bsc psychology ","Yes","Female","UKRN",1,2,2,1,2,1,1,1,1,1,1,1,2,0,-1,-1,-1,NA,NA,NA,NA,NA,NA,NA,NA,0,0,0,0,0,0,0,0,0,0,0,0,0,0,0,0,13,13,NA,NA,0,0,NA,NA,NA,NA,NA,NA,""
585,"65","UNI24","Full-time","No","Year 1","3","Psychology and Criminology ","No","Female","Non-UKRN",1,2,2,1,0,-1,1,2,2,2,1,2,1,-2,-2,-1,0,4,3,4,3,NA,NA,NA,NA,1,1,0,1,1,1,1,1,0,0,1,0,0,0,0,0,10,10,NA,NA,7,1,NA,NA,NA,NA,NA,NA,""
586,"59","UNI25","Full-time","Yes","Year 1","3","psychology BSc","Yes","female","Non-UKRN",1,1,2,-2,1,-1,0,1,1,-1,-1,1,2,-1,2,-1,-2,3,0,NA,NA,NA,NA,NA,NA,1,1,1,0,0,1,1,1,1,1,1,0,0,1,0,1,2,2,NA,NA,6,5,NA,NA,NA,NA,NA,NA,""
587,"81","UNI24","Full-time","No","Year 2","3","BSc Psychology with Counselling","No","Female","Non-UKRN",1,1,1,1,1,-1,-1,-1,-1,1,-1,1,2,1,1,0,1,3,3,3,1,3,3,3,1,1,1,1,0,0,1,0,1,1,1,1,0,0,0,0,0,6,6,20,20,5,3,1,NA,NA,NA,NA,NA,""
588,"81","UNI19","Full-time","No","Year 1","3","Psychology (BSC)","Yes","Female","Non-UKRN",1,2,2,2,1,1,1,1,0,0,-2,1,2,0,-1,-1,-1,4,2,3,3,1,3,1,2,0,0,0,1,1,0,0,0,1,1,1,0,0,1,1,1,8,8,19,19,2,6,0,NA,NA,NA,NA,NA,""
589,"51","UNI24","Full-time","No","Year 1","3","Psychology snd criminology ","Yes","","Non-UKRN",1,1,2,0,1,1,1,2,2,-1,1,2,0,1,-1,0,2,NA,NA,NA,NA,NA,NA,NA,NA,1,1,1,0,0,1,0,0,0,0,1,0,0,0,0,0,14,14,NA,NA,4,1,NA,NA,NA,NA,NA,NA,""
590,"59","UNI22","Full-time","Yes","Year 1","3","BSc Psychology","Yes","female ","Non-UKRN",1,2,1,1,1,2,1,2,1,2,-2,2,2,2,-2,-1,0,1,2,NA,NA,NA,NA,NA,NA,0,1,1,0,0,1,0,1,0,0,1,0,0,0,0,1,14,14,NA,NA,4,2,NA,NA,NA,NA,NA,NA,""
594,"100","UKRN05","Full-time","No","Year 1","3","Psychology","Yes","Female","UKRN",1,2,2,1,1,0,0,2,-1,0,-1,1,2,0,-1,-2,-1,3,3,1,0,0,2,4,3,0,0,1,0,1,1,1,1,0,0,1,0,0,0,0,1,5,5,16,16,5,2,0,NA,NA,0,0,0,""
595,"59","UKRN03","Full-time","No","Year 2","3","Psychology ","Yes","Female ","UKRN",1,1,1,1,0,1,1,2,1,1,-2,-1,1,0,1,-2,-2,2,2,NA,NA,NA,NA,NA,NA,1,1,1,0,0,1,0,1,1,0,0,0,0,0,0,0,4,4,NA,NA,5,1,NA,NA,NA,NA,NA,NA,""
596,"65","UKRN05","Full-time","No","Year 1","3","Psychology","Yes","Female","UKRN",1,0,-1,0,0,0,0,1,0,1,1,-1,1,0,0,-1,-1,2,2,3,0,NA,NA,NA,NA,1,0,1,0,0,0,0,0,0,0,0,0,0,0,0,0,0,0,NA,NA,2,0,NA,NA,NA,NA,NA,NA,""
598,"100","UNI50","Full-time","Other (Please specify)","Placement Year","4","Psychology BSc","Yes","Female","Non-UKRN",1,2,1,1,2,0,1,2,1,2,1,1,2,1,1,-2,-1,4,4,4,1,1,3,3,2,0,0,1,0,0,1,0,1,0,0,0,0,0,0,0,0,15,15,22,22,3,0,1,1,1,0,0,1,"These feel like important things to learn as an undergraduate to help you understand the context of the research you read, and to help you be better researchers if you pursue an academic career"
599,"100","UNI50","Full-time","No","Year 1","3","Psychology ","Yes","female ","Non-UKRN",1,2,1,-1,1,1,1,2,1,1,-2,2,2,1,-1,1,-1,4,1,3,3,1,3,3,3,0,0,1,0,0,0,1,1,0,0,0,0,0,0,0,0,11,11,21,21,3,0,0,NA,NA,0,0,1,""
600,"100","UNI50","Full-time","No","Final Year","3","Psychology with Forensic Psychology","Yes","Female","Non-UKRN",1,2,2,2,1,2,0,2,2,2,0,-1,2,0,-2,-2,-2,4,4,4,1,0,1,1,4,1,1,0,1,1,0,1,1,0,0,1,0,0,1,0,0,10,10,19,19,6,2,1,1,0,1,0,1,""
601,"100","UNI50","Full-time","No","Year 1","3","Psychology with forensics","Yes","Female","Non-UKRN",1,1,0,1,1,1,1,0,-1,1,-1,1,2,1,1,-1,0,3,3,3,1,1,1,3,3,1,1,1,0,0,1,0,1,0,0,0,1,1,0,1,0,8,8,18,18,5,3,0,NA,NA,1,0,1,""
602,"100","UNI50","Full-time","No","Year 1","3","Psychology","Yes","Female","Non-UKRN",1,1,2,0,0,1,1,1,1,2,1,1,2,1,-1,-1,-2,3,3,2,1,1,1,3,3,1,1,1,0,0,0,0,1,0,0,0,1,1,1,1,0,10,10,17,17,4,4,0,NA,NA,0,1,1,""
603,"100","UNI50","Full-time","No","Year 1","3","Psychology BSc (Hons)","Yes","female","Non-UKRN",1,2,2,1,1,0,1,0,0,-1,0,2,2,1,-1,-1,-2,4,3,1,1,0,0,3,3,0,1,0,0,0,0,0,0,0,0,1,0,0,1,0,1,7,7,15,15,1,3,1,0,0,0,0,1,""
604,"100","UNI50","Full-time","No","Year 2","3","Psychology with forensics psychology ","Yes","Female ","Non-UKRN",1,2,2,1,0,1,2,2,2,1,2,2,2,0,1,-2,-2,4,4,3,2,1,1,4,4,0,0,1,0,1,1,1,1,0,0,1,0,1,1,1,1,16,16,23,23,5,5,1,1,0,0,0,1,""
605,"100","UNI50","Full-time","No","Final Year","3","Psychology","Yes","Female","Non-UKRN",1,2,2,1,2,1,1,2,2,1,1,1,2,2,2,0,0,3,3,4,3,2,1,4,4,0,0,0,0,0,0,1,1,0,0,1,0,0,0,0,0,22,22,24,24,2,1,1,1,1,0,0,1,""
606,"100","UNI50","Full-time","No","Year 1","3","Psychology ","No","Female","Non-UKRN",1,1,2,1,-2,2,1,2,1,2,-1,2,1,-1,-1,-2,-1,4,3,1,3,1,1,4,3,0,0,0,1,1,0,1,0,1,1,1,0,0,1,0,1,7,7,20,20,3,5,1,0,1,1,0,1,""
607,"100","UNI50","Full-time","No","Final Year","3","BSc Psychology (Hons)","No","Nonbinary","Non-UKRN",1,2,2,1,2,0,0,2,2,2,2,2,2,2,1,1,1,4,4,4,3,0,4,4,3,0,0,1,1,1,0,1,1,0,0,1,0,0,0,1,1,24,24,26,26,5,3,1,1,0,0,0,1,"I don't recognise some of the names like open code and open data, but think we may have discussed them on the course in more vague terms about making your research practice transparent"
608,"100","UNI50","Full-time","No","Final Year","3","Psychology Bsc ","Yes","female ","Non-UKRN",1,2,2,1,0,1,1,0,-2,1,0,0,2,1,0,-1,-1,1,2,3,2,1,1,3,3,0,0,1,0,0,0,0,1,0,0,1,0,0,0,0,1,7,7,16,16,2,2,1,1,NA,0,0,1,""
609,"70","UNI19","Full-time","No","Year 1","3","Psychology","Yes","Female","Non-UKRN",1,2,2,2,2,1,1,2,1,1,1,2,2,1,-2,-1,0,4,4,1,1,1,2,NA,NA,0,0,1,0,0,1,0,1,0,0,1,0,0,1,0,1,17,17,NA,NA,3,3,NA,NA,NA,NA,NA,NA,""
610,"100","UNI50","Full-time","No","Year 2","3","Psychology ","Yes","Male","Non-UKRN",1,2,2,1,2,1,2,1,1,1,2,1,2,2,-1,-1,-2,4,4,4,2,1,4,3,3,1,1,0,0,1,0,1,1,0,0,1,1,0,1,0,0,16,16,25,25,5,3,1,1,1,1,0,1,""
611,"100","UNI50","Full-time","No","Year 2","3","Psychology with clinical psychology","Yes","","Non-UKRN",1,1,1,-1,1,0,1,1,1,2,1,2,2,-1,-1,-1,1,3,3,4,1,3,1,3,1,1,1,0,1,1,0,1,0,0,0,1,0,0,1,0,1,10,10,19,19,5,3,1,0,0,1,0,1,""
613,"70","UNI25","Full-time","No","Year 2","3","Psychology ","Yes","Female ","Non-UKRN",1,2,2,0,2,1,2,1,2,2,2,1,2,1,1,-1,-1,4,4,3,3,0,3,NA,NA,0,0,0,0,0,0,0,0,0,0,1,1,0,0,1,1,19,19,NA,NA,0,4,NA,NA,NA,NA,NA,NA,""
614,"100","UNI50","Full-time","No","Final Year","3","BSc Psychology with Forensic Psychology","Yes","Female","Non-UKRN",1,2,2,2,-1,1,-1,1,1,1,1,-1,2,0,0,2,-1,4,4,3,3,1,4,2,4,0,0,1,1,0,1,0,1,1,1,0,0,1,0,1,0,11,11,25,25,4,4,1,1,0,1,0,1,"We should definitely improve the way we do oir research and stop putting emphasis on NEW research if the one we have isn't reliable. The question arrises, how can I build on a research if its reliability is questionable?"
615,"100","UNI50","Full-time","No","Year 1","3","BSc Psychology ","No","Female","Non-UKRN",1,2,2,2,2,0,2,2,2,1,2,-2,2,1,-1,2,0,4,4,3,3,0,0,1,4,1,1,1,1,1,1,1,1,0,0,1,0,0,1,0,0,19,19,19,19,8,2,0,NA,NA,1,1,1,""
616,"51","UNI19","Full-time","No","Final Year","3","Psychology BSc","No","female","Non-UKRN",1,0,1,-2,2,1,-1,1,1,2,-1,1,2,-2,-2,-2,-2,NA,NA,NA,NA,NA,NA,NA,NA,0,0,1,0,1,1,1,1,0,0,1,0,1,1,1,1,-1,-1,NA,NA,5,5,NA,NA,NA,NA,NA,NA,""
617,"51","UNI22","Full-time","No","Year 1","3","Psychology ","Yes","Female ","Non-UKRN",1,2,1,0,-1,1,1,2,1,1,1,1,-1,1,-1,1,0,NA,NA,NA,NA,NA,NA,NA,NA,0,0,0,1,0,0,0,1,0,0,1,0,0,1,0,0,10,10,NA,NA,2,2,NA,NA,NA,NA,NA,NA,""
618,"59","UNI50","Full-time","No","Year 1","3","Bsc psychology ","Yes","Female","Non-UKRN",1,1,1,-1,2,0,1,1,0,-1,1,1,2,0,-1,-2,-1,4,3,NA,NA,NA,NA,NA,NA,1,1,0,1,1,1,1,0,0,0,1,0,0,1,0,1,4,4,NA,NA,6,3,NA,NA,NA,NA,NA,NA,""
619,"70","UNI50","Full-time","No","Year 2","3","Pathology with forensic psychology ","Yes","Female ","Non-UKRN",1,1,2,0,1,1,2,2,1,-1,-1,1,2,-1,1,-2,1,4,3,4,1,1,3,NA,NA,1,1,1,1,1,1,1,1,1,1,1,0,0,0,1,0,10,10,NA,NA,8,4,NA,NA,NA,NA,NA,NA,""
620,"51","UKRN03","Full-time","No","Year 2","3","Psychology ","No","Female","UKRN",1,1,2,1,1,0,-1,1,1,0,0,1,2,2,1,0,-1,NA,NA,NA,NA,NA,NA,NA,NA,1,0,1,1,1,0,0,1,0,0,0,0,0,0,0,0,11,11,NA,NA,5,0,NA,NA,NA,NA,NA,NA,""
621,"100","UNI21","Full-time","Other (Please specify)","Year 1","3","Psychology","No","Female","Non-UKRN",1,2,2,1,2,-1,-1,1,1,1,1,1,2,2,1,-1,-1,4,3,2,2,0,1,3,3,0,0,0,1,0,0,0,1,1,1,1,0,1,1,1,0,13,13,18,18,2,6,0,NA,NA,0,0,1,""
622,"100","UKRN01","Full-time","Yes","Year 2","4","Psychology BSc","Yes","Female","UKRN",1,1,1,2,1,1,1,1,1,1,-1,1,1,0,1,1,-2,3,3,3,3,1,1,3,2,1,1,0,1,1,1,1,0,0,0,1,0,0,0,0,1,11,11,19,19,6,2,0,NA,NA,0,0,1,""
623,"100","UNI50","Full-time","No","Year 1","3","Psychology BSc Hons","Yes","female","Non-UKRN",1,1,1,0,2,1,0,1,2,0,0,1,2,0,0,-2,-2,3,1,1,0,0,0,3,3,0,0,1,0,1,0,0,1,1,1,0,1,0,1,1,0,7,7,11,11,3,5,0,NA,NA,0,0,1,""
624,"100","UNI50","Full-time","No","Year 2","3","BSc Psychology","Yes","Female","Non-UKRN",1,2,1,1,1,1,1,-1,-1,1,1,1,1,-1,-1,0,-1,3,3,3,2,1,3,3,3,1,1,1,0,0,1,0,1,0,0,0,0,0,0,0,0,6,6,21,21,5,0,1,1,1,0,0,1,""
625,"100","UNI50","Full-time","Yes","Year 1","3","Psychology with clinical psychology","Yes","Female","Non-UKRN",1,2,2,2,1,1,0,1,1,1,-1,1,1,0,1,-1,0,4,4,2,3,1,2,4,4,1,1,1,0,0,1,0,1,0,0,1,0,0,0,0,1,12,12,24,24,5,2,0,NA,NA,0,1,1,""
626,"46","UNI19","Full-time","No","Year 2","3","BSc Psychology","Yes","Female","Non-UKRN",1,NA,NA,NA,NA,NA,NA,NA,NA,NA,NA,NA,NA,NA,NA,NA,NA,NA,NA,NA,NA,NA,NA,NA,NA,0,0,0,0,0,0,0,0,0,0,0,0,0,0,0,0,NA,NA,NA,NA,0,0,NA,NA,NA,NA,NA,NA,""
627,"100","UNI24","Full-time","No","Year 1","3","Psychology","No","Female","Non-UKRN",1,2,1,1,0,0,2,1,1,1,-1,1,2,1,-1,-2,-2,3,1,4,2,1,3,1,2,1,0,1,0,0,1,0,1,0,1,0,1,1,0,1,0,7,7,17,17,4,4,0,NA,NA,1,0,1,""
628,"100","UNI50","Full-time","No","Final Year","3","BSc (Hons) Psychology","Yes","Female","Non-UKRN",1,0,2,0,1,1,1,2,1,1,-2,1,2,1,0,0,-1,4,4,4,4,1,3,3,3,1,1,1,1,1,1,1,1,1,1,1,0,0,1,1,1,10,10,26,26,8,6,1,1,1,1,1,1,"Both myself and a fellow student completed a study on the replication crisis (as part of a funded research project), where we looked into the attitudes and opinions of psychology undergrads (and a few staff members too). We presented our pilot findings at a conference but due to covid were unable to write-up or present our final findings together. More than happy to share pilot poster and full data however; my email is jemjjemj@gmail.com"
629,"100","UNI22","Full-time","Yes","Year 2","3","Bsc Psychology ","No","Male","Non-UKRN",1,2,1,1,0,1,-2,1,2,1,0,2,-1,1,-1,-1,-1,3,3,1,1,0,3,3,3,1,0,1,0,0,1,1,0,0,0,1,0,0,1,0,0,6,6,17,17,4,2,0,NA,NA,0,1,1,""
630,"100","UKRN04","Full-time","No","Final Year","3","Psychology ","Yes","Female ","UKRN",1,2,2,0,-1,0,0,1,-1,0,1,0,1,2,1,-1,0,4,2,3,2,2,3,2,3,1,1,1,0,0,1,0,1,0,0,1,0,0,0,0,0,7,7,21,21,5,1,1,1,1,0,0,1,""
631,"100","UKRN04","Full-time","No","Year 2","3","Psychology","Yes","Male","UKRN",1,2,2,1,0,1,1,1,-1,1,2,2,2,2,2,-1,-2,3,3,2,2,0,0,3,2,0,0,0,0,0,0,0,0,1,1,1,1,1,1,1,1,15,15,15,15,0,8,1,1,0,1,1,1,""
632,"100","UNI22","Full-time","Yes","Year 1","3","Psychology with Developmental Disorders ","No","Female","Non-UKRN",1,2,-1,0,-2,0,1,-1,-2,0,-2,2,-1,2,-2,0,-1,0,4,2,0,1,2,1,4,0,1,1,0,1,1,0,1,1,0,0,1,0,0,1,0,-5,-5,14,14,5,3,0,NA,NA,0,0,1,"I think this is a refreshing survey to take and it relates to my studies. "
633,"100","UKRN03","Full-time","No","Year 1","3","Psychology and Linguistics","Yes","Female","UKRN",1,2,2,1,1,1,1,1,1,2,1,1,2,0,-1,0,-1,1,3,3,1,0,3,3,3,1,0,1,0,0,0,0,1,0,0,0,0,0,0,0,0,14,14,17,17,3,0,1,1,1,0,0,1,""
634,"100","UKRN04","Full-time","No","Year 2","3","Psychology","Yes","Female","UKRN",1,2,2,2,1,1,1,0,-1,-1,0,2,2,1,2,-2,-1,0,2,4,4,1,3,4,3,1,1,0,1,1,1,1,1,0,0,1,0,0,0,0,0,11,11,21,21,7,1,1,1,1,1,1,1,""
635,"100","UNI07","Full-time","Yes","Year 2","4","Abnormal and Clinical Psychology ","No","Female ","Non-UKRN",1,1,2,1,1,1,2,2,2,1,1,1,1,0,0,0,1,4,4,3,3,1,1,3,3,0,0,1,0,0,0,0,0,0,0,1,0,0,0,0,0,17,17,22,22,1,1,0,NA,NA,0,0,1,""
636,"100","UKRN07","Full-time","Yes","Year 2","4","Psychology (with Professional Placement) BSc","Yes","Female","UKRN",1,1,2,1,-1,2,0,2,0,1,-2,2,2,1,2,-2,-2,3,3,4,0,0,3,4,2,1,1,1,0,0,1,1,1,0,0,0,0,0,0,0,0,9,9,19,19,6,0,0,NA,NA,0,0,1,""
637,"100","UKRN07","Full-time","No","Year 2","3","BSc Psychology","Yes","Female","UKRN",1,2,1,1,1,1,1,1,1,1,1,-1,1,1,-1,1,1,3,3,3,3,3,4,1,3,0,0,0,0,0,0,0,0,1,1,1,0,0,1,0,0,13,13,23,23,0,4,0,NA,NA,1,0,1,""
638,"100","UKRN07","Full-time","Other (Please specify)","Placement Year","4","Speech and Language Therapy ","No","Female","UKRN",1,-2,2,-2,2,0,2,-1,0,2,2,2,2,-1,-2,-1,2,4,4,4,4,1,3,4,4,0,0,1,1,0,0,1,1,0,0,1,1,0,0,1,1,7,7,28,28,4,4,0,NA,NA,0,0,1,""
639,"100","UKRN07","Full-time","No","Year 2","3","BSc Psychology and Language Sciences","Yes","female","UKRN",1,1,1,1,1,1,1,2,2,1,1,1,1,0,0,1,1,4,3,4,1,3,3,2,3,0,0,1,0,0,1,1,1,0,0,0,0,0,0,0,0,16,16,23,23,4,0,0,NA,NA,0,0,1,""
640,"100","UNI01","Full-time","No","Final Year","3","Psychology BSc","Yes","Female","Non-UKRN",1,1,1,0,-2,1,1,2,1,1,-2,1,0,1,-2,-1,-1,3,1,3,3,0,1,2,2,1,1,1,1,0,1,0,1,1,0,1,1,0,1,0,1,2,2,15,15,6,5,0,NA,NA,0,0,1,""
641,"100","UKRN07","Full-time","Yes","Final Year","4","BSc Psychology","Yes","Female","UKRN",1,2,1,1,1,1,1,1,0,1,1,1,2,2,1,-1,-1,4,3,3,3,1,3,3,3,1,0,1,1,0,0,1,1,0,0,0,0,0,0,1,0,14,14,23,23,5,1,1,1,1,0,0,1,""
643,"100","UKRN07","Full-time","No","Year 2","3","Bsc","Yes","female","UKRN",1,2,2,2,1,2,1,2,-1,1,1,-1,2,-1,-2,-1,-1,4,3,1,0,0,1,1,2,1,1,1,0,0,1,1,1,0,0,0,1,1,0,0,0,9,9,12,12,6,2,0,NA,NA,0,0,1,""
644,"100","UKRN04","Full-time","No","Final Year","3","Psychology and Criminology ","No","Female ","UKRN",1,1,-1,1,1,1,0,1,-2,1,-1,-1,2,0,1,1,-2,3,1,3,1,1,2,3,3,1,1,0,1,1,1,1,0,0,0,1,0,0,0,0,1,3,3,17,17,6,2,0,NA,NA,1,0,1,""
645,"100","UKRN07","Full-time","No","Final Year","3","Bsc psychology ","Yes","Female ","UKRN",1,2,2,2,1,2,1,2,2,1,-1,1,1,1,2,2,-1,4,3,4,1,4,3,3,3,0,0,0,1,1,0,0,0,0,0,1,0,0,0,1,1,20,20,25,25,2,3,1,1,NA,0,0,1,""
646,"100","UKRN07","Full-time","Other (Please specify)","Year 1","3","BSc Psychology","Yes","Female","UKRN",1,2,2,0,1,0,0,1,1,1,0,-1,1,1,0,0,0,4,3,3,2,3,2,2,2,0,0,1,0,0,0,1,1,0,0,0,0,0,0,0,0,9,9,21,21,3,0,0,NA,NA,0,0,0,""
647,"100","UNI21","Full-time","No","Year 1","1","Clinical health psychology ","No","Female ","Non-UKRN",1,1,0,0,0,1,0,1,0,0,0,-1,1,0,1,1,0,4,4,3,1,1,3,2,3,1,1,0,1,0,0,1,0,0,0,1,0,1,1,0,1,5,5,21,21,4,4,1,0,0,0,0,1,""
648,"100","UKRN02","Full-time","Yes","Year 1","4","BSc (Hons) Psychology","Yes","Female","UKRN",1,2,1,2,-1,1,1,1,-1,2,1,2,-1,1,-2,1,-1,3,1,3,3,3,3,4,4,1,1,1,0,1,1,1,1,0,0,0,1,0,0,0,0,9,9,24,24,7,1,1,0,0,0,0,1,""
649,"100","UKRN01","Full-time","No","Year 1","2","Psychology ","No","Female","UKRN",1,1,-2,2,-2,0,0,0,1,1,-2,1,2,-1,0,1,0,3,0,3,1,2,4,4,2,1,1,1,0,1,1,0,0,0,0,0,1,0,0,1,1,2,2,19,19,5,3,0,NA,NA,1,1,1,""
650,"100","UNI07","Full-time","No","Year 2","3","Psychology","Yes","female","Non-UKRN",1,1,0,0,0,0,0,1,0,1,-2,1,2,0,2,-2,-2,1,1,2,2,1,2,2,2,0,0,1,0,1,1,0,1,1,1,0,1,0,0,1,0,2,2,13,13,4,4,0,NA,NA,0,0,1,""
651,"100","UKRN07","Full-time","Yes","Placement Year","3","BSc Psychology","Yes","Female","UKRN",1,1,2,0,1,1,0,2,1,1,-2,1,2,1,2,-1,-2,3,1,3,1,1,3,3,3,0,0,1,0,0,1,1,1,0,0,0,0,0,0,0,0,10,10,18,18,4,0,1,1,1,0,0,1,""
652,"100","UNI19","Full-time","No","Year 1","3","Psyhcology","Yes","Female","Non-UKRN",1,2,2,0,0,1,0,0,-1,0,-1,0,2,0,1,0,-2,3,2,3,0,0,3,2,3,1,1,1,1,0,1,0,1,0,0,0,0,0,0,0,0,4,4,16,16,6,0,1,0,0,0,0,1,""
653,"100","UKRN04","Full-time","No","Year 1","3","Psychology","Yes","Female","UKRN",1,-1,1,-1,0,0,0,2,1,1,1,2,2,0,-1,-1,-1,3,1,3,2,2,1,3,2,1,1,1,1,1,1,1,1,0,0,1,0,0,1,0,1,5,5,17,17,8,3,1,0,0,0,0,1,""
654,"100","UKRN04","Full-time","No","Year 1","3","Education and psychology ","Yes","Female","UKRN",1,1,1,1,1,1,1,1,1,1,1,1,1,1,-1,-1,-1,3,3,3,3,1,3,3,3,1,0,1,0,1,1,0,1,0,0,0,0,0,0,0,0,10,10,22,22,5,0,0,NA,NA,0,0,1,""
655,"100","UKRN04","Full-time","No","Final Year","4","Bsc psychology with year abroad","Yes","Femal","UKRN",1,2,2,1,2,1,0,2,1,1,0,2,2,1,2,1,-2,4,4,3,1,0,2,4,4,0,1,1,0,0,0,0,1,0,0,1,0,0,0,0,0,18,18,22,22,3,1,1,0,1,0,0,1,""
656,"100","UKRN04","Full-time","No","Year 1","3","education and psychology","Yes","female","UKRN",1,2,1,1,1,1,1,1,1,1,1,1,2,1,1,0,1,3,3,3,3,2,3,3,2,1,0,1,1,0,1,0,1,0,1,0,0,1,0,1,0,17,17,22,22,5,3,1,1,1,0,0,1,""
657,"100","UKRN04","Full-time","No","Final Year","3","Psychology","Yes","Female","UKRN",1,1,2,1,-1,1,2,1,2,1,-2,2,2,1,2,-2,-2,4,4,3,1,0,2,4,4,1,1,1,1,1,1,1,1,0,0,0,0,0,0,0,0,11,11,22,22,8,0,1,1,0,1,1,1,""
658,"100","UKRN04","Full-time","No","Year 1","3","Psychology BSc","Yes","Female","UKRN",1,2,-1,1,-2,-1,2,1,-1,2,-2,0,2,2,1,-1,-2,4,3,4,3,0,3,3,3,1,1,1,1,1,1,0,1,0,0,1,1,0,1,0,1,3,3,23,23,7,4,1,1,0,1,1,1,""
659,"100","UKRN04","Full-time","No","Year 1","3","Psychology Bsc","Yes","Female ","UKRN",1,1,1,1,1,1,1,1,1,1,1,1,1,1,-1,0,-1,3,3,3,3,1,3,3,3,1,1,0,1,1,1,1,1,0,0,1,0,0,0,0,0,11,11,22,22,7,1,0,NA,NA,0,0,1,""
660,"100","UKRN04","Full-time","No","Year 1","4","Psychology","Yes","Female","UKRN",1,2,2,2,2,1,1,1,1,2,2,1,2,2,1,-1,-1,4,4,4,4,2,3,3,4,1,1,1,1,1,1,1,1,1,1,1,0,0,0,0,0,20,20,28,28,8,3,1,1,1,1,1,1,""
661,"100","UKRN04","Full-time","No","Year 1","3","Psychology","Yes","Female","UKRN",1,2,2,2,2,2,2,2,2,2,2,2,2,-2,2,-1,-2,4,3,4,0,0,2,4,4,0,0,0,0,0,0,0,1,0,0,0,0,0,0,0,0,21,21,21,21,1,0,0,NA,NA,0,0,1,""
662,"100","UNI22","Full-time","No","Year 2","3","Psychology ","Yes","Male","Non-UKRN",1,-1,1,1,1,1,1,1,-1,1,1,1,1,0,-1,1,-1,3,1,3,1,1,3,3,3,0,0,0,0,0,0,0,0,1,1,1,0,0,1,0,1,7,7,18,18,0,5,1,1,1,1,1,1,""
663,"100","UKRN04","Full-time","No","Final Year","3","Criminology & Psychology","Yes","female","UKRN",1,2,2,1,0,0,1,2,1,0,0,0,2,2,2,-2,-2,3,2,2,2,1,3,3,2,1,1,1,1,0,1,1,1,1,1,1,0,0,1,0,0,11,11,18,18,7,4,1,1,0,0,0,1,""
664,"100","UKRN04","Full-time","No","Year 1","3","Psychology ","No","male","UKRN",1,1,-1,1,-1,1,-1,1,-2,1,-1,1,-1,1,-1,2,-1,3,3,2,1,2,3,1,1,1,1,1,1,1,1,1,1,1,0,0,0,0,1,0,0,0,0,16,16,8,2,0,NA,NA,1,1,1,""
665,"100","UKRN04","Full-time","No","Final Year","3","BSc (Hons) Criminology & Psychology","No","Female","UKRN",1,2,2,2,2,2,2,1,1,2,2,-1,2,0,-1,-1,1,4,4,4,0,3,4,2,4,1,1,0,1,1,1,0,1,0,0,1,0,0,0,1,0,18,18,25,25,6,2,0,NA,NA,0,0,1,"Data should be shared so others can review its validity and reliability, although always protecting the anonimity of participants."
666,"100","UKRN04","Full-time","No","Final Year","3","Psychology","Yes","Female ","UKRN",1,2,2,1,-2,1,1,1,0,1,-2,2,2,1,2,-2,1,4,4,4,0,0,2,3,4,0,1,0,0,0,0,0,0,1,0,1,1,1,1,1,1,11,11,21,21,1,7,1,0,1,1,1,1,""
667,"100","UKRN04","Full-time","No","Year 1","3","Psychology and criminology ","Yes","Female ","UKRN",1,2,1,1,-2,2,0,2,-1,0,-1,2,-2,2,-2,0,-1,3,1,2,1,1,3,3,3,1,0,1,0,0,0,1,1,0,1,0,1,1,1,0,0,3,3,17,17,4,4,1,0,NA,0,1,1,""
668,"100","UKRN04","Full-time","No","Final Year","3","Psychology, BSc (Hons)","No","Female ","UKRN",1,2,2,2,2,2,0,2,0,2,-2,2,2,2,2,-2,-2,3,4,3,3,2,3,3,4,1,1,1,1,1,1,1,1,0,0,0,0,0,0,0,0,16,16,25,25,8,0,1,1,1,0,0,1,""
669,"100","UKRN04","Full-time","No","Year 1","3","Psychology BCs","Yes","Female ","UKRN",1,2,2,1,1,0,2,0,-1,1,0,1,2,1,0,-2,-1,3,2,1,1,1,1,2,1,1,1,0,1,1,1,1,0,0,0,1,0,0,0,0,1,9,9,12,12,6,2,1,1,NA,0,0,1,""
670,"100","UKRN04","Full-time","No","Year 1","3","BSc (Hons) Psychology","No","Female","UKRN",1,2,2,1,2,2,1,2,1,1,2,2,2,1,2,-1,-1,4,4,4,3,1,4,4,3,1,1,1,1,0,1,1,1,1,0,1,0,1,1,0,1,21,21,27,27,7,5,1,1,1,1,1,1,""
671,"100","UNI24","Full-time","Other (Please specify)","Year 2","3","BSc Psychology","No","Female","Non-UKRN",1,1,1,2,2,0,1,2,2,2,-2,1,2,-1,2,-1,-1,3,3,1,1,2,2,3,3,0,0,1,0,0,1,0,1,0,0,0,0,0,0,0,0,13,13,18,18,3,0,0,NA,NA,0,0,1,""
672,"100","UKRN04","Full-time","No","Final Year","3","Psychology ","Yes","Male","UKRN",1,2,2,1,2,1,0,-1,0,0,-1,1,2,1,-1,-1,-1,3,3,2,1,0,3,3,3,0,0,0,0,0,0,0,0,1,1,1,1,0,1,0,1,7,7,18,18,0,6,1,0,0,0,0,1,"There could be better distinction between what someone ""should"" do (morally) and what they ""have to"" do (legally and within APA rules)"
673,"100","UKRN04","Full-time","Yes","Year 1","3","Psychology","Yes","female","UKRN",1,2,1,2,1,1,1,0,-1,1,1,1,2,2,2,-1,-1,4,4,4,3,0,3,4,4,1,1,1,0,1,0,0,1,0,1,1,0,0,0,0,1,14,14,26,26,5,3,1,1,1,1,1,1,""
674,"100","UKRN04","Full-time","No","Final Year","3","Criminology with Psychology","Yes","Female","UKRN",1,2,2,1,2,1,1,2,1,0,0,1,2,0,-1,-1,1,3,3,3,2,2,2,3,3,1,1,0,0,0,0,1,1,0,0,1,0,0,0,0,0,14,14,21,21,4,1,1,0,0,0,0,1,""
675,"100","UKRN07","Full-time","No","Final Year","4","Art and Psychology","No","Female","UKRN",1,2,-1,2,0,2,1,2,1,2,2,1,2,2,-2,0,-1,3,3,4,3,3,4,3,4,0,0,1,1,0,0,1,1,0,0,1,0,0,0,1,1,15,15,27,27,4,3,1,0,0,0,0,1,""
676,"100","UKRN04","Full-time","No","Year 1","3","Psychology Bsc","Yes","Female ","UKRN",1,2,2,1,2,-1,2,1,-1,0,1,1,2,-1,2,-1,-2,4,4,2,1,0,2,4,4,1,1,0,1,1,0,1,0,0,0,1,0,0,1,0,1,10,10,21,21,5,3,1,1,1,0,0,1,""
677,"100","UKRN07","Full-time","No","Year 1","3","BSc Psychology","Yes","Woman","UKRN",1,2,2,1,2,2,1,-1,-1,0,-2,1,2,1,1,-1,-2,4,4,4,3,0,4,4,4,1,1,1,1,1,1,0,1,0,0,0,0,0,0,0,0,8,8,27,27,7,0,1,0,1,1,0,1,""
695,"100","UKRN04","Full-time","Other (Please specify)","Year 1","3","Psychology","No","female","UKRN",1,1,2,2,2,2,2,-1,1,2,2,2,2,2,2,-1,-2,4,4,0,3,3,4,3,3,1,1,1,1,1,0,1,1,0,0,1,0,1,0,0,0,20,20,24,24,7,2,1,1,1,0,1,1,"Undergraduate students should be looking to replicate past research as part of their research project to assist in improving the reliability and validity of these past researches.  Also, the powers that be; who make the decision on what new research should be published should also invest, support and encourage the efforts required for replications."
699,"100","UNI19","Full-time","No","Year 1","3","BSc Psychology ","Yes","Female","Non-UKRN",1,1,1,0,-1,0,0,1,1,0,-1,1,2,0,0,-1,-1,3,3,1,1,1,3,2,1,0,0,1,0,0,0,0,1,0,0,0,0,0,0,0,1,3,3,15,15,2,1,1,1,1,0,0,1,""
700,"100","UKRN07","Full-time","No","Year 2","3","Mathematics and Psychology ","Yes","Female","UKRN",1,2,2,-1,1,0,2,-1,-1,-2,0,1,2,-1,1,-2,0,4,2,3,2,1,1,2,2,1,1,0,1,1,0,1,0,0,0,1,0,0,1,0,1,3,3,17,17,5,3,0,NA,NA,0,0,1,""
701,"100","UKRN04","Full-time","No","Final Year","3","BSc Psychology","Yes","Male","UKRN",1,2,1,2,-2,1,1,1,-2,-1,-1,2,2,0,1,-1,-1,4,4,4,3,1,1,3,3,0,0,1,0,1,1,0,1,0,0,1,0,0,0,0,0,5,5,23,23,4,1,1,1,1,1,1,1,""
702,"100","UKRN04","Full-time","No","Year 1","3","Psychology","No","Female ","UKRN",1,2,1,0,-2,1,1,0,-1,1,-2,1,0,1,1,1,1,1,1,2,3,1,1,2,2,1,1,1,0,0,1,1,1,0,0,0,1,1,0,0,0,6,6,13,13,6,2,1,1,0,1,1,0,""
703,"59","UKRN04","Full-time","No","Final Year","3","BSc Psychology ","Yes","Female ","UKRN",1,2,1,2,-1,1,-1,-1,0,1,-2,2,2,0,0,1,-1,4,3,NA,NA,NA,NA,NA,NA,1,1,0,0,1,0,1,0,0,0,1,0,0,1,0,1,6,6,NA,NA,4,3,NA,NA,NA,NA,NA,NA,""
704,"100","UNI21","Full-time","No","Year 2","3","Psychology ","Yes","Female","Non-UKRN",1,2,1,1,1,-1,0,2,1,1,-1,2,1,1,1,0,1,3,3,3,1,1,0,3,3,0,1,0,0,0,1,0,1,0,0,1,0,0,0,0,0,13,13,17,17,3,1,1,1,0,0,0,1,""
705,"100","UNI68","Full-time","Yes","Year 2","4","Psychology with placement year BSc","Yes","Female ","Non-UKRN",1,1,1,-1,1,1,1,2,1,1,0,-1,2,0,2,0,1,3,3,3,3,3,3,3,3,0,0,0,1,1,1,1,0,1,1,1,0,0,0,0,1,12,12,24,24,4,4,0,NA,NA,0,0,0,""
707,"100","UNI20","Full-time","No","Final Year","3","BSc Psychology Hons","Yes","male","Non-UKRN",1,1,1,2,1,1,1,1,1,1,1,0,2,1,1,0,1,4,3,3,3,3,3,3,3,1,1,1,1,1,0,1,1,0,0,0,0,0,1,0,0,16,16,25,25,7,1,1,1,1,1,0,1,"More openness, collaboration and sharing of research, methodologies data and publishing should be encouraged."
708,"100","UNI20","Full-time","Yes","Year 2","3","BSC Psychology ","Yes","Female","Non-UKRN",1,2,2,0,2,1,1,2,1,2,1,1,2,-1,2,-1,1,4,3,4,3,3,4,4,4,1,0,1,0,1,1,0,1,0,1,0,1,0,0,1,0,18,18,29,29,5,3,0,NA,NA,0,0,1,""
709,"100","UNI69","Full-time","No","Year 2","4","Bsc psychology with foundation year","No","Female","Non-UKRN",1,1,1,-1,0,1,1,1,1,1,-1,1,2,0,1,-1,0,3,3,3,1,3,3,3,3,1,1,1,0,1,1,1,1,0,0,0,1,0,0,0,0,8,8,22,22,7,1,1,0,NA,0,0,1,""
710,"100","UKRN08","Full-time","No","Final Year","3","Psychology with criminology ","No","Male","UKRN",1,1,1,0,1,1,1,1,1,1,-2,1,2,2,1,0,-1,4,3,3,4,2,3,4,3,1,0,1,1,0,0,1,1,1,0,1,1,0,0,1,1,11,11,26,26,5,5,1,1,1,1,1,1,""
711,"100","UKRN08","Full-time","No","Final Year","3","Psychology ","Yes","Female","UKRN",1,2,1,2,1,0,0,0,-1,1,-2,2,2,1,2,1,-1,3,3,2,3,1,3,4,3,1,1,1,1,0,0,1,1,0,0,0,0,0,0,0,0,11,11,22,22,6,0,1,1,1,1,1,1,""
712,"100","UKRN08","Full-time","No","Final Year","3","BSc (Hong) Psychology","Yes","Female","UKRN",1,-1,2,0,-2,2,-1,2,2,2,-2,1,2,1,-2,-2,1,3,3,3,3,0,3,3,2,1,1,1,1,0,0,0,1,0,0,0,0,1,1,1,0,5,5,20,20,5,3,1,1,1,1,1,1,""
714,"100","UKRN08","Full-time","No","Year 1","3","Psychology ","Yes","Female","UKRN",1,1,0,0,0,-1,1,2,-1,0,-1,1,1,1,1,1,-2,1,1,3,1,1,1,3,2,1,1,1,1,1,1,1,1,0,0,1,0,0,1,0,1,4,4,13,13,8,3,1,1,1,0,1,1,""
715,"100","UKRN08","Full-time","Yes","Year 2","3","Psychology","Yes","Male","UKRN",1,2,2,0,2,1,0,1,1,1,-1,2,2,1,2,1,1,4,3,2,3,1,0,4,3,1,1,0,1,0,1,0,1,0,0,1,0,0,0,0,0,18,18,20,20,5,1,1,1,1,1,1,1,""
716,"100","UKRN08","Full-time","Yes","Placement Year","4","BSc Psychology ","Yes","female ","UKRN",1,2,2,2,2,2,2,2,2,2,2,1,2,2,1,1,-1,4,4,4,4,0,4,4,4,0,0,1,1,0,1,1,1,0,0,1,0,0,0,0,0,26,26,28,28,5,1,1,1,1,1,1,1,""
717,"100","UNI69","Full-time","No","Year 1","4","Psychology with foundation","No","Female","Non-UKRN",1,1,1,2,1,1,-2,2,1,-2,-2,1,-2,2,0,1,-2,3,4,0,3,1,1,3,1,0,0,1,0,0,1,0,0,0,0,1,0,0,1,0,0,3,3,16,16,2,2,0,NA,NA,0,0,1,""
718,"100","UKRN08","Full-time","Yes","Year 2","3","Psychology ","Yes","F","UKRN",1,1,1,1,0,1,0,1,1,2,2,1,2,1,-1,0,1,4,3,3,2,3,3,3,3,1,0,0,1,1,0,0,0,0,1,1,0,0,1,1,1,14,14,24,24,3,5,1,1,1,0,1,1,""
719,"100","UKRN08","Full-time","No","Year 1","3","Psychology","Yes","Female","UKRN",1,1,2,0,-2,1,0,1,0,1,-2,1,1,2,1,-1,-2,3,3,3,1,0,2,3,3,1,1,1,1,0,1,0,1,0,0,0,0,1,1,1,0,4,4,18,18,6,3,1,1,0,0,0,1,""
720,"100","UKRN08","Full-time","No","Year 2","3","Bsc (hons) Psychology with Criminology ","Yes","Female","UKRN",1,2,2,1,1,1,2,1,1,1,-1,1,1,2,1,-2,-2,3,3,3,1,1,3,1,2,1,1,1,1,1,1,1,1,0,0,1,0,0,1,0,1,12,12,17,17,8,3,1,1,1,1,1,1,""
722,"100","UKRN08","Full-time","No","Final Year","3","Psychology with Criminology ","Yes","Female ","UKRN",1,1,2,1,1,1,1,0,-1,1,1,1,1,0,-1,0,-1,3,3,3,3,2,2,2,2,0,0,1,0,0,0,1,0,0,0,1,0,0,0,1,0,8,8,20,20,2,2,1,1,0,0,0,1,""
723,"100","UKRN08","Full-time","No","Year 2","3","Psychology BSc","Yes","Female","UKRN",1,2,2,1,2,2,2,2,1,1,1,2,2,1,2,-1,-2,4,4,4,4,1,1,3,3,1,0,1,1,0,1,0,1,0,0,1,0,0,1,0,1,20,20,24,24,5,3,1,1,1,0,1,1,""
724,"100","UKRN08","Full-time","No","Final Year","3","BSc Psychology (Hons)","No","Female","UKRN",1,2,2,2,2,2,2,2,2,2,2,2,2,2,2,0,-1,4,4,4,2,3,4,4,4,1,1,1,1,1,1,1,1,1,0,1,1,0,0,0,0,27,27,29,29,8,3,1,1,1,1,1,1,""
725,"100","UKRN08","Full-time","No","Final Year","3","Psychology ","Yes","Female","UKRN",1,2,2,1,1,1,1,1,1,1,-2,2,1,1,1,-1,-1,4,3,4,2,1,1,3,3,1,1,0,1,1,0,1,1,0,0,1,0,0,1,0,0,12,12,21,21,6,2,0,NA,NA,0,0,1,""
726,"100","UKRN08","Full-time","No","Year 2","3","BSc Hons Psychology ","Yes","Female","UKRN",1,1,2,-1,1,0,1,1,0,2,2,1,1,-1,-1,-1,-1,3,1,3,1,1,3,3,2,1,1,1,1,1,1,1,1,0,0,0,0,0,0,0,0,7,7,17,17,8,0,1,0,0,1,0,1,""
727,"100","UKRN08","Full-time","Yes","Year 2","3","Psychology BSc","Yes","Female","UKRN",1,2,2,-1,2,2,2,2,2,-1,-1,2,2,2,2,1,1,4,0,4,4,1,2,4,4,0,0,0,0,0,1,0,0,0,0,1,1,0,0,1,1,21,21,23,23,1,4,1,1,0,1,1,1,""
728,"100","UKRN08","Full-time","No","Year 1","4","Psychology with Criminology (BSc) ","Yes","Female","UKRN",1,1,1,1,1,1,0,1,1,1,1,1,1,0,1,-1,-1,3,3,3,1,2,3,3,2,1,1,1,1,1,1,1,1,1,0,1,1,0,1,0,0,10,10,20,20,8,4,1,1,1,1,1,1,""
729,"100","UKRN08","Full-time","No","Year 1","3","Psychology ","No","Female ","UKRN",1,1,1,2,0,0,0,1,1,1,1,2,2,1,2,0,-1,3,1,3,3,3,3,3,2,1,1,1,1,0,0,0,0,0,0,0,0,0,0,0,1,14,14,21,21,4,1,1,1,1,1,1,1,""
730,"100","UKRN08","Full-time","No","Final Year","3","BSc psychology ","Yes","Female","UKRN",1,2,2,2,2,2,2,1,1,2,-2,1,2,2,2,-2,-2,4,4,4,4,0,4,3,4,1,1,1,1,1,1,1,1,1,1,1,1,0,1,1,1,17,17,27,27,8,7,1,1,1,1,1,1,""
731,"100","UKRN08","Full-time","No","Final Year","3","BSc Hons Psychology","Yes","Female","UKRN",1,1,1,1,1,0,-1,1,1,-1,-2,1,2,1,-1,-1,-1,3,3,3,3,3,3,3,1,1,1,1,1,1,1,1,1,0,0,1,0,0,1,1,0,3,3,22,22,8,3,1,1,1,0,1,1,""
732,"100","UKRN08","Full-time","Yes","Placement Year","4","Psychology","Yes","Female","UKRN",1,1,2,1,0,0,1,2,1,2,0,0,1,2,-1,1,1,4,3,4,1,3,3,2,2,1,1,1,0,1,1,0,1,0,0,0,1,0,0,1,0,14,14,22,22,6,2,1,1,1,1,0,1,""
733,"100","UKRN08","Full-time","Yes","Year 2","3","Psychology ","Yes","Male ","UKRN",1,1,2,2,-1,1,0,1,1,1,-2,1,2,0,1,-1,-2,4,4,3,1,0,0,3,2,1,1,1,1,1,1,1,0,0,0,0,0,0,0,0,1,7,7,17,17,7,1,1,1,1,0,0,1,""
734,"100","UKRN08","Full-time","No","Final Year","3","Psychology with criminology ","Yes","Fenale","UKRN",1,2,2,0,2,0,1,1,-1,1,-1,2,-2,2,-1,-1,2,4,4,4,1,2,2,4,4,1,1,0,1,1,1,1,0,0,0,1,0,0,0,0,1,9,9,25,25,6,2,1,1,0,0,1,1,""
735,"100","UKRN08","Full-time","No","Year 1","3","Psychology with Criminology ","No","Female ","UKRN",1,1,2,1,1,0,1,0,0,1,1,1,2,2,1,-1,-1,4,4,2,4,1,3,2,2,1,0,1,1,0,1,0,1,0,0,0,0,0,0,0,1,12,12,22,22,5,1,1,1,1,1,1,1,""
736,"100","UKRN08","Full-time","No","Year 1","3","Psychology ","No","Female","UKRN",1,2,2,2,2,2,1,2,-1,2,1,2,2,2,-2,-1,-2,4,3,4,3,0,3,3,3,0,0,0,1,0,1,0,0,1,1,1,0,0,0,0,1,16,16,23,23,2,4,1,1,1,0,0,1,""
738,"100","UNI20","Full-time","Yes","Year 2","3","Psychology ","No","Female","Non-UKRN",1,1,1,0,0,0,2,0,0,2,1,0,1,0,2,-1,-1,4,2,2,1,1,1,2,4,1,0,1,0,0,0,0,0,0,1,0,1,1,1,1,1,8,8,17,17,2,6,0,NA,NA,1,0,0,"Whether or not these questions are applicable to undergraduate students, I think is course specific"
740,"100","UKRN08","Full-time","Yes","Year 1","4","Psychology ","Yes","Male","UKRN",1,1,2,2,1,1,1,2,1,1,0,0,2,1,0,0,-2,4,4,1,1,0,0,1,4,0,0,0,1,0,0,1,0,0,0,1,0,0,1,0,1,13,13,15,15,2,3,1,1,1,0,0,1,""
742,"100","UNI01","Full-time","No","Year 2","3","psychology","Yes","female","Non-UKRN",1,1,-1,1,-2,1,1,1,1,-1,-2,1,0,-1,0,0,-1,3,3,3,1,1,2,3,3,0,1,1,0,1,0,0,1,1,0,0,0,0,0,0,0,-1,-1,19,19,4,1,1,1,0,0,0,0,""
743,"100","UKRN08","Full-time","No","Final Year","3","Psychology","Yes","Female ","UKRN",1,2,2,1,1,1,1,2,1,2,1,1,2,1,0,-1,-1,4,3,4,4,1,3,3,3,1,1,1,1,0,1,1,1,0,0,0,0,1,0,0,0,16,16,25,25,7,1,1,1,1,0,1,1,""
744,"100","UKRN08","Full-time","No","Final Year","3","Psychology ","Yes","Female ","UKRN",1,0,2,0,1,-1,0,1,0,-2,-2,1,2,1,2,-2,-1,2,2,0,4,1,3,3,2,1,1,0,1,1,0,1,1,0,0,1,0,0,1,0,0,2,2,17,17,6,2,1,0,0,0,1,0,""
746,"100","UNI52","Full-time","No","Year 2","3","Childhood and Youth and Psychology ","Yes","Female","Non-UKRN",1,1,1,1,-1,0,2,2,1,-2,-2,1,2,1,1,-2,-1,3,2,3,0,3,2,3,3,1,0,1,0,1,1,0,1,0,0,1,0,0,1,0,0,5,5,19,19,5,2,0,NA,NA,0,0,1,""
747,"100","UNI52","Full-time","No","Year 2","3","Psychology","Yes","Female","Non-UKRN",1,1,1,2,1,1,0,1,-1,-2,-2,1,2,1,1,-1,-1,3,3,0,0,0,0,1,1,1,0,0,1,1,0,1,0,0,1,1,0,0,1,0,1,5,5,8,8,4,4,0,NA,NA,1,0,1,""
748,"100","UNI52","Full-time","No","Year 2","3","Psychology ","No","Female","Non-UKRN",1,0,1,-1,1,1,1,2,2,0,-1,-1,1,1,-1,-1,-1,3,1,1,1,1,3,1,2,1,0,1,0,0,1,0,0,0,0,1,0,0,0,0,0,4,4,13,13,3,1,0,NA,NA,0,0,1,""
749,"100","UNI52","Full-time","No","Year 2","3","BSc Psychology ","Yes","Female ","Non-UKRN",1,2,2,0,2,0,-1,2,-2,2,-1,0,1,1,-1,0,-2,4,4,4,1,0,3,1,3,0,0,1,1,0,1,0,1,0,0,1,0,0,1,0,0,5,5,20,20,4,2,1,0,1,1,1,1,""
750,"100","UNI52","Full-time","No","Year 1","3","Psychology","Yes","Female","Non-UKRN",1,2,1,2,2,1,1,2,1,1,1,1,2,2,1,-2,-1,3,3,3,1,1,3,4,3,1,1,1,1,1,1,0,1,0,1,1,1,0,1,0,0,17,17,21,21,7,4,1,1,1,1,1,1,""
751,"100","UNI52","Full-time","No","Final Year","3","Mathematics and Psychology","Yes","Female","Non-UKRN",1,0,1,1,1,1,1,2,1,0,1,1,1,-1,0,1,-1,3,3,4,1,0,3,1,3,0,0,1,0,1,1,0,1,1,1,0,1,0,0,1,0,10,10,18,18,4,4,0,NA,NA,1,1,1,""
752,"100","UNI52","Full-time","No","Year 1","3","Psychology","Yes","Male","Non-UKRN",1,2,2,2,2,2,2,2,2,2,1,1,2,2,2,-2,-2,4,4,4,4,1,4,4,4,1,1,1,0,0,1,0,1,0,0,0,1,1,0,1,0,22,22,29,29,5,3,1,0,0,0,0,1,""
753,"100","UNI52","Full-time","No","Final Year","3","Psychology ","Yes","Female","Non-UKRN",1,2,1,1,1,1,1,2,1,2,2,-1,2,0,-1,-1,1,1,3,3,2,1,1,1,2,1,0,1,0,0,1,0,1,1,0,1,0,0,1,0,1,14,14,14,14,4,4,0,NA,NA,1,0,1,""
754,"100","UNI52","Full-time","No","Year 1","3","Psychology health and wellbeing","No","Male","Non-UKRN",1,1,0,1,1,1,0,1,1,1,0,0,1,-1,-1,0,1,3,2,3,2,3,3,2,2,1,1,1,0,1,0,1,0,0,0,0,1,0,1,0,1,7,7,20,20,5,3,0,NA,NA,0,0,1,"Not at this time"
755,"100","UNI52","Full-time","No","Year 2","3","Psychology ","No","Female ","Non-UKRN",1,2,2,-1,1,0,2,2,2,1,-2,2,2,-2,1,-2,-1,4,3,4,3,1,1,1,4,1,1,1,1,1,1,1,1,0,0,0,0,0,0,0,0,9,9,21,21,8,0,1,1,0,0,0,1,""
756,"100","UNI52","Full-time","No","Year 1","3","Psychology ","No","Female ","Non-UKRN",1,1,0,1,1,1,1,2,0,2,-1,1,1,-1,1,-1,0,3,1,3,2,2,3,1,3,1,1,0,1,1,1,1,0,0,0,1,0,0,0,0,1,9,9,18,18,6,2,1,1,1,0,0,1,""
757,"100","UNI52","Full-time","No","Year 2","3","Childhood youth studies and psychology ","Yes","Female ","Non-UKRN",1,0,1,1,-1,1,1,2,0,1,-1,2,2,1,1,-1,-1,3,1,3,0,2,3,3,3,1,1,0,1,1,0,0,1,0,0,1,0,0,1,1,0,9,9,18,18,5,3,1,0,NA,0,0,1,""
758,"100","UNI52","Full-time","No","Year 2","3","BSc Psychology","Yes","Female","Non-UKRN",1,1,2,2,2,1,1,-1,-1,-1,-2,1,2,0,1,-1,0,3,3,2,1,1,1,3,3,0,1,1,0,1,1,0,1,0,1,1,0,0,1,0,1,7,7,17,17,5,4,0,NA,NA,0,0,1,""
759,"100","UKRN08","Full-time","Yes","Year 2","3","Psychology with Criminology","Yes","Female","UKRN",1,1,1,1,1,1,-1,2,2,-1,-2,1,2,1,0,0,-1,3,3,3,1,0,0,3,2,0,0,0,0,1,0,0,0,1,1,1,1,0,1,1,1,8,8,15,15,1,7,1,0,1,0,0,1,""
760,"100","UNI52","Full-time","No","Year 2","3","Psychology and Creative Writing ","No","Female","Non-UKRN",1,2,2,1,0,0,0,2,1,0,-2,1,0,1,-2,0,-1,2,2,4,4,2,4,3,3,0,0,0,0,0,0,0,1,0,1,1,0,0,1,0,0,5,5,24,24,1,3,0,NA,NA,0,0,1,""
761,"100","UKRN08","Full-time","No","Year 1","3","Psychology ","Yes","Female","UKRN",1,1,2,0,1,2,2,2,1,2,0,1,2,0,1,-1,-2,4,3,3,3,0,3,2,3,1,1,1,1,1,1,0,1,0,0,0,0,0,0,0,0,14,14,21,21,7,0,1,1,0,0,0,1,""
762,"100","UNI52","Full-time","No","Year 2","3","Psychology","No","Female","Non-UKRN",1,1,2,0,1,1,1,1,0,0,2,1,2,-1,0,-1,0,1,1,3,1,3,1,3,2,1,0,1,1,1,1,0,1,0,1,0,0,0,0,1,0,10,10,15,15,6,2,1,1,1,0,0,1,""
763,"100","UNI52","Full-time","No","Year 2","3","Psychology","Yes","female ","Non-UKRN",1,1,0,0,2,2,2,2,2,0,0,1,2,-1,0,-1,0,3,3,3,2,3,3,1,2,0,0,0,1,1,0,0,0,1,1,1,0,0,1,1,1,12,12,20,20,2,6,0,NA,NA,0,0,1,""
764,"100","UKRN08","Full-time","Yes","Placement Year","4","BSc Biological Psychology","Yes","Female","UKRN",1,0,1,0,1,1,-1,1,1,1,-2,1,-1,1,-1,-1,1,3,3,3,1,0,1,3,3,1,1,0,0,1,1,1,1,0,0,1,0,1,1,0,0,3,3,17,17,6,3,1,1,NA,0,0,1,""
765,"100","UNI52","Full-time","No","Year 2","3","Psychology Bsc","Yes","Female","Non-UKRN",1,1,1,1,1,1,1,0,0,1,1,-1,2,0,0,-1,1,3,3,3,1,3,3,1,3,0,0,1,0,0,0,0,1,0,0,0,0,0,0,0,0,9,9,20,20,2,0,0,NA,NA,0,0,1,"All data should be anonymous before being published"
766,"100","UNI52","Full-time","No","Final Year","3","Psychology ","No","Female","Non-UKRN",1,2,2,1,1,1,1,2,2,1,-1,1,2,1,2,-1,-1,4,3,1,1,1,3,2,3,1,1,1,0,1,1,1,1,0,0,0,1,0,0,0,0,16,16,18,18,7,1,1,0,0,1,0,1,"It can be intimidating learning RMS for the first time. I would have found a glossary with meanings a lot of help at the beginning of the course. "
767,"100","UNI52","Full-time","No","Year 1","3","Psychology Hons BSC","No","Female ","Non-UKRN",1,2,2,2,2,2,2,2,2,2,2,2,2,0,-2,2,0,4,4,4,4,4,4,4,4,1,1,1,0,0,1,0,1,0,0,0,1,1,0,1,0,24,24,32,32,5,3,1,0,0,0,0,1,""
768,"100","UNI52","Full-time","No","Year 1","3","Psychology with English Language","Yes","Female","Non-UKRN",1,1,1,-1,1,-1,1,0,-1,1,1,1,2,0,0,-1,1,3,3,3,1,1,3,3,3,0,0,1,1,0,1,1,1,0,0,0,0,0,0,0,0,6,6,20,20,5,0,1,1,0,0,0,1,""
769,"100","UNI52","Full-time","No","Year 2","3","Psychology","No","Female","Non-UKRN",1,1,1,1,1,-1,0,2,1,1,1,1,1,1,0,1,0,3,1,1,1,1,2,3,3,0,0,0,0,0,0,0,1,0,0,1,0,0,0,0,0,12,12,15,15,1,1,0,NA,NA,0,1,1,""
770,"100","UNI52","Full-time","No","Year 2","3","Psychology BSc ","No","Female","Non-UKRN",1,1,1,1,1,1,1,2,-1,1,1,1,2,0,2,1,-1,3,3,3,4,1,3,3,3,1,0,0,0,0,0,1,0,0,1,1,0,0,0,0,1,14,14,23,23,2,3,0,NA,NA,0,0,1,""
771,"100","UKRN08","Full-time","Yes","Placement Year","4","BSc Psychology","Yes","male","UKRN",1,1,2,1,2,2,2,2,1,2,2,1,2,1,0,-2,-2,4,4,3,2,0,1,2,3,1,1,1,0,0,1,0,1,0,0,1,0,0,1,0,0,17,17,19,19,5,2,1,1,1,0,0,1,""
772,"100","UNI52","Full-time","Other (Please specify)","Year 1","3","Bachelor Of Arts With Honours (Combined) - Accounting & Finance And Psychology","No","Female","Non-UKRN",1,1,0,1,0,0,2,1,1,0,2,1,2,1,1,-1,-1,3,2,4,3,1,1,2,2,0,1,1,0,1,1,0,1,1,0,0,1,0,0,1,0,11,11,18,18,5,3,1,1,0,0,0,1,"No"
773,"100","UNI52","Full-time","No","Year 2","3","Psychology","Yes","Female","Non-UKRN",1,1,0,0,1,1,-1,1,0,0,1,1,1,0,-1,0,-1,1,1,3,1,1,2,3,3,0,0,1,0,0,1,1,1,0,0,1,0,0,1,0,1,4,4,15,15,4,3,1,0,0,1,0,1,""
774,"100","UNI69","Full-time","No","Final Year","4","Psychology ","No","Female","Non-UKRN",1,1,1,1,0,1,1,1,1,1,1,1,1,1,-1,-1,0,1,1,3,3,1,1,3,3,0,0,1,0,0,0,0,1,1,1,0,1,1,1,1,0,10,10,16,16,2,6,0,NA,NA,0,0,0,""
775,"100","UNI52","Full-time","No","Year 2","3","Psychology and Criminology","Yes","Non-Binary","Non-UKRN",1,2,2,1,2,2,2,2,2,2,2,-1,1,0,-1,0,-1,4,4,4,1,2,3,2,3,1,0,0,0,1,1,1,0,0,1,1,1,0,0,0,1,17,17,23,23,4,4,1,0,0,0,0,1,"Paywalled journals literally slow down the advancement of human knowledge as a whole. If journals were rightfully made free and knowledge was not capitalised we would be years ahead of where we are today"
776,"100","UNI52","Full-time","No","Final Year","3","Biology and Psychology","Yes","Female","Non-UKRN",1,2,1,-1,1,-1,1,2,1,-1,-1,1,2,-1,0,-2,-1,3,2,3,1,1,2,2,3,0,0,1,0,0,1,0,1,1,1,0,1,1,0,1,0,3,3,17,17,3,5,1,0,0,0,0,1,""
777,"100","UKRN08","Full-time","No","Year 2","3","Psychology (BSc)","Yes","Female","UKRN",1,2,2,2,2,1,2,0,2,2,0,2,2,2,0,-1,-1,4,4,4,4,2,3,4,4,1,1,1,1,0,1,1,1,0,0,1,0,0,1,0,1,19,19,29,29,7,3,1,1,1,0,0,1,"I think it is important to share and debate all aspects of the methodology with other professionals"
778,"100","UKRN08","Full-time","Yes","Year 2","3","Psychology","No","Female","UKRN",1,1,2,1,1,1,1,2,2,1,0,2,1,2,2,-1,-1,4,3,4,4,1,3,4,3,1,0,1,1,0,1,1,1,0,1,0,0,1,0,0,0,17,17,26,26,6,2,1,1,0,1,1,1,""
779,"100","UNI52","Full-time","No","Final Year","3","Psychology ","No","Male","Non-UKRN",1,2,2,0,1,0,1,-1,-1,1,-1,1,2,1,2,-1,-1,4,3,1,0,1,1,2,3,0,0,1,0,0,0,0,1,1,1,0,1,1,1,1,0,8,8,15,15,2,6,1,1,0,0,0,1,""
780,"100","UKRN08","Full-time","No","Year 1","3","BSC (Hons) Psychology","Yes","Female ","UKRN",1,2,2,1,1,1,1,2,1,1,-2,2,2,1,1,0,-2,4,3,3,3,1,2,3,3,0,0,1,1,0,0,1,1,0,0,1,0,0,0,0,0,14,14,22,22,4,1,1,1,1,0,1,1,""
781,"100","UNI52","Full-time","No","Year 2","3","Psychology ","Yes","Female ","Non-UKRN",1,1,1,0,1,1,1,1,1,1,-1,1,1,0,1,-1,0,3,3,3,2,1,2,3,2,1,1,1,0,0,1,0,1,0,1,1,0,0,0,0,1,9,9,19,19,5,3,0,NA,NA,1,0,1,""
782,"100","UNI52","Full-time","No","Year 2","3","Bachelor Of Arts With Honours (Combined) - Criminology And Psychology","Yes","female","Non-UKRN",1,1,2,0,0,2,1,2,2,2,-2,1,1,-1,-1,0,-2,1,1,3,0,0,0,3,3,1,1,1,0,0,1,0,1,0,1,1,0,0,0,0,0,8,8,11,11,5,2,1,0,0,0,0,1,""
784,"100","UKRN08","Full-time","No","Year 2","3","Psychology with Sociology ","No","Female ","UKRN",1,2,1,1,1,1,0,0,0,1,0,2,2,2,2,0,-1,3,4,3,4,2,2,3,2,1,0,1,1,0,0,1,1,0,0,0,0,0,0,0,0,14,14,23,23,5,0,1,1,1,0,1,1,""
785,"100","UNI52","Full-time","No","Year 2","3","Psychology ","Yes","Female ","Non-UKRN",1,1,1,0,1,1,0,1,0,1,0,1,2,0,0,-1,-1,4,2,3,2,1,3,2,3,1,1,1,0,1,1,1,0,0,0,0,1,0,0,0,1,7,7,20,20,6,2,0,NA,NA,0,0,1,""
786,"100","UNI52","Full-time","No","Year 1","3","Psychology ","Yes","Female ","Non-UKRN",1,2,1,0,0,1,1,1,1,0,-2,-1,2,1,1,-1,-1,3,3,3,1,1,3,2,3,0,1,1,0,0,1,0,1,0,1,1,0,0,1,0,1,6,6,19,19,4,4,1,1,1,0,0,1,""
787,"100","UNI52","Full-time","No","Year 1","3","Sports Psychology","Yes","Male","Non-UKRN",1,1,0,1,-1,1,1,1,1,1,1,0,1,-1,-1,-1,-1,3,3,3,1,1,3,3,3,1,1,0,1,1,1,1,1,0,0,1,0,0,0,0,0,4,4,20,20,7,1,1,1,0,0,0,1,""
788,"100","UNI69","Full-time","No","Final Year","3","PSYCHOLOGY ","No","Female","Non-UKRN",1,-1,-1,-1,0,1,1,1,0,0,-1,0,0,0,-1,-1,-1,3,1,2,2,1,1,1,3,1,0,1,0,0,1,1,1,0,1,0,1,1,0,0,0,-4,-4,14,14,5,3,0,NA,NA,0,0,0,""
789,"100","UNI52","Full-time","No","Year 1","3","Bachelor Of Arts With Honours (Combined) - Psychology And Special Educational Needs","No","Female","Non-UKRN",1,2,1,2,2,1,1,2,1,2,-2,1,2,1,2,1,-1,4,4,1,0,0,0,3,3,1,0,1,0,0,0,1,1,0,0,0,0,0,0,0,0,18,18,15,15,4,0,1,1,1,1,1,1,""
790,"100","UNI01","Full-time","No","Year 2","3","psychology","Yes","female ","Non-UKRN",1,2,1,2,1,1,1,2,0,2,1,0,1,1,-1,-1,0,3,3,3,2,1,1,1,3,0,0,1,1,0,0,0,1,0,0,1,0,0,0,0,0,13,13,17,17,3,1,1,1,0,0,0,1,""
791,"100","UKRN08","Full-time","No","Year 2","3","Psychology with Criminology ","Yes","Female","UKRN",1,1,-1,1,-1,0,1,0,-1,1,-2,2,1,1,-2,0,-2,4,3,2,3,0,0,3,3,0,1,1,0,1,0,0,0,1,0,0,1,0,1,1,1,-1,-1,18,18,3,5,1,1,0,0,0,1,""
792,"100","UNI20","Full-time","Yes","Placement Year","3","Bsc Psychology ","Yes","Female","Non-UKRN",1,0,0,1,-2,-2,1,-1,1,1,-2,2,1,1,0,0,-1,3,0,1,1,1,1,1,3,1,1,1,0,0,0,0,0,0,0,0,1,1,1,1,1,0,0,11,11,3,5,0,NA,NA,0,0,1,""
793,"100","UNI20","Full-time","No","Year 2","3","Psychology","No","Female","Non-UKRN",1,-1,1,1,0,1,1,1,-2,1,1,-1,2,1,1,-1,1,1,1,2,3,1,3,3,2,1,1,0,1,1,0,0,1,0,0,1,0,0,1,0,0,7,7,16,16,5,2,1,0,NA,1,1,1,""
795,"100","UNI52","Full-time","No","Year 1","3","BSc Psychology ","No","Female","Non-UKRN",1,2,2,-2,-2,2,2,2,2,2,-2,2,2,2,-2,2,0,2,1,4,0,0,2,3,2,1,1,0,1,1,1,1,1,0,0,1,0,0,0,0,0,14,14,14,14,7,1,1,0,0,0,0,1,""
796,"100","UKRN08","Full-time","Yes","Year 1","4","Psychology Bsc with foundation year","No","Male","UKRN",1,2,1,1,1,-1,-1,1,-1,1,2,-1,2,1,-1,-1,-1,1,2,3,4,1,3,3,3,1,1,1,1,0,0,0,0,0,0,0,0,0,1,0,1,5,5,20,20,4,2,1,1,NA,0,0,1,""
797,"100","UNI01","Full-time","No","Final Year","3","Psychology Bsc Single Hons","No","Female","Non-UKRN",1,1,2,2,2,1,0,-1,-1,2,-2,1,2,1,1,1,-2,3,3,3,1,1,1,1,4,1,1,0,1,1,0,1,0,0,0,1,0,0,1,0,1,10,10,17,17,5,3,1,1,1,1,1,1,""
798,"100","UNI52","Full-time","No","Final Year","3","Psychology","No","Female","Non-UKRN",1,1,1,1,-1,1,1,1,1,1,-1,1,2,1,1,1,-1,4,3,1,1,1,1,3,3,1,1,0,1,1,0,1,0,0,0,1,0,0,1,0,1,11,11,17,17,5,3,1,0,0,1,1,1,""
799,"100","UKRN08","Full-time","Yes","Year 2","3","Psychology BSc (Hons)","Yes","Female","UKRN",1,2,2,2,1,1,2,1,0,-1,-2,1,2,2,-1,-2,-1,4,4,0,1,0,1,1,4,1,0,0,1,1,1,1,0,0,1,1,0,0,0,0,1,9,9,15,15,5,3,1,1,0,1,1,0,"I think this may be more applicable to post graduate students such as those completing PhDs. However, I think it is important to be taught about these issues during an undergraduate degree, especially for those looking to further their education or go into research."
800,"100","UKRN08","Full-time","Yes","Year 2","4","Psychology with Criminology","No","Female","UKRN",1,2,0,1,-1,1,0,-1,0,1,-1,1,0,1,-2,2,-1,3,2,3,1,2,3,3,2,0,0,0,1,1,1,1,0,1,1,1,0,0,0,1,1,3,3,19,19,4,5,1,1,0,0,0,1,""
801,"100","UNI52","Full-time","No","Year 2","3","BSc Psychology","No","Female","Non-UKRN",1,1,1,0,1,1,0,2,1,1,-1,1,2,1,1,0,-1,4,3,3,1,0,3,3,3,1,1,0,0,1,0,1,0,0,0,1,1,0,1,0,1,11,11,20,20,4,4,1,1,0,0,0,1,""
802,"100","UNI68","Full-time","Yes","Placement Year","4","Psychology with a professional placement year ","Yes","Female ","Non-UKRN",1,2,2,2,1,0,1,2,1,1,-2,2,2,1,2,-2,-1,3,2,3,1,4,3,4,2,1,1,0,1,1,0,1,1,0,0,1,0,0,1,0,0,14,14,22,22,6,2,1,1,0,0,0,0,""
803,"100","UNI68","Full-time","No","Year 1","3","Psychology with Business Management","Yes","Female","Non-UKRN",1,2,2,1,-1,1,1,-1,-1,1,-1,2,1,0,-2,-1,-1,3,3,1,1,0,3,1,1,1,1,0,0,0,1,0,0,0,0,1,0,0,0,0,1,3,3,13,13,3,2,1,1,1,0,0,1,""
804,"100","UNI68","Full-time","No","Year 2","3","Psychology","Yes","Female","Non-UKRN",1,2,2,-1,1,-1,1,-1,-1,-1,1,2,1,0,1,-2,0,4,3,3,0,1,1,3,3,0,0,0,0,0,0,1,0,0,0,0,0,0,0,0,1,4,4,18,18,1,1,1,1,0,0,0,0,""
805,"100","UNI68","Full-time","No","Year 2","3","Psychology with Clinical Approaches ","Yes","Female","Non-UKRN",1,2,2,1,1,1,1,1,0,1,-1,1,2,0,1,-1,-1,4,3,3,1,1,1,3,3,1,1,1,0,0,1,0,1,0,0,0,1,1,0,1,0,11,11,19,19,5,3,1,1,1,1,1,1,""
806,"100","UNI68","Full-time","Yes","Year 2","4","Psychology BSc","Yes","Female","Non-UKRN",1,2,2,1,1,2,1,1,1,2,1,1,2,1,0,1,1,4,3,3,4,4,4,4,3,1,1,1,1,1,1,0,1,0,0,0,0,0,0,0,0,20,20,29,29,7,0,1,0,1,1,0,1,""
807,"100","UNI68","Full-time","Yes","Final Year","4","Psychology with a Professional Placement","Yes","female","Non-UKRN",1,1,2,1,2,1,2,2,1,2,1,1,2,1,1,1,1,3,3,3,3,3,3,3,4,1,1,1,1,1,1,1,1,1,0,1,1,0,1,0,1,22,22,25,25,8,5,1,1,1,1,1,1,"We never learnt about these topics in relation to qualitative research. I did a qual. dissertation and found it difficult to self-teach what these meant for me in relation to my project."
808,"100","UNI68","Full-time","No","Final Year","3","Psychology ","Yes","Female","Non-UKRN",1,1,1,1,1,0,1,2,2,1,1,-1,2,1,1,0,-1,3,3,3,3,4,3,2,4,1,1,1,1,0,1,1,1,0,0,0,0,0,0,0,0,13,13,25,25,7,0,0,NA,NA,0,0,0,""
809,"100","UNI68","Full-time","Yes","Year 1","3","Psychology with Neuroscience","Yes","Female","Non-UKRN",1,2,2,-1,1,1,2,-1,-1,1,-1,1,2,1,2,-1,1,4,3,4,3,0,0,4,3,1,1,1,1,0,0,0,1,0,1,1,0,0,0,0,0,11,11,21,21,5,2,1,1,1,0,0,1,""
810,"100","UNI68","Full-time","Yes","Final Year","4","Psychology","Yes","Female","Non-UKRN",1,2,1,1,1,1,1,2,2,2,-2,1,2,1,2,-1,1,4,3,4,2,3,3,3,3,0,1,1,0,0,0,0,1,0,0,0,0,0,0,0,1,17,17,25,25,3,1,0,NA,NA,0,0,1,""
811,"100","UNI68","Full-time","No","Final Year","4","Psychology with Neuroscience ","Yes","Female","Non-UKRN",1,1,2,1,2,0,0,1,1,1,-1,-1,1,0,-1,-1,-1,3,3,3,1,0,1,3,3,1,0,1,0,0,0,0,1,1,0,1,0,0,0,0,0,5,5,17,17,3,2,0,NA,NA,0,0,1,""
812,"100","UNI68","Full-time","No","Final Year","3","BSc Psychology","Yes","M","Non-UKRN",1,2,-1,2,0,2,-1,2,0,2,1,1,2,1,2,-1,-2,2,2,3,1,2,2,3,1,1,1,1,1,1,1,1,1,1,1,1,1,0,1,0,1,12,12,16,16,8,6,1,0,NA,1,0,1,""
813,"100","UNI68","Full-time","No","Final Year","3","BSc Psychology","Yes","Female","Non-UKRN",1,1,0,1,0,1,1,1,1,2,1,0,1,0,-1,-1,-1,3,3,3,2,1,3,1,3,1,1,1,0,0,1,1,1,0,0,0,1,1,0,0,0,7,7,19,19,6,2,0,NA,NA,0,0,0,""
814,"100","UNI68","Full-time","No","Year 2","3","Bcs Psychology","Yes","Female","Non-UKRN",1,1,1,-1,1,0,1,1,-1,1,1,1,2,1,-2,-1,-2,4,1,3,1,1,3,3,1,0,0,0,0,0,1,0,1,0,0,1,0,0,0,0,0,4,4,17,17,2,1,0,NA,NA,0,0,1,""
815,"100","UNI68","Full-time","No","Final Year","3","Psychology with Neuroscience","Yes","Female","Non-UKRN",1,2,2,-1,1,1,0,-1,-1,-2,-2,1,2,1,2,-1,-1,3,2,3,3,0,3,3,3,0,0,1,0,0,1,0,1,0,0,0,0,0,0,0,1,3,3,20,20,3,1,0,NA,NA,0,0,1,""
816,"100","UNI68","Full-time","No","Year 2","4","Psychology with economics","No","Female","Non-UKRN",1,1,1,1,1,2,2,2,1,2,1,1,2,-1,0,-1,0,4,4,3,1,1,4,1,4,0,0,0,0,0,0,1,0,0,0,1,0,0,0,0,1,15,15,22,22,1,2,0,NA,NA,0,0,0,""
817,"100","UNI68","Full-time","Yes","Year 2","4","BSc Psychology","Yes","Female","Non-UKRN",1,2,2,1,2,1,2,1,0,1,1,0,1,0,-1,0,0,3,4,4,3,1,3,2,4,1,1,1,0,0,1,0,1,0,0,0,1,1,0,1,0,13,13,24,24,5,3,0,NA,NA,0,0,0,""
818,"100","UKRN08","Full-time","Yes","Placement Year","4","Psychology","No","Female ","UKRN",1,1,2,2,-1,1,2,2,1,2,1,2,2,2,2,1,-2,4,4,4,4,1,2,4,0,1,1,1,1,0,0,1,1,0,1,1,1,0,0,1,1,20,20,23,23,6,5,1,1,1,1,1,1,""
819,"100","UNI68","Full-time","No","Year 2","3","Psychology with criminology ","Yes","Female ","Non-UKRN",1,1,1,0,1,0,1,2,1,0,-2,1,2,1,-1,-1,0,3,3,2,1,1,3,1,3,1,1,1,0,1,1,1,1,0,0,0,0,0,0,0,1,7,7,17,17,7,1,0,NA,NA,0,0,1,""
820,"100","UNI68","Full-time","No","Final Year","4","Psychology and criminology ","Yes","Female","Non-UKRN",1,2,2,1,-1,2,1,1,1,2,1,1,2,1,-1,1,0,3,3,3,0,1,1,2,3,1,1,1,1,0,1,1,1,0,0,0,0,1,0,0,0,16,16,16,16,7,1,1,1,0,0,0,1,""
821,"100","UNI68","Full-time","No","Year 1","3","Psychology BSc ","No","Male (ftm)","Non-UKRN",1,2,1,-1,2,2,1,2,1,1,-1,1,2,0,1,1,1,3,4,4,3,3,3,3,3,1,1,1,1,0,0,0,1,0,0,1,0,0,0,0,0,16,16,26,26,5,1,1,1,1,0,0,1,""
822,"100","UNI68","Full-time","No","Final Year","4","psychology with clinical approaches ","No","Male","Non-UKRN",1,0,2,0,1,0,2,-1,-1,-1,1,1,2,0,-1,1,0,4,3,2,1,1,2,3,2,1,0,1,0,0,1,1,1,0,0,1,0,0,0,0,1,6,6,18,18,5,2,0,NA,NA,0,0,1,""
823,"100","UNI68","Full-time","Yes","Year 2","3","psychology with criminology","Yes","Female","Non-UKRN",1,2,1,1,-2,0,1,0,1,1,-2,2,1,1,-1,1,0,2,2,0,1,2,1,3,2,1,1,0,1,1,1,1,0,0,0,1,0,0,0,0,1,7,7,13,13,6,2,0,NA,NA,0,0,1,""
824,"100","UNI68","Full-time","No","Final Year","3","Psychology with Clinical Approaches","No","CisFemale","Non-UKRN",1,1,2,0,1,2,1,2,1,-1,-1,2,1,1,2,-1,-1,3,3,3,0,0,0,3,3,1,1,1,1,0,1,1,1,0,0,1,0,0,1,1,1,12,12,15,15,7,4,0,NA,NA,1,0,1,"Regarding journal access - Prices of access are a real barrier to students, especially during corona virus where we had no access t library materials so relied completely on those accessible by open Athens/shibboleth"
825,"100","UNI68","Full-time","No","Year 2","3","Bsc Psychology","Yes","Female","Non-UKRN",1,1,1,1,1,-1,-1,1,1,1,1,1,2,-1,1,-1,-1,3,3,3,3,1,3,3,3,1,1,1,1,1,1,1,1,0,0,0,0,0,0,0,0,7,7,22,22,8,0,1,1,0,0,0,1,""
826,"100","UKRN08","Full-time","Yes","Year 2","3","Psychology","No","Female ","UKRN",1,2,1,0,-2,2,-1,2,1,1,-1,1,-1,2,-1,0,-2,3,1,4,3,1,3,3,3,1,0,1,1,0,0,0,1,0,1,0,1,1,1,1,1,4,4,21,21,4,6,1,1,1,0,0,1,""
827,"100","UKRN08","Full-time","Yes","Placement Year","3","Psychology ","Yes","Female ","UKRN",1,1,1,0,1,1,1,1,0,1,1,2,2,2,2,-1,-1,3,3,3,3,3,3,3,3,0,0,0,0,0,0,0,0,1,1,1,1,1,1,1,1,14,14,24,24,0,8,1,1,1,1,1,1,"Used in dissertation consortium project, worked well realised the importance of pre-reg and open science "
828,"100","UNI68","Full-time","Yes","Final Year","4","Psychology (with a professional placement year) ","Yes","Female ","Non-UKRN",1,2,1,1,-1,1,0,-1,-1,0,0,1,1,1,-1,-1,-1,3,3,3,1,0,1,3,2,0,1,1,1,0,1,0,1,0,0,0,0,0,0,0,0,2,2,16,16,5,0,1,1,1,0,0,1,""
829,"100","UNI68","Full-time","No","Year 2","3","Psychology","Yes","Female","Non-UKRN",1,1,0,1,1,1,1,2,1,2,1,0,2,0,0,-1,-1,3,3,4,1,1,1,3,3,0,0,1,0,1,0,0,1,0,0,0,0,0,0,0,1,11,11,19,19,3,1,1,0,1,0,0,0,""
830,"100","UNI68","Full-time","Yes","Placement Year","4","Psychology with Criminology (with professional placement year)","Yes","Female ","Non-UKRN",1,1,1,0,-1,1,0,2,1,0,0,0,1,0,-1,-1,0,2,1,3,1,1,1,2,3,1,0,1,1,0,0,0,1,0,0,0,0,0,0,0,0,4,4,14,14,4,0,0,NA,NA,0,0,1,""
831,"100","UNI68","Full-time","No","Year 1","3","Psychology BSc","Yes","Female","Non-UKRN",1,1,1,1,1,1,1,1,1,2,1,1,2,1,1,-1,0,3,3,4,1,2,4,2,3,1,1,1,0,0,1,0,0,0,0,1,0,0,1,0,1,15,15,22,22,4,3,1,1,1,0,0,1,""
832,"100","UNI68","Full-time","No","Final Year","4","Psychology","Yes","Female","Non-UKRN",1,1,1,1,1,0,0,1,1,1,-2,1,1,1,1,-2,-2,3,2,4,2,1,2,3,4,0,0,1,0,0,0,0,1,0,0,1,0,0,0,0,1,5,5,21,21,2,2,1,0,0,0,0,0,""
833,"100","UNI68","Full-time","No","Year 2","3","BSc Psychology","No","Female","Non-UKRN",1,1,2,1,1,1,1,2,0,1,-1,1,1,1,-1,-1,-1,3,3,3,1,1,3,2,3,1,1,1,0,1,1,0,1,0,0,1,0,0,0,0,1,9,9,19,19,6,2,1,1,0,0,0,1,""
834,"100","UNI68","Full-time","No","Year 2","3","Psychology with clinical approaches","No","Female","Non-UKRN",1,2,1,1,1,2,1,1,1,1,1,0,2,0,-1,-1,-1,3,2,3,3,1,3,3,3,1,1,0,1,1,1,0,0,0,0,1,0,0,0,1,1,11,11,21,21,5,3,0,NA,NA,0,0,1,"Would make data collection easier and perhaps expand data sets already available making it more similar to the global population"
835,"100","UNI68","Full-time","No","Year 2","3","Psychology","Yes","Female ","Non-UKRN",1,2,1,1,1,1,0,2,1,1,1,2,2,0,1,-1,-1,3,3,1,1,1,3,3,2,0,0,1,0,0,0,0,1,0,0,0,0,0,0,0,1,14,14,17,17,2,1,1,1,1,0,0,1,""
836,"100","UNI68","Full-time","No","Final Year","3","Psychology","Yes","Female","Non-UKRN",1,1,1,1,0,1,1,1,0,1,-1,1,1,0,1,0,-1,3,3,3,2,1,2,2,3,1,0,1,1,0,0,0,1,0,0,1,0,0,0,0,0,8,8,19,19,4,1,0,NA,NA,0,0,1,""
837,"100","UNI69","Full-time","No","Year 1","4","Psychology ","No","Female ","Non-UKRN",1,2,1,1,-1,0,0,2,0,-1,-2,2,1,1,-2,0,-1,3,3,1,0,0,1,3,2,1,1,1,1,1,1,1,1,0,0,1,0,0,0,0,0,3,3,13,13,8,1,0,NA,NA,0,0,1,""
838,"100","UNI68","Full-time","Yes","Placement Year","4","Bsc Pcyhology with a placement year","Yes","female","Non-UKRN",1,1,1,1,1,1,1,2,-1,1,-1,0,1,-1,1,1,-1,3,3,4,2,1,3,2,3,0,1,0,0,0,0,1,1,0,0,1,1,0,1,0,1,8,8,21,21,3,4,1,0,1,1,0,1,""
839,"100","UNI68","Full-time","Yes","Final Year","4","Psychology with Neuroscience ","Yes","Female ","Non-UKRN",1,2,2,-1,-2,-1,-1,1,0,-2,-2,-2,2,0,2,-2,1,1,1,1,1,1,0,1,1,0,0,1,0,0,0,0,1,0,0,1,0,0,0,0,0,-3,-3,7,7,2,1,0,NA,NA,0,0,1,""
840,"100","UNI68","Full-time","Yes","Placement Year","4","Psychology BSc","Yes","Female","Non-UKRN",1,2,1,0,0,0,2,1,0,1,1,-1,1,0,1,-1,-1,3,3,3,1,1,2,1,3,0,0,1,0,1,1,0,1,0,0,1,0,0,0,0,0,7,7,17,17,4,1,0,NA,NA,1,0,0,""
841,"100","UNI68","Full-time","No","Year 1","3","Psychology with criminology ","Yes","Female","Non-UKRN",1,2,1,1,-1,0,1,1,0,1,1,0,1,0,-1,-1,-1,3,2,3,2,1,3,3,3,1,1,1,1,1,1,1,1,1,0,1,1,0,1,0,1,5,5,20,20,8,5,1,1,1,0,0,1,""
842,"100","UNI68","Full-time","No","Final Year","4","Psychology (with foundation year)","Yes","Female","Non-UKRN",1,2,1,0,0,2,0,2,1,2,1,2,2,1,0,0,-1,3,2,2,2,3,3,4,0,1,1,1,1,1,1,1,1,0,0,0,0,0,0,0,1,15,15,19,19,8,1,0,NA,NA,0,0,1,""
843,"100","UNI52","Full-time","Other (Please specify)","Year 1","3","BSc Psychology ","Yes","Female ","Non-UKRN",1,2,2,1,1,0,0,1,1,2,-1,2,1,0,1,-1,-1,4,3,3,1,0,2,4,3,0,0,1,0,0,1,0,1,0,0,1,0,0,0,0,0,11,11,20,20,3,1,1,1,0,0,1,1,""
844,"100","UNI68","Full-time","No","Year 1","3","BSc Psychology with Criminology","Yes","Female","Non-UKRN",1,2,2,2,0,2,2,2,0,2,-2,2,1,1,0,-2,-2,4,3,3,1,0,0,3,2,1,1,1,1,0,0,1,1,0,0,0,0,0,0,0,0,12,12,16,16,6,0,1,1,1,0,1,1,""
845,"100","UNI68","Full-time","No","Year 1","3","psychology bsc","Yes","female","Non-UKRN",1,2,2,0,-1,-1,-1,2,-1,2,-1,1,1,-1,1,-1,1,4,2,3,3,1,3,3,2,0,0,0,1,0,1,0,1,0,0,1,0,0,0,0,0,5,5,21,21,3,1,1,1,0,0,0,1,""
846,"100","UNI68","Full-time","Other (Please specify)","Final Year","4","Psychology Bsc","Yes","male","Non-UKRN",1,2,1,1,2,2,1,1,-1,2,-2,1,2,0,-1,-2,-1,4,4,3,1,3,4,4,2,1,0,0,0,0,0,0,0,0,0,1,0,0,1,0,1,8,8,25,25,1,3,1,1,1,0,0,1,""
847,"100","UNI68","Full-time","Yes","Year 1","4","Psychology","No","Female ","Non-UKRN",1,1,1,2,1,0,0,1,0,1,1,1,2,1,2,0,0,3,3,3,4,3,4,4,2,1,1,1,1,1,1,0,1,0,0,1,0,0,1,0,0,14,14,26,26,7,2,1,1,1,1,0,1,""
848,"100","UNI68","Full-time","Yes","Placement Year","4","Bsc Psychology ","Yes","Female ","Non-UKRN",1,2,2,1,-1,1,1,2,1,2,1,2,1,0,1,-1,1,3,3,3,1,1,1,4,3,1,0,0,1,0,1,1,1,0,1,1,0,0,1,1,1,16,16,19,19,5,5,0,NA,NA,1,0,1,""
849,"100","UNI68","Full-time","No","Year 1","3","psychology","No","male","Non-UKRN",1,2,1,1,0,2,1,1,0,2,1,1,-1,-1,-2,1,-1,2,2,2,1,2,2,2,2,1,1,1,1,1,1,0,1,1,0,1,1,0,1,0,1,8,8,15,15,7,5,1,1,0,0,0,1,""
850,"100","UNI68","Full-time","Other (Please specify)","Placement Year","4","Psychology with business and management (with a year abroad in year 3)","Yes","Female","Non-UKRN",1,2,2,2,2,1,0,2,2,2,0,2,2,2,2,0,-2,3,3,4,3,0,2,4,4,0,0,1,0,0,0,0,1,0,0,1,0,0,0,0,1,21,21,23,23,2,2,1,0,0,0,0,1,""
851,"100","UNI68","Full-time","Yes","Year 1","4","Psychology ","No","Female ","Non-UKRN",1,2,1,1,1,1,1,2,1,2,-2,1,1,2,-1,0,-1,4,3,4,4,1,2,3,4,1,0,0,1,1,0,1,0,0,1,1,0,0,1,0,1,12,12,25,25,4,4,1,1,1,1,0,1,""
852,"100","UNI68","Full-time","No","Year 1","3","BSc Psychology with Neuroscience","No","female","Non-UKRN",1,2,2,1,2,1,2,1,1,1,-2,2,2,0,-2,0,-1,4,4,4,2,3,4,4,3,1,1,0,1,1,0,0,0,0,0,1,0,0,1,0,1,12,12,28,28,4,3,1,1,0,1,1,1,""
853,"100","UNI68","Full-time","No","Year 2","3","Bsc Psychology ","Yes","Male","Non-UKRN",1,2,1,1,1,2,1,2,1,1,-1,2,1,2,-2,0,1,4,2,4,3,1,3,3,3,0,0,0,0,1,0,1,0,1,1,1,1,1,1,1,1,15,15,23,23,2,8,1,1,0,0,0,1,""
854,"100","UNI68","Full-time","Yes","Placement Year","3","Psychology","Yes","Female","Non-UKRN",1,1,2,1,1,-1,-1,1,-1,1,-2,1,2,1,2,1,1,4,4,4,3,3,3,3,1,1,1,1,1,0,0,0,1,0,0,0,0,0,0,0,0,10,10,25,25,5,0,1,1,0,1,1,1,""
855,"100","UNI68","Full-time","No","Year 1","4","Psychology with clinical approaches ","Yes","Female","Non-UKRN",1,2,1,1,1,1,1,1,1,1,1,1,2,1,1,-1,-2,4,3,3,3,0,1,3,3,1,0,0,1,1,0,1,1,0,1,1,0,0,1,0,0,13,13,20,20,5,3,1,1,1,0,0,1,""
856,"100","UNI68","Full-time","No","Year 1","3","Psychology","No","female","Non-UKRN",1,2,2,2,1,0,1,1,-1,1,1,1,2,2,-2,-1,0,4,3,4,1,1,3,4,3,1,0,0,1,1,1,1,1,0,1,1,0,0,0,0,0,12,12,23,23,6,2,1,1,1,0,0,1,""
857,"100","UNI01","Full-time","No","Year 2","3","Psychology with Criminology BSc (Hons)","Yes","Female ","Non-UKRN",1,1,1,1,1,1,1,1,1,1,-2,1,1,1,1,-1,-1,3,3,3,2,1,3,3,2,1,0,1,0,0,0,0,1,0,0,1,0,0,0,0,0,9,9,20,20,3,1,0,NA,NA,0,0,1,""
859,"100","UNI68","Full-time","No","Final Year","3","Psychology","Yes","Female","Non-UKRN",1,1,1,2,1,1,1,1,-1,1,-1,0,2,0,2,0,1,3,3,4,1,3,3,2,3,0,0,0,0,0,0,1,0,0,1,1,0,0,0,0,1,12,12,22,22,1,3,1,1,0,0,0,1,""
860,"100","UNI52","Full-time","No","Year 1","3","Music and Psychology BA (hons)","No","female","Non-UKRN",1,2,2,2,-1,2,2,2,2,1,2,2,2,0,-2,-2,0,4,2,4,2,3,4,4,4,1,1,0,0,0,0,0,0,0,0,1,1,0,1,0,1,16,16,27,27,2,4,1,1,0,1,1,1,""
861,"100","UNI69","Full-time","No","Final Year","4","Psychology ","No","Female ","Non-UKRN",1,2,2,1,2,2,2,1,2,2,-2,1,2,1,2,-1,-2,4,4,4,4,1,1,1,4,0,0,1,0,0,1,1,1,0,0,1,0,0,1,1,1,17,17,23,23,4,4,1,NA,0,0,1,1,""
862,"100","UKRN08","Full-time","Yes","Year 2","3","Psychology ","Yes","Female","UKRN",1,2,2,2,2,1,1,2,2,2,1,2,2,2,2,-1,-1,4,4,4,1,0,1,3,2,1,1,0,0,0,0,0,0,0,0,1,0,0,0,0,1,23,23,19,19,2,2,1,1,1,1,1,1,""
863,"81","UKRN08","Full-time","No","Year 2","3","Psychology ","Yes","male","UKRN",1,1,1,1,-1,-1,1,1,-1,1,-1,1,2,0,-2,-2,-2,4,4,4,1,0,1,2,2,0,0,1,0,0,1,0,1,0,0,1,0,0,1,0,0,-1,-1,18,18,3,2,1,NA,NA,NA,NA,NA,""
864,"46","UKRN08","Full-time","Yes","Year 1","4","Psychology Bsc","Yes","Female","UKRN",1,NA,NA,NA,NA,NA,NA,NA,NA,NA,NA,NA,NA,NA,NA,NA,NA,NA,NA,NA,NA,NA,NA,NA,NA,0,0,0,0,0,0,0,0,0,0,0,0,0,0,0,0,NA,NA,NA,NA,0,0,NA,NA,NA,NA,NA,NA,""
865,"59","UNI69","Full-time","No","Year 1","4","Foundation year psychology ","No","Female","Non-UKRN",1,2,0,1,0,1,1,1,1,2,-1,1,-2,0,-1,2,-1,3,3,NA,NA,NA,NA,NA,NA,1,1,1,0,0,0,0,1,0,0,0,1,1,1,0,0,7,7,NA,NA,4,3,NA,NA,NA,NA,NA,NA,""
866,"70","UNI52","Full-time","No","Final Year","3","Psychology Bsc","No","Female","Non-UKRN",1,1,1,-1,-2,1,-1,1,2,1,0,1,1,1,-1,1,0,1,1,2,2,1,1,NA,NA,1,1,1,0,0,1,0,1,0,0,0,1,1,0,1,0,6,6,NA,NA,5,3,NA,NA,NA,NA,NA,NA,""
867,"51","UNI52","Full-time","No","Year 1","3","Psychology ","Yes","Female","Non-UKRN",1,2,1,1,1,1,1,0,0,1,1,1,2,-2,1,-1,-1,NA,NA,NA,NA,NA,NA,NA,NA,1,1,0,1,1,0,1,0,0,0,1,0,0,1,0,1,9,9,NA,NA,5,3,NA,NA,NA,NA,NA,NA,""
868,"59","UNI52","Full-time","No","Year 1","3","Psychology","Yes","Female","Non-UKRN",1,1,2,0,0,1,1,1,1,1,1,1,2,0,-1,-1,0,4,3,NA,NA,NA,NA,NA,NA,1,0,1,0,0,0,0,1,0,0,0,0,0,0,0,0,10,10,NA,NA,3,0,NA,NA,NA,NA,NA,NA,""
869,"65","UKRN08","Full-time","No","Final Year","3","Psychology","Yes","","UKRN",1,1,1,0,2,1,1,0,0,1,2,0,2,1,1,-2,-1,3,4,2,4,NA,NA,NA,NA,0,0,1,1,1,0,1,1,0,0,1,0,0,0,0,0,10,10,NA,NA,5,1,NA,NA,NA,NA,NA,NA,""
870,"51","UNI52","Full-time","No","Final Year","3","Psychology ","Yes","Female","Non-UKRN",1,1,2,0,2,0,1,2,1,-1,-2,1,2,1,1,-2,-2,NA,NA,NA,NA,NA,NA,NA,NA,1,1,1,1,1,1,1,1,1,1,1,0,0,0,0,0,7,7,NA,NA,8,3,NA,NA,NA,NA,NA,NA,""
871,"59","UNI52","Full-time","No","Year 2","3","Psychology ","Yes","female ","Non-UKRN",1,1,1,1,-1,0,1,0,-1,0,1,-1,2,0,-1,0,-1,3,2,NA,NA,NA,NA,NA,NA,0,0,1,0,1,1,0,1,0,0,0,0,0,0,0,1,2,2,NA,NA,4,1,NA,NA,NA,NA,NA,NA,""
872,"100","UNI68","Full-time","No","Year 1","3","Psychology with Neuroscience","Yes","Male","Non-UKRN",1,-1,-2,2,2,2,2,2,2,2,2,2,2,2,0,-2,-2,4,4,4,4,0,0,4,4,1,1,1,1,1,1,0,1,0,0,0,0,0,0,0,0,15,15,24,24,7,0,1,1,1,1,0,1,"Every undergrad and postgrad student should be aware of Open Science and the replicability crisis. "
873,"100","UNI68","Full-time","No","Year 1","3","Psychology ","Yes","Female","Non-UKRN",1,1,1,2,1,2,0,2,1,1,1,1,1,1,-1,0,-1,3,3,4,3,1,2,3,3,0,1,0,1,1,0,1,0,1,0,1,0,0,1,0,1,13,13,22,22,4,4,1,1,0,1,0,1,""
874,"59","UKRN08","Full-time","Yes","Placement Year","4","Psychology","Yes","Female","UKRN",1,0,-1,0,1,1,1,2,-1,1,-1,1,1,0,1,1,-1,3,1,NA,NA,NA,NA,NA,NA,1,1,1,1,1,1,1,1,0,0,1,0,1,1,0,1,6,6,NA,NA,8,4,NA,NA,NA,NA,NA,NA,""
875,"81","UNI69","Full-time","No","Year 1","3","Psychology ","Yes","Female ","Non-UKRN",1,2,1,-1,-1,0,0,2,2,1,0,1,1,1,-1,0,0,1,1,4,1,1,1,3,1,1,1,1,0,0,0,1,1,0,0,0,1,1,1,0,0,8,8,13,13,5,3,1,NA,NA,NA,NA,NA,""
876,"100","UNI68","Full-time","No","Year 1","3","Psychology","Yes","Female","Non-UKRN",1,2,2,-1,1,1,1,0,-1,2,-1,2,2,1,-2,-1,-2,3,1,1,0,0,2,4,3,0,0,1,1,0,0,0,1,0,0,1,0,0,0,0,0,6,6,14,14,3,1,1,1,1,0,0,1,""
877,"100","UNI68","Full-time","No","Year 2","3","Psychology","No","Female","Non-UKRN",1,2,2,1,1,1,1,0,-1,1,0,2,2,1,-2,0,0,2,1,3,1,3,3,3,2,0,0,0,1,1,0,1,0,1,1,1,0,0,1,0,1,11,11,18,18,3,5,1,0,0,0,0,1,""
878,"46","UNI52","Full-time","No","Year 2","3","Psychology and Childhood and Youth (combined)","Yes","Female","Non-UKRN",1,NA,NA,NA,NA,NA,NA,NA,NA,NA,NA,NA,NA,NA,NA,NA,NA,NA,NA,NA,NA,NA,NA,NA,NA,0,0,0,0,0,0,0,0,0,0,0,0,0,0,0,0,NA,NA,NA,NA,0,0,NA,NA,NA,NA,NA,NA,""
879,"100","UKRN08","Full-time","No","Year 1","4","Psychology","No","female","UKRN",1,1,1,-1,2,1,2,2,1,1,1,2,2,0,-1,-1,-1,4,4,4,3,3,3,3,4,0,0,0,1,0,0,0,1,1,0,1,0,0,0,0,0,12,12,28,28,2,2,1,1,1,1,1,1,""
880,"100","UNI68","Full-time","Yes","Year 1","4","Psychology With A Professional Placement Year","Yes","Female","Non-UKRN",1,2,2,2,2,1,2,1,1,2,-1,1,1,1,0,-1,-2,3,3,3,4,1,1,4,3,1,0,1,1,0,1,0,1,0,0,1,0,0,1,0,1,14,14,22,22,5,3,1,1,1,0,0,1,""
881,"100","UNI68","Full-time","No","Final Year","3","Psychology with Clinical Approaches","Yes","Female","Non-UKRN",1,1,2,1,1,1,1,2,0,0,-1,0,2,1,1,-1,0,4,1,4,2,1,3,2,2,1,0,1,1,0,0,0,1,0,0,1,1,0,0,0,1,11,11,19,19,4,3,0,NA,NA,0,0,1,""
882,"100","UNI52","Full-time","No","Year 1","3","Film and Visual Culture and Psychology","Yes","Female","Non-UKRN",1,2,2,1,1,2,2,2,2,2,1,1,1,1,-1,-1,-1,4,3,4,4,1,3,3,4,1,1,0,0,0,0,0,1,0,0,1,0,0,1,0,0,17,17,26,26,3,2,1,1,1,1,1,1,"No"
883,"100","UNI52","Full-time","No","Year 2","3","Psychology","No","M","Non-UKRN",1,2,2,2,2,2,1,2,2,0,-2,0,1,0,-1,-2,0,4,2,4,3,2,2,2,2,1,1,0,0,1,1,1,1,0,0,1,0,0,0,0,0,11,11,21,21,6,1,0,NA,NA,0,1,1,"Scientific publishing is a FUCKING racket."
884,"100","UNI01","Full-time","No","Final Year","3","Psychology with Criminology","No","","Non-UKRN",1,1,1,1,1,2,1,2,2,1,0,1,1,-1,-1,0,1,4,3,2,1,1,2,3,4,1,0,1,0,0,0,0,1,0,0,1,0,0,0,0,0,13,13,20,20,3,1,0,NA,NA,0,1,1,""
885,"100","UNI69","Full-time","No","Year 1","3","BSc Psychology","No","","Non-UKRN",1,1,1,1,1,0,0,1,-1,1,1,1,2,0,2,-1,-1,3,3,3,1,1,3,3,2,0,0,1,0,0,1,0,1,0,0,1,0,0,1,0,1,9,9,19,19,3,3,1,0,0,1,0,1,""
886,"100","UNI69","Full-time","No","Final Year","3","Psychology Honours","Yes","F","Non-UKRN",1,1,1,1,1,1,1,1,1,1,1,1,1,1,1,-1,1,3,3,3,1,3,2,1,3,0,0,0,1,0,0,0,0,1,1,1,0,1,1,1,1,14,14,19,19,1,7,1,1,0,1,1,1,"To be prepared for a psychology degree I think it important to have a better understanding of statistics, statistics are barely touched upon in college. "
887,"100","UKRN08","Full-time","Other (Please specify)","Year 1","3","BsC Psychology","Yes","Female","UKRN",1,2,2,1,2,1,-1,2,2,1,1,2,2,2,-1,-2,-2,3,1,3,1,0,1,4,3,0,0,0,0,1,0,1,0,1,1,1,1,0,1,0,1,14,14,16,16,2,6,1,1,1,1,1,1,""
888,"59","UNI69","Full-time","No","Final Year","3","Psychology with Honours","Yes","Female ","Non-UKRN",1,1,1,1,1,2,1,2,1,2,-1,1,1,1,1,-1,-2,4,3,NA,NA,NA,NA,NA,NA,0,0,0,1,0,1,0,0,1,1,1,0,1,0,1,1,12,12,NA,NA,2,6,NA,NA,NA,NA,NA,NA,""
889,"51","UKRN08","Full-time","Yes","Year 2","4","Foundation psychology with criminology ","No","F","UKRN",1,2,2,1,0,1,1,2,1,1,1,2,1,0,-1,0,-1,NA,NA,NA,NA,NA,NA,NA,NA,1,1,1,1,1,1,1,1,1,0,1,0,1,1,0,1,13,13,NA,NA,8,5,NA,NA,NA,NA,NA,NA,""
