"","ID","Uni","Full_Part","PTY","Current_Year","Course_Duration","Course_Name","Previous_Training","Gender","UKRN","timepoint","Perception_Replication1","Perception_Replication2","Perception_Materials1","Perception_Materials2","Perception_Education1","Perception_Education2","Perception_Access1","Perception_Access2","Perception_Data1","Perception_Data2","Perception_Power1","Perception_Power2","Perception_Preregistration1","Perception_Preregistration2","Perception_Preprint1","Perception_Preprint2","Perception_Score_Total","Perception_Score_Mean","crisis_aware","crisis_learnt","crisis_explain","os_explain","os_learnt","Perception_Completed"
"1",1,"UKRN02","Full-time","Other (Please specify)","Year 1","3","Psychology BSC","Yes","Female","UKRN",1,1,2,2,1,0,0,2,1,1,1,1,1,2,1,1,-1,16,16,1,1,0,1,1,1
"2",2,"UKRN02","Full-time","Yes","Year 1","4","Psychology","No","Female","UKRN",1,2,2,1,1,1,1,0,1,2,0,1,2,2,2,1,-2,17,17,1,1,1,0,1,1
"3",3,"UKRN02","Full-time","Yes","Placement Year","3","BSc Psychology","Yes","Female","UKRN",1,2,-1,1,0,1,2,1,-1,1,-2,2,2,1,2,-2,-1,8,8,1,1,0,0,0,1
"4",4,"UKRN02","Full-time","Yes","Year 1","3","Psychology with Forensic Investigation ","Yes","Female ","UKRN",1,1,2,1,-1,1,1,1,0,0,2,2,2,0,0,-2,-2,8,8,1,1,0,0,0,1
"5",5,"UKRN02","Full-time","Yes","Placement Year","3","Bsc Psychology","Yes","Female","UKRN",1,1,1,1,1,-1,-1,-1,1,0,-1,2,2,0,2,-1,-1,5,5,1,0,1,0,0,1
"6",6,"UKRN02","Full-time","No","Year 1","3","BSc Psychology","Yes","female","UKRN",1,2,2,-1,-1,-1,1,-1,-1,1,-2,1,2,1,1,0,-2,2,2,1,1,1,1,1,1
"7",NA,NA,NA,NA,NA,NA,NA,NA,NA,NA,NA,NA,NA,NA,NA,NA,NA,NA,NA,NA,NA,NA,NA,NA,NA,NA,NA,NA,NA,NA,NA,NA,NA,NA,NA
"8",8,"UKRN02","Full-time","Yes","Year 1","3","Psycholigy","No","female","UKRN",1,1,0,2,1,1,1,2,1,1,1,1,2,0,1,0,-1,14,14,1,1,0,0,0,1
"9",9,"UKRN02","Full-time","Yes","Year 2","3","BSc Pyschology ","No","Female","UKRN",1,1,1,0,-1,1,1,1,1,2,-1,2,2,-1,1,-1,-1,8,8,1,1,1,0,0,1
"10",10,"UKRN02","Full-time","Yes","Year 2","4","BSc (Hons) Psychology","No","Female ","UKRN",1,2,2,-2,-2,1,-1,2,-1,2,-2,2,2,-1,-1,-2,-1,0,0,1,1,0,0,0,1
"11",11,"UKRN02","Full-time","Yes","Year 2","3","BsC Psychology ","No","Female ","UKRN",1,1,-2,2,-1,-1,-1,2,1,-1,-2,0,2,1,-1,1,-1,0,0,1,1,0,0,1,1
"12",NA,NA,NA,NA,NA,NA,NA,NA,NA,NA,NA,NA,NA,NA,NA,NA,NA,NA,NA,NA,NA,NA,NA,NA,NA,NA,NA,NA,NA,NA,NA,NA,NA,NA,NA
"13",NA,NA,NA,NA,NA,NA,NA,NA,NA,NA,NA,NA,NA,NA,NA,NA,NA,NA,NA,NA,NA,NA,NA,NA,NA,NA,NA,NA,NA,NA,NA,NA,NA,NA,NA
"14",14,"UKRN02","Full-time","Yes","Year 2","4","Psychology","Yes","Female ","UKRN",1,0,2,0,-2,1,0,1,-1,2,-1,1,2,0,0,-1,-2,2,2,1,1,0,0,0,1
"15",15,"UKRN02","Full-time","Yes","Year 1","4","BPS Psychology ","Yes","Female ","UKRN",1,-1,2,0,1,-1,1,-1,-1,0,-1,1,2,1,2,-1,1,5,5,1,1,1,0,0,1
"16",16,"UKRN02","Full-time","Yes","Year 2","3","Psychology ","Yes","Female","UKRN",1,2,1,0,2,1,1,2,0,1,1,1,2,0,1,-1,-2,12,12,1,1,1,0,0,1
"17",17,"UKRN02","Full-time","Yes","Year 1","4","BSc Psychology","Yes","Female","UKRN",1,2,2,0,1,0,1,1,-1,-1,1,0,2,1,-1,-2,2,8,8,1,1,1,0,0,1
"18",18,"UKRN02","Full-time","Yes","Year 1","4","Psychology","Yes","Female","UKRN",1,2,2,1,-1,1,2,1,-1,-2,0,1,2,0,2,-1,-2,7,7,1,1,0,0,0,1
"19",19,"UKRN02","Full-time","Yes","Year 1","3","BSc (Hons) Psychology","Yes","Female","UKRN",1,2,1,1,1,2,2,2,1,2,2,1,2,1,1,-2,-2,17,17,1,1,1,1,1,1
"20",20,"UKRN02","Full-time","Yes","Year 1","3","Psychology ","Yes","Male","UKRN",1,2,2,1,-1,1,1,1,-1,1,-2,2,1,1,-2,-2,-2,3,3,1,1,1,0,1,1
"21",NA,NA,NA,NA,NA,NA,NA,NA,NA,NA,NA,NA,NA,NA,NA,NA,NA,NA,NA,NA,NA,NA,NA,NA,NA,NA,NA,NA,NA,NA,NA,NA,NA,NA,NA
"22",NA,NA,NA,NA,NA,NA,NA,NA,NA,NA,NA,NA,NA,NA,NA,NA,NA,NA,NA,NA,NA,NA,NA,NA,NA,NA,NA,NA,NA,NA,NA,NA,NA,NA,NA
"23",23,"UKRN02","Full-time","Other (Please specify)","Year 1","3","Psychology","Yes","Female","UKRN",1,1,1,0,1,1,0,0,1,1,0,0,1,1,1,0,0,9,9,1,1,1,1,1,1
"24",24,"UNI02","Full-time","No","Year 2","3","BSc Psychology Hons","No","N/A","Non-UKRN",1,1,2,1,1,1,1,2,1,1,2,1,2,1,1,0,-1,17,17,1,1,1,0,0,1
"25",25,"UNI02","Full-time","No","Year 2","3","Single honours Psychology ","Yes","Female","Non-UKRN",1,2,1,1,1,1,1,1,1,-1,1,1,2,1,0,0,-2,11,11,1,1,1,0,0,1
"26",27,"UNI02","Full-time","No","Final Year","3","Psychology ","No","Female ","Non-UKRN",1,1,1,0,1,1,1,2,1,0,0,1,1,-1,-1,-1,-1,6,6,1,0,0,0,0,1
"27",28,"UNI02","Full-time","No","Year 2","3","Psychology","Yes","Female ","Non-UKRN",1,0,2,0,1,1,1,2,-1,-2,-1,1,2,0,1,-2,-2,3,3,1,1,1,0,1,1
"28",29,"UNI02","Full-time","No","Final Year","3","Psychology ","Yes","Female ","Non-UKRN",1,2,2,2,2,2,2,2,2,2,2,0,2,0,1,-2,-2,19,19,1,1,1,0,0,1
"29",30,"UNI02","Full-time","No","Final Year","3","Psychology ","Yes","Female ","Non-UKRN",1,1,-1,0,1,1,1,-1,-1,1,-1,1,1,0,1,0,1,5,5,1,0,0,1,0,1
"30",31,"UNI02","Full-time","No","Year 1","3","Psychology with counselling ","Yes","Female","Non-UKRN",1,1,-2,1,1,1,-1,1,1,1,0,1,0,1,-1,1,-1,5,5,1,0,0,0,1,1
"31",32,"UNI02","Full-time","No","Final Year","3","Bsc(hons) psychology ","Yes","Female ","Non-UKRN",1,1,2,0,1,0,0,0,-1,-1,-2,1,2,0,0,-1,1,3,3,1,1,0,0,0,1
"32",33,"UNI01","Full-time","No","Year 2","3","BSc (Hons) Psychology with Criminology","Yes","Female","Non-UKRN",1,1,1,0,1,1,0,2,1,1,-1,1,1,1,1,-1,-1,9,9,1,0,0,0,0,1
"33",34,"UNI02","Full-time","No","Year 2","3","Psychology with clinical skills","No","Female","Non-UKRN",1,2,2,1,2,1,1,2,1,2,1,1,2,1,1,1,0,21,21,1,1,1,1,1,1
"34",35,"UNI01","Full-time","No","Final Year","3","Psychology with Criminology","No","Female","Non-UKRN",1,2,2,2,1,2,2,2,1,0,0,1,2,0,1,-2,-2,14,14,1,1,0,1,1,1
"35",36,"UNI02","Full-time","Yes","Year 2","3","Psychology","No","Female","Non-UKRN",1,1,2,0,-2,0,2,2,1,0,-2,2,2,2,-1,-2,-1,6,6,1,1,0,0,0,1
"36",37,"UNI02","Full-time","No","Year 2","3","Bsc (Hons) Psychology","No","Female","Non-UKRN",1,0,-1,0,0,0,0,0,-1,-1,-1,2,1,0,0,-1,-1,-3,-3,1,1,0,0,0,1
"37",38,"UNI02","Full-time","Yes","Year 2","4","Forensic psychology ","No","Female ","Non-UKRN",1,1,-1,0,1,0,0,1,1,1,0,1,2,1,1,-1,1,9,9,1,1,0,1,1,1
"38",NA,NA,NA,NA,NA,NA,NA,NA,NA,NA,NA,NA,NA,NA,NA,NA,NA,NA,NA,NA,NA,NA,NA,NA,NA,NA,NA,NA,NA,NA,NA,NA,NA,NA,NA
"39",40,"UNI01","Full-time","No","Year 1","3","Bsc Psychology (Hons)","Yes","Female","Non-UKRN",1,1,1,0,1,-1,-1,1,1,-1,-2,1,1,2,1,-1,-2,2,2,1,1,1,0,0,1
"40",41,"UNI02","Full-time","No","Year 2","3","Psychology with clinical skills","No","Female ","Non-UKRN",1,2,1,1,1,1,1,1,2,0,-2,2,1,-1,1,-1,-1,9,9,1,0,1,0,0,1
"41",NA,NA,NA,NA,NA,NA,NA,NA,NA,NA,NA,NA,NA,NA,NA,NA,NA,NA,NA,NA,NA,NA,NA,NA,NA,NA,NA,NA,NA,NA,NA,NA,NA,NA,NA
"42",44,"UNI01","Full-time","No","Year 2","3","Psychology","No","Female","Non-UKRN",1,1,2,1,2,1,1,1,-1,0,-2,0,2,2,2,0,0,12,12,1,1,1,0,0,1
"43",NA,NA,NA,NA,NA,NA,NA,NA,NA,NA,NA,NA,NA,NA,NA,NA,NA,NA,NA,NA,NA,NA,NA,NA,NA,NA,NA,NA,NA,NA,NA,NA,NA,NA,NA
"44",46,"UKRN07","Full-time","Yes","Final Year","4","Psychology with Professional Placement","Yes","Female","UKRN",1,1,1,1,1,2,1,1,2,1,1,1,2,1,-1,1,-1,15,15,1,1,1,1,0,1
"45",NA,NA,NA,NA,NA,NA,NA,NA,NA,NA,NA,NA,NA,NA,NA,NA,NA,NA,NA,NA,NA,NA,NA,NA,NA,NA,NA,NA,NA,NA,NA,NA,NA,NA,NA
"46",48,"UKRN07","Full-time","No","Final Year","3","BSc Psychology","Yes","Female","UKRN",1,2,2,0,1,1,0,2,1,0,-1,1,2,-1,1,-1,-1,9,9,1,1,1,0,0,1
"47",49,"UKRN07","Full-time","Yes","Final Year","4","Psychology with Professional Placement","Yes","Male","UKRN",1,2,2,2,1,2,2,2,1,2,2,2,2,-1,0,-1,-1,19,19,1,1,1,0,0,1
"48",NA,NA,NA,NA,NA,NA,NA,NA,NA,NA,NA,NA,NA,NA,NA,NA,NA,NA,NA,NA,NA,NA,NA,NA,NA,NA,NA,NA,NA,NA,NA,NA,NA,NA,NA
"49",51,"UKRN07","Full-time","No","Final Year","3","Psychology with Neuroscience","Yes","Female","UKRN",1,1,1,1,-1,1,1,2,1,1,0,-1,2,1,-1,1,1,11,11,1,1,1,1,1,1
"50",NA,NA,NA,NA,NA,NA,NA,NA,NA,NA,NA,NA,NA,NA,NA,NA,NA,NA,NA,NA,NA,NA,NA,NA,NA,NA,NA,NA,NA,NA,NA,NA,NA,NA,NA
"51",54,"UNI04","Full-time","Other (Please specify)","Final Year","4","Psychology (with a Year Abroad)","No","Female","Non-UKRN",1,2,1,0,1,2,2,2,1,1,-1,1,1,1,1,-1,-1,13,13,1,1,0,0,0,1
"52",55,"UNI04","Full-time","No","Final Year","3","BSc Psychology","Yes","Female","Non-UKRN",1,2,2,1,-2,1,1,1,-1,-2,-2,0,2,-1,2,-1,-1,2,2,1,1,1,0,0,1
"53",56,"UKRN07","Full-time","No","Final Year","3","BSc Psychology (Hons) ","Yes","Female ","UKRN",1,1,1,1,0,1,1,2,1,1,1,2,-1,1,-1,-1,-1,9,9,1,1,1,1,1,1
"54",57,"UNI04","Full-time","Yes","Year 2","4","BSc Psychology with Placement Year","No","Male","Non-UKRN",1,2,2,2,2,1,1,1,-1,1,-2,1,2,0,1,-2,-2,9,9,1,1,0,0,0,1
"55",58,"UKRN02","Full-time","Yes","Year 1","4","Psychology with counselling","Yes","Female","UKRN",1,2,1,0,1,-1,0,0,-1,1,-1,1,2,1,-1,-1,1,5,5,1,0,1,0,1,1
"56",NA,NA,NA,NA,NA,NA,NA,NA,NA,NA,NA,NA,NA,NA,NA,NA,NA,NA,NA,NA,NA,NA,NA,NA,NA,NA,NA,NA,NA,NA,NA,NA,NA,NA,NA
"57",60,"UNI11","Full-time","No","Final Year","3","Psychology and child development ","Yes","Female","Non-UKRN",1,2,2,1,2,2,2,2,1,2,-1,1,2,0,1,-1,-1,17,17,1,1,0,0,0,1
"58",61,"UNI11","Full-time","No","Final Year","3","Bsc Psychology ","Yes","Female","Non-UKRN",1,1,1,1,1,0,1,2,2,1,1,1,2,0,1,-1,1,15,15,1,1,1,0,0,1
"59",NA,NA,NA,NA,NA,NA,NA,NA,NA,NA,NA,NA,NA,NA,NA,NA,NA,NA,NA,NA,NA,NA,NA,NA,NA,NA,NA,NA,NA,NA,NA,NA,NA,NA,NA
"60",NA,NA,NA,NA,NA,NA,NA,NA,NA,NA,NA,NA,NA,NA,NA,NA,NA,NA,NA,NA,NA,NA,NA,NA,NA,NA,NA,NA,NA,NA,NA,NA,NA,NA,NA
"61",64,"UNI11","Full-time","No","Year 1","3","Bsc Psychology","Yes","Female","Non-UKRN",1,2,2,1,1,0,0,2,0,1,-1,2,0,0,-2,1,1,10,10,1,0,1,0,0,1
"62",65,"UNI11","Full-time","No","Year 1","3","Psychology with child development ","Yes","Female","Non-UKRN",1,1,1,1,1,-1,1,1,1,-2,-2,2,1,2,-1,-2,-2,2,2,1,1,0,0,0,1
"63",NA,NA,NA,NA,NA,NA,NA,NA,NA,NA,NA,NA,NA,NA,NA,NA,NA,NA,NA,NA,NA,NA,NA,NA,NA,NA,NA,NA,NA,NA,NA,NA,NA,NA,NA
"64",NA,NA,NA,NA,NA,NA,NA,NA,NA,NA,NA,NA,NA,NA,NA,NA,NA,NA,NA,NA,NA,NA,NA,NA,NA,NA,NA,NA,NA,NA,NA,NA,NA,NA,NA
"65",68,"UNI11","Full-time","No","Year 1","3","Psychology","Yes","Female","Non-UKRN",1,1,1,0,1,1,0,2,1,2,-1,1,2,0,-1,-2,-2,6,6,1,1,1,0,0,1
"66",NA,NA,NA,NA,NA,NA,NA,NA,NA,NA,NA,NA,NA,NA,NA,NA,NA,NA,NA,NA,NA,NA,NA,NA,NA,NA,NA,NA,NA,NA,NA,NA,NA,NA,NA
"67",70,"UNI11","Full-time","No","Year 2","3","BSc Psychology ","Yes","Female","Non-UKRN",1,2,2,1,1,1,1,2,2,1,1,0,2,0,1,-1,-1,15,15,1,1,1,1,1,1
"68",NA,NA,NA,NA,NA,NA,NA,NA,NA,NA,NA,NA,NA,NA,NA,NA,NA,NA,NA,NA,NA,NA,NA,NA,NA,NA,NA,NA,NA,NA,NA,NA,NA,NA,NA
"69",72,"UNI11","Full-time","No","Year 1","3","psychology ","Yes","female","Non-UKRN",1,1,1,0,-1,1,1,1,-1,1,-1,1,2,0,1,-1,-2,4,4,1,1,1,0,0,1
"70",NA,NA,NA,NA,NA,NA,NA,NA,NA,NA,NA,NA,NA,NA,NA,NA,NA,NA,NA,NA,NA,NA,NA,NA,NA,NA,NA,NA,NA,NA,NA,NA,NA,NA,NA
"71",74,"UNI11","Full-time","No","Year 1","3","Bsc Psychology","Yes","female","Non-UKRN",1,2,1,1,-1,1,1,2,-1,1,1,1,2,2,1,-1,-1,12,12,1,1,1,1,1,1
"72",75,"UNI11","Full-time","No","Year 1","3","Psychology BSc","Yes","Female","Non-UKRN",1,2,2,1,1,1,2,2,2,2,2,2,2,0,-2,-2,-1,16,16,1,0,0,0,0,1
"73",76,"UNI11","Full-time","No","Year 1","3","Psychology","No","female","Non-UKRN",1,1,1,1,0,1,1,1,1,1,1,1,1,1,1,-1,-1,11,11,1,1,0,0,0,1
"74",NA,NA,NA,NA,NA,NA,NA,NA,NA,NA,NA,NA,NA,NA,NA,NA,NA,NA,NA,NA,NA,NA,NA,NA,NA,NA,NA,NA,NA,NA,NA,NA,NA,NA,NA
"75",NA,NA,NA,NA,NA,NA,NA,NA,NA,NA,NA,NA,NA,NA,NA,NA,NA,NA,NA,NA,NA,NA,NA,NA,NA,NA,NA,NA,NA,NA,NA,NA,NA,NA,NA
"76",79,"UKRN01","Full-time","Yes","Year 1","4","BSc Psychology","Yes","Female","UKRN",1,1,2,1,-2,-1,1,-1,-1,-1,-2,1,1,1,-1,0,0,-1,-1,1,1,1,0,0,1
"77",80,"UKRN01","Full-time","Yes","Year 1","4","BSc Psychology ","Yes","Female","UKRN",1,1,1,0,0,0,0,1,1,0,0,1,1,0,-1,-1,-1,3,3,1,0,0,0,0,1
"78",NA,NA,NA,NA,NA,NA,NA,NA,NA,NA,NA,NA,NA,NA,NA,NA,NA,NA,NA,NA,NA,NA,NA,NA,NA,NA,NA,NA,NA,NA,NA,NA,NA,NA,NA
"79",NA,NA,NA,NA,NA,NA,NA,NA,NA,NA,NA,NA,NA,NA,NA,NA,NA,NA,NA,NA,NA,NA,NA,NA,NA,NA,NA,NA,NA,NA,NA,NA,NA,NA,NA
"80",NA,NA,NA,NA,NA,NA,NA,NA,NA,NA,NA,NA,NA,NA,NA,NA,NA,NA,NA,NA,NA,NA,NA,NA,NA,NA,NA,NA,NA,NA,NA,NA,NA,NA,NA
"81",84,"UKRN01","Full-time","Yes","Year 2","3","Psychology","Yes","Female","UKRN",1,1,1,0,0,0,-1,1,0,1,1,1,1,1,-1,0,-1,5,5,1,1,0,0,1,1
"82",85,"UKRN01","Full-time","Yes","Year 2","4","Psychology ","Yes","Female","UKRN",1,2,2,1,1,1,-1,-1,-1,1,-2,2,1,2,0,0,-1,7,7,1,1,1,0,0,1
"83",NA,NA,NA,NA,NA,NA,NA,NA,NA,NA,NA,NA,NA,NA,NA,NA,NA,NA,NA,NA,NA,NA,NA,NA,NA,NA,NA,NA,NA,NA,NA,NA,NA,NA,NA
"84",87,"UKRN01","Full-time","Yes","Year 1","4","BSc psychology","Yes","Female","UKRN",1,2,1,-1,-2,0,0,-2,2,-1,-2,1,1,2,2,-1,-1,1,1,1,0,0,0,0,1
"85",NA,NA,NA,NA,NA,NA,NA,NA,NA,NA,NA,NA,NA,NA,NA,NA,NA,NA,NA,NA,NA,NA,NA,NA,NA,NA,NA,NA,NA,NA,NA,NA,NA,NA,NA
"86",NA,NA,NA,NA,NA,NA,NA,NA,NA,NA,NA,NA,NA,NA,NA,NA,NA,NA,NA,NA,NA,NA,NA,NA,NA,NA,NA,NA,NA,NA,NA,NA,NA,NA,NA
"87",90,"UKRN01","Full-time","No","Year 1","3","Psychology Bsc","Yes","Female","UKRN",1,2,2,2,1,1,1,1,0,1,1,0,2,1,1,-1,0,15,15,1,1,0,0,1,1
"88",NA,NA,NA,NA,NA,NA,NA,NA,NA,NA,NA,NA,NA,NA,NA,NA,NA,NA,NA,NA,NA,NA,NA,NA,NA,NA,NA,NA,NA,NA,NA,NA,NA,NA,NA
"89",NA,NA,NA,NA,NA,NA,NA,NA,NA,NA,NA,NA,NA,NA,NA,NA,NA,NA,NA,NA,NA,NA,NA,NA,NA,NA,NA,NA,NA,NA,NA,NA,NA,NA,NA
"90",93,"UKRN01","Full-time","Yes","Year 1","3","Psychology Bsc","Yes","Female","UKRN",1,1,1,1,0,-1,0,-1,-1,-1,-2,1,2,1,2,0,-1,2,2,1,0,1,0,0,1
"91",94,"UKRN01","Full-time","Yes","Placement Year","3","BSc Psychology","Yes","Female","UKRN",1,2,2,0,0,-1,0,1,0,2,0,1,2,0,1,-1,-2,7,7,1,1,1,0,0,1
"92",95,"UKRN01","Full-time","Yes","Year 1","4","Psychology with placement year","Yes","Female","UKRN",1,1,2,2,2,0,-1,1,1,-1,-1,-1,2,1,2,-1,-1,8,8,1,1,0,0,0,1
"93",96,"UKRN01","Full-time","Yes","Year 1","4","BSc Psychology","Yes","Female","UKRN",1,1,1,0,-2,0,-1,1,-1,0,1,2,-1,1,-1,0,-1,0,0,1,1,0,0,0,1
"94",97,"UKRN01","Full-time","Yes","Placement Year","4","Psychology BsC","Yes","Female ","UKRN",1,2,1,0,-1,2,1,2,2,1,-1,1,2,-1,0,0,1,12,12,1,1,1,0,0,1
"95",98,"UKRN01","Full-time","Yes","Placement Year","4","Psychology ","Yes","Female","UKRN",1,-1,2,-2,1,0,0,2,1,2,-1,2,2,1,2,-2,-2,7,7,1,1,1,0,0,1
"96",99,"UKRN01","Full-time","Yes","Year 2","4","Psychology","Yes","Female","UKRN",1,-1,0,1,1,1,-1,0,1,1,1,1,1,1,-1,1,-1,6,6,1,0,1,0,0,1
"97",100,"UKRN01","Full-time","No","Year 2","3","Psychology","No","Male","UKRN",1,2,2,1,2,1,1,1,-1,1,2,1,2,1,1,-1,-1,15,15,1,1,0,1,1,1
"98",101,"UKRN01","Full-time","No","Year 2","3","Psychology BSc","Yes","Male","UKRN",1,1,1,2,1,1,0,2,1,1,1,2,2,0,-1,0,-2,12,12,1,1,1,0,0,1
"99",NA,NA,NA,NA,NA,NA,NA,NA,NA,NA,NA,NA,NA,NA,NA,NA,NA,NA,NA,NA,NA,NA,NA,NA,NA,NA,NA,NA,NA,NA,NA,NA,NA,NA,NA
"100",NA,NA,NA,NA,NA,NA,NA,NA,NA,NA,NA,NA,NA,NA,NA,NA,NA,NA,NA,NA,NA,NA,NA,NA,NA,NA,NA,NA,NA,NA,NA,NA,NA,NA,NA
"101",104,"UKRN01","Full-time","Yes","Year 2","4","Psychology","Yes","Female","UKRN",1,2,2,1,0,1,0,1,0,1,0,1,0,1,-1,0,-1,8,8,1,1,0,0,0,1
"102",NA,NA,NA,NA,NA,NA,NA,NA,NA,NA,NA,NA,NA,NA,NA,NA,NA,NA,NA,NA,NA,NA,NA,NA,NA,NA,NA,NA,NA,NA,NA,NA,NA,NA,NA
"103",NA,NA,NA,NA,NA,NA,NA,NA,NA,NA,NA,NA,NA,NA,NA,NA,NA,NA,NA,NA,NA,NA,NA,NA,NA,NA,NA,NA,NA,NA,NA,NA,NA,NA,NA
"104",107,"UKRN01","Full-time","Yes","Placement Year","4","Psychology","Yes","Female","UKRN",1,1,0,2,1,1,1,2,1,2,0,1,1,1,-1,0,0,13,13,1,1,1,1,1,1
"105",108,"UKRN01","Full-time","Yes","Year 1","4","Psychology","Yes","Female ","UKRN",1,2,0,1,1,-1,-1,-1,-1,2,1,-1,2,1,1,-1,-1,4,4,1,1,1,0,0,1
"106",NA,NA,NA,NA,NA,NA,NA,NA,NA,NA,NA,NA,NA,NA,NA,NA,NA,NA,NA,NA,NA,NA,NA,NA,NA,NA,NA,NA,NA,NA,NA,NA,NA,NA,NA
"107",110,"UKRN01","Full-time","Yes","Year 2","4","Psychology","Yes","Female","UKRN",1,-1,1,0,1,1,2,1,1,-1,0,2,2,0,2,-2,-1,8,8,1,1,1,0,0,1
"108",NA,NA,NA,NA,NA,NA,NA,NA,NA,NA,NA,NA,NA,NA,NA,NA,NA,NA,NA,NA,NA,NA,NA,NA,NA,NA,NA,NA,NA,NA,NA,NA,NA,NA,NA
"109",112,"UKRN01","Full-time","Yes","Year 2","4","Psychology ","Yes","Female","UKRN",1,2,2,1,1,1,1,1,1,1,-2,1,2,1,-1,-1,-1,10,10,1,1,1,0,1,1
"110",NA,NA,NA,NA,NA,NA,NA,NA,NA,NA,NA,NA,NA,NA,NA,NA,NA,NA,NA,NA,NA,NA,NA,NA,NA,NA,NA,NA,NA,NA,NA,NA,NA,NA,NA
"111",NA,NA,NA,NA,NA,NA,NA,NA,NA,NA,NA,NA,NA,NA,NA,NA,NA,NA,NA,NA,NA,NA,NA,NA,NA,NA,NA,NA,NA,NA,NA,NA,NA,NA,NA
"112",115,"UKRN01","Full-time","No","Year 1","3","Psychology","No","Female","UKRN",1,2,2,1,1,1,1,1,1,2,0,1,-1,0,-2,0,-1,9,9,1,0,1,0,0,1
"113",NA,NA,NA,NA,NA,NA,NA,NA,NA,NA,NA,NA,NA,NA,NA,NA,NA,NA,NA,NA,NA,NA,NA,NA,NA,NA,NA,NA,NA,NA,NA,NA,NA,NA,NA
"114",NA,NA,NA,NA,NA,NA,NA,NA,NA,NA,NA,NA,NA,NA,NA,NA,NA,NA,NA,NA,NA,NA,NA,NA,NA,NA,NA,NA,NA,NA,NA,NA,NA,NA,NA
"115",118,"UKRN01","Full-time","Yes","Year 1","4","Psychology","Yes","female","UKRN",1,2,2,2,2,2,2,1,-1,2,2,1,2,1,-1,-1,1,19,19,1,0,1,0,0,1
"116",NA,NA,NA,NA,NA,NA,NA,NA,NA,NA,NA,NA,NA,NA,NA,NA,NA,NA,NA,NA,NA,NA,NA,NA,NA,NA,NA,NA,NA,NA,NA,NA,NA,NA,NA
"117",NA,NA,NA,NA,NA,NA,NA,NA,NA,NA,NA,NA,NA,NA,NA,NA,NA,NA,NA,NA,NA,NA,NA,NA,NA,NA,NA,NA,NA,NA,NA,NA,NA,NA,NA
"118",121,"UKRN01","Full-time","No","Year 2","3","Psychology","Yes","Female","UKRN",1,1,1,1,-1,0,0,1,1,-1,-1,0,2,0,1,-2,-1,2,2,1,0,1,0,0,1
"119",122,"UKRN01","Full-time","Yes","Year 2","4","Psychology BSc","Yes","Female","UKRN",1,0,2,2,2,0,2,1,0,1,1,1,2,2,2,2,1,21,21,1,1,1,1,0,1
"120",123,"UKRN01","Full-time","Yes","Year 2","4","Psychology BSc","Yes","Female","UKRN",1,1,2,1,1,1,1,2,2,2,-1,-1,2,1,1,-1,-2,12,12,1,1,0,0,0,1
"121",124,"UKRN01","Full-time","Yes","Year 1","4","BSc Psychology","Yes","Female","UKRN",1,1,1,0,1,0,1,1,0,1,-2,-1,2,1,1,-1,-1,5,5,1,0,1,0,0,1
"122",125,"UKRN01","Full-time","Yes","Year 2","4","BSc Psychology","Yes","Female","UKRN",1,2,2,2,0,2,1,1,1,2,-2,2,2,2,0,1,0,18,18,1,1,1,0,1,1
"123",NA,NA,NA,NA,NA,NA,NA,NA,NA,NA,NA,NA,NA,NA,NA,NA,NA,NA,NA,NA,NA,NA,NA,NA,NA,NA,NA,NA,NA,NA,NA,NA,NA,NA,NA
"124",NA,NA,NA,NA,NA,NA,NA,NA,NA,NA,NA,NA,NA,NA,NA,NA,NA,NA,NA,NA,NA,NA,NA,NA,NA,NA,NA,NA,NA,NA,NA,NA,NA,NA,NA
"125",NA,NA,NA,NA,NA,NA,NA,NA,NA,NA,NA,NA,NA,NA,NA,NA,NA,NA,NA,NA,NA,NA,NA,NA,NA,NA,NA,NA,NA,NA,NA,NA,NA,NA,NA
"126",NA,NA,NA,NA,NA,NA,NA,NA,NA,NA,NA,NA,NA,NA,NA,NA,NA,NA,NA,NA,NA,NA,NA,NA,NA,NA,NA,NA,NA,NA,NA,NA,NA,NA,NA
"127",NA,NA,NA,NA,NA,NA,NA,NA,NA,NA,NA,NA,NA,NA,NA,NA,NA,NA,NA,NA,NA,NA,NA,NA,NA,NA,NA,NA,NA,NA,NA,NA,NA,NA,NA
"128",NA,NA,NA,NA,NA,NA,NA,NA,NA,NA,NA,NA,NA,NA,NA,NA,NA,NA,NA,NA,NA,NA,NA,NA,NA,NA,NA,NA,NA,NA,NA,NA,NA,NA,NA
"129",132,"UKRN01","Full-time","Yes","Year 1","4","Psychology ","Yes","Female","UKRN",1,2,1,1,-1,1,1,0,1,2,-1,1,1,1,0,1,1,12,12,1,0,0,1,0,1
"130",133,"UKRN01","Full-time","No","Year 2","3","Psychology","Yes","female","UKRN",1,1,1,1,-1,1,1,1,-1,1,0,0,1,-1,-1,-1,-1,2,2,1,1,1,0,0,1
"131",NA,NA,NA,NA,NA,NA,NA,NA,NA,NA,NA,NA,NA,NA,NA,NA,NA,NA,NA,NA,NA,NA,NA,NA,NA,NA,NA,NA,NA,NA,NA,NA,NA,NA,NA
"132",NA,NA,NA,NA,NA,NA,NA,NA,NA,NA,NA,NA,NA,NA,NA,NA,NA,NA,NA,NA,NA,NA,NA,NA,NA,NA,NA,NA,NA,NA,NA,NA,NA,NA,NA
"133",NA,NA,NA,NA,NA,NA,NA,NA,NA,NA,NA,NA,NA,NA,NA,NA,NA,NA,NA,NA,NA,NA,NA,NA,NA,NA,NA,NA,NA,NA,NA,NA,NA,NA,NA
"134",138,"UKRN01","Full-time","Yes","Year 2","4","Psychology Bsc","Yes","Female","UKRN",1,2,1,2,1,1,2,2,2,2,-1,1,2,1,1,-1,0,18,18,1,1,1,0,0,1
"135",NA,NA,NA,NA,NA,NA,NA,NA,NA,NA,NA,NA,NA,NA,NA,NA,NA,NA,NA,NA,NA,NA,NA,NA,NA,NA,NA,NA,NA,NA,NA,NA,NA,NA,NA
"136",140,"UKRN01","Full-time","Yes","Year 2","4","Psychology","Yes","Female","UKRN",1,1,1,0,1,1,1,-1,-1,1,-1,-1,1,0,-1,-1,-1,0,0,1,1,0,0,0,1
"137",NA,NA,NA,NA,NA,NA,NA,NA,NA,NA,NA,NA,NA,NA,NA,NA,NA,NA,NA,NA,NA,NA,NA,NA,NA,NA,NA,NA,NA,NA,NA,NA,NA,NA,NA
"138",NA,NA,NA,NA,NA,NA,NA,NA,NA,NA,NA,NA,NA,NA,NA,NA,NA,NA,NA,NA,NA,NA,NA,NA,NA,NA,NA,NA,NA,NA,NA,NA,NA,NA,NA
"139",NA,NA,NA,NA,NA,NA,NA,NA,NA,NA,NA,NA,NA,NA,NA,NA,NA,NA,NA,NA,NA,NA,NA,NA,NA,NA,NA,NA,NA,NA,NA,NA,NA,NA,NA
"140",144,"UKRN01","Full-time","Yes","Year 1","4","Psychology Bsc ","Yes","Male ","UKRN",1,2,2,2,2,1,2,2,1,2,1,-1,2,1,-1,-1,2,19,19,1,0,0,0,0,1
"141",NA,NA,NA,NA,NA,NA,NA,NA,NA,NA,NA,NA,NA,NA,NA,NA,NA,NA,NA,NA,NA,NA,NA,NA,NA,NA,NA,NA,NA,NA,NA,NA,NA,NA,NA
"142",146,"UKRN01","Full-time","Yes","Year 1","4","BSc Psychology","Yes","Female","UKRN",1,2,1,1,0,1,0,2,1,2,-2,0,1,0,1,-2,-2,6,6,1,0,0,0,0,1
"143",NA,NA,NA,NA,NA,NA,NA,NA,NA,NA,NA,NA,NA,NA,NA,NA,NA,NA,NA,NA,NA,NA,NA,NA,NA,NA,NA,NA,NA,NA,NA,NA,NA,NA,NA
"144",148,"UKRN01","Full-time","Yes","Year 1","4","psychology bsc","Yes","female","UKRN",1,2,2,1,-1,0,1,1,1,2,-1,1,2,0,1,1,-2,11,11,1,1,0,1,0,1
"145",149,"UKRN01","Full-time","Yes","Placement Year","4","BSc Psychology","No","Female ","UKRN",1,1,1,1,2,-1,1,-1,-1,2,1,2,2,2,2,-1,1,14,14,1,1,1,1,1,1
"146",NA,NA,NA,NA,NA,NA,NA,NA,NA,NA,NA,NA,NA,NA,NA,NA,NA,NA,NA,NA,NA,NA,NA,NA,NA,NA,NA,NA,NA,NA,NA,NA,NA,NA,NA
"147",NA,NA,NA,NA,NA,NA,NA,NA,NA,NA,NA,NA,NA,NA,NA,NA,NA,NA,NA,NA,NA,NA,NA,NA,NA,NA,NA,NA,NA,NA,NA,NA,NA,NA,NA
"148",152,"UKRN01","Full-time","Yes","Year 1","4","Psychology BSc","Yes","F","UKRN",1,2,2,1,1,1,1,2,1,2,1,1,0,1,0,-2,-1,13,13,1,0,1,1,0,1
"149",NA,NA,NA,NA,NA,NA,NA,NA,NA,NA,NA,NA,NA,NA,NA,NA,NA,NA,NA,NA,NA,NA,NA,NA,NA,NA,NA,NA,NA,NA,NA,NA,NA,NA,NA
"150",154,"UKRN01","Full-time","Yes","Year 2","4","Psychology BSc","Yes","Female","UKRN",1,1,1,0,1,1,0,0,0,0,0,1,1,1,1,-1,-1,6,6,1,1,1,0,1,1
"151",155,"UKRN01","Full-time","Yes","Year 1","3","Bsc Psychology","No","Male","UKRN",1,1,1,0,1,1,0,1,1,1,1,1,1,0,-1,1,1,11,11,1,1,1,0,0,1
"152",156,"UKRN01","Full-time","Yes","Year 1","4","Psychology ","Yes","Female","UKRN",1,2,2,0,1,1,1,2,2,1,1,-1,2,0,-1,0,-1,12,12,1,0,0,0,0,1
"153",157,"UKRN01","Full-time","Yes","Year 1","4","BSc Psychology","Yes","Female","UKRN",1,2,2,2,1,0,1,-1,-1,1,1,2,1,1,0,-2,-2,8,8,1,0,0,0,0,1
"154",158,"UKRN01","Full-time","No","Year 1","3","Psychology","No","Female ","UKRN",1,2,1,1,2,1,0,1,1,2,0,0,2,1,1,-1,-1,13,13,1,1,0,1,0,1
"155",NA,NA,NA,NA,NA,NA,NA,NA,NA,NA,NA,NA,NA,NA,NA,NA,NA,NA,NA,NA,NA,NA,NA,NA,NA,NA,NA,NA,NA,NA,NA,NA,NA,NA,NA
"156",160,"UKRN01","Full-time","Yes","Year 2","4","Psychology","Yes","female","UKRN",1,1,1,1,1,0,1,2,1,2,-1,1,2,1,1,0,-1,13,13,1,1,1,0,0,1
"157",161,"UKRN01","Full-time","Yes","Year 2","4","BSc Psychology","Yes","female","UKRN",1,2,1,2,1,2,2,2,1,2,-1,2,1,0,0,-1,-2,14,14,1,0,1,0,0,1
"158",NA,NA,NA,NA,NA,NA,NA,NA,NA,NA,NA,NA,NA,NA,NA,NA,NA,NA,NA,NA,NA,NA,NA,NA,NA,NA,NA,NA,NA,NA,NA,NA,NA,NA,NA
"159",163,"UKRN01","Full-time","Yes","Year 1","4","Psychology BSc","Yes","Female","UKRN",1,2,1,0,1,1,1,2,1,2,0,2,2,-1,1,1,-1,15,15,1,0,1,0,0,1
"160",164,"UKRN01","Full-time","Yes","Year 2","4","Psychology (BSc)","Yes","Female","UKRN",1,2,2,1,0,1,1,1,0,0,-1,2,1,1,1,1,-1,12,12,1,1,1,0,0,1
"161",165,"UKRN01","Full-time","Yes","Year 1","4","Psychology Bsc","Yes","Female","UKRN",1,1,2,1,2,1,2,0,-1,0,-1,-2,2,-2,2,1,0,8,8,1,1,1,0,0,1
"162",NA,NA,NA,NA,NA,NA,NA,NA,NA,NA,NA,NA,NA,NA,NA,NA,NA,NA,NA,NA,NA,NA,NA,NA,NA,NA,NA,NA,NA,NA,NA,NA,NA,NA,NA
"163",NA,NA,NA,NA,NA,NA,NA,NA,NA,NA,NA,NA,NA,NA,NA,NA,NA,NA,NA,NA,NA,NA,NA,NA,NA,NA,NA,NA,NA,NA,NA,NA,NA,NA,NA
"164",168,"UKRN01","Full-time","Yes","Year 1","3","Bsc Psychology","No","Female","UKRN",1,2,1,1,0,1,1,-1,1,1,-2,1,1,1,-1,0,0,7,7,1,0,1,0,0,1
"165",NA,NA,NA,NA,NA,NA,NA,NA,NA,NA,NA,NA,NA,NA,NA,NA,NA,NA,NA,NA,NA,NA,NA,NA,NA,NA,NA,NA,NA,NA,NA,NA,NA,NA,NA
"166",NA,NA,NA,NA,NA,NA,NA,NA,NA,NA,NA,NA,NA,NA,NA,NA,NA,NA,NA,NA,NA,NA,NA,NA,NA,NA,NA,NA,NA,NA,NA,NA,NA,NA,NA
"167",171,"UKRN01","Full-time","Yes","Year 1","4","Psychology ","Yes","Female","UKRN",1,2,1,1,1,1,0,1,1,1,1,2,1,0,-1,-1,-1,10,10,1,0,1,0,0,1
"168",172,"UKRN01","Full-time","Yes","Year 2","4","Psychology","Yes","female","UKRN",1,2,2,2,2,2,2,2,2,2,2,2,2,1,1,-2,-2,22,22,1,1,1,0,0,1
"169",NA,NA,NA,NA,NA,NA,NA,NA,NA,NA,NA,NA,NA,NA,NA,NA,NA,NA,NA,NA,NA,NA,NA,NA,NA,NA,NA,NA,NA,NA,NA,NA,NA,NA,NA
"170",174,"UKRN01","Full-time","Yes","Year 2","4","Psychology","Yes","Male","UKRN",1,2,2,0,0,1,1,0,0,1,-1,1,2,0,1,-1,-1,8,8,1,1,1,0,0,1
"171",175,"UKRN01","Full-time","Yes","Year 1","3","Psychology BSc","Yes","Female","UKRN",1,2,1,0,1,0,-1,-1,-1,1,-2,-2,1,1,-1,-2,-1,-4,-4,1,1,1,1,1,1
"172",176,"UKRN01","Full-time","Yes","Placement Year","4","psychology Bsc","Yes","female","UKRN",1,2,2,1,2,1,2,2,0,1,0,1,2,1,1,-1,-1,16,16,1,1,1,1,1,1
"173",177,"UKRN01","Full-time","Yes","Placement Year","4","Psychology","Yes","Male","UKRN",1,2,2,1,0,1,-1,2,-1,2,0,1,1,1,-1,0,-1,9,9,1,1,1,1,1,1
"174",178,"UKRN01","Full-time","Yes","Year 2","3","BSc Psychology","Yes","Female","UKRN",1,2,2,2,0,1,0,1,1,2,0,2,2,0,1,-2,-1,13,13,1,1,0,1,1,1
"175",179,"UKRN01","Full-time","Yes","Year 2","3","Psychology","No","Female","UKRN",1,2,2,1,2,1,2,1,0,1,1,2,2,0,1,1,-1,18,18,1,1,1,1,0,1
"176",NA,NA,NA,NA,NA,NA,NA,NA,NA,NA,NA,NA,NA,NA,NA,NA,NA,NA,NA,NA,NA,NA,NA,NA,NA,NA,NA,NA,NA,NA,NA,NA,NA,NA,NA
"177",181,"UKRN01","Full-time","No","Year 2","3","Psychology ","Yes","Female","UKRN",1,1,1,1,1,1,-1,1,0,1,0,1,-1,0,0,-1,-1,4,4,1,1,0,0,1,1
"178",182,"UKRN01","Full-time","Yes","Year 1","4","BSc Psychology","Yes","Female","UKRN",1,1,1,0,1,0,0,0,0,1,0,1,1,1,0,-1,-1,5,5,1,0,1,0,0,1
"179",183,"UKRN01","Full-time","Yes","Year 1","4","BCs psychology ","No","female","UKRN",1,2,0,1,-2,0,-1,1,1,1,-1,1,2,1,-1,0,0,5,5,1,0,0,1,0,1
"180",184,"UKRN01","Full-time","Yes","Year 2","4","Psychology","Yes","Female","UKRN",1,2,2,2,1,1,1,2,2,0,1,2,2,2,2,0,-2,20,20,1,1,1,1,1,1
"181",185,"UKRN01","Full-time","Yes","Year 2","3","Psychology","Yes","female","UKRN",1,1,1,1,1,1,1,1,-1,1,1,1,1,1,1,1,0,13,13,1,1,1,0,0,1
"182",186,"UKRN01","Full-time","Yes","Year 1","4","Psychology (BSc)","Yes","Male","UKRN",1,2,1,2,2,1,0,0,-1,1,-2,1,2,0,-1,-1,-1,6,6,1,1,0,0,0,1
"183",187,"UKRN01","Full-time","Yes","Year 1","4","BSc Psychology","Yes","female","UKRN",1,1,1,1,1,0,1,1,-1,1,0,2,1,1,-1,0,-1,8,8,1,0,1,0,0,1
"184",188,"UKRN01","Full-time","No","Year 1","3","BSc Psychology","Yes","Female","UKRN",1,2,0,0,2,0,0,2,1,2,-2,2,1,1,0,2,0,13,13,1,0,0,0,0,1
"185",NA,NA,NA,NA,NA,NA,NA,NA,NA,NA,NA,NA,NA,NA,NA,NA,NA,NA,NA,NA,NA,NA,NA,NA,NA,NA,NA,NA,NA,NA,NA,NA,NA,NA,NA
"186",NA,NA,NA,NA,NA,NA,NA,NA,NA,NA,NA,NA,NA,NA,NA,NA,NA,NA,NA,NA,NA,NA,NA,NA,NA,NA,NA,NA,NA,NA,NA,NA,NA,NA,NA
"187",NA,NA,NA,NA,NA,NA,NA,NA,NA,NA,NA,NA,NA,NA,NA,NA,NA,NA,NA,NA,NA,NA,NA,NA,NA,NA,NA,NA,NA,NA,NA,NA,NA,NA,NA
"188",192,"UKRN01","Full-time","Yes","Year 2","4","BSc Psychology","Yes","Female","UKRN",1,1,2,1,1,0,1,2,0,1,1,1,1,1,1,0,-1,13,13,1,1,1,0,0,1
"189",193,"UKRN01","Full-time","Yes","Placement Year","4","Psychology BSc","No","female","UKRN",1,2,1,-1,-1,1,1,2,-1,-1,-1,2,1,1,1,0,-1,6,6,1,1,1,0,0,1
"190",NA,NA,NA,NA,NA,NA,NA,NA,NA,NA,NA,NA,NA,NA,NA,NA,NA,NA,NA,NA,NA,NA,NA,NA,NA,NA,NA,NA,NA,NA,NA,NA,NA,NA,NA
"191",195,"UKRN01","Full-time","Yes","Year 2","4","Psychology","Yes","Female","UKRN",1,2,1,1,1,1,1,2,2,1,1,0,2,1,1,-1,-1,15,15,1,0,0,0,0,1
"192",196,"UKRN01","Full-time","Yes","Placement Year","4","BSc Psychology","Yes","Female","UKRN",1,2,2,1,2,2,2,2,1,1,-2,1,2,1,1,-1,-1,16,16,1,1,1,0,0,1
"193",NA,NA,NA,NA,NA,NA,NA,NA,NA,NA,NA,NA,NA,NA,NA,NA,NA,NA,NA,NA,NA,NA,NA,NA,NA,NA,NA,NA,NA,NA,NA,NA,NA,NA,NA
"194",NA,NA,NA,NA,NA,NA,NA,NA,NA,NA,NA,NA,NA,NA,NA,NA,NA,NA,NA,NA,NA,NA,NA,NA,NA,NA,NA,NA,NA,NA,NA,NA,NA,NA,NA
"195",199,"UKRN01","Full-time","Yes","Year 1","4","Psychology BSc","Yes","female","UKRN",1,0,1,1,2,-1,0,1,1,2,2,1,2,1,-1,1,0,13,13,1,1,1,0,0,1
"196",NA,NA,NA,NA,NA,NA,NA,NA,NA,NA,NA,NA,NA,NA,NA,NA,NA,NA,NA,NA,NA,NA,NA,NA,NA,NA,NA,NA,NA,NA,NA,NA,NA,NA,NA
"197",201,"UKRN01","Full-time","Yes","Year 2","4","Psychology BSc","Yes","Male","UKRN",1,2,1,2,-2,2,1,1,0,1,-2,2,-2,2,-1,-1,-1,5,5,1,1,1,1,1,1
"198",NA,NA,NA,NA,NA,NA,NA,NA,NA,NA,NA,NA,NA,NA,NA,NA,NA,NA,NA,NA,NA,NA,NA,NA,NA,NA,NA,NA,NA,NA,NA,NA,NA,NA,NA
"199",203,"UKRN01","Full-time","No","Year 1","3","Psychology Bsc","Yes","Female","UKRN",1,2,1,2,1,1,0,2,0,1,1,1,2,-2,2,-1,-2,11,11,1,1,0,0,0,1
"200",NA,NA,NA,NA,NA,NA,NA,NA,NA,NA,NA,NA,NA,NA,NA,NA,NA,NA,NA,NA,NA,NA,NA,NA,NA,NA,NA,NA,NA,NA,NA,NA,NA,NA,NA
"201",205,"UKRN01","Full-time","Yes","Year 1","4","Psychology Bsc","Yes","Female ","UKRN",1,2,2,2,-1,0,1,-1,1,0,1,1,2,-1,1,-1,-1,8,8,1,0,0,1,0,1
"202",NA,NA,NA,NA,NA,NA,NA,NA,NA,NA,NA,NA,NA,NA,NA,NA,NA,NA,NA,NA,NA,NA,NA,NA,NA,NA,NA,NA,NA,NA,NA,NA,NA,NA,NA
"203",NA,NA,NA,NA,NA,NA,NA,NA,NA,NA,NA,NA,NA,NA,NA,NA,NA,NA,NA,NA,NA,NA,NA,NA,NA,NA,NA,NA,NA,NA,NA,NA,NA,NA,NA
"204",208,"UKRN01","Full-time","Yes","Year 2","4","Psychology","Yes","Female","UKRN",1,1,1,1,0,1,1,2,1,-2,1,1,2,-1,2,-1,-1,9,9,1,1,1,0,0,1
"205",209,"UKRN01","Full-time","Yes","Year 2","4","BSc Psychology","Yes","Male","UKRN",1,2,0,1,-2,-1,0,2,2,1,-1,2,-1,0,-2,1,0,4,4,1,1,1,0,0,1
"206",NA,NA,NA,NA,NA,NA,NA,NA,NA,NA,NA,NA,NA,NA,NA,NA,NA,NA,NA,NA,NA,NA,NA,NA,NA,NA,NA,NA,NA,NA,NA,NA,NA,NA,NA
"207",211,"UKRN01","Full-time","Yes","Year 2","4","Psychology BSc","Yes","Female","UKRN",1,2,2,2,1,2,1,2,1,1,-1,1,2,1,1,-1,2,19,19,1,1,1,0,1,1
"208",NA,NA,NA,NA,NA,NA,NA,NA,NA,NA,NA,NA,NA,NA,NA,NA,NA,NA,NA,NA,NA,NA,NA,NA,NA,NA,NA,NA,NA,NA,NA,NA,NA,NA,NA
"209",NA,NA,NA,NA,NA,NA,NA,NA,NA,NA,NA,NA,NA,NA,NA,NA,NA,NA,NA,NA,NA,NA,NA,NA,NA,NA,NA,NA,NA,NA,NA,NA,NA,NA,NA
"210",NA,NA,NA,NA,NA,NA,NA,NA,NA,NA,NA,NA,NA,NA,NA,NA,NA,NA,NA,NA,NA,NA,NA,NA,NA,NA,NA,NA,NA,NA,NA,NA,NA,NA,NA
"211",NA,NA,NA,NA,NA,NA,NA,NA,NA,NA,NA,NA,NA,NA,NA,NA,NA,NA,NA,NA,NA,NA,NA,NA,NA,NA,NA,NA,NA,NA,NA,NA,NA,NA,NA
"212",NA,NA,NA,NA,NA,NA,NA,NA,NA,NA,NA,NA,NA,NA,NA,NA,NA,NA,NA,NA,NA,NA,NA,NA,NA,NA,NA,NA,NA,NA,NA,NA,NA,NA,NA
"213",NA,NA,NA,NA,NA,NA,NA,NA,NA,NA,NA,NA,NA,NA,NA,NA,NA,NA,NA,NA,NA,NA,NA,NA,NA,NA,NA,NA,NA,NA,NA,NA,NA,NA,NA
"214",218,"UKRN01","Full-time","Yes","Year 2","4","BSc Psychology","Yes","Female","UKRN",1,2,2,1,1,1,1,1,-1,1,1,2,2,1,1,0,-2,14,14,1,1,1,0,1,1
"215",219,"UKRN01","Full-time","Yes","Year 2","4","Psychology ","Yes","Female","UKRN",1,1,1,1,-1,-1,0,-1,1,1,-1,1,2,0,2,-1,-1,4,4,1,1,0,0,0,1
"216",220,"UKRN01","Full-time","Yes","Year 1","4","BSc Psychology ","Yes","Female","UKRN",1,1,1,1,1,1,1,1,1,2,0,0,1,0,1,0,-1,11,11,1,0,0,0,0,1
"217",221,"UKRN01","Full-time","Yes","Year 1","4","Psychology","Yes","female","UKRN",1,2,2,1,0,0,0,1,0,1,0,1,2,1,-1,0,0,10,10,1,1,1,0,0,1
"218",222,"UKRN01","Full-time","Yes","Placement Year","3","Psychology","Yes","Female","UKRN",1,1,2,2,1,0,0,1,0,1,-2,2,2,2,2,1,-1,14,14,1,1,1,0,0,1
"219",NA,NA,NA,NA,NA,NA,NA,NA,NA,NA,NA,NA,NA,NA,NA,NA,NA,NA,NA,NA,NA,NA,NA,NA,NA,NA,NA,NA,NA,NA,NA,NA,NA,NA,NA
"220",NA,NA,NA,NA,NA,NA,NA,NA,NA,NA,NA,NA,NA,NA,NA,NA,NA,NA,NA,NA,NA,NA,NA,NA,NA,NA,NA,NA,NA,NA,NA,NA,NA,NA,NA
"221",NA,NA,NA,NA,NA,NA,NA,NA,NA,NA,NA,NA,NA,NA,NA,NA,NA,NA,NA,NA,NA,NA,NA,NA,NA,NA,NA,NA,NA,NA,NA,NA,NA,NA,NA
"222",NA,NA,NA,NA,NA,NA,NA,NA,NA,NA,NA,NA,NA,NA,NA,NA,NA,NA,NA,NA,NA,NA,NA,NA,NA,NA,NA,NA,NA,NA,NA,NA,NA,NA,NA
"223",NA,NA,NA,NA,NA,NA,NA,NA,NA,NA,NA,NA,NA,NA,NA,NA,NA,NA,NA,NA,NA,NA,NA,NA,NA,NA,NA,NA,NA,NA,NA,NA,NA,NA,NA
"224",NA,NA,NA,NA,NA,NA,NA,NA,NA,NA,NA,NA,NA,NA,NA,NA,NA,NA,NA,NA,NA,NA,NA,NA,NA,NA,NA,NA,NA,NA,NA,NA,NA,NA,NA
"225",NA,NA,NA,NA,NA,NA,NA,NA,NA,NA,NA,NA,NA,NA,NA,NA,NA,NA,NA,NA,NA,NA,NA,NA,NA,NA,NA,NA,NA,NA,NA,NA,NA,NA,NA
"226",230,"UKRN01","Full-time","Yes","Placement Year","4","BSc Psychology","Yes","Female","UKRN",1,1,1,1,0,1,0,1,0,-1,0,1,2,1,2,0,-1,9,9,1,1,1,0,0,1
"227",NA,NA,NA,NA,NA,NA,NA,NA,NA,NA,NA,NA,NA,NA,NA,NA,NA,NA,NA,NA,NA,NA,NA,NA,NA,NA,NA,NA,NA,NA,NA,NA,NA,NA,NA
"228",NA,NA,NA,NA,NA,NA,NA,NA,NA,NA,NA,NA,NA,NA,NA,NA,NA,NA,NA,NA,NA,NA,NA,NA,NA,NA,NA,NA,NA,NA,NA,NA,NA,NA,NA
"229",233,"UKRN01","Full-time","Yes","Year 2","4","Psychology","Yes","female","UKRN",1,2,1,1,1,0,1,1,1,1,-1,1,1,0,1,1,-1,11,11,1,1,1,0,0,1
"230",234,"UKRN01","Full-time","Yes","Year 1","4","BSc Psychology","Yes","Female","UKRN",1,1,1,0,-1,1,-1,-1,-1,1,-1,2,1,0,-1,1,1,3,3,1,1,0,0,0,1
"231",NA,NA,NA,NA,NA,NA,NA,NA,NA,NA,NA,NA,NA,NA,NA,NA,NA,NA,NA,NA,NA,NA,NA,NA,NA,NA,NA,NA,NA,NA,NA,NA,NA,NA,NA
"232",236,"UKRN01","Full-time","Yes","Placement Year","4","Psychology","Yes","Female","UKRN",1,2,2,2,0,1,0,2,2,2,0,1,1,0,1,-1,-1,14,14,1,0,0,1,0,1
"233",NA,NA,NA,NA,NA,NA,NA,NA,NA,NA,NA,NA,NA,NA,NA,NA,NA,NA,NA,NA,NA,NA,NA,NA,NA,NA,NA,NA,NA,NA,NA,NA,NA,NA,NA
"234",238,"UKRN01","Full-time","Yes","Year 2","4","Psychology ","No","Female","UKRN",1,2,2,2,2,2,2,2,2,2,2,2,2,2,2,-2,-1,25,25,1,1,1,1,1,1
"235",239,"UKRN01","Full-time","Yes","Year 2","4","Psychology","Yes","Male","UKRN",1,2,2,2,2,1,2,2,2,2,2,2,2,1,2,-1,-1,24,24,1,1,1,1,1,1
"236",NA,NA,NA,NA,NA,NA,NA,NA,NA,NA,NA,NA,NA,NA,NA,NA,NA,NA,NA,NA,NA,NA,NA,NA,NA,NA,NA,NA,NA,NA,NA,NA,NA,NA,NA
"237",NA,NA,NA,NA,NA,NA,NA,NA,NA,NA,NA,NA,NA,NA,NA,NA,NA,NA,NA,NA,NA,NA,NA,NA,NA,NA,NA,NA,NA,NA,NA,NA,NA,NA,NA
"238",242,"UKRN01","Full-time","Yes","Year 2","3","psychology Bsc","No","female","UKRN",1,1,0,1,1,0,1,1,0,1,-2,2,-1,0,-1,1,1,6,6,1,0,0,0,0,1
"239",243,"UKRN01","Full-time","No","Year 1","3","Psychology BSc","No","Female","UKRN",1,2,2,2,0,2,0,2,-1,2,-2,2,2,-1,-2,-1,-2,7,7,1,0,1,0,0,1
"240",244,"UKRN01","Full-time","Yes","Placement Year","4","Psychology BSc","Yes","Female","UKRN",1,2,1,1,1,1,0,1,-1,-1,1,1,2,1,2,-1,0,11,11,1,0,1,0,0,1
"241",NA,NA,NA,NA,NA,NA,NA,NA,NA,NA,NA,NA,NA,NA,NA,NA,NA,NA,NA,NA,NA,NA,NA,NA,NA,NA,NA,NA,NA,NA,NA,NA,NA,NA,NA
"242",NA,NA,NA,NA,NA,NA,NA,NA,NA,NA,NA,NA,NA,NA,NA,NA,NA,NA,NA,NA,NA,NA,NA,NA,NA,NA,NA,NA,NA,NA,NA,NA,NA,NA,NA
"243",247,"UKRN01","Full-time","Yes","Placement Year","4","Bsc Psychology","No","Male","UKRN",1,2,2,1,2,1,1,2,1,1,2,2,2,1,2,0,1,23,23,1,1,0,1,1,1
"244",NA,NA,NA,NA,NA,NA,NA,NA,NA,NA,NA,NA,NA,NA,NA,NA,NA,NA,NA,NA,NA,NA,NA,NA,NA,NA,NA,NA,NA,NA,NA,NA,NA,NA,NA
"245",249,"UKRN01","Full-time","Yes","Year 1","4","BSc Psychology","Yes","Male","UKRN",1,0,1,1,2,0,0,2,0,1,-2,-1,2,1,1,-1,0,7,7,1,0,1,0,0,1
"246",250,"UKRN01","Full-time","Yes","Year 1","4","Psychology","Yes","Female","UKRN",1,1,2,1,2,1,1,1,1,1,-1,1,2,0,2,0,0,15,15,1,0,0,1,0,1
"247",251,"UKRN01","Full-time","Yes","Final Year","4","Psychology BSc","Yes","Female","UKRN",1,2,1,1,1,0,1,2,1,1,0,0,2,0,-1,0,0,11,11,1,1,1,0,0,1
"248",NA,NA,NA,NA,NA,NA,NA,NA,NA,NA,NA,NA,NA,NA,NA,NA,NA,NA,NA,NA,NA,NA,NA,NA,NA,NA,NA,NA,NA,NA,NA,NA,NA,NA,NA
"249",NA,NA,NA,NA,NA,NA,NA,NA,NA,NA,NA,NA,NA,NA,NA,NA,NA,NA,NA,NA,NA,NA,NA,NA,NA,NA,NA,NA,NA,NA,NA,NA,NA,NA,NA
"250",NA,NA,NA,NA,NA,NA,NA,NA,NA,NA,NA,NA,NA,NA,NA,NA,NA,NA,NA,NA,NA,NA,NA,NA,NA,NA,NA,NA,NA,NA,NA,NA,NA,NA,NA
"251",NA,NA,NA,NA,NA,NA,NA,NA,NA,NA,NA,NA,NA,NA,NA,NA,NA,NA,NA,NA,NA,NA,NA,NA,NA,NA,NA,NA,NA,NA,NA,NA,NA,NA,NA
"252",NA,NA,NA,NA,NA,NA,NA,NA,NA,NA,NA,NA,NA,NA,NA,NA,NA,NA,NA,NA,NA,NA,NA,NA,NA,NA,NA,NA,NA,NA,NA,NA,NA,NA,NA
"253",NA,NA,NA,NA,NA,NA,NA,NA,NA,NA,NA,NA,NA,NA,NA,NA,NA,NA,NA,NA,NA,NA,NA,NA,NA,NA,NA,NA,NA,NA,NA,NA,NA,NA,NA
"254",258,"UKRN01","Full-time","No","Year 2","2","Psychology BSc","Yes","Female","UKRN",1,1,2,1,1,1,1,1,1,1,0,2,2,0,-1,-1,-2,10,10,1,1,1,0,1,1
"255",259,"UKRN01","Full-time","Yes","Placement Year","4","Psychology","Yes","Female","UKRN",1,1,1,1,-1,1,0,-1,-1,0,-1,1,1,1,-1,-1,-1,0,0,1,1,1,0,0,1
"256",260,"UKRN01","Full-time","Yes","Placement Year","4","Psychology BSc","Yes","Female","UKRN",1,1,2,-1,1,1,2,2,0,-2,-1,2,2,0,2,-1,0,10,10,1,1,1,0,0,1
"257",261,"UKRN01","Full-time","Yes","Year 1","4","Psychology","Yes","female","UKRN",1,1,2,1,0,1,1,2,2,1,1,1,2,-1,2,1,-1,16,16,1,0,0,0,0,1
"258",262,"UKRN01","Full-time","No","Year 2","3","psychology","Yes","female","UKRN",1,1,2,1,1,1,0,1,1,1,0,1,2,1,1,-1,-1,12,12,1,1,0,1,1,1
"259",NA,NA,NA,NA,NA,NA,NA,NA,NA,NA,NA,NA,NA,NA,NA,NA,NA,NA,NA,NA,NA,NA,NA,NA,NA,NA,NA,NA,NA,NA,NA,NA,NA,NA,NA
"260",NA,NA,NA,NA,NA,NA,NA,NA,NA,NA,NA,NA,NA,NA,NA,NA,NA,NA,NA,NA,NA,NA,NA,NA,NA,NA,NA,NA,NA,NA,NA,NA,NA,NA,NA
"261",NA,NA,NA,NA,NA,NA,NA,NA,NA,NA,NA,NA,NA,NA,NA,NA,NA,NA,NA,NA,NA,NA,NA,NA,NA,NA,NA,NA,NA,NA,NA,NA,NA,NA,NA
"262",266,"UKRN01","Full-time","Yes","Placement Year","4","BSc Psychology with placement year","Yes","female","UKRN",1,2,1,1,1,1,0,-1,-1,0,-1,1,2,0,1,-1,-1,5,5,1,1,0,0,0,1
"263",267,"UKRN01","Full-time","Yes","Year 1","4","Psychology","Yes","Female","UKRN",1,2,1,1,0,0,1,2,-1,1,0,-1,2,1,-1,0,-1,7,7,1,0,1,0,0,1
"264",268,"UKRN01","Full-time","Yes","Year 2","4","Bsc Psychology","Yes","female","UKRN",1,1,2,1,1,1,0,1,-1,2,1,1,2,1,-1,-1,-1,10,10,1,1,1,1,1,1
"265",NA,NA,NA,NA,NA,NA,NA,NA,NA,NA,NA,NA,NA,NA,NA,NA,NA,NA,NA,NA,NA,NA,NA,NA,NA,NA,NA,NA,NA,NA,NA,NA,NA,NA,NA
"266",NA,NA,NA,NA,NA,NA,NA,NA,NA,NA,NA,NA,NA,NA,NA,NA,NA,NA,NA,NA,NA,NA,NA,NA,NA,NA,NA,NA,NA,NA,NA,NA,NA,NA,NA
"267",NA,NA,NA,NA,NA,NA,NA,NA,NA,NA,NA,NA,NA,NA,NA,NA,NA,NA,NA,NA,NA,NA,NA,NA,NA,NA,NA,NA,NA,NA,NA,NA,NA,NA,NA
"268",NA,NA,NA,NA,NA,NA,NA,NA,NA,NA,NA,NA,NA,NA,NA,NA,NA,NA,NA,NA,NA,NA,NA,NA,NA,NA,NA,NA,NA,NA,NA,NA,NA,NA,NA
"269",NA,NA,NA,NA,NA,NA,NA,NA,NA,NA,NA,NA,NA,NA,NA,NA,NA,NA,NA,NA,NA,NA,NA,NA,NA,NA,NA,NA,NA,NA,NA,NA,NA,NA,NA
"270",274,"UKRN01","Full-time","No","Year 2","3","Undergraduate Psychology","No","Female","UKRN",1,1,1,1,1,2,1,2,1,2,2,1,2,2,0,-1,-2,16,16,1,1,1,1,1,1
"271",NA,NA,NA,NA,NA,NA,NA,NA,NA,NA,NA,NA,NA,NA,NA,NA,NA,NA,NA,NA,NA,NA,NA,NA,NA,NA,NA,NA,NA,NA,NA,NA,NA,NA,NA
"272",NA,NA,NA,NA,NA,NA,NA,NA,NA,NA,NA,NA,NA,NA,NA,NA,NA,NA,NA,NA,NA,NA,NA,NA,NA,NA,NA,NA,NA,NA,NA,NA,NA,NA,NA
"273",NA,NA,NA,NA,NA,NA,NA,NA,NA,NA,NA,NA,NA,NA,NA,NA,NA,NA,NA,NA,NA,NA,NA,NA,NA,NA,NA,NA,NA,NA,NA,NA,NA,NA,NA
"274",278,"UKRN01","Full-time","Yes","Year 1","4","Psychology","Yes","Female","UKRN",1,2,2,0,1,1,2,2,1,2,-2,2,2,0,2,-2,-2,13,13,1,0,1,0,0,1
"275",NA,NA,NA,NA,NA,NA,NA,NA,NA,NA,NA,NA,NA,NA,NA,NA,NA,NA,NA,NA,NA,NA,NA,NA,NA,NA,NA,NA,NA,NA,NA,NA,NA,NA,NA
"276",NA,NA,NA,NA,NA,NA,NA,NA,NA,NA,NA,NA,NA,NA,NA,NA,NA,NA,NA,NA,NA,NA,NA,NA,NA,NA,NA,NA,NA,NA,NA,NA,NA,NA,NA
"277",NA,NA,NA,NA,NA,NA,NA,NA,NA,NA,NA,NA,NA,NA,NA,NA,NA,NA,NA,NA,NA,NA,NA,NA,NA,NA,NA,NA,NA,NA,NA,NA,NA,NA,NA
"278",282,"UKRN06","Full-time","No","Year 2","3","BSc Psychology ","Yes","Female ","UKRN",1,2,1,2,-1,2,2,1,1,2,-1,1,2,1,2,-1,-1,15,15,1,1,1,1,1,1
"279",283,"UKRN06","Full-time","No","Year 1","3","Psychology","No","Female","UKRN",1,2,1,2,2,2,2,2,2,2,1,1,1,2,-1,-1,-1,19,19,1,1,1,1,1,1
"280",284,"UKRN06","Full-time","No","Year 2","3","Psychology BSc","Yes","Female","UKRN",1,0,1,1,0,0,1,1,1,0,1,-1,2,-1,0,-1,-1,4,4,1,1,1,0,0,1
"281",285,"UKRN06","Full-time","Yes","Placement Year","3","BSc Experimental Psychology","Yes","f","UKRN",1,1,1,1,2,2,2,0,2,2,2,1,2,1,2,-1,0,20,20,1,1,1,0,1,1
"282",286,"UKRN06","Full-time","No","Final Year","3","Experimental psychology","Yes","Male","UKRN",1,1,1,1,2,-1,-1,-1,-1,1,1,1,2,1,2,0,-2,7,7,1,1,1,1,1,1
"283",287,"UKRN06","Full-time","No","Year 1","3","BSc Psychology","Yes","Female ","UKRN",1,1,1,1,1,0,1,-1,-1,1,1,-1,2,1,0,0,0,7,7,1,0,0,0,0,1
"284",288,"UKRN06","Full-time","No","Year 2","3","BSc psychology ","Yes","Female ","UKRN",1,2,0,1,0,2,0,1,1,2,1,1,1,2,1,1,0,16,16,1,1,1,1,1,1
"285",289,"UKRN06","Full-time","No","Final Year","3","Psychological Science","Yes","Female","UKRN",1,1,1,1,1,0,0,1,0,2,1,2,2,2,1,-1,1,15,15,1,1,1,0,0,1
"286",NA,NA,NA,NA,NA,NA,NA,NA,NA,NA,NA,NA,NA,NA,NA,NA,NA,NA,NA,NA,NA,NA,NA,NA,NA,NA,NA,NA,NA,NA,NA,NA,NA,NA,NA
"287",291,"UKRN06","Full-time","No","Final Year","4","BSc psychology","No","Female","UKRN",1,2,2,2,2,2,2,2,1,2,2,2,2,2,2,2,2,31,31,1,1,1,1,0,1
"288",NA,NA,NA,NA,NA,NA,NA,NA,NA,NA,NA,NA,NA,NA,NA,NA,NA,NA,NA,NA,NA,NA,NA,NA,NA,NA,NA,NA,NA,NA,NA,NA,NA,NA,NA
"289",293,"UKRN06","Full-time","No","Year 2","3","Psychology","Yes","Female","UKRN",1,2,1,1,2,1,1,2,2,2,1,1,2,1,2,-1,-2,18,18,1,1,0,1,1,1
"290",294,"UKRN06","Full-time","No","Year 2","4","Psychology with Innovation","Yes","Female","UKRN",1,1,2,2,2,2,1,2,2,1,2,2,2,2,1,-2,1,23,23,1,1,1,1,1,1
"291",295,"UKRN06","Full-time","No","Year 1","3","Psychology","Yes","female","UKRN",1,1,1,1,2,1,1,2,1,1,-1,1,2,1,1,-1,-1,13,13,1,0,0,0,1,1
"292",296,"UKRN06","Full-time","No","Final Year","3","Psychological Science","Yes","Male","UKRN",1,2,2,2,1,1,0,0,1,2,-2,0,0,2,-2,-2,-2,5,5,1,1,1,0,0,1
"293",NA,NA,NA,NA,NA,NA,NA,NA,NA,NA,NA,NA,NA,NA,NA,NA,NA,NA,NA,NA,NA,NA,NA,NA,NA,NA,NA,NA,NA,NA,NA,NA,NA,NA,NA
"294",NA,NA,NA,NA,NA,NA,NA,NA,NA,NA,NA,NA,NA,NA,NA,NA,NA,NA,NA,NA,NA,NA,NA,NA,NA,NA,NA,NA,NA,NA,NA,NA,NA,NA,NA
"295",299,"UKRN06","Full-time","No","Year 1","3","Psychology BsC","Yes","Male","UKRN",1,2,2,1,2,2,1,1,-1,1,-2,-2,2,1,2,-2,-1,9,9,1,1,1,0,0,1
"296",300,"UKRN06","Full-time","No","Final Year","3","Psychology","Yes","Female","UKRN",1,1,2,2,2,2,2,2,1,2,2,2,2,2,2,1,1,28,28,1,1,1,1,1,1
"297",301,"UKRN06","Full-time","No","Year 1","3","Psychology (BSc)","No","Female","UKRN",1,2,0,2,2,0,2,-1,-1,2,2,1,2,1,1,-2,-2,11,11,1,1,1,0,0,1
"298",302,"UNI04","Full-time","No","Final Year","4","BSc Psychology with a year abroad","Yes","Female","Non-UKRN",1,1,2,2,2,2,2,2,2,2,2,2,2,2,2,-1,-2,24,24,1,1,1,0,0,1
"299",303,"UNI04","Full-time","No","Final Year","3","PSYCHOLOGY","Yes","FEMALE","Non-UKRN",1,2,0,1,0,0,1,1,0,1,-2,1,1,0,-1,-1,0,4,4,1,0,0,0,0,1
"300",NA,NA,NA,NA,NA,NA,NA,NA,NA,NA,NA,NA,NA,NA,NA,NA,NA,NA,NA,NA,NA,NA,NA,NA,NA,NA,NA,NA,NA,NA,NA,NA,NA,NA,NA
"301",305,"UNI04","Full-time","No","Final Year","3","Bsc Psychology","Yes","female ","Non-UKRN",1,1,1,-2,1,1,1,1,0,1,-1,1,1,1,1,-1,-2,5,5,1,1,1,0,0,1
"302",NA,NA,NA,NA,NA,NA,NA,NA,NA,NA,NA,NA,NA,NA,NA,NA,NA,NA,NA,NA,NA,NA,NA,NA,NA,NA,NA,NA,NA,NA,NA,NA,NA,NA,NA
"303",NA,NA,NA,NA,NA,NA,NA,NA,NA,NA,NA,NA,NA,NA,NA,NA,NA,NA,NA,NA,NA,NA,NA,NA,NA,NA,NA,NA,NA,NA,NA,NA,NA,NA,NA
"304",NA,NA,NA,NA,NA,NA,NA,NA,NA,NA,NA,NA,NA,NA,NA,NA,NA,NA,NA,NA,NA,NA,NA,NA,NA,NA,NA,NA,NA,NA,NA,NA,NA,NA,NA
"305",NA,NA,NA,NA,NA,NA,NA,NA,NA,NA,NA,NA,NA,NA,NA,NA,NA,NA,NA,NA,NA,NA,NA,NA,NA,NA,NA,NA,NA,NA,NA,NA,NA,NA,NA
"306",NA,NA,NA,NA,NA,NA,NA,NA,NA,NA,NA,NA,NA,NA,NA,NA,NA,NA,NA,NA,NA,NA,NA,NA,NA,NA,NA,NA,NA,NA,NA,NA,NA,NA,NA
"307",NA,NA,NA,NA,NA,NA,NA,NA,NA,NA,NA,NA,NA,NA,NA,NA,NA,NA,NA,NA,NA,NA,NA,NA,NA,NA,NA,NA,NA,NA,NA,NA,NA,NA,NA
"308",NA,NA,NA,NA,NA,NA,NA,NA,NA,NA,NA,NA,NA,NA,NA,NA,NA,NA,NA,NA,NA,NA,NA,NA,NA,NA,NA,NA,NA,NA,NA,NA,NA,NA,NA
"309",NA,NA,NA,NA,NA,NA,NA,NA,NA,NA,NA,NA,NA,NA,NA,NA,NA,NA,NA,NA,NA,NA,NA,NA,NA,NA,NA,NA,NA,NA,NA,NA,NA,NA,NA
"310",NA,NA,NA,NA,NA,NA,NA,NA,NA,NA,NA,NA,NA,NA,NA,NA,NA,NA,NA,NA,NA,NA,NA,NA,NA,NA,NA,NA,NA,NA,NA,NA,NA,NA,NA
"311",315,"UNI07","Full-time","No","Year 2","3","Psychology ","No","Female","Non-UKRN",1,1,2,1,2,1,1,1,-1,-1,-2,2,2,-2,2,-2,-1,6,6,1,1,0,0,0,1
"312",NA,NA,NA,NA,NA,NA,NA,NA,NA,NA,NA,NA,NA,NA,NA,NA,NA,NA,NA,NA,NA,NA,NA,NA,NA,NA,NA,NA,NA,NA,NA,NA,NA,NA,NA
"313",317,"UKRN08","Full-time","No","Final Year","3","Bsc Psychology","Yes","Female","UKRN",1,0,2,1,-2,-2,-1,0,0,0,-2,-2,2,0,2,-2,-2,-6,-6,1,1,1,0,0,1
"314",318,"UKRN08","Full-time","No","Final Year","3","BSc Psychology ","Yes","Female","UKRN",1,1,1,0,1,1,1,1,1,-1,-1,1,1,1,1,-1,-1,7,7,1,1,1,1,0,1
"315",319,"UKRN08","Full-time","Yes","Year 2","3","Psychology ","Yes","Female ","UKRN",1,1,2,0,1,2,0,2,1,2,-2,1,2,2,-1,0,-1,12,12,1,1,1,1,1,1
"316",320,"UKRN08","Full-time","No","Final Year","3","Psychology ","Yes","Female","UKRN",1,-2,2,2,2,-1,2,2,-2,2,2,-1,2,2,2,2,1,17,17,1,1,1,1,1,1
"317",NA,NA,NA,NA,NA,NA,NA,NA,NA,NA,NA,NA,NA,NA,NA,NA,NA,NA,NA,NA,NA,NA,NA,NA,NA,NA,NA,NA,NA,NA,NA,NA,NA,NA,NA
"318",NA,NA,NA,NA,NA,NA,NA,NA,NA,NA,NA,NA,NA,NA,NA,NA,NA,NA,NA,NA,NA,NA,NA,NA,NA,NA,NA,NA,NA,NA,NA,NA,NA,NA,NA
"319",323,"UKRN05","Full-time","Yes","Year 1","3","Psychology ","Yes","Female ","UKRN",1,2,1,1,1,-1,1,1,0,1,1,1,2,1,1,-1,-2,10,10,1,0,0,0,0,1
"320",NA,NA,NA,NA,NA,NA,NA,NA,NA,NA,NA,NA,NA,NA,NA,NA,NA,NA,NA,NA,NA,NA,NA,NA,NA,NA,NA,NA,NA,NA,NA,NA,NA,NA,NA
"321",NA,NA,NA,NA,NA,NA,NA,NA,NA,NA,NA,NA,NA,NA,NA,NA,NA,NA,NA,NA,NA,NA,NA,NA,NA,NA,NA,NA,NA,NA,NA,NA,NA,NA,NA
"322",327,"UKRN05","Full-time","No","Year 1","3","psychology","No","female","UKRN",1,1,1,1,1,1,-1,1,0,-2,-2,1,2,0,2,-1,-1,4,4,1,1,1,0,0,1
"323",328,"UKRN05","Full-time","No","Year 1","3","Psychology Bsc","No","female","UKRN",1,1,1,1,1,0,1,-1,-1,1,1,-1,1,0,2,-2,-2,3,3,1,0,1,0,0,1
"324",NA,NA,NA,NA,NA,NA,NA,NA,NA,NA,NA,NA,NA,NA,NA,NA,NA,NA,NA,NA,NA,NA,NA,NA,NA,NA,NA,NA,NA,NA,NA,NA,NA,NA,NA
"325",331,"UKRN08","Full-time","Yes","Year 1","4","Psychology ","Yes","Female ","UKRN",1,2,2,2,2,2,2,2,1,2,1,2,2,2,0,2,2,28,28,1,1,1,1,1,1
"326",332,"UKRN06","Full-time","No","Year 2","3","Psychology BSc","Yes","Female","UKRN",1,1,2,1,1,2,2,2,1,0,1,1,2,2,1,1,-1,19,19,1,1,0,1,1,1
"327",NA,NA,NA,NA,NA,NA,NA,NA,NA,NA,NA,NA,NA,NA,NA,NA,NA,NA,NA,NA,NA,NA,NA,NA,NA,NA,NA,NA,NA,NA,NA,NA,NA,NA,NA
"328",NA,NA,NA,NA,NA,NA,NA,NA,NA,NA,NA,NA,NA,NA,NA,NA,NA,NA,NA,NA,NA,NA,NA,NA,NA,NA,NA,NA,NA,NA,NA,NA,NA,NA,NA
"329",NA,NA,NA,NA,NA,NA,NA,NA,NA,NA,NA,NA,NA,NA,NA,NA,NA,NA,NA,NA,NA,NA,NA,NA,NA,NA,NA,NA,NA,NA,NA,NA,NA,NA,NA
"330",NA,NA,NA,NA,NA,NA,NA,NA,NA,NA,NA,NA,NA,NA,NA,NA,NA,NA,NA,NA,NA,NA,NA,NA,NA,NA,NA,NA,NA,NA,NA,NA,NA,NA,NA
"331",NA,NA,NA,NA,NA,NA,NA,NA,NA,NA,NA,NA,NA,NA,NA,NA,NA,NA,NA,NA,NA,NA,NA,NA,NA,NA,NA,NA,NA,NA,NA,NA,NA,NA,NA
"332",339,"UKRN01","Full-time","Yes","Year 1","3","Psychology","Yes","Male","UKRN",1,2,2,2,2,2,2,0,0,0,2,1,2,1,1,0,1,20,20,1,0,0,0,0,1
"333",NA,NA,NA,NA,NA,NA,NA,NA,NA,NA,NA,NA,NA,NA,NA,NA,NA,NA,NA,NA,NA,NA,NA,NA,NA,NA,NA,NA,NA,NA,NA,NA,NA,NA,NA
"334",341,"UNI19","Full-time","No","Final Year","3","BSc Psychology ","Yes","Female","Non-UKRN",1,-2,2,1,1,1,2,2,2,-2,1,2,2,0,-1,-2,-2,7,7,1,1,1,0,0,1
"335",NA,NA,NA,NA,NA,NA,NA,NA,NA,NA,NA,NA,NA,NA,NA,NA,NA,NA,NA,NA,NA,NA,NA,NA,NA,NA,NA,NA,NA,NA,NA,NA,NA,NA,NA
"336",NA,NA,NA,NA,NA,NA,NA,NA,NA,NA,NA,NA,NA,NA,NA,NA,NA,NA,NA,NA,NA,NA,NA,NA,NA,NA,NA,NA,NA,NA,NA,NA,NA,NA,NA
"337",344,"UNI19","Full-time","No","Year 2","3","Psychology","No","Male","Non-UKRN",1,2,2,2,2,1,2,1,-1,1,2,1,2,1,-1,-1,-1,15,15,1,1,1,0,0,1
"338",345,"UNI21","Full-time","Other (Please specify)","Year 2","3","BSc Psychology","No","Female","Non-UKRN",1,2,2,1,1,0,0,-1,1,1,1,1,2,2,2,-1,-2,12,12,1,1,1,0,0,1
"339",346,"UNI21","Full-time","No","Final Year","3","BSc Psychology ","No","Female ","Non-UKRN",1,1,2,1,2,0,0,1,-1,2,2,2,2,2,2,-1,-2,15,15,1,1,1,0,1,1
"340",347,"UNI21","Full-time","Other (Please specify)","Year 1","3","BSc Psychology ","No","Female","Non-UKRN",1,2,1,1,1,-1,1,1,1,1,1,1,2,0,2,-1,-1,12,12,1,1,1,0,0,1
"341",NA,NA,NA,NA,NA,NA,NA,NA,NA,NA,NA,NA,NA,NA,NA,NA,NA,NA,NA,NA,NA,NA,NA,NA,NA,NA,NA,NA,NA,NA,NA,NA,NA,NA,NA
"342",349,"UNI21","Full-time","Other (Please specify)","Year 2","3","Psychology ","No","Female ","Non-UKRN",1,1,1,1,1,1,1,2,1,1,1,1,1,0,-1,-1,0,11,11,1,1,0,0,0,1
"343",350,"UNI21","Full-time","Other (Please specify)","Placement Year","3","BSc psychology","Yes","Male","Non-UKRN",1,2,2,2,1,1,2,2,1,2,-1,1,0,1,1,-1,-1,15,15,1,1,1,0,0,1
"344",NA,NA,NA,NA,NA,NA,NA,NA,NA,NA,NA,NA,NA,NA,NA,NA,NA,NA,NA,NA,NA,NA,NA,NA,NA,NA,NA,NA,NA,NA,NA,NA,NA,NA,NA
"345",352,"UNI19","Full-time","No","Final Year","3","BSc Psychology","Yes","female","Non-UKRN",1,2,1,1,2,2,1,2,2,0,-2,-1,2,-1,-2,-2,-2,5,5,1,1,1,1,0,1
"346",NA,NA,NA,NA,NA,NA,NA,NA,NA,NA,NA,NA,NA,NA,NA,NA,NA,NA,NA,NA,NA,NA,NA,NA,NA,NA,NA,NA,NA,NA,NA,NA,NA,NA,NA
"347",NA,NA,NA,NA,NA,NA,NA,NA,NA,NA,NA,NA,NA,NA,NA,NA,NA,NA,NA,NA,NA,NA,NA,NA,NA,NA,NA,NA,NA,NA,NA,NA,NA,NA,NA
"348",355,"UNI21","Full-time","Other (Please specify)","Placement Year","3","BSc (Hons) Psychology","Yes","Female","Non-UKRN",1,2,2,-1,1,0,0,1,0,2,1,1,1,0,-1,-2,-1,6,6,1,0,1,1,1,1
"349",NA,NA,NA,NA,NA,NA,NA,NA,NA,NA,NA,NA,NA,NA,NA,NA,NA,NA,NA,NA,NA,NA,NA,NA,NA,NA,NA,NA,NA,NA,NA,NA,NA,NA,NA
"350",NA,NA,NA,NA,NA,NA,NA,NA,NA,NA,NA,NA,NA,NA,NA,NA,NA,NA,NA,NA,NA,NA,NA,NA,NA,NA,NA,NA,NA,NA,NA,NA,NA,NA,NA
"351",358,"UNI21","Full-time","No","Year 2","3","BSc Psychology ","No","Female","Non-UKRN",1,1,1,-1,-1,1,1,1,1,1,1,1,2,1,1,-1,-1,9,9,1,0,1,0,0,1
"352",359,"UNI21","Full-time","Other (Please specify)","Year 1","3","Psychology ","No","Female","Non-UKRN",1,1,1,1,1,1,1,1,-1,2,1,2,2,-1,2,-2,-1,11,11,1,0,1,1,1,1
"353",360,"UNI21","Full-time","Other (Please specify)","Year 1","3","Psychology ","No","Female ","Non-UKRN",1,-2,2,-1,1,1,0,1,1,0,0,2,1,1,1,-1,-1,6,6,1,1,1,0,0,1
"354",NA,NA,NA,NA,NA,NA,NA,NA,NA,NA,NA,NA,NA,NA,NA,NA,NA,NA,NA,NA,NA,NA,NA,NA,NA,NA,NA,NA,NA,NA,NA,NA,NA,NA,NA
"355",NA,NA,NA,NA,NA,NA,NA,NA,NA,NA,NA,NA,NA,NA,NA,NA,NA,NA,NA,NA,NA,NA,NA,NA,NA,NA,NA,NA,NA,NA,NA,NA,NA,NA,NA
"356",363,"UNI22","Full-time","No","Final Year","4","Psychology BSc","Yes","Male","Non-UKRN",1,2,2,1,2,-1,-1,-1,-1,1,1,1,2,-1,2,-2,-2,5,5,1,1,0,1,1,1
"357",364,"UNI22","Full-time","No","Year 2","3","Psychology ","Yes","Male ","Non-UKRN",1,1,2,1,1,1,1,1,1,2,1,2,-1,0,-2,0,-1,10,10,1,1,0,0,1,1
"358",365,"UNI21","Full-time","Yes","Year 1","3","Psychology ","No","Female","Non-UKRN",1,2,2,2,2,1,1,1,1,1,-1,2,2,1,1,-1,-2,15,15,1,1,1,1,1,1
"359",NA,NA,NA,NA,NA,NA,NA,NA,NA,NA,NA,NA,NA,NA,NA,NA,NA,NA,NA,NA,NA,NA,NA,NA,NA,NA,NA,NA,NA,NA,NA,NA,NA,NA,NA
"360",NA,NA,NA,NA,NA,NA,NA,NA,NA,NA,NA,NA,NA,NA,NA,NA,NA,NA,NA,NA,NA,NA,NA,NA,NA,NA,NA,NA,NA,NA,NA,NA,NA,NA,NA
"361",NA,NA,NA,NA,NA,NA,NA,NA,NA,NA,NA,NA,NA,NA,NA,NA,NA,NA,NA,NA,NA,NA,NA,NA,NA,NA,NA,NA,NA,NA,NA,NA,NA,NA,NA
"362",369,"UNI19","Full-time","No","Year 2","3","Psychology Bsc","Yes","Female","Non-UKRN",1,0,2,2,0,2,2,2,1,2,1,1,2,1,0,0,-1,17,17,1,1,1,0,1,1
"363",370,"UNI21","Full-time","Yes","Year 2","4","Psychology","No","Female","Non-UKRN",1,2,2,0,2,1,2,2,2,2,2,2,2,1,2,-1,0,23,23,1,1,1,0,0,1
"364",371,"UNI21","Full-time","Other (Please specify)","Placement Year","3","Psychology/ Psychology with year of professional placement ","No","male","Non-UKRN",1,2,2,2,2,2,2,2,1,2,2,2,2,0,2,-2,-2,21,21,1,1,1,1,0,1
"365",372,"UNI21","Full-time","No","Final Year","3","BScHons Psychology","No","Female","Non-UKRN",1,2,0,1,1,0,0,1,-1,2,-1,1,2,1,-2,-1,-1,5,5,1,1,0,0,0,1
"366",373,"UNI22","Full-time","No","Year 2","3","\psychology with criminology","Yes","female","Non-UKRN",1,2,1,1,1,1,2,2,2,2,2,1,1,0,-1,1,-1,17,17,1,0,0,1,0,1
"367",NA,NA,NA,NA,NA,NA,NA,NA,NA,NA,NA,NA,NA,NA,NA,NA,NA,NA,NA,NA,NA,NA,NA,NA,NA,NA,NA,NA,NA,NA,NA,NA,NA,NA,NA
"368",NA,NA,NA,NA,NA,NA,NA,NA,NA,NA,NA,NA,NA,NA,NA,NA,NA,NA,NA,NA,NA,NA,NA,NA,NA,NA,NA,NA,NA,NA,NA,NA,NA,NA,NA
"369",NA,NA,NA,NA,NA,NA,NA,NA,NA,NA,NA,NA,NA,NA,NA,NA,NA,NA,NA,NA,NA,NA,NA,NA,NA,NA,NA,NA,NA,NA,NA,NA,NA,NA,NA
"370",377,"UNI19","Full-time","No","Year 2","3","Psychology ","Yes","Female ","Non-UKRN",1,1,1,1,-1,-1,1,1,1,1,1,1,1,-1,-1,-1,-1,4,4,1,0,1,0,0,1
"371",378,"UNI19","Full-time","No","Final Year","3","BSc Psychology","Yes","Male","Non-UKRN",1,1,2,1,1,1,1,-1,-1,1,1,1,1,1,-1,-1,1,9,9,1,0,1,0,0,1
"372",379,"UNI22","Full-time","No","Year 2","3","psychology with developmental disorders","No","female","Non-UKRN",1,2,1,0,-1,0,1,-1,0,1,-2,2,1,1,0,-1,-1,3,3,1,0,0,0,0,1
"373",NA,NA,NA,NA,NA,NA,NA,NA,NA,NA,NA,NA,NA,NA,NA,NA,NA,NA,NA,NA,NA,NA,NA,NA,NA,NA,NA,NA,NA,NA,NA,NA,NA,NA,NA
"374",381,"UNI22","Full-time","No","Year 1","3","Psychology with behavioural analysis","Yes","Female","Non-UKRN",1,1,1,1,1,1,1,1,0,1,1,1,1,1,1,0,-1,12,12,1,0,1,0,0,1
"375",NA,NA,NA,NA,NA,NA,NA,NA,NA,NA,NA,NA,NA,NA,NA,NA,NA,NA,NA,NA,NA,NA,NA,NA,NA,NA,NA,NA,NA,NA,NA,NA,NA,NA,NA
"376",NA,NA,NA,NA,NA,NA,NA,NA,NA,NA,NA,NA,NA,NA,NA,NA,NA,NA,NA,NA,NA,NA,NA,NA,NA,NA,NA,NA,NA,NA,NA,NA,NA,NA,NA
"377",384,"UNI24","Full-time","No","Final Year","3","Psychology","Yes","Female","Non-UKRN",1,1,1,1,1,1,1,1,1,1,1,1,2,-2,-1,-2,-1,7,7,1,1,0,0,0,1
"378",385,"UNI24","Full-time","No","Year 1","3","Psychology and criminology ","Yes","Female ","Non-UKRN",1,1,0,1,-1,1,1,1,-1,1,1,1,1,0,-1,0,-1,5,5,1,0,0,0,0,1
"379",NA,NA,NA,NA,NA,NA,NA,NA,NA,NA,NA,NA,NA,NA,NA,NA,NA,NA,NA,NA,NA,NA,NA,NA,NA,NA,NA,NA,NA,NA,NA,NA,NA,NA,NA
"380",NA,NA,NA,NA,NA,NA,NA,NA,NA,NA,NA,NA,NA,NA,NA,NA,NA,NA,NA,NA,NA,NA,NA,NA,NA,NA,NA,NA,NA,NA,NA,NA,NA,NA,NA
"381",NA,NA,NA,NA,NA,NA,NA,NA,NA,NA,NA,NA,NA,NA,NA,NA,NA,NA,NA,NA,NA,NA,NA,NA,NA,NA,NA,NA,NA,NA,NA,NA,NA,NA,NA
"382",NA,NA,NA,NA,NA,NA,NA,NA,NA,NA,NA,NA,NA,NA,NA,NA,NA,NA,NA,NA,NA,NA,NA,NA,NA,NA,NA,NA,NA,NA,NA,NA,NA,NA,NA
"383",NA,NA,NA,NA,NA,NA,NA,NA,NA,NA,NA,NA,NA,NA,NA,NA,NA,NA,NA,NA,NA,NA,NA,NA,NA,NA,NA,NA,NA,NA,NA,NA,NA,NA,NA
"384",NA,NA,NA,NA,NA,NA,NA,NA,NA,NA,NA,NA,NA,NA,NA,NA,NA,NA,NA,NA,NA,NA,NA,NA,NA,NA,NA,NA,NA,NA,NA,NA,NA,NA,NA
"385",NA,NA,NA,NA,NA,NA,NA,NA,NA,NA,NA,NA,NA,NA,NA,NA,NA,NA,NA,NA,NA,NA,NA,NA,NA,NA,NA,NA,NA,NA,NA,NA,NA,NA,NA
"386",NA,NA,NA,NA,NA,NA,NA,NA,NA,NA,NA,NA,NA,NA,NA,NA,NA,NA,NA,NA,NA,NA,NA,NA,NA,NA,NA,NA,NA,NA,NA,NA,NA,NA,NA
"387",NA,NA,NA,NA,NA,NA,NA,NA,NA,NA,NA,NA,NA,NA,NA,NA,NA,NA,NA,NA,NA,NA,NA,NA,NA,NA,NA,NA,NA,NA,NA,NA,NA,NA,NA
"388",NA,NA,NA,NA,NA,NA,NA,NA,NA,NA,NA,NA,NA,NA,NA,NA,NA,NA,NA,NA,NA,NA,NA,NA,NA,NA,NA,NA,NA,NA,NA,NA,NA,NA,NA
"389",NA,NA,NA,NA,NA,NA,NA,NA,NA,NA,NA,NA,NA,NA,NA,NA,NA,NA,NA,NA,NA,NA,NA,NA,NA,NA,NA,NA,NA,NA,NA,NA,NA,NA,NA
"390",NA,NA,NA,NA,NA,NA,NA,NA,NA,NA,NA,NA,NA,NA,NA,NA,NA,NA,NA,NA,NA,NA,NA,NA,NA,NA,NA,NA,NA,NA,NA,NA,NA,NA,NA
"391",NA,NA,NA,NA,NA,NA,NA,NA,NA,NA,NA,NA,NA,NA,NA,NA,NA,NA,NA,NA,NA,NA,NA,NA,NA,NA,NA,NA,NA,NA,NA,NA,NA,NA,NA
"392",NA,NA,NA,NA,NA,NA,NA,NA,NA,NA,NA,NA,NA,NA,NA,NA,NA,NA,NA,NA,NA,NA,NA,NA,NA,NA,NA,NA,NA,NA,NA,NA,NA,NA,NA
"393",NA,NA,NA,NA,NA,NA,NA,NA,NA,NA,NA,NA,NA,NA,NA,NA,NA,NA,NA,NA,NA,NA,NA,NA,NA,NA,NA,NA,NA,NA,NA,NA,NA,NA,NA
"394",NA,NA,NA,NA,NA,NA,NA,NA,NA,NA,NA,NA,NA,NA,NA,NA,NA,NA,NA,NA,NA,NA,NA,NA,NA,NA,NA,NA,NA,NA,NA,NA,NA,NA,NA
"395",402,"UKRN03","Full-time","No","Year 2","3","Criminology and Psychology","Yes","Female ","UKRN",1,2,1,0,1,1,1,2,1,2,-1,0,2,1,-1,-1,-1,10,10,1,1,1,0,0,1
"396",NA,NA,NA,NA,NA,NA,NA,NA,NA,NA,NA,NA,NA,NA,NA,NA,NA,NA,NA,NA,NA,NA,NA,NA,NA,NA,NA,NA,NA,NA,NA,NA,NA,NA,NA
"397",NA,NA,NA,NA,NA,NA,NA,NA,NA,NA,NA,NA,NA,NA,NA,NA,NA,NA,NA,NA,NA,NA,NA,NA,NA,NA,NA,NA,NA,NA,NA,NA,NA,NA,NA
"398",405,"UKRN03","Full-time","No","Final Year","3","BSc (hons) Psychology","No","Woman","UKRN",1,1,2,1,1,1,1,2,2,2,1,1,2,2,1,0,1,21,21,1,1,1,1,1,1
"399",NA,NA,NA,NA,NA,NA,NA,NA,NA,NA,NA,NA,NA,NA,NA,NA,NA,NA,NA,NA,NA,NA,NA,NA,NA,NA,NA,NA,NA,NA,NA,NA,NA,NA,NA
"400",NA,NA,NA,NA,NA,NA,NA,NA,NA,NA,NA,NA,NA,NA,NA,NA,NA,NA,NA,NA,NA,NA,NA,NA,NA,NA,NA,NA,NA,NA,NA,NA,NA,NA,NA
"401",408,"UKRN03","Full-time","Other (Please specify)","Year 1","4","Psychology and French Studies","Yes","Female ","UKRN",1,2,1,-1,1,1,1,1,-1,1,-1,2,2,-1,1,-2,-2,5,5,1,0,1,0,0,1
"402",409,"UKRN03","Full-time","No","Final Year","3","BSc Psychology","Yes","Female","UKRN",1,1,2,2,2,0,2,0,0,2,0,1,2,2,2,-1,0,17,17,1,1,1,0,0,1
"403",410,"UNI21","Full-time","No","Final Year","3","BSc Psychology","Yes","Female","Non-UKRN",1,2,2,1,-1,1,2,1,-1,2,-2,2,2,1,1,-1,1,13,13,1,1,1,0,0,1
"404",411,"UKRN03","Full-time","No","Year 1","3","Psychology Bsc","Yes","Female","UKRN",1,1,1,1,0,1,1,-1,1,1,1,1,1,-1,1,-1,-1,7,7,1,1,1,0,0,1
"405",412,"UNI19","Full-time","No","Year 2","3","Psychology","No","female ","Non-UKRN",1,1,1,0,1,1,0,1,1,2,1,1,1,0,-1,-1,-1,8,8,1,1,0,0,0,1
"406",413,"UNI22","Full-time","No","Year 2","3","Sports psychology bsc ","No","Female ","Non-UKRN",1,2,1,-1,0,1,0,1,2,2,-2,1,2,2,2,1,-2,12,12,1,0,0,0,0,1
"407",NA,NA,NA,NA,NA,NA,NA,NA,NA,NA,NA,NA,NA,NA,NA,NA,NA,NA,NA,NA,NA,NA,NA,NA,NA,NA,NA,NA,NA,NA,NA,NA,NA,NA,NA
"408",415,"UKRN03","Full-time","No","Year 1","3","BA (hons) Psychology","Yes","Female","UKRN",1,2,2,1,1,1,1,1,1,1,1,1,2,1,-1,0,-2,13,13,1,1,1,0,0,1
"409",NA,NA,NA,NA,NA,NA,NA,NA,NA,NA,NA,NA,NA,NA,NA,NA,NA,NA,NA,NA,NA,NA,NA,NA,NA,NA,NA,NA,NA,NA,NA,NA,NA,NA,NA
"410",NA,NA,NA,NA,NA,NA,NA,NA,NA,NA,NA,NA,NA,NA,NA,NA,NA,NA,NA,NA,NA,NA,NA,NA,NA,NA,NA,NA,NA,NA,NA,NA,NA,NA,NA
"411",418,"UNI25","Full-time","Other (Please specify)","Year 2","3","Psychology ","Yes","Female ","Non-UKRN",1,1,1,0,-1,0,0,2,1,0,-2,1,1,1,1,-1,-1,4,4,1,1,0,0,1,1
"412",NA,NA,NA,NA,NA,NA,NA,NA,NA,NA,NA,NA,NA,NA,NA,NA,NA,NA,NA,NA,NA,NA,NA,NA,NA,NA,NA,NA,NA,NA,NA,NA,NA,NA,NA
"413",NA,NA,NA,NA,NA,NA,NA,NA,NA,NA,NA,NA,NA,NA,NA,NA,NA,NA,NA,NA,NA,NA,NA,NA,NA,NA,NA,NA,NA,NA,NA,NA,NA,NA,NA
"414",NA,NA,NA,NA,NA,NA,NA,NA,NA,NA,NA,NA,NA,NA,NA,NA,NA,NA,NA,NA,NA,NA,NA,NA,NA,NA,NA,NA,NA,NA,NA,NA,NA,NA,NA
"415",NA,NA,NA,NA,NA,NA,NA,NA,NA,NA,NA,NA,NA,NA,NA,NA,NA,NA,NA,NA,NA,NA,NA,NA,NA,NA,NA,NA,NA,NA,NA,NA,NA,NA,NA
"416",423,"UNI25","Full-time","No","Year 2","3","Psychology","Yes","Female","Non-UKRN",1,1,2,0,2,0,0,2,1,2,2,1,2,1,1,1,0,18,18,1,1,1,0,1,1
"417",424,"UKRN03","Full-time","No","Final Year","3","Psychology ","Yes","Female","UKRN",1,2,2,0,0,-1,-1,-1,-1,-1,-2,2,2,1,0,0,0,2,2,1,1,1,0,1,1
"418",NA,NA,NA,NA,NA,NA,NA,NA,NA,NA,NA,NA,NA,NA,NA,NA,NA,NA,NA,NA,NA,NA,NA,NA,NA,NA,NA,NA,NA,NA,NA,NA,NA,NA,NA
"419",426,"UKRN03","Full-time","No","Final Year","3","Psychology ","Yes","Female ","UKRN",1,2,2,1,-1,1,2,2,1,-1,-2,2,2,0,1,-2,-2,8,8,1,1,1,0,0,1
"420",427,"UNI25","Full-time","No","Year 2","3","Psychology","Yes","Female","Non-UKRN",1,2,2,2,1,1,2,2,1,1,-1,1,0,0,2,-1,-1,14,14,1,1,1,0,1,1
"421",428,"UNI22","Full-time","No","Year 2","3","Psychology with Counselling","No","Female","Non-UKRN",1,-1,2,-1,-1,1,1,1,-1,-2,-2,1,2,0,2,0,0,2,2,1,1,0,0,0,1
"422",429,"UKRN03","Full-time","No","Year 1","3","Bachelor of Science in Psychology and Linguistics ","No","Male","UKRN",1,2,2,1,2,1,1,2,2,1,1,1,2,1,1,1,1,22,22,1,0,0,0,0,1
"423",430,"UNI25","Full-time","No","Year 2","3","Psychology with Counselling","Yes","Female","Non-UKRN",1,1,2,2,1,0,2,1,1,0,1,2,2,1,2,-2,-1,15,15,1,1,0,1,1,1
"424",431,"UNI21","Full-time","Yes","Placement Year","3","BSC Psychology","Yes","female","Non-UKRN",1,2,1,-2,1,2,-2,2,2,1,-2,2,2,0,-2,-2,-2,3,3,1,1,1,0,0,1
"425",432,"UNI25","Full-time","No","Final Year","3","Psychology ","Yes","Female","Non-UKRN",1,1,1,0,1,0,1,-1,-1,1,-2,1,2,1,1,-1,-1,4,4,1,1,1,0,0,1
"426",433,"UKRN03","Full-time","No","Final Year","3","BSc Psychology","Yes","Female","UKRN",1,1,1,-1,0,1,-1,0,-1,1,-2,1,2,1,1,-1,1,4,4,1,1,1,0,0,1
"427",434,"UNI25","Full-time","No","Final Year","3","Psychology BSc","Yes","","Non-UKRN",1,2,2,0,-2,1,1,2,-1,-1,-1,1,2,1,1,-2,-1,5,5,1,0,1,0,0,1
"428",NA,NA,NA,NA,NA,NA,NA,NA,NA,NA,NA,NA,NA,NA,NA,NA,NA,NA,NA,NA,NA,NA,NA,NA,NA,NA,NA,NA,NA,NA,NA,NA,NA,NA,NA
"429",436,"UKRN03","Full-time","No","Year 2","3","Psychology ","Yes","Female","UKRN",1,1,1,1,-1,1,1,2,-2,-1,-1,1,2,0,1,-1,-1,4,4,1,1,1,0,0,1
"430",NA,NA,NA,NA,NA,NA,NA,NA,NA,NA,NA,NA,NA,NA,NA,NA,NA,NA,NA,NA,NA,NA,NA,NA,NA,NA,NA,NA,NA,NA,NA,NA,NA,NA,NA
"431",NA,NA,NA,NA,NA,NA,NA,NA,NA,NA,NA,NA,NA,NA,NA,NA,NA,NA,NA,NA,NA,NA,NA,NA,NA,NA,NA,NA,NA,NA,NA,NA,NA,NA,NA
"432",NA,NA,NA,NA,NA,NA,NA,NA,NA,NA,NA,NA,NA,NA,NA,NA,NA,NA,NA,NA,NA,NA,NA,NA,NA,NA,NA,NA,NA,NA,NA,NA,NA,NA,NA
"433",440,"UKRN03","Full-time","No","Final Year","3","Psychology ","Yes","Female ","UKRN",1,1,1,1,1,1,1,0,-1,1,1,-1,1,1,1,-1,-1,7,7,1,1,1,0,0,1
"434",NA,NA,NA,NA,NA,NA,NA,NA,NA,NA,NA,NA,NA,NA,NA,NA,NA,NA,NA,NA,NA,NA,NA,NA,NA,NA,NA,NA,NA,NA,NA,NA,NA,NA,NA
"435",NA,NA,NA,NA,NA,NA,NA,NA,NA,NA,NA,NA,NA,NA,NA,NA,NA,NA,NA,NA,NA,NA,NA,NA,NA,NA,NA,NA,NA,NA,NA,NA,NA,NA,NA
"436",443,"UKRN03","Full-time","No","Year 1","3","BCs Psychology","Yes","Female","UKRN",1,1,2,-1,1,1,0,1,1,-2,-2,-1,2,-1,1,-2,-2,-1,-1,1,1,1,0,0,1
"437",444,"UNI21","Full-time","No","Final Year","3","Psychology","Yes","Female","Non-UKRN",1,2,1,1,-1,1,0,1,1,1,-2,1,1,-1,-2,-1,-2,1,1,1,0,0,0,0,1
"438",445,"UKRN03","Full-time","No","Year 2","3","Psychology ","Yes","Female ","UKRN",1,2,1,1,-2,1,1,2,1,1,-2,2,1,1,-1,1,1,11,11,1,1,1,0,0,1
"439",NA,NA,NA,NA,NA,NA,NA,NA,NA,NA,NA,NA,NA,NA,NA,NA,NA,NA,NA,NA,NA,NA,NA,NA,NA,NA,NA,NA,NA,NA,NA,NA,NA,NA,NA
"440",NA,NA,NA,NA,NA,NA,NA,NA,NA,NA,NA,NA,NA,NA,NA,NA,NA,NA,NA,NA,NA,NA,NA,NA,NA,NA,NA,NA,NA,NA,NA,NA,NA,NA,NA
"441",NA,NA,NA,NA,NA,NA,NA,NA,NA,NA,NA,NA,NA,NA,NA,NA,NA,NA,NA,NA,NA,NA,NA,NA,NA,NA,NA,NA,NA,NA,NA,NA,NA,NA,NA
"442",NA,NA,NA,NA,NA,NA,NA,NA,NA,NA,NA,NA,NA,NA,NA,NA,NA,NA,NA,NA,NA,NA,NA,NA,NA,NA,NA,NA,NA,NA,NA,NA,NA,NA,NA
"443",NA,NA,NA,NA,NA,NA,NA,NA,NA,NA,NA,NA,NA,NA,NA,NA,NA,NA,NA,NA,NA,NA,NA,NA,NA,NA,NA,NA,NA,NA,NA,NA,NA,NA,NA
"444",NA,NA,NA,NA,NA,NA,NA,NA,NA,NA,NA,NA,NA,NA,NA,NA,NA,NA,NA,NA,NA,NA,NA,NA,NA,NA,NA,NA,NA,NA,NA,NA,NA,NA,NA
"445",452,"UKRN03","Full-time","No","Year 2","3","Psychology","Yes","Female","UKRN",1,2,2,1,2,2,1,2,2,1,0,-1,2,0,1,-2,-2,13,13,1,0,1,1,1,1
"446",NA,NA,NA,NA,NA,NA,NA,NA,NA,NA,NA,NA,NA,NA,NA,NA,NA,NA,NA,NA,NA,NA,NA,NA,NA,NA,NA,NA,NA,NA,NA,NA,NA,NA,NA
"447",454,"UNI21","Full-time","No","Year 1","3","Psychology","Yes","Female","Non-UKRN",1,1,2,1,-1,-1,1,-2,-2,-1,-2,2,2,0,2,-2,-2,-2,-2,1,1,0,0,0,1
"448",NA,NA,NA,NA,NA,NA,NA,NA,NA,NA,NA,NA,NA,NA,NA,NA,NA,NA,NA,NA,NA,NA,NA,NA,NA,NA,NA,NA,NA,NA,NA,NA,NA,NA,NA
"449",NA,NA,NA,NA,NA,NA,NA,NA,NA,NA,NA,NA,NA,NA,NA,NA,NA,NA,NA,NA,NA,NA,NA,NA,NA,NA,NA,NA,NA,NA,NA,NA,NA,NA,NA
"450",457,"UNI25","Full-time","No","Final Year","3","Psychology ","Yes","Female ","Non-UKRN",1,2,1,-1,-1,1,0,1,1,-2,-2,1,1,0,1,-1,-1,1,1,1,1,1,0,0,1
"451",458,"UKRN03","Full-time","No","Year 2","3","BSc (Hons) Psychology","Yes","Female","UKRN",1,1,1,1,1,1,1,1,1,1,-2,1,2,2,0,1,-1,12,12,1,1,1,1,1,1
"452",NA,NA,NA,NA,NA,NA,NA,NA,NA,NA,NA,NA,NA,NA,NA,NA,NA,NA,NA,NA,NA,NA,NA,NA,NA,NA,NA,NA,NA,NA,NA,NA,NA,NA,NA
"453",NA,NA,NA,NA,NA,NA,NA,NA,NA,NA,NA,NA,NA,NA,NA,NA,NA,NA,NA,NA,NA,NA,NA,NA,NA,NA,NA,NA,NA,NA,NA,NA,NA,NA,NA
"454",461,"UNI21","Full-time","Other (Please specify)","Placement Year","3","BSc Psychology","No","Female","Non-UKRN",1,1,1,0,1,1,1,2,1,2,1,2,1,0,0,0,0,14,14,1,1,0,0,0,1
"455",NA,NA,NA,NA,NA,NA,NA,NA,NA,NA,NA,NA,NA,NA,NA,NA,NA,NA,NA,NA,NA,NA,NA,NA,NA,NA,NA,NA,NA,NA,NA,NA,NA,NA,NA
"456",463,"UNI21","Full-time","No","Year 1","3","BSc Psychology","Yes","Male","Non-UKRN",1,2,2,1,1,1,0,1,-1,-2,-2,1,2,1,1,-1,1,8,8,1,1,1,1,0,1
"457",464,"UKRN03","Full-time","No","Year 2","4","Psychology (Study Abroad) BSc","Yes","Female","UKRN",1,1,1,-1,1,1,-1,1,-1,-1,-2,1,1,2,-1,-1,-1,0,0,1,1,0,0,0,1
"458",NA,NA,NA,NA,NA,NA,NA,NA,NA,NA,NA,NA,NA,NA,NA,NA,NA,NA,NA,NA,NA,NA,NA,NA,NA,NA,NA,NA,NA,NA,NA,NA,NA,NA,NA
"459",NA,NA,NA,NA,NA,NA,NA,NA,NA,NA,NA,NA,NA,NA,NA,NA,NA,NA,NA,NA,NA,NA,NA,NA,NA,NA,NA,NA,NA,NA,NA,NA,NA,NA,NA
"460",NA,NA,NA,NA,NA,NA,NA,NA,NA,NA,NA,NA,NA,NA,NA,NA,NA,NA,NA,NA,NA,NA,NA,NA,NA,NA,NA,NA,NA,NA,NA,NA,NA,NA,NA
"461",468,"UKRN03","Full-time","No","Final Year","3","Psychology ","Yes","Female","UKRN",1,2,2,1,2,1,1,2,1,-1,-2,0,2,0,1,0,0,12,12,1,1,1,0,0,1
"462",471,"UKRN06","Full-time","No","Year 2","3","psychology bsc","Yes","female","UKRN",1,2,2,2,2,2,2,1,1,2,2,-1,2,2,2,2,1,26,26,1,1,1,1,1,1
"463",NA,NA,NA,NA,NA,NA,NA,NA,NA,NA,NA,NA,NA,NA,NA,NA,NA,NA,NA,NA,NA,NA,NA,NA,NA,NA,NA,NA,NA,NA,NA,NA,NA,NA,NA
"464",473,"UNI21","Full-time","Other (Please specify)","Placement Year","3","Psychology BSc","No","Female ","Non-UKRN",1,2,2,1,1,2,2,1,-1,1,-1,1,2,2,-1,-1,-1,12,12,1,1,1,0,0,1
"465",NA,NA,NA,NA,NA,NA,NA,NA,NA,NA,NA,NA,NA,NA,NA,NA,NA,NA,NA,NA,NA,NA,NA,NA,NA,NA,NA,NA,NA,NA,NA,NA,NA,NA,NA
"466",NA,NA,NA,NA,NA,NA,NA,NA,NA,NA,NA,NA,NA,NA,NA,NA,NA,NA,NA,NA,NA,NA,NA,NA,NA,NA,NA,NA,NA,NA,NA,NA,NA,NA,NA
"467",476,"UNI22","Full-time","No","Year 2","3","Psychology","No","Female","Non-UKRN",1,2,1,-1,1,1,1,2,1,-1,-1,1,1,0,-1,-1,0,6,6,1,1,1,0,0,1
"468",478,"UKRN03","Full-time","No","Final Year","3","Psychology (BSc)","Yes","Male","UKRN",1,1,1,1,0,0,-1,1,-1,2,1,2,2,1,1,-1,-1,9,9,1,1,1,1,1,1
"469",479,"UKRN03","Full-time","Other (Please specify)","Year 1","4","Bsc Psychology with Study Abroad","Yes","Female","UKRN",1,1,1,0,2,1,1,1,1,2,1,1,1,1,-1,-1,-1,11,11,1,0,0,0,0,1
"470",480,"UKRN03","Full-time","No","Year 1","4","Psychology ","Yes","Female","UKRN",1,1,1,0,-1,1,1,2,0,0,0,0,1,1,-1,-1,-1,4,4,1,0,1,1,1,1
"471",481,"UNI25","Full-time","No","Final Year","3","Psychology ","Yes","Female","Non-UKRN",1,1,1,1,2,1,1,2,2,1,2,-1,1,1,-1,-1,-1,12,12,1,0,0,0,0,1
"472",NA,NA,NA,NA,NA,NA,NA,NA,NA,NA,NA,NA,NA,NA,NA,NA,NA,NA,NA,NA,NA,NA,NA,NA,NA,NA,NA,NA,NA,NA,NA,NA,NA,NA,NA
"473",NA,NA,NA,NA,NA,NA,NA,NA,NA,NA,NA,NA,NA,NA,NA,NA,NA,NA,NA,NA,NA,NA,NA,NA,NA,NA,NA,NA,NA,NA,NA,NA,NA,NA,NA
"474",484,"UKRN01","Full-time","Yes","Year 2","4","Psychology (BSc Hons)","Yes","Female","UKRN",1,1,1,2,-1,1,1,1,0,1,1,1,2,1,-1,-1,-1,9,9,1,1,1,0,1,1
"475",NA,NA,NA,NA,NA,NA,NA,NA,NA,NA,NA,NA,NA,NA,NA,NA,NA,NA,NA,NA,NA,NA,NA,NA,NA,NA,NA,NA,NA,NA,NA,NA,NA,NA,NA
"476",NA,NA,NA,NA,NA,NA,NA,NA,NA,NA,NA,NA,NA,NA,NA,NA,NA,NA,NA,NA,NA,NA,NA,NA,NA,NA,NA,NA,NA,NA,NA,NA,NA,NA,NA
"477",487,"UNI24","Full-time","No","Year 2","3","Psychology","Yes","Man; Androgynous (feel free to put me in with either men or other)","Non-UKRN",1,2,2,2,2,1,2,2,2,-2,-2,0,2,2,2,-1,-1,15,15,1,0,0,1,0,1
"478",NA,NA,NA,NA,NA,NA,NA,NA,NA,NA,NA,NA,NA,NA,NA,NA,NA,NA,NA,NA,NA,NA,NA,NA,NA,NA,NA,NA,NA,NA,NA,NA,NA,NA,NA
"479",NA,NA,NA,NA,NA,NA,NA,NA,NA,NA,NA,NA,NA,NA,NA,NA,NA,NA,NA,NA,NA,NA,NA,NA,NA,NA,NA,NA,NA,NA,NA,NA,NA,NA,NA
"480",490,"UKRN03","Full-time","No","Year 1","","Psychology (Study abroad) Bsc (Hons)","Yes","Female","UKRN",1,2,2,2,2,2,2,1,1,2,0,2,2,2,0,1,-2,21,21,1,1,1,0,1,1
"481",491,"UNI21","Full-time","Other (Please specify)","Year 2","3","BSc Psychology","No","Female","Non-UKRN",1,2,1,0,-2,0,0,1,-1,2,-2,2,2,1,2,-2,-2,4,4,1,1,1,1,1,1
"482",492,"UNI24","Full-time","No","Year 2","3","Single honours psychology","No","Male","Non-UKRN",1,2,2,1,2,-1,1,0,0,-1,-2,1,2,-1,2,0,-1,7,7,1,0,0,0,0,1
"483",493,"UNI21","Full-time","No","Year 1","3","Psychology","Yes","female","Non-UKRN",1,1,1,1,0,1,1,2,0,0,1,1,2,2,1,1,-2,13,13,1,0,1,0,0,1
"484",NA,NA,NA,NA,NA,NA,NA,NA,NA,NA,NA,NA,NA,NA,NA,NA,NA,NA,NA,NA,NA,NA,NA,NA,NA,NA,NA,NA,NA,NA,NA,NA,NA,NA,NA
"485",496,"UNI21","Full-time","Other (Please specify)","Placement Year","3","Psychology ","No","Female","Non-UKRN",1,1,2,2,2,0,0,2,0,2,1,2,1,1,-1,-2,-1,12,12,1,0,0,0,0,1
"486",497,"UKRN03","Full-time","No","Year 2","3","Psychology BSc","Yes","Female","UKRN",1,1,1,1,-1,1,1,1,1,1,1,-1,2,-1,1,-1,-1,7,7,1,1,0,0,0,1
"487",NA,NA,NA,NA,NA,NA,NA,NA,NA,NA,NA,NA,NA,NA,NA,NA,NA,NA,NA,NA,NA,NA,NA,NA,NA,NA,NA,NA,NA,NA,NA,NA,NA,NA,NA
"488",NA,NA,NA,NA,NA,NA,NA,NA,NA,NA,NA,NA,NA,NA,NA,NA,NA,NA,NA,NA,NA,NA,NA,NA,NA,NA,NA,NA,NA,NA,NA,NA,NA,NA,NA
"489",500,"UKRN05","Full-time","No","Year 2","3","Sociology with Social Psychology","Yes","Female","UKRN",1,1,2,1,1,1,0,1,-2,-2,-1,1,1,1,0,-1,-1,3,3,1,1,0,1,1,1
"490",NA,NA,NA,NA,NA,NA,NA,NA,NA,NA,NA,NA,NA,NA,NA,NA,NA,NA,NA,NA,NA,NA,NA,NA,NA,NA,NA,NA,NA,NA,NA,NA,NA,NA,NA
"491",NA,NA,NA,NA,NA,NA,NA,NA,NA,NA,NA,NA,NA,NA,NA,NA,NA,NA,NA,NA,NA,NA,NA,NA,NA,NA,NA,NA,NA,NA,NA,NA,NA,NA,NA
"492",503,"UKRN03","Full-time","No","Year 1","3","BA Hons Psychology and Linguistics","Yes","Female","UKRN",1,2,2,0,-1,0,2,1,1,-1,0,1,2,1,2,-2,1,11,11,1,1,0,0,0,1
"493",504,"UKRN03","Full-time","No","Year 1","3","Psychology BSc Hons","Yes","Female","UKRN",1,2,1,1,1,1,1,2,1,1,-1,1,1,1,-1,0,-1,11,11,1,0,1,1,0,1
"494",505,"UKRN03","Full-time","No","Year 1","3","Psychology","No","Male","UKRN",1,2,1,1,2,1,1,1,0,1,2,-1,2,0,-1,-1,2,13,13,1,1,1,0,0,1
"495",506,"UKRN03","Full-time","No","Final Year","4","Psychology MPsych","Yes","Male","UKRN",1,1,1,2,2,1,2,2,2,2,2,1,2,2,2,-2,-2,20,20,1,1,1,0,0,1
"496",507,"UKRN03","Full-time","No","Year 2","3","BSc Hons Psychology Full Time","Yes","Female","UKRN",1,2,1,2,2,2,1,0,0,1,0,2,2,2,2,-1,-1,17,17,1,1,1,1,1,1
"497",508,"UNI21","Full-time","Yes","Year 1","3","psychology","No","female","Non-UKRN",1,1,1,1,1,0,1,1,-1,1,1,1,1,0,1,-1,0,9,9,1,1,0,0,0,1
"498",NA,NA,NA,NA,NA,NA,NA,NA,NA,NA,NA,NA,NA,NA,NA,NA,NA,NA,NA,NA,NA,NA,NA,NA,NA,NA,NA,NA,NA,NA,NA,NA,NA,NA,NA
"499",NA,NA,NA,NA,NA,NA,NA,NA,NA,NA,NA,NA,NA,NA,NA,NA,NA,NA,NA,NA,NA,NA,NA,NA,NA,NA,NA,NA,NA,NA,NA,NA,NA,NA,NA
"500",511,"UNI25","Full-time","No","Final Year","3","Psychology BSc Hons","Yes","Female","Non-UKRN",1,1,1,-1,2,0,0,-1,-1,0,-1,1,2,1,2,-1,-1,4,4,1,1,0,0,0,1
"501",NA,NA,NA,NA,NA,NA,NA,NA,NA,NA,NA,NA,NA,NA,NA,NA,NA,NA,NA,NA,NA,NA,NA,NA,NA,NA,NA,NA,NA,NA,NA,NA,NA,NA,NA
"502",513,"UNI21","Full-time","No","Year 1","3","BSc Psychology","Yes","Female","Non-UKRN",1,2,2,1,-1,0,1,2,2,2,-2,2,2,1,1,-2,-2,11,11,1,1,1,0,0,1
"503",NA,NA,NA,NA,NA,NA,NA,NA,NA,NA,NA,NA,NA,NA,NA,NA,NA,NA,NA,NA,NA,NA,NA,NA,NA,NA,NA,NA,NA,NA,NA,NA,NA,NA,NA
"504",NA,NA,NA,NA,NA,NA,NA,NA,NA,NA,NA,NA,NA,NA,NA,NA,NA,NA,NA,NA,NA,NA,NA,NA,NA,NA,NA,NA,NA,NA,NA,NA,NA,NA,NA
"505",516,"UNI50","Full-time","No","Final Year","3","BsC Psychology (Hons)","Yes","Female","Non-UKRN",1,2,1,1,-1,2,1,2,0,1,0,1,1,1,-1,0,-1,10,10,1,0,0,0,0,1
"506",517,"UNI50","Full-time","No","Final Year","3","Psychology with forensic psychology ","Yes","Female","Non-UKRN",1,1,2,0,1,1,2,2,1,1,1,1,1,1,-1,-1,-1,12,12,1,1,0,0,0,1
"507",NA,NA,NA,NA,NA,NA,NA,NA,NA,NA,NA,NA,NA,NA,NA,NA,NA,NA,NA,NA,NA,NA,NA,NA,NA,NA,NA,NA,NA,NA,NA,NA,NA,NA,NA
"508",519,"UNI50","Full-time","No","Year 2","3","Psychology","Yes","Female","Non-UKRN",1,2,1,1,1,0,1,0,-1,1,-1,2,2,2,1,-1,-1,10,10,1,1,1,0,0,1
"509",520,"UNI50","Full-time","No","Final Year","3","Psychology","Yes","Female ","Non-UKRN",1,2,1,-1,0,1,0,2,1,1,-1,1,1,0,-1,-1,-1,5,5,1,1,0,1,1,1
"510",521,"UNI50","Full-time","No","Final Year","3","Psychology BSc","Yes","Female","Non-UKRN",1,2,1,1,1,1,1,1,1,1,0,1,1,0,0,0,0,12,12,1,1,0,0,0,1
"511",522,"UNI50","Full-time","No","Final Year","3","Psychology with clinical","Yes","Male","Non-UKRN",1,2,1,0,1,1,1,2,1,2,2,1,2,0,-1,-1,-2,12,12,1,1,1,0,1,1
"512",523,"UNI50","Full-time","No","Year 2","3","Psychology BSc","Yes","Female","Non-UKRN",1,2,2,-1,1,1,1,2,1,1,-2,1,1,1,-1,0,-1,9,9,1,0,0,0,0,1
"513",524,"UNI50","Full-time","No","Year 2","3","Psychology ","Yes","Female ","Non-UKRN",1,2,1,1,1,1,1,2,1,1,-1,1,2,1,1,-1,-1,13,13,1,0,0,0,0,1
"514",525,"UNI50","Full-time","No","Final Year","3","BSc Psychology","Yes","Female","Non-UKRN",1,1,1,1,1,1,2,2,2,1,1,1,2,2,1,1,-1,19,19,1,1,0,0,1,1
"515",526,"UNI50","Full-time","No","Year 2","3","Psychology ","Yes","Female","Non-UKRN",1,2,1,1,1,1,0,1,1,1,0,1,2,2,-1,-1,0,12,12,1,1,1,0,0,1
"516",527,"UNI50","Full-time","No","Year 2","3","Psychology","Yes","Female","Non-UKRN",1,2,1,1,1,1,1,1,1,1,1,1,2,1,-1,-1,-1,12,12,1,1,0,1,0,1
"517",NA,NA,NA,NA,NA,NA,NA,NA,NA,NA,NA,NA,NA,NA,NA,NA,NA,NA,NA,NA,NA,NA,NA,NA,NA,NA,NA,NA,NA,NA,NA,NA,NA,NA,NA
"518",529,"UNI50","Full-time","No","Final Year","3","Psychology with Forensic Psychology ","Yes","Female","Non-UKRN",1,2,1,-1,1,1,1,2,2,-1,-1,2,2,1,1,0,0,13,13,1,1,0,1,1,1
"519",NA,NA,NA,NA,NA,NA,NA,NA,NA,NA,NA,NA,NA,NA,NA,NA,NA,NA,NA,NA,NA,NA,NA,NA,NA,NA,NA,NA,NA,NA,NA,NA,NA,NA,NA
"520",NA,NA,NA,NA,NA,NA,NA,NA,NA,NA,NA,NA,NA,NA,NA,NA,NA,NA,NA,NA,NA,NA,NA,NA,NA,NA,NA,NA,NA,NA,NA,NA,NA,NA,NA
"521",NA,NA,NA,NA,NA,NA,NA,NA,NA,NA,NA,NA,NA,NA,NA,NA,NA,NA,NA,NA,NA,NA,NA,NA,NA,NA,NA,NA,NA,NA,NA,NA,NA,NA,NA
"522",533,"UNI50","Full-time","No","Year 2","3","Psychology ","Yes","Female ","Non-UKRN",1,2,2,0,-1,0,0,1,-1,2,-1,1,-1,0,-1,0,-2,1,1,1,1,0,0,0,1
"523",534,"UNI50","Full-time","No","Final Year","3","BSc Hons Psychology","Yes","Female","Non-UKRN",1,1,2,2,1,1,0,1,1,1,-2,1,2,1,0,1,0,13,13,1,1,1,1,0,1
"524",NA,NA,NA,NA,NA,NA,NA,NA,NA,NA,NA,NA,NA,NA,NA,NA,NA,NA,NA,NA,NA,NA,NA,NA,NA,NA,NA,NA,NA,NA,NA,NA,NA,NA,NA
"525",536,"UNI50","Full-time","No","Year 2","3","Psychology ","Yes","Female","Non-UKRN",1,1,1,1,1,0,0,1,-1,-1,-2,1,1,-1,-1,-1,-2,-2,-2,1,1,0,0,0,1
"526",NA,NA,NA,NA,NA,NA,NA,NA,NA,NA,NA,NA,NA,NA,NA,NA,NA,NA,NA,NA,NA,NA,NA,NA,NA,NA,NA,NA,NA,NA,NA,NA,NA,NA,NA
"527",NA,NA,NA,NA,NA,NA,NA,NA,NA,NA,NA,NA,NA,NA,NA,NA,NA,NA,NA,NA,NA,NA,NA,NA,NA,NA,NA,NA,NA,NA,NA,NA,NA,NA,NA
"528",NA,NA,NA,NA,NA,NA,NA,NA,NA,NA,NA,NA,NA,NA,NA,NA,NA,NA,NA,NA,NA,NA,NA,NA,NA,NA,NA,NA,NA,NA,NA,NA,NA,NA,NA
"529",540,"UNI50","Full-time","No","Year 2","3","Psychology ","Yes","Female ","Non-UKRN",1,2,2,1,1,-1,0,1,1,1,1,0,2,1,-1,-1,-1,9,9,1,1,0,0,0,1
"530",541,"UNI50","Full-time","No","Final Year","3","BSc (Hons) Psychology","Yes","Female ","Non-UKRN",1,1,1,1,0,0,1,1,0,2,-2,1,2,1,1,0,-1,9,9,1,1,1,1,1,1
"531",NA,NA,NA,NA,NA,NA,NA,NA,NA,NA,NA,NA,NA,NA,NA,NA,NA,NA,NA,NA,NA,NA,NA,NA,NA,NA,NA,NA,NA,NA,NA,NA,NA,NA,NA
"532",543,"UNI50","Full-time","No","Year 2","3","Psychology ","Yes","Female","Non-UKRN",1,1,1,1,1,1,2,-1,1,-1,-2,1,1,-1,1,-2,1,5,5,1,0,0,0,0,1
"533",544,"UKRN03","Full-time","No","Year 1","3","Psychology and Linguistics","Yes","Female","UKRN",1,2,2,2,1,1,1,1,0,2,1,1,2,1,2,-1,-1,17,17,1,1,1,1,0,1
"534",545,"UNI50","Full-time","No","Year 2","3","Psychology BSc","Yes","Female","Non-UKRN",1,1,1,-1,1,0,1,0,0,0,0,1,2,1,0,-1,-1,5,5,1,0,1,0,0,1
"535",546,"UNI50","Full-time","No","Final Year","3","Psychology ","Yes","Female","Non-UKRN",1,2,1,1,1,0,1,1,-1,-1,-2,1,1,1,-1,-1,-1,3,3,1,0,1,1,1,1
"536",547,"UKRN05","Full-time","No","Year 1","3","Psychology (BSc)","Yes","Female","UKRN",1,2,1,1,2,-1,1,2,2,2,1,1,2,1,-1,-1,-2,13,13,1,1,1,0,0,1
"537",548,"UKRN03","Full-time","No","Year 1","3","BA Hons Psychology and Management ","Yes","Female","UKRN",1,2,2,2,1,2,1,1,-1,1,2,0,2,1,-2,-1,-2,11,11,1,0,0,1,0,1
"538",549,"UNI50","Full-time","No","Year 2","3","BSc Psychology ","Yes","Female","Non-UKRN",1,1,2,-1,2,0,1,1,0,1,1,2,2,1,-1,-1,-2,9,9,1,1,1,1,1,1
"539",550,"UNI50","Full-time","Yes","Year 2","3","Psychology","Yes","Female ","Non-UKRN",1,2,1,0,-1,1,0,2,0,2,-1,2,2,0,1,0,0,11,11,1,1,1,0,0,1
"540",551,"UNI50","Full-time","No","Year 2","3","Psychology BSc","Yes","Male","Non-UKRN",1,2,2,2,-1,2,2,2,2,2,2,1,2,2,-1,1,0,22,22,1,1,0,1,0,1
"541",552,"UNI50","Full-time","Yes","Placement Year","4","Psychology with Clinical Psychology with Study Abroad","No","male","Non-UKRN",1,1,1,1,1,1,1,2,2,1,1,1,2,1,1,1,1,19,19,1,1,0,1,1,1
"542",554,"UNI21","Full-time","No","Final Year","3","Psychology ","No","Female ","Non-UKRN",1,1,2,1,0,1,0,2,-1,1,-2,1,-2,1,1,-1,-1,4,4,1,1,1,0,0,1
"543",NA,NA,NA,NA,NA,NA,NA,NA,NA,NA,NA,NA,NA,NA,NA,NA,NA,NA,NA,NA,NA,NA,NA,NA,NA,NA,NA,NA,NA,NA,NA,NA,NA,NA,NA
"544",556,"UNI21","Full-time","No","Year 1","3","psychology","No","female","Non-UKRN",1,1,1,0,1,1,2,1,-1,1,1,2,2,0,1,-1,-2,10,10,1,1,0,0,0,1
"545",NA,NA,NA,NA,NA,NA,NA,NA,NA,NA,NA,NA,NA,NA,NA,NA,NA,NA,NA,NA,NA,NA,NA,NA,NA,NA,NA,NA,NA,NA,NA,NA,NA,NA,NA
"546",NA,NA,NA,NA,NA,NA,NA,NA,NA,NA,NA,NA,NA,NA,NA,NA,NA,NA,NA,NA,NA,NA,NA,NA,NA,NA,NA,NA,NA,NA,NA,NA,NA,NA,NA
"547",559,"UNI50","Full-time","No","Final Year","3","BSc Psychology ","Yes","Female","Non-UKRN",1,2,2,-1,1,1,1,2,1,1,-1,1,2,-1,2,-1,-2,10,10,1,1,0,0,0,1
"548",560,"UNI24","Full-time","No","Year 2","3","BSc Psychology","No","Female","Non-UKRN",1,1,1,1,1,1,1,-1,-1,2,2,2,2,1,2,0,-1,14,14,1,1,0,0,0,1
"549",561,"UNI50","Full-time","No","Year 2","3","Psychology","Yes","Female ","Non-UKRN",1,2,2,2,2,1,1,1,1,1,1,2,2,2,1,1,-2,20,20,1,1,1,0,0,1
"550",562,"UNI50","Full-time","No","Final Year","3","Psychology","Yes","Female","Non-UKRN",1,1,0,-1,1,1,1,2,1,0,-1,1,2,0,0,0,0,8,8,1,1,1,0,0,1
"551",563,"UNI50","Full-time","No","Year 2","3","Psychology ","Yes","Female","Non-UKRN",1,2,2,1,-1,1,1,1,-1,1,-1,2,2,2,-2,-1,0,9,9,1,1,0,0,0,1
"552",564,"UNI21","Full-time","Other (Please specify)","Year 1","3","Psychology ","Yes","Female ","Non-UKRN",1,1,1,0,1,-1,1,1,1,1,-1,1,2,1,1,-1,-1,8,8,1,1,0,0,0,1
"553",NA,NA,NA,NA,NA,NA,NA,NA,NA,NA,NA,NA,NA,NA,NA,NA,NA,NA,NA,NA,NA,NA,NA,NA,NA,NA,NA,NA,NA,NA,NA,NA,NA,NA,NA
"554",566,"UNI50","Full-time","No","Final Year","3","psychology ","Yes","Female","Non-UKRN",1,1,1,-1,1,1,0,1,1,-1,-2,1,1,0,-1,-1,-1,1,1,1,0,1,0,0,1
"555",NA,NA,NA,NA,NA,NA,NA,NA,NA,NA,NA,NA,NA,NA,NA,NA,NA,NA,NA,NA,NA,NA,NA,NA,NA,NA,NA,NA,NA,NA,NA,NA,NA,NA,NA
"556",NA,NA,NA,NA,NA,NA,NA,NA,NA,NA,NA,NA,NA,NA,NA,NA,NA,NA,NA,NA,NA,NA,NA,NA,NA,NA,NA,NA,NA,NA,NA,NA,NA,NA,NA
"557",NA,NA,NA,NA,NA,NA,NA,NA,NA,NA,NA,NA,NA,NA,NA,NA,NA,NA,NA,NA,NA,NA,NA,NA,NA,NA,NA,NA,NA,NA,NA,NA,NA,NA,NA
"558",570,"UNI21","Full-time","No","Year 2","3","Psychology","No","Female","Non-UKRN",1,2,1,2,1,1,0,0,0,2,2,2,2,2,-2,0,0,15,15,1,1,1,0,0,1
"559",571,"UKRN03","Full-time","No","Final Year","3","BSc Psychology","Yes","Female","UKRN",1,2,1,0,-1,1,1,-1,-1,1,-2,1,1,1,-1,-1,-2,0,0,1,1,0,1,1,1
"560",NA,NA,NA,NA,NA,NA,NA,NA,NA,NA,NA,NA,NA,NA,NA,NA,NA,NA,NA,NA,NA,NA,NA,NA,NA,NA,NA,NA,NA,NA,NA,NA,NA,NA,NA
"561",NA,NA,NA,NA,NA,NA,NA,NA,NA,NA,NA,NA,NA,NA,NA,NA,NA,NA,NA,NA,NA,NA,NA,NA,NA,NA,NA,NA,NA,NA,NA,NA,NA,NA,NA
"562",NA,NA,NA,NA,NA,NA,NA,NA,NA,NA,NA,NA,NA,NA,NA,NA,NA,NA,NA,NA,NA,NA,NA,NA,NA,NA,NA,NA,NA,NA,NA,NA,NA,NA,NA
"563",575,"UNI50","Full-time","No","Year 1","3","Bsc psychology","Yes","Female ","Non-UKRN",1,2,2,1,1,2,2,0,0,2,0,2,1,1,0,0,-2,14,14,1,0,0,0,0,1
"564",NA,NA,NA,NA,NA,NA,NA,NA,NA,NA,NA,NA,NA,NA,NA,NA,NA,NA,NA,NA,NA,NA,NA,NA,NA,NA,NA,NA,NA,NA,NA,NA,NA,NA,NA
"565",578,"UKRN03","Full-time","No","Year 2","4","MPsych Psychology ","Yes","Female ","UKRN",1,1,2,1,1,1,1,1,2,1,1,1,2,2,1,0,-1,17,17,1,1,1,0,1,1
"566",579,"UNI25","Full-time","Other (Please specify)","Year 1","3","Psychology","No","Female","Non-UKRN",1,0,1,1,0,1,0,0,1,1,-1,1,1,1,-1,-1,-1,4,4,1,1,0,1,0,1
"567",NA,NA,NA,NA,NA,NA,NA,NA,NA,NA,NA,NA,NA,NA,NA,NA,NA,NA,NA,NA,NA,NA,NA,NA,NA,NA,NA,NA,NA,NA,NA,NA,NA,NA,NA
"568",NA,NA,NA,NA,NA,NA,NA,NA,NA,NA,NA,NA,NA,NA,NA,NA,NA,NA,NA,NA,NA,NA,NA,NA,NA,NA,NA,NA,NA,NA,NA,NA,NA,NA,NA
"569",NA,NA,NA,NA,NA,NA,NA,NA,NA,NA,NA,NA,NA,NA,NA,NA,NA,NA,NA,NA,NA,NA,NA,NA,NA,NA,NA,NA,NA,NA,NA,NA,NA,NA,NA
"570",NA,NA,NA,NA,NA,NA,NA,NA,NA,NA,NA,NA,NA,NA,NA,NA,NA,NA,NA,NA,NA,NA,NA,NA,NA,NA,NA,NA,NA,NA,NA,NA,NA,NA,NA
"571",NA,NA,NA,NA,NA,NA,NA,NA,NA,NA,NA,NA,NA,NA,NA,NA,NA,NA,NA,NA,NA,NA,NA,NA,NA,NA,NA,NA,NA,NA,NA,NA,NA,NA,NA
"572",NA,NA,NA,NA,NA,NA,NA,NA,NA,NA,NA,NA,NA,NA,NA,NA,NA,NA,NA,NA,NA,NA,NA,NA,NA,NA,NA,NA,NA,NA,NA,NA,NA,NA,NA
"573",NA,NA,NA,NA,NA,NA,NA,NA,NA,NA,NA,NA,NA,NA,NA,NA,NA,NA,NA,NA,NA,NA,NA,NA,NA,NA,NA,NA,NA,NA,NA,NA,NA,NA,NA
"574",NA,NA,NA,NA,NA,NA,NA,NA,NA,NA,NA,NA,NA,NA,NA,NA,NA,NA,NA,NA,NA,NA,NA,NA,NA,NA,NA,NA,NA,NA,NA,NA,NA,NA,NA
"575",NA,NA,NA,NA,NA,NA,NA,NA,NA,NA,NA,NA,NA,NA,NA,NA,NA,NA,NA,NA,NA,NA,NA,NA,NA,NA,NA,NA,NA,NA,NA,NA,NA,NA,NA
"576",NA,NA,NA,NA,NA,NA,NA,NA,NA,NA,NA,NA,NA,NA,NA,NA,NA,NA,NA,NA,NA,NA,NA,NA,NA,NA,NA,NA,NA,NA,NA,NA,NA,NA,NA
"577",NA,NA,NA,NA,NA,NA,NA,NA,NA,NA,NA,NA,NA,NA,NA,NA,NA,NA,NA,NA,NA,NA,NA,NA,NA,NA,NA,NA,NA,NA,NA,NA,NA,NA,NA
"578",NA,NA,NA,NA,NA,NA,NA,NA,NA,NA,NA,NA,NA,NA,NA,NA,NA,NA,NA,NA,NA,NA,NA,NA,NA,NA,NA,NA,NA,NA,NA,NA,NA,NA,NA
"579",598,"UNI50","Full-time","Other (Please specify)","Placement Year","4","Psychology BSc","Yes","Female","Non-UKRN",1,2,1,1,2,0,1,2,1,2,1,1,2,1,1,-2,-1,15,15,1,1,1,0,0,1
"580",NA,NA,NA,NA,NA,NA,NA,NA,NA,NA,NA,NA,NA,NA,NA,NA,NA,NA,NA,NA,NA,NA,NA,NA,NA,NA,NA,NA,NA,NA,NA,NA,NA,NA,NA
"581",600,"UNI50","Full-time","No","Final Year","3","Psychology with Forensic Psychology","Yes","Female","Non-UKRN",1,2,2,2,1,2,0,2,2,2,0,-1,2,0,-2,-2,-2,10,10,1,1,0,1,0,1
"582",NA,NA,NA,NA,NA,NA,NA,NA,NA,NA,NA,NA,NA,NA,NA,NA,NA,NA,NA,NA,NA,NA,NA,NA,NA,NA,NA,NA,NA,NA,NA,NA,NA,NA,NA
"583",NA,NA,NA,NA,NA,NA,NA,NA,NA,NA,NA,NA,NA,NA,NA,NA,NA,NA,NA,NA,NA,NA,NA,NA,NA,NA,NA,NA,NA,NA,NA,NA,NA,NA,NA
"584",603,"UNI50","Full-time","No","Year 1","3","Psychology BSc (Hons)","Yes","female","Non-UKRN",1,2,2,1,1,0,1,0,0,-1,0,2,2,1,-1,-1,-2,7,7,1,0,0,0,0,1
"585",604,"UNI50","Full-time","No","Year 2","3","Psychology with forensics psychology ","Yes","Female ","Non-UKRN",1,2,2,1,0,1,2,2,2,1,2,2,2,0,1,-2,-2,16,16,1,1,0,0,0,1
"586",605,"UNI50","Full-time","No","Final Year","3","Psychology","Yes","Female","Non-UKRN",1,2,2,1,2,1,1,2,2,1,1,1,2,2,2,0,0,22,22,1,1,1,0,0,1
"587",606,"UNI50","Full-time","No","Year 1","3","Psychology ","No","Female","Non-UKRN",1,1,2,1,-2,2,1,2,1,2,-1,2,1,-1,-1,-2,-1,7,7,1,0,1,1,0,1
"588",607,"UNI50","Full-time","No","Final Year","3","BSc Psychology (Hons)","No","Nonbinary","Non-UKRN",1,2,2,1,2,0,0,2,2,2,2,2,2,2,1,1,1,24,24,1,1,0,0,0,1
"589",NA,NA,NA,NA,NA,NA,NA,NA,NA,NA,NA,NA,NA,NA,NA,NA,NA,NA,NA,NA,NA,NA,NA,NA,NA,NA,NA,NA,NA,NA,NA,NA,NA,NA,NA
"590",NA,NA,NA,NA,NA,NA,NA,NA,NA,NA,NA,NA,NA,NA,NA,NA,NA,NA,NA,NA,NA,NA,NA,NA,NA,NA,NA,NA,NA,NA,NA,NA,NA,NA,NA
"591",610,"UNI50","Full-time","No","Year 2","3","Psychology ","Yes","Male","Non-UKRN",1,2,2,1,2,1,2,1,1,1,2,1,2,2,-1,-1,-2,16,16,1,1,1,1,0,1
"592",611,"UNI50","Full-time","No","Year 2","3","Psychology with clinical psychology","Yes","","Non-UKRN",1,1,1,-1,1,0,1,1,1,2,1,2,2,-1,-1,-1,1,10,10,1,0,0,1,0,1
"593",NA,NA,NA,NA,NA,NA,NA,NA,NA,NA,NA,NA,NA,NA,NA,NA,NA,NA,NA,NA,NA,NA,NA,NA,NA,NA,NA,NA,NA,NA,NA,NA,NA,NA,NA
"594",614,"UNI50","Full-time","No","Final Year","3","BSc Psychology with Forensic Psychology","Yes","Female","Non-UKRN",1,2,2,2,-1,1,-1,1,1,1,1,-1,2,0,0,2,-1,11,11,1,1,0,1,0,1
"595",NA,NA,NA,NA,NA,NA,NA,NA,NA,NA,NA,NA,NA,NA,NA,NA,NA,NA,NA,NA,NA,NA,NA,NA,NA,NA,NA,NA,NA,NA,NA,NA,NA,NA,NA
"596",NA,NA,NA,NA,NA,NA,NA,NA,NA,NA,NA,NA,NA,NA,NA,NA,NA,NA,NA,NA,NA,NA,NA,NA,NA,NA,NA,NA,NA,NA,NA,NA,NA,NA,NA
"597",NA,NA,NA,NA,NA,NA,NA,NA,NA,NA,NA,NA,NA,NA,NA,NA,NA,NA,NA,NA,NA,NA,NA,NA,NA,NA,NA,NA,NA,NA,NA,NA,NA,NA,NA
"598",NA,NA,NA,NA,NA,NA,NA,NA,NA,NA,NA,NA,NA,NA,NA,NA,NA,NA,NA,NA,NA,NA,NA,NA,NA,NA,NA,NA,NA,NA,NA,NA,NA,NA,NA
"599",NA,NA,NA,NA,NA,NA,NA,NA,NA,NA,NA,NA,NA,NA,NA,NA,NA,NA,NA,NA,NA,NA,NA,NA,NA,NA,NA,NA,NA,NA,NA,NA,NA,NA,NA
"600",NA,NA,NA,NA,NA,NA,NA,NA,NA,NA,NA,NA,NA,NA,NA,NA,NA,NA,NA,NA,NA,NA,NA,NA,NA,NA,NA,NA,NA,NA,NA,NA,NA,NA,NA
"601",NA,NA,NA,NA,NA,NA,NA,NA,NA,NA,NA,NA,NA,NA,NA,NA,NA,NA,NA,NA,NA,NA,NA,NA,NA,NA,NA,NA,NA,NA,NA,NA,NA,NA,NA
"602",NA,NA,NA,NA,NA,NA,NA,NA,NA,NA,NA,NA,NA,NA,NA,NA,NA,NA,NA,NA,NA,NA,NA,NA,NA,NA,NA,NA,NA,NA,NA,NA,NA,NA,NA
"603",NA,NA,NA,NA,NA,NA,NA,NA,NA,NA,NA,NA,NA,NA,NA,NA,NA,NA,NA,NA,NA,NA,NA,NA,NA,NA,NA,NA,NA,NA,NA,NA,NA,NA,NA
"604",624,"UNI50","Full-time","No","Year 2","3","BSc Psychology","Yes","Female","Non-UKRN",1,2,1,1,1,1,1,-1,-1,1,1,1,1,-1,-1,0,-1,6,6,1,1,1,0,0,1
"605",NA,NA,NA,NA,NA,NA,NA,NA,NA,NA,NA,NA,NA,NA,NA,NA,NA,NA,NA,NA,NA,NA,NA,NA,NA,NA,NA,NA,NA,NA,NA,NA,NA,NA,NA
"606",NA,NA,NA,NA,NA,NA,NA,NA,NA,NA,NA,NA,NA,NA,NA,NA,NA,NA,NA,NA,NA,NA,NA,NA,NA,NA,NA,NA,NA,NA,NA,NA,NA,NA,NA
"607",628,"UNI50","Full-time","No","Final Year","3","BSc (Hons) Psychology","Yes","Female","Non-UKRN",1,0,2,0,1,1,1,2,1,1,-2,1,2,1,0,0,-1,10,10,1,1,1,1,1,1
"608",NA,NA,NA,NA,NA,NA,NA,NA,NA,NA,NA,NA,NA,NA,NA,NA,NA,NA,NA,NA,NA,NA,NA,NA,NA,NA,NA,NA,NA,NA,NA,NA,NA,NA,NA
"609",630,"UKRN04","Full-time","No","Final Year","3","Psychology ","Yes","Female ","UKRN",1,2,2,0,-1,0,0,1,-1,0,1,0,1,2,1,-1,0,7,7,1,1,1,0,0,1
"610",631,"UKRN04","Full-time","No","Year 2","3","Psychology","Yes","Male","UKRN",1,2,2,1,0,1,1,1,-1,1,2,2,2,2,2,-1,-2,15,15,1,1,0,1,1,1
"611",NA,NA,NA,NA,NA,NA,NA,NA,NA,NA,NA,NA,NA,NA,NA,NA,NA,NA,NA,NA,NA,NA,NA,NA,NA,NA,NA,NA,NA,NA,NA,NA,NA,NA,NA
"612",633,"UKRN03","Full-time","No","Year 1","3","Psychology and Linguistics","Yes","Female","UKRN",1,2,2,1,1,1,1,1,1,2,1,1,2,0,-1,0,-1,14,14,1,1,1,0,0,1
"613",634,"UKRN04","Full-time","No","Year 2","3","Psychology","Yes","Female","UKRN",1,2,2,2,1,1,1,0,-1,-1,0,2,2,1,2,-2,-1,11,11,1,1,1,1,1,1
"614",NA,NA,NA,NA,NA,NA,NA,NA,NA,NA,NA,NA,NA,NA,NA,NA,NA,NA,NA,NA,NA,NA,NA,NA,NA,NA,NA,NA,NA,NA,NA,NA,NA,NA,NA
"615",NA,NA,NA,NA,NA,NA,NA,NA,NA,NA,NA,NA,NA,NA,NA,NA,NA,NA,NA,NA,NA,NA,NA,NA,NA,NA,NA,NA,NA,NA,NA,NA,NA,NA,NA
"616",NA,NA,NA,NA,NA,NA,NA,NA,NA,NA,NA,NA,NA,NA,NA,NA,NA,NA,NA,NA,NA,NA,NA,NA,NA,NA,NA,NA,NA,NA,NA,NA,NA,NA,NA
"617",NA,NA,NA,NA,NA,NA,NA,NA,NA,NA,NA,NA,NA,NA,NA,NA,NA,NA,NA,NA,NA,NA,NA,NA,NA,NA,NA,NA,NA,NA,NA,NA,NA,NA,NA
"618",NA,NA,NA,NA,NA,NA,NA,NA,NA,NA,NA,NA,NA,NA,NA,NA,NA,NA,NA,NA,NA,NA,NA,NA,NA,NA,NA,NA,NA,NA,NA,NA,NA,NA,NA
"619",NA,NA,NA,NA,NA,NA,NA,NA,NA,NA,NA,NA,NA,NA,NA,NA,NA,NA,NA,NA,NA,NA,NA,NA,NA,NA,NA,NA,NA,NA,NA,NA,NA,NA,NA
"620",641,"UKRN07","Full-time","Yes","Final Year","4","BSc Psychology","Yes","Female","UKRN",1,2,1,1,1,1,1,1,0,1,1,1,2,2,1,-1,-1,14,14,1,1,1,0,0,1
"621",NA,NA,NA,NA,NA,NA,NA,NA,NA,NA,NA,NA,NA,NA,NA,NA,NA,NA,NA,NA,NA,NA,NA,NA,NA,NA,NA,NA,NA,NA,NA,NA,NA,NA,NA
"622",NA,NA,NA,NA,NA,NA,NA,NA,NA,NA,NA,NA,NA,NA,NA,NA,NA,NA,NA,NA,NA,NA,NA,NA,NA,NA,NA,NA,NA,NA,NA,NA,NA,NA,NA
"623",NA,NA,NA,NA,NA,NA,NA,NA,NA,NA,NA,NA,NA,NA,NA,NA,NA,NA,NA,NA,NA,NA,NA,NA,NA,NA,NA,NA,NA,NA,NA,NA,NA,NA,NA
"624",NA,NA,NA,NA,NA,NA,NA,NA,NA,NA,NA,NA,NA,NA,NA,NA,NA,NA,NA,NA,NA,NA,NA,NA,NA,NA,NA,NA,NA,NA,NA,NA,NA,NA,NA
"625",647,"UNI21","Full-time","No","Year 1","1","Clinical health psychology ","No","Female ","Non-UKRN",1,1,0,0,0,1,0,1,0,0,0,-1,1,0,1,1,0,5,5,1,0,0,0,0,1
"626",648,"UKRN02","Full-time","Yes","Year 1","4","BSc (Hons) Psychology","Yes","Female","UKRN",1,2,1,2,-1,1,1,1,-1,2,1,2,-1,1,-2,1,-1,9,9,1,0,0,0,0,1
"627",NA,NA,NA,NA,NA,NA,NA,NA,NA,NA,NA,NA,NA,NA,NA,NA,NA,NA,NA,NA,NA,NA,NA,NA,NA,NA,NA,NA,NA,NA,NA,NA,NA,NA,NA
"628",NA,NA,NA,NA,NA,NA,NA,NA,NA,NA,NA,NA,NA,NA,NA,NA,NA,NA,NA,NA,NA,NA,NA,NA,NA,NA,NA,NA,NA,NA,NA,NA,NA,NA,NA
"629",651,"UKRN07","Full-time","Yes","Placement Year","3","BSc Psychology","Yes","Female","UKRN",1,1,2,0,1,1,0,2,1,1,-2,1,2,1,2,-1,-2,10,10,1,1,1,0,0,1
"630",652,"UNI19","Full-time","No","Year 1","3","Psyhcology","Yes","Female","Non-UKRN",1,2,2,0,0,1,0,0,-1,0,-1,0,2,0,1,0,-2,4,4,1,0,0,0,0,1
"631",653,"UKRN04","Full-time","No","Year 1","3","Psychology","Yes","Female","UKRN",1,-1,1,-1,0,0,0,2,1,1,1,2,2,0,-1,-1,-1,5,5,1,0,0,0,0,1
"632",NA,NA,NA,NA,NA,NA,NA,NA,NA,NA,NA,NA,NA,NA,NA,NA,NA,NA,NA,NA,NA,NA,NA,NA,NA,NA,NA,NA,NA,NA,NA,NA,NA,NA,NA
"633",655,"UKRN04","Full-time","No","Final Year","4","Bsc psychology with year abroad","Yes","Femal","UKRN",1,2,2,1,2,1,0,2,1,1,0,2,2,1,2,1,-2,18,18,1,0,1,0,0,1
"634",656,"UKRN04","Full-time","No","Year 1","3","education and psychology","Yes","female","UKRN",1,2,1,1,1,1,1,1,1,1,1,1,2,1,1,0,1,17,17,1,1,1,0,0,1
"635",657,"UKRN04","Full-time","No","Final Year","3","Psychology","Yes","Female","UKRN",1,1,2,1,-1,1,2,1,2,1,-2,2,2,1,2,-2,-2,11,11,1,1,0,1,1,1
"636",658,"UKRN04","Full-time","No","Year 1","3","Psychology BSc","Yes","Female","UKRN",1,2,-1,1,-2,-1,2,1,-1,2,-2,0,2,2,1,-1,-2,3,3,1,1,0,1,1,1
"637",NA,NA,NA,NA,NA,NA,NA,NA,NA,NA,NA,NA,NA,NA,NA,NA,NA,NA,NA,NA,NA,NA,NA,NA,NA,NA,NA,NA,NA,NA,NA,NA,NA,NA,NA
"638",660,"UKRN04","Full-time","No","Year 1","4","Psychology","Yes","Female","UKRN",1,2,2,2,2,1,1,1,1,2,2,1,2,2,1,-1,-1,20,20,1,1,1,1,1,1
"639",NA,NA,NA,NA,NA,NA,NA,NA,NA,NA,NA,NA,NA,NA,NA,NA,NA,NA,NA,NA,NA,NA,NA,NA,NA,NA,NA,NA,NA,NA,NA,NA,NA,NA,NA
"640",662,"UNI22","Full-time","No","Year 2","3","Psychology ","Yes","Male","Non-UKRN",1,-1,1,1,1,1,1,1,-1,1,1,1,1,0,-1,1,-1,7,7,1,1,1,1,1,1
"641",663,"UKRN04","Full-time","No","Final Year","3","Criminology & Psychology","Yes","female","UKRN",1,2,2,1,0,0,1,2,1,0,0,0,2,2,2,-2,-2,11,11,1,1,0,0,0,1
"642",NA,NA,NA,NA,NA,NA,NA,NA,NA,NA,NA,NA,NA,NA,NA,NA,NA,NA,NA,NA,NA,NA,NA,NA,NA,NA,NA,NA,NA,NA,NA,NA,NA,NA,NA
"643",NA,NA,NA,NA,NA,NA,NA,NA,NA,NA,NA,NA,NA,NA,NA,NA,NA,NA,NA,NA,NA,NA,NA,NA,NA,NA,NA,NA,NA,NA,NA,NA,NA,NA,NA
"644",666,"UKRN04","Full-time","No","Final Year","3","Psychology","Yes","Female ","UKRN",1,2,2,1,-2,1,1,1,0,1,-2,2,2,1,2,-2,1,11,11,1,0,1,1,1,1
"645",NA,NA,NA,NA,NA,NA,NA,NA,NA,NA,NA,NA,NA,NA,NA,NA,NA,NA,NA,NA,NA,NA,NA,NA,NA,NA,NA,NA,NA,NA,NA,NA,NA,NA,NA
"646",668,"UKRN04","Full-time","No","Final Year","3","Psychology, BSc (Hons)","No","Female ","UKRN",1,2,2,2,2,2,0,2,0,2,-2,2,2,2,2,-2,-2,16,16,1,1,1,0,0,1
"647",NA,NA,NA,NA,NA,NA,NA,NA,NA,NA,NA,NA,NA,NA,NA,NA,NA,NA,NA,NA,NA,NA,NA,NA,NA,NA,NA,NA,NA,NA,NA,NA,NA,NA,NA
"648",670,"UKRN04","Full-time","No","Year 1","3","BSc (Hons) Psychology","No","Female","UKRN",1,2,2,1,2,2,1,2,1,1,2,2,2,1,2,-1,-1,21,21,1,1,1,1,1,1
"649",NA,NA,NA,NA,NA,NA,NA,NA,NA,NA,NA,NA,NA,NA,NA,NA,NA,NA,NA,NA,NA,NA,NA,NA,NA,NA,NA,NA,NA,NA,NA,NA,NA,NA,NA
"650",672,"UKRN04","Full-time","No","Final Year","3","Psychology ","Yes","Male","UKRN",1,2,2,1,2,1,0,-1,0,0,-1,1,2,1,-1,-1,-1,7,7,1,0,0,0,0,1
"651",673,"UKRN04","Full-time","Yes","Year 1","3","Psychology","Yes","female","UKRN",1,2,1,2,1,1,1,0,-1,1,1,1,2,2,2,-1,-1,14,14,1,1,1,1,1,1
"652",674,"UKRN04","Full-time","No","Final Year","3","Criminology with Psychology","Yes","Female","UKRN",1,2,2,1,2,1,1,2,1,0,0,1,2,0,-1,-1,1,14,14,1,0,0,0,0,1
"653",675,"UKRN07","Full-time","No","Final Year","4","Art and Psychology","No","Female","UKRN",1,2,-1,2,0,2,1,2,1,2,2,1,2,2,-2,0,-1,15,15,1,0,0,0,0,1
"654",676,"UKRN04","Full-time","No","Year 1","3","Psychology Bsc","Yes","Female ","UKRN",1,2,2,1,2,-1,2,1,-1,0,1,1,2,-1,2,-1,-2,10,10,1,1,1,0,0,1
"655",677,"UKRN07","Full-time","No","Year 1","3","BSc Psychology","Yes","Woman","UKRN",1,2,2,1,2,2,1,-1,-1,0,-2,1,2,1,1,-1,-2,8,8,1,0,1,1,0,1
"656",695,"UKRN04","Full-time","Other (Please specify)","Year 1","3","Psychology","No","female","UKRN",1,1,2,2,2,2,2,-1,1,2,2,2,2,2,2,-1,-2,20,20,1,1,1,0,1,1
"657",699,"UNI19","Full-time","No","Year 1","3","BSc Psychology ","Yes","Female","Non-UKRN",1,1,1,0,-1,0,0,1,1,0,-1,1,2,0,0,-1,-1,3,3,1,1,1,0,0,1
"658",NA,NA,NA,NA,NA,NA,NA,NA,NA,NA,NA,NA,NA,NA,NA,NA,NA,NA,NA,NA,NA,NA,NA,NA,NA,NA,NA,NA,NA,NA,NA,NA,NA,NA,NA
"659",701,"UKRN04","Full-time","No","Final Year","3","BSc Psychology","Yes","Male","UKRN",1,2,1,2,-2,1,1,1,-2,-1,-1,2,2,0,1,-1,-1,5,5,1,1,1,1,1,1
"660",702,"UKRN04","Full-time","No","Year 1","3","Psychology","No","Female ","UKRN",1,2,1,0,-2,1,1,0,-1,1,-2,1,0,1,1,1,1,6,6,1,1,0,1,1,1
"661",NA,NA,NA,NA,NA,NA,NA,NA,NA,NA,NA,NA,NA,NA,NA,NA,NA,NA,NA,NA,NA,NA,NA,NA,NA,NA,NA,NA,NA,NA,NA,NA,NA,NA,NA
"662",704,"UNI21","Full-time","No","Year 2","3","Psychology ","Yes","Female","Non-UKRN",1,2,1,1,1,-1,0,2,1,1,-1,2,1,1,1,0,1,13,13,1,1,0,0,0,1
"663",NA,NA,NA,NA,NA,NA,NA,NA,NA,NA,NA,NA,NA,NA,NA,NA,NA,NA,NA,NA,NA,NA,NA,NA,NA,NA,NA,NA,NA,NA,NA,NA,NA,NA,NA
"664",707,"UNI20","Full-time","No","Final Year","3","BSc Psychology Hons","Yes","male","Non-UKRN",1,1,1,2,1,1,1,1,1,1,1,0,2,1,1,0,1,16,16,1,1,1,1,0,1
"665",NA,NA,NA,NA,NA,NA,NA,NA,NA,NA,NA,NA,NA,NA,NA,NA,NA,NA,NA,NA,NA,NA,NA,NA,NA,NA,NA,NA,NA,NA,NA,NA,NA,NA,NA
"666",NA,NA,NA,NA,NA,NA,NA,NA,NA,NA,NA,NA,NA,NA,NA,NA,NA,NA,NA,NA,NA,NA,NA,NA,NA,NA,NA,NA,NA,NA,NA,NA,NA,NA,NA
"667",710,"UKRN08","Full-time","No","Final Year","3","Psychology with criminology ","No","Male","UKRN",1,1,1,0,1,1,1,1,1,1,-2,1,2,2,1,0,-1,11,11,1,1,1,1,1,1
"668",711,"UKRN08","Full-time","No","Final Year","3","Psychology ","Yes","Female","UKRN",1,2,1,2,1,0,0,0,-1,1,-2,2,2,1,2,1,-1,11,11,1,1,1,1,1,1
"669",712,"UKRN08","Full-time","No","Final Year","3","BSc (Hong) Psychology","Yes","Female","UKRN",1,-1,2,0,-2,2,-1,2,2,2,-2,1,2,1,-2,-2,1,5,5,1,1,1,1,1,1
"670",714,"UKRN08","Full-time","No","Year 1","3","Psychology ","Yes","Female","UKRN",1,1,0,0,0,-1,1,2,-1,0,-1,1,1,1,1,1,-2,4,4,1,1,1,0,1,1
"671",715,"UKRN08","Full-time","Yes","Year 2","3","Psychology","Yes","Male","UKRN",1,2,2,0,2,1,0,1,1,1,-1,2,2,1,2,1,1,18,18,1,1,1,1,1,1
"672",716,"UKRN08","Full-time","Yes","Placement Year","4","BSc Psychology ","Yes","female ","UKRN",1,2,2,2,2,2,2,2,2,2,2,1,2,2,1,1,-1,26,26,1,1,1,1,1,1
"673",NA,NA,NA,NA,NA,NA,NA,NA,NA,NA,NA,NA,NA,NA,NA,NA,NA,NA,NA,NA,NA,NA,NA,NA,NA,NA,NA,NA,NA,NA,NA,NA,NA,NA,NA
"674",718,"UKRN08","Full-time","Yes","Year 2","3","Psychology ","Yes","F","UKRN",1,1,1,1,0,1,0,1,1,2,2,1,2,1,-1,0,1,14,14,1,1,1,0,1,1
"675",719,"UKRN08","Full-time","No","Year 1","3","Psychology","Yes","Female","UKRN",1,1,2,0,-2,1,0,1,0,1,-2,1,1,2,1,-1,-2,4,4,1,1,0,0,0,1
"676",720,"UKRN08","Full-time","No","Year 2","3","Bsc (hons) Psychology with Criminology ","Yes","Female","UKRN",1,2,2,1,1,1,2,1,1,1,-1,1,1,2,1,-2,-2,12,12,1,1,1,1,1,1
"677",722,"UKRN08","Full-time","No","Final Year","3","Psychology with Criminology ","Yes","Female ","UKRN",1,1,2,1,1,1,1,0,-1,1,1,1,1,0,-1,0,-1,8,8,1,1,0,0,0,1
"678",723,"UKRN08","Full-time","No","Year 2","3","Psychology BSc","Yes","Female","UKRN",1,2,2,1,2,2,2,2,1,1,1,2,2,1,2,-1,-2,20,20,1,1,1,0,1,1
"679",724,"UKRN08","Full-time","No","Final Year","3","BSc Psychology (Hons)","No","Female","UKRN",1,2,2,2,2,2,2,2,2,2,2,2,2,2,2,0,-1,27,27,1,1,1,1,1,1
"680",NA,NA,NA,NA,NA,NA,NA,NA,NA,NA,NA,NA,NA,NA,NA,NA,NA,NA,NA,NA,NA,NA,NA,NA,NA,NA,NA,NA,NA,NA,NA,NA,NA,NA,NA
"681",726,"UKRN08","Full-time","No","Year 2","3","BSc Hons Psychology ","Yes","Female","UKRN",1,1,2,-1,1,0,1,1,0,2,2,1,1,-1,-1,-1,-1,7,7,1,0,0,1,0,1
"682",727,"UKRN08","Full-time","Yes","Year 2","3","Psychology BSc","Yes","Female","UKRN",1,2,2,-1,2,2,2,2,2,-1,-1,2,2,2,2,1,1,21,21,1,1,0,1,1,1
"683",728,"UKRN08","Full-time","No","Year 1","4","Psychology with Criminology (BSc) ","Yes","Female","UKRN",1,1,1,1,1,1,0,1,1,1,1,1,1,0,1,-1,-1,10,10,1,1,1,1,1,1
"684",729,"UKRN08","Full-time","No","Year 1","3","Psychology ","No","Female ","UKRN",1,1,1,2,0,0,0,1,1,1,1,2,2,1,2,0,-1,14,14,1,1,1,1,1,1
"685",730,"UKRN08","Full-time","No","Final Year","3","BSc psychology ","Yes","Female","UKRN",1,2,2,2,2,2,2,1,1,2,-2,1,2,2,2,-2,-2,17,17,1,1,1,1,1,1
"686",731,"UKRN08","Full-time","No","Final Year","3","BSc Hons Psychology","Yes","Female","UKRN",1,1,1,1,1,0,-1,1,1,-1,-2,1,2,1,-1,-1,-1,3,3,1,1,1,0,1,1
"687",732,"UKRN08","Full-time","Yes","Placement Year","4","Psychology","Yes","Female","UKRN",1,1,2,1,0,0,1,2,1,2,0,0,1,2,-1,1,1,14,14,1,1,1,1,0,1
"688",733,"UKRN08","Full-time","Yes","Year 2","3","Psychology ","Yes","Male ","UKRN",1,1,2,2,-1,1,0,1,1,1,-2,1,2,0,1,-1,-2,7,7,1,1,1,0,0,1
"689",734,"UKRN08","Full-time","No","Final Year","3","Psychology with criminology ","Yes","Fenale","UKRN",1,2,2,0,2,0,1,1,-1,1,-1,2,-2,2,-1,-1,2,9,9,1,1,0,0,1,1
"690",735,"UKRN08","Full-time","No","Year 1","3","Psychology with Criminology ","No","Female ","UKRN",1,1,2,1,1,0,1,0,0,1,1,1,2,2,1,-1,-1,12,12,1,1,1,1,1,1
"691",736,"UKRN08","Full-time","No","Year 1","3","Psychology ","No","Female","UKRN",1,2,2,2,2,2,1,2,-1,2,1,2,2,2,-2,-1,-2,16,16,1,1,1,0,0,1
"692",NA,NA,NA,NA,NA,NA,NA,NA,NA,NA,NA,NA,NA,NA,NA,NA,NA,NA,NA,NA,NA,NA,NA,NA,NA,NA,NA,NA,NA,NA,NA,NA,NA,NA,NA
"693",740,"UKRN08","Full-time","Yes","Year 1","4","Psychology ","Yes","Male","UKRN",1,1,2,2,1,1,1,2,1,1,0,0,2,1,0,0,-2,13,13,1,1,1,0,0,1
"694",742,"UNI01","Full-time","No","Year 2","3","psychology","Yes","female","Non-UKRN",1,1,-1,1,-2,1,1,1,1,-1,-2,1,0,-1,0,0,-1,-1,-1,1,1,0,0,0,1
"695",743,"UKRN08","Full-time","No","Final Year","3","Psychology","Yes","Female ","UKRN",1,2,2,1,1,1,1,2,1,2,1,1,2,1,0,-1,-1,16,16,1,1,1,0,1,1
"696",744,"UKRN08","Full-time","No","Final Year","3","Psychology ","Yes","Female ","UKRN",1,0,2,0,1,-1,0,1,0,-2,-2,1,2,1,2,-2,-1,2,2,1,0,0,0,1,1
"697",NA,NA,NA,NA,NA,NA,NA,NA,NA,NA,NA,NA,NA,NA,NA,NA,NA,NA,NA,NA,NA,NA,NA,NA,NA,NA,NA,NA,NA,NA,NA,NA,NA,NA,NA
"698",NA,NA,NA,NA,NA,NA,NA,NA,NA,NA,NA,NA,NA,NA,NA,NA,NA,NA,NA,NA,NA,NA,NA,NA,NA,NA,NA,NA,NA,NA,NA,NA,NA,NA,NA
"699",NA,NA,NA,NA,NA,NA,NA,NA,NA,NA,NA,NA,NA,NA,NA,NA,NA,NA,NA,NA,NA,NA,NA,NA,NA,NA,NA,NA,NA,NA,NA,NA,NA,NA,NA
"700",749,"UNI52","Full-time","No","Year 2","3","BSc Psychology ","Yes","Female ","Non-UKRN",1,2,2,0,2,0,-1,2,-2,2,-1,0,1,1,-1,0,-2,5,5,1,0,1,1,1,1
"701",750,"UNI52","Full-time","No","Year 1","3","Psychology","Yes","Female","Non-UKRN",1,2,1,2,2,1,1,2,1,1,1,1,2,2,1,-2,-1,17,17,1,1,1,1,1,1
"702",NA,NA,NA,NA,NA,NA,NA,NA,NA,NA,NA,NA,NA,NA,NA,NA,NA,NA,NA,NA,NA,NA,NA,NA,NA,NA,NA,NA,NA,NA,NA,NA,NA,NA,NA
"703",752,"UNI52","Full-time","No","Year 1","3","Psychology","Yes","Male","Non-UKRN",1,2,2,2,2,2,2,2,2,2,1,1,2,2,2,-2,-2,22,22,1,0,0,0,0,1
"704",NA,NA,NA,NA,NA,NA,NA,NA,NA,NA,NA,NA,NA,NA,NA,NA,NA,NA,NA,NA,NA,NA,NA,NA,NA,NA,NA,NA,NA,NA,NA,NA,NA,NA,NA
"705",NA,NA,NA,NA,NA,NA,NA,NA,NA,NA,NA,NA,NA,NA,NA,NA,NA,NA,NA,NA,NA,NA,NA,NA,NA,NA,NA,NA,NA,NA,NA,NA,NA,NA,NA
"706",755,"UNI52","Full-time","No","Year 2","3","Psychology ","No","Female ","Non-UKRN",1,2,2,-1,1,0,2,2,2,1,-2,2,2,-2,1,-2,-1,9,9,1,1,0,0,0,1
"707",756,"UNI52","Full-time","No","Year 1","3","Psychology ","No","Female ","Non-UKRN",1,1,0,1,1,1,1,2,0,2,-1,1,1,-1,1,-1,0,9,9,1,1,1,0,0,1
"708",NA,NA,NA,NA,NA,NA,NA,NA,NA,NA,NA,NA,NA,NA,NA,NA,NA,NA,NA,NA,NA,NA,NA,NA,NA,NA,NA,NA,NA,NA,NA,NA,NA,NA,NA
"709",NA,NA,NA,NA,NA,NA,NA,NA,NA,NA,NA,NA,NA,NA,NA,NA,NA,NA,NA,NA,NA,NA,NA,NA,NA,NA,NA,NA,NA,NA,NA,NA,NA,NA,NA
"710",759,"UKRN08","Full-time","Yes","Year 2","3","Psychology with Criminology","Yes","Female","UKRN",1,1,1,1,1,1,-1,2,2,-1,-2,1,2,1,0,0,-1,8,8,1,0,1,0,0,1
"711",NA,NA,NA,NA,NA,NA,NA,NA,NA,NA,NA,NA,NA,NA,NA,NA,NA,NA,NA,NA,NA,NA,NA,NA,NA,NA,NA,NA,NA,NA,NA,NA,NA,NA,NA
"712",761,"UKRN08","Full-time","No","Year 1","3","Psychology ","Yes","Female","UKRN",1,1,2,0,1,2,2,2,1,2,0,1,2,0,1,-1,-2,14,14,1,1,0,0,0,1
"713",762,"UNI52","Full-time","No","Year 2","3","Psychology","No","Female","Non-UKRN",1,1,2,0,1,1,1,1,0,0,2,1,2,-1,0,-1,0,10,10,1,1,1,0,0,1
"714",NA,NA,NA,NA,NA,NA,NA,NA,NA,NA,NA,NA,NA,NA,NA,NA,NA,NA,NA,NA,NA,NA,NA,NA,NA,NA,NA,NA,NA,NA,NA,NA,NA,NA,NA
"715",NA,NA,NA,NA,NA,NA,NA,NA,NA,NA,NA,NA,NA,NA,NA,NA,NA,NA,NA,NA,NA,NA,NA,NA,NA,NA,NA,NA,NA,NA,NA,NA,NA,NA,NA
"716",NA,NA,NA,NA,NA,NA,NA,NA,NA,NA,NA,NA,NA,NA,NA,NA,NA,NA,NA,NA,NA,NA,NA,NA,NA,NA,NA,NA,NA,NA,NA,NA,NA,NA,NA
"717",766,"UNI52","Full-time","No","Final Year","3","Psychology ","No","Female","Non-UKRN",1,2,2,1,1,1,1,2,2,1,-1,1,2,1,2,-1,-1,16,16,1,0,0,1,0,1
"718",767,"UNI52","Full-time","No","Year 1","3","Psychology Hons BSC","No","Female ","Non-UKRN",1,2,2,2,2,2,2,2,2,2,2,2,2,0,-2,2,0,24,24,1,0,0,0,0,1
"719",768,"UNI52","Full-time","No","Year 1","3","Psychology with English Language","Yes","Female","Non-UKRN",1,1,1,-1,1,-1,1,0,-1,1,1,1,2,0,0,-1,1,6,6,1,1,0,0,0,1
"720",NA,NA,NA,NA,NA,NA,NA,NA,NA,NA,NA,NA,NA,NA,NA,NA,NA,NA,NA,NA,NA,NA,NA,NA,NA,NA,NA,NA,NA,NA,NA,NA,NA,NA,NA
"721",NA,NA,NA,NA,NA,NA,NA,NA,NA,NA,NA,NA,NA,NA,NA,NA,NA,NA,NA,NA,NA,NA,NA,NA,NA,NA,NA,NA,NA,NA,NA,NA,NA,NA,NA
"722",771,"UKRN08","Full-time","Yes","Placement Year","4","BSc Psychology","Yes","male","UKRN",1,1,2,1,2,2,2,2,1,2,2,1,2,1,0,-2,-2,17,17,1,1,1,0,0,1
"723",772,"UNI52","Full-time","Other (Please specify)","Year 1","3","Bachelor Of Arts With Honours (Combined) - Accounting & Finance And Psychology","No","Female","Non-UKRN",1,1,0,1,0,0,2,1,1,0,2,1,2,1,1,-1,-1,11,11,1,1,0,0,0,1
"724",773,"UNI52","Full-time","No","Year 2","3","Psychology","Yes","Female","Non-UKRN",1,1,0,0,1,1,-1,1,0,0,1,1,1,0,-1,0,-1,4,4,1,0,0,1,0,1
"725",NA,NA,NA,NA,NA,NA,NA,NA,NA,NA,NA,NA,NA,NA,NA,NA,NA,NA,NA,NA,NA,NA,NA,NA,NA,NA,NA,NA,NA,NA,NA,NA,NA,NA,NA
"726",775,"UNI52","Full-time","No","Year 2","3","Psychology and Criminology","Yes","Non-Binary","Non-UKRN",1,2,2,1,2,2,2,2,2,2,2,-1,1,0,-1,0,-1,17,17,1,0,0,0,0,1
"727",776,"UNI52","Full-time","No","Final Year","3","Biology and Psychology","Yes","Female","Non-UKRN",1,2,1,-1,1,-1,1,2,1,-1,-1,1,2,-1,0,-2,-1,3,3,1,0,0,0,0,1
"728",777,"UKRN08","Full-time","No","Year 2","3","Psychology (BSc)","Yes","Female","UKRN",1,2,2,2,2,1,2,0,2,2,0,2,2,2,0,-1,-1,19,19,1,1,1,0,0,1
"729",778,"UKRN08","Full-time","Yes","Year 2","3","Psychology","No","Female","UKRN",1,1,2,1,1,1,1,2,2,1,0,2,1,2,2,-1,-1,17,17,1,1,0,1,1,1
"730",779,"UNI52","Full-time","No","Final Year","3","Psychology ","No","Male","Non-UKRN",1,2,2,0,1,0,1,-1,-1,1,-1,1,2,1,2,-1,-1,8,8,1,1,0,0,0,1
"731",780,"UKRN08","Full-time","No","Year 1","3","BSC (Hons) Psychology","Yes","Female ","UKRN",1,2,2,1,1,1,1,2,1,1,-2,2,2,1,1,0,-2,14,14,1,1,1,0,1,1
"732",NA,NA,NA,NA,NA,NA,NA,NA,NA,NA,NA,NA,NA,NA,NA,NA,NA,NA,NA,NA,NA,NA,NA,NA,NA,NA,NA,NA,NA,NA,NA,NA,NA,NA,NA
"733",782,"UNI52","Full-time","No","Year 2","3","Bachelor Of Arts With Honours (Combined) - Criminology And Psychology","Yes","female","Non-UKRN",1,1,2,0,0,2,1,2,2,2,-2,1,1,-1,-1,0,-2,8,8,1,0,0,0,0,1
"734",784,"UKRN08","Full-time","No","Year 2","3","Psychology with Sociology ","No","Female ","UKRN",1,2,1,1,1,1,0,0,0,1,0,2,2,2,2,0,-1,14,14,1,1,1,0,1,1
"735",NA,NA,NA,NA,NA,NA,NA,NA,NA,NA,NA,NA,NA,NA,NA,NA,NA,NA,NA,NA,NA,NA,NA,NA,NA,NA,NA,NA,NA,NA,NA,NA,NA,NA,NA
"736",786,"UNI52","Full-time","No","Year 1","3","Psychology ","Yes","Female ","Non-UKRN",1,2,1,0,0,1,1,1,1,0,-2,-1,2,1,1,-1,-1,6,6,1,1,1,0,0,1
"737",787,"UNI52","Full-time","No","Year 1","3","Sports Psychology","Yes","Male","Non-UKRN",1,1,0,1,-1,1,1,1,1,1,1,0,1,-1,-1,-1,-1,4,4,1,1,0,0,0,1
"738",NA,NA,NA,NA,NA,NA,NA,NA,NA,NA,NA,NA,NA,NA,NA,NA,NA,NA,NA,NA,NA,NA,NA,NA,NA,NA,NA,NA,NA,NA,NA,NA,NA,NA,NA
"739",789,"UNI52","Full-time","No","Year 1","3","Bachelor Of Arts With Honours (Combined) - Psychology And Special Educational Needs","No","Female","Non-UKRN",1,2,1,2,2,1,1,2,1,2,-2,1,2,1,2,1,-1,18,18,1,1,1,1,1,1
"740",790,"UNI01","Full-time","No","Year 2","3","psychology","Yes","female ","Non-UKRN",1,2,1,2,1,1,1,2,0,2,1,0,1,1,-1,-1,0,13,13,1,1,0,0,0,1
"741",791,"UKRN08","Full-time","No","Year 2","3","Psychology with Criminology ","Yes","Female","UKRN",1,1,-1,1,-1,0,1,0,-1,1,-2,2,1,1,-2,0,-2,-1,-1,1,1,0,0,0,1
"742",NA,NA,NA,NA,NA,NA,NA,NA,NA,NA,NA,NA,NA,NA,NA,NA,NA,NA,NA,NA,NA,NA,NA,NA,NA,NA,NA,NA,NA,NA,NA,NA,NA,NA,NA
"743",NA,NA,NA,NA,NA,NA,NA,NA,NA,NA,NA,NA,NA,NA,NA,NA,NA,NA,NA,NA,NA,NA,NA,NA,NA,NA,NA,NA,NA,NA,NA,NA,NA,NA,NA
"744",795,"UNI52","Full-time","No","Year 1","3","BSc Psychology ","No","Female","Non-UKRN",1,2,2,-2,-2,2,2,2,2,2,-2,2,2,2,-2,2,0,14,14,1,0,0,0,0,1
"745",NA,NA,NA,NA,NA,NA,NA,NA,NA,NA,NA,NA,NA,NA,NA,NA,NA,NA,NA,NA,NA,NA,NA,NA,NA,NA,NA,NA,NA,NA,NA,NA,NA,NA,NA
"746",797,"UNI01","Full-time","No","Final Year","3","Psychology Bsc Single Hons","No","Female","Non-UKRN",1,1,2,2,2,1,0,-1,-1,2,-2,1,2,1,1,1,-2,10,10,1,1,1,1,1,1
"747",798,"UNI52","Full-time","No","Final Year","3","Psychology","No","Female","Non-UKRN",1,1,1,1,-1,1,1,1,1,1,-1,1,2,1,1,1,-1,11,11,1,0,0,1,1,1
"748",799,"UKRN08","Full-time","Yes","Year 2","3","Psychology BSc (Hons)","Yes","Female","UKRN",1,2,2,2,1,1,2,1,0,-1,-2,1,2,2,-1,-2,-1,9,9,1,1,0,1,1,1
"749",800,"UKRN08","Full-time","Yes","Year 2","4","Psychology with Criminology","No","Female","UKRN",1,2,0,1,-1,1,0,-1,0,1,-1,1,0,1,-2,2,-1,3,3,1,1,0,0,0,1
"750",801,"UNI52","Full-time","No","Year 2","3","BSc Psychology","No","Female","Non-UKRN",1,1,1,0,1,1,0,2,1,1,-1,1,2,1,1,0,-1,11,11,1,1,0,0,0,1
"751",802,"UNI68","Full-time","Yes","Placement Year","4","Psychology with a professional placement year ","Yes","Female ","Non-UKRN",1,2,2,2,1,0,1,2,1,1,-2,2,2,1,2,-2,-1,14,14,1,1,0,0,0,1
"752",803,"UNI68","Full-time","No","Year 1","3","Psychology with Business Management","Yes","Female","Non-UKRN",1,2,2,1,-1,1,1,-1,-1,1,-1,2,1,0,-2,-1,-1,3,3,1,1,1,0,0,1
"753",804,"UNI68","Full-time","No","Year 2","3","Psychology","Yes","Female","Non-UKRN",1,2,2,-1,1,-1,1,-1,-1,-1,1,2,1,0,1,-2,0,4,4,1,1,0,0,0,1
"754",805,"UNI68","Full-time","No","Year 2","3","Psychology with Clinical Approaches ","Yes","Female","Non-UKRN",1,2,2,1,1,1,1,1,0,1,-1,1,2,0,1,-1,-1,11,11,1,1,1,1,1,1
"755",806,"UNI68","Full-time","Yes","Year 2","4","Psychology BSc","Yes","Female","Non-UKRN",1,2,2,1,1,2,1,1,1,2,1,1,2,1,0,1,1,20,20,1,0,1,1,0,1
"756",807,"UNI68","Full-time","Yes","Final Year","4","Psychology with a Professional Placement","Yes","female","Non-UKRN",1,1,2,1,2,1,2,2,1,2,1,1,2,1,1,1,1,22,22,1,1,1,1,1,1
"757",NA,NA,NA,NA,NA,NA,NA,NA,NA,NA,NA,NA,NA,NA,NA,NA,NA,NA,NA,NA,NA,NA,NA,NA,NA,NA,NA,NA,NA,NA,NA,NA,NA,NA,NA
"758",809,"UNI68","Full-time","Yes","Year 1","3","Psychology with Neuroscience","Yes","Female","Non-UKRN",1,2,2,-1,1,1,2,-1,-1,1,-1,1,2,1,2,-1,1,11,11,1,1,1,0,0,1
"759",NA,NA,NA,NA,NA,NA,NA,NA,NA,NA,NA,NA,NA,NA,NA,NA,NA,NA,NA,NA,NA,NA,NA,NA,NA,NA,NA,NA,NA,NA,NA,NA,NA,NA,NA
"760",NA,NA,NA,NA,NA,NA,NA,NA,NA,NA,NA,NA,NA,NA,NA,NA,NA,NA,NA,NA,NA,NA,NA,NA,NA,NA,NA,NA,NA,NA,NA,NA,NA,NA,NA
"761",NA,NA,NA,NA,NA,NA,NA,NA,NA,NA,NA,NA,NA,NA,NA,NA,NA,NA,NA,NA,NA,NA,NA,NA,NA,NA,NA,NA,NA,NA,NA,NA,NA,NA,NA
"762",NA,NA,NA,NA,NA,NA,NA,NA,NA,NA,NA,NA,NA,NA,NA,NA,NA,NA,NA,NA,NA,NA,NA,NA,NA,NA,NA,NA,NA,NA,NA,NA,NA,NA,NA
"763",NA,NA,NA,NA,NA,NA,NA,NA,NA,NA,NA,NA,NA,NA,NA,NA,NA,NA,NA,NA,NA,NA,NA,NA,NA,NA,NA,NA,NA,NA,NA,NA,NA,NA,NA
"764",NA,NA,NA,NA,NA,NA,NA,NA,NA,NA,NA,NA,NA,NA,NA,NA,NA,NA,NA,NA,NA,NA,NA,NA,NA,NA,NA,NA,NA,NA,NA,NA,NA,NA,NA
"765",NA,NA,NA,NA,NA,NA,NA,NA,NA,NA,NA,NA,NA,NA,NA,NA,NA,NA,NA,NA,NA,NA,NA,NA,NA,NA,NA,NA,NA,NA,NA,NA,NA,NA,NA
"766",NA,NA,NA,NA,NA,NA,NA,NA,NA,NA,NA,NA,NA,NA,NA,NA,NA,NA,NA,NA,NA,NA,NA,NA,NA,NA,NA,NA,NA,NA,NA,NA,NA,NA,NA
"767",818,"UKRN08","Full-time","Yes","Placement Year","4","Psychology","No","Female ","UKRN",1,1,2,2,-1,1,2,2,1,2,1,2,2,2,2,1,-2,20,20,1,1,1,1,1,1
"768",NA,NA,NA,NA,NA,NA,NA,NA,NA,NA,NA,NA,NA,NA,NA,NA,NA,NA,NA,NA,NA,NA,NA,NA,NA,NA,NA,NA,NA,NA,NA,NA,NA,NA,NA
"769",820,"UNI68","Full-time","No","Final Year","4","Psychology and criminology ","Yes","Female","Non-UKRN",1,2,2,1,-1,2,1,1,1,2,1,1,2,1,-1,1,0,16,16,1,1,0,0,0,1
"770",821,"UNI68","Full-time","No","Year 1","3","Psychology BSc ","No","Male (ftm)","Non-UKRN",1,2,1,-1,2,2,1,2,1,1,-1,1,2,0,1,1,1,16,16,1,1,1,0,0,1
"771",NA,NA,NA,NA,NA,NA,NA,NA,NA,NA,NA,NA,NA,NA,NA,NA,NA,NA,NA,NA,NA,NA,NA,NA,NA,NA,NA,NA,NA,NA,NA,NA,NA,NA,NA
"772",NA,NA,NA,NA,NA,NA,NA,NA,NA,NA,NA,NA,NA,NA,NA,NA,NA,NA,NA,NA,NA,NA,NA,NA,NA,NA,NA,NA,NA,NA,NA,NA,NA,NA,NA
"773",NA,NA,NA,NA,NA,NA,NA,NA,NA,NA,NA,NA,NA,NA,NA,NA,NA,NA,NA,NA,NA,NA,NA,NA,NA,NA,NA,NA,NA,NA,NA,NA,NA,NA,NA
"774",825,"UNI68","Full-time","No","Year 2","3","Bsc Psychology","Yes","Female","Non-UKRN",1,1,1,1,1,-1,-1,1,1,1,1,1,2,-1,1,-1,-1,7,7,1,1,0,0,0,1
"775",826,"UKRN08","Full-time","Yes","Year 2","3","Psychology","No","Female ","UKRN",1,2,1,0,-2,2,-1,2,1,1,-1,1,-1,2,-1,0,-2,4,4,1,1,1,0,0,1
"776",827,"UKRN08","Full-time","Yes","Placement Year","3","Psychology ","Yes","Female ","UKRN",1,1,1,0,1,1,1,1,0,1,1,2,2,2,2,-1,-1,14,14,1,1,1,1,1,1
"777",828,"UNI68","Full-time","Yes","Final Year","4","Psychology (with a professional placement year) ","Yes","Female ","Non-UKRN",1,2,1,1,-1,1,0,-1,-1,0,0,1,1,1,-1,-1,-1,2,2,1,1,1,0,0,1
"778",829,"UNI68","Full-time","No","Year 2","3","Psychology","Yes","Female","Non-UKRN",1,1,0,1,1,1,1,2,1,2,1,0,2,0,0,-1,-1,11,11,1,0,1,0,0,1
"779",NA,NA,NA,NA,NA,NA,NA,NA,NA,NA,NA,NA,NA,NA,NA,NA,NA,NA,NA,NA,NA,NA,NA,NA,NA,NA,NA,NA,NA,NA,NA,NA,NA,NA,NA
"780",831,"UNI68","Full-time","No","Year 1","3","Psychology BSc","Yes","Female","Non-UKRN",1,1,1,1,1,1,1,1,1,2,1,1,2,1,1,-1,0,15,15,1,1,1,0,0,1
"781",832,"UNI68","Full-time","No","Final Year","4","Psychology","Yes","Female","Non-UKRN",1,1,1,1,1,0,0,1,1,1,-2,1,1,1,1,-2,-2,5,5,1,0,0,0,0,1
"782",833,"UNI68","Full-time","No","Year 2","3","BSc Psychology","No","Female","Non-UKRN",1,1,2,1,1,1,1,2,0,1,-1,1,1,1,-1,-1,-1,9,9,1,1,0,0,0,1
"783",NA,NA,NA,NA,NA,NA,NA,NA,NA,NA,NA,NA,NA,NA,NA,NA,NA,NA,NA,NA,NA,NA,NA,NA,NA,NA,NA,NA,NA,NA,NA,NA,NA,NA,NA
"784",835,"UNI68","Full-time","No","Year 2","3","Psychology","Yes","Female ","Non-UKRN",1,2,1,1,1,1,0,2,1,1,1,2,2,0,1,-1,-1,14,14,1,1,1,0,0,1
"785",NA,NA,NA,NA,NA,NA,NA,NA,NA,NA,NA,NA,NA,NA,NA,NA,NA,NA,NA,NA,NA,NA,NA,NA,NA,NA,NA,NA,NA,NA,NA,NA,NA,NA,NA
"786",NA,NA,NA,NA,NA,NA,NA,NA,NA,NA,NA,NA,NA,NA,NA,NA,NA,NA,NA,NA,NA,NA,NA,NA,NA,NA,NA,NA,NA,NA,NA,NA,NA,NA,NA
"787",838,"UNI68","Full-time","Yes","Placement Year","4","Bsc Pcyhology with a placement year","Yes","female","Non-UKRN",1,1,1,1,1,1,1,2,-1,1,-1,0,1,-1,1,1,-1,8,8,1,0,1,1,0,1
"788",NA,NA,NA,NA,NA,NA,NA,NA,NA,NA,NA,NA,NA,NA,NA,NA,NA,NA,NA,NA,NA,NA,NA,NA,NA,NA,NA,NA,NA,NA,NA,NA,NA,NA,NA
"789",NA,NA,NA,NA,NA,NA,NA,NA,NA,NA,NA,NA,NA,NA,NA,NA,NA,NA,NA,NA,NA,NA,NA,NA,NA,NA,NA,NA,NA,NA,NA,NA,NA,NA,NA
"790",841,"UNI68","Full-time","No","Year 1","3","Psychology with criminology ","Yes","Female","Non-UKRN",1,2,1,1,-1,0,1,1,0,1,1,0,1,0,-1,-1,-1,5,5,1,1,1,0,0,1
"791",NA,NA,NA,NA,NA,NA,NA,NA,NA,NA,NA,NA,NA,NA,NA,NA,NA,NA,NA,NA,NA,NA,NA,NA,NA,NA,NA,NA,NA,NA,NA,NA,NA,NA,NA
"792",843,"UNI52","Full-time","Other (Please specify)","Year 1","3","BSc Psychology ","Yes","Female ","Non-UKRN",1,2,2,1,1,0,0,1,1,2,-1,2,1,0,1,-1,-1,11,11,1,1,0,0,1,1
"793",844,"UNI68","Full-time","No","Year 1","3","BSc Psychology with Criminology","Yes","Female","Non-UKRN",1,2,2,2,0,2,2,2,0,2,-2,2,1,1,0,-2,-2,12,12,1,1,1,0,1,1
"794",845,"UNI68","Full-time","No","Year 1","3","psychology bsc","Yes","female","Non-UKRN",1,2,2,0,-1,-1,-1,2,-1,2,-1,1,1,-1,1,-1,1,5,5,1,1,0,0,0,1
"795",846,"UNI68","Full-time","Other (Please specify)","Final Year","4","Psychology Bsc","Yes","male","Non-UKRN",1,2,1,1,2,2,1,1,-1,2,-2,1,2,0,-1,-2,-1,8,8,1,1,1,0,0,1
"796",847,"UNI68","Full-time","Yes","Year 1","4","Psychology","No","Female ","Non-UKRN",1,1,1,2,1,0,0,1,0,1,1,1,2,1,2,0,0,14,14,1,1,1,1,0,1
"797",NA,NA,NA,NA,NA,NA,NA,NA,NA,NA,NA,NA,NA,NA,NA,NA,NA,NA,NA,NA,NA,NA,NA,NA,NA,NA,NA,NA,NA,NA,NA,NA,NA,NA,NA
"798",849,"UNI68","Full-time","No","Year 1","3","psychology","No","male","Non-UKRN",1,2,1,1,0,2,1,1,0,2,1,1,-1,-1,-2,1,-1,8,8,1,1,0,0,0,1
"799",850,"UNI68","Full-time","Other (Please specify)","Placement Year","4","Psychology with business and management (with a year abroad in year 3)","Yes","Female","Non-UKRN",1,2,2,2,2,1,0,2,2,2,0,2,2,2,2,0,-2,21,21,1,0,0,0,0,1
"800",851,"UNI68","Full-time","Yes","Year 1","4","Psychology ","No","Female ","Non-UKRN",1,2,1,1,1,1,1,2,1,2,-2,1,1,2,-1,0,-1,12,12,1,1,1,1,0,1
"801",852,"UNI68","Full-time","No","Year 1","3","BSc Psychology with Neuroscience","No","female","Non-UKRN",1,2,2,1,2,1,2,1,1,1,-2,2,2,0,-2,0,-1,12,12,1,1,0,1,1,1
"802",853,"UNI68","Full-time","No","Year 2","3","Bsc Psychology ","Yes","Male","Non-UKRN",1,2,1,1,1,2,1,2,1,1,-1,2,1,2,-2,0,1,15,15,1,1,0,0,0,1
"803",854,"UNI68","Full-time","Yes","Placement Year","3","Psychology","Yes","Female","Non-UKRN",1,1,2,1,1,-1,-1,1,-1,1,-2,1,2,1,2,1,1,10,10,1,1,0,1,1,1
"804",855,"UNI68","Full-time","No","Year 1","4","Psychology with clinical approaches ","Yes","Female","Non-UKRN",1,2,1,1,1,1,1,1,1,1,1,1,2,1,1,-1,-2,13,13,1,1,1,0,0,1
"805",856,"UNI68","Full-time","No","Year 1","3","Psychology","No","female","Non-UKRN",1,2,2,2,1,0,1,1,-1,1,1,1,2,2,-2,-1,0,12,12,1,1,1,0,0,1
"806",NA,NA,NA,NA,NA,NA,NA,NA,NA,NA,NA,NA,NA,NA,NA,NA,NA,NA,NA,NA,NA,NA,NA,NA,NA,NA,NA,NA,NA,NA,NA,NA,NA,NA,NA
"807",859,"UNI68","Full-time","No","Final Year","3","Psychology","Yes","Female","Non-UKRN",1,1,1,2,1,1,1,1,-1,1,-1,0,2,0,2,0,1,12,12,1,1,0,0,0,1
"808",860,"UNI52","Full-time","No","Year 1","3","Music and Psychology BA (hons)","No","female","Non-UKRN",1,2,2,2,-1,2,2,2,2,1,2,2,2,0,-2,-2,0,16,16,1,1,0,1,1,1
"809",861,"UNI69","Full-time","No","Final Year","4","Psychology ","No","Female ","Non-UKRN",1,2,2,1,2,2,2,1,2,2,-2,1,2,1,2,-1,-2,17,17,1,NA,0,0,1,1
"810",862,"UKRN08","Full-time","Yes","Year 2","3","Psychology ","Yes","Female","UKRN",1,2,2,2,2,1,1,2,2,2,1,2,2,2,2,-1,-1,23,23,1,1,1,1,1,1
"811",NA,NA,NA,NA,NA,NA,NA,NA,NA,NA,NA,NA,NA,NA,NA,NA,NA,NA,NA,NA,NA,NA,NA,NA,NA,NA,NA,NA,NA,NA,NA,NA,NA,NA,NA
"812",NA,NA,NA,NA,NA,NA,NA,NA,NA,NA,NA,NA,NA,NA,NA,NA,NA,NA,NA,NA,NA,NA,NA,NA,NA,NA,NA,NA,NA,NA,NA,NA,NA,NA,NA
"813",NA,NA,NA,NA,NA,NA,NA,NA,NA,NA,NA,NA,NA,NA,NA,NA,NA,NA,NA,NA,NA,NA,NA,NA,NA,NA,NA,NA,NA,NA,NA,NA,NA,NA,NA
"814",NA,NA,NA,NA,NA,NA,NA,NA,NA,NA,NA,NA,NA,NA,NA,NA,NA,NA,NA,NA,NA,NA,NA,NA,NA,NA,NA,NA,NA,NA,NA,NA,NA,NA,NA
"815",NA,NA,NA,NA,NA,NA,NA,NA,NA,NA,NA,NA,NA,NA,NA,NA,NA,NA,NA,NA,NA,NA,NA,NA,NA,NA,NA,NA,NA,NA,NA,NA,NA,NA,NA
"816",NA,NA,NA,NA,NA,NA,NA,NA,NA,NA,NA,NA,NA,NA,NA,NA,NA,NA,NA,NA,NA,NA,NA,NA,NA,NA,NA,NA,NA,NA,NA,NA,NA,NA,NA
"817",NA,NA,NA,NA,NA,NA,NA,NA,NA,NA,NA,NA,NA,NA,NA,NA,NA,NA,NA,NA,NA,NA,NA,NA,NA,NA,NA,NA,NA,NA,NA,NA,NA,NA,NA
"818",NA,NA,NA,NA,NA,NA,NA,NA,NA,NA,NA,NA,NA,NA,NA,NA,NA,NA,NA,NA,NA,NA,NA,NA,NA,NA,NA,NA,NA,NA,NA,NA,NA,NA,NA
"819",872,"UNI68","Full-time","No","Year 1","3","Psychology with Neuroscience","Yes","Male","Non-UKRN",1,-1,-2,2,2,2,2,2,2,2,2,2,2,2,0,-2,-2,15,15,1,1,1,1,0,1
"820",873,"UNI68","Full-time","No","Year 1","3","Psychology ","Yes","Female","Non-UKRN",1,1,1,2,1,2,0,2,1,1,1,1,1,1,-1,0,-1,13,13,1,1,0,1,0,1
"821",NA,NA,NA,NA,NA,NA,NA,NA,NA,NA,NA,NA,NA,NA,NA,NA,NA,NA,NA,NA,NA,NA,NA,NA,NA,NA,NA,NA,NA,NA,NA,NA,NA,NA,NA
"822",NA,NA,NA,NA,NA,NA,NA,NA,NA,NA,NA,NA,NA,NA,NA,NA,NA,NA,NA,NA,NA,NA,NA,NA,NA,NA,NA,NA,NA,NA,NA,NA,NA,NA,NA
"823",876,"UNI68","Full-time","No","Year 1","3","Psychology","Yes","Female","Non-UKRN",1,2,2,-1,1,1,1,0,-1,2,-1,2,2,1,-2,-1,-2,6,6,1,1,1,0,0,1
"824",877,"UNI68","Full-time","No","Year 2","3","Psychology","No","Female","Non-UKRN",1,2,2,1,1,1,1,0,-1,1,0,2,2,1,-2,0,0,11,11,1,0,0,0,0,1
"825",879,"UKRN08","Full-time","No","Year 1","4","Psychology","No","female","UKRN",1,1,1,-1,2,1,2,2,1,1,1,2,2,0,-1,-1,-1,12,12,1,1,1,1,1,1
"826",880,"UNI68","Full-time","Yes","Year 1","4","Psychology With A Professional Placement Year","Yes","Female","Non-UKRN",1,2,2,2,2,1,2,1,1,2,-1,1,1,1,0,-1,-2,14,14,1,1,1,0,0,1
"827",NA,NA,NA,NA,NA,NA,NA,NA,NA,NA,NA,NA,NA,NA,NA,NA,NA,NA,NA,NA,NA,NA,NA,NA,NA,NA,NA,NA,NA,NA,NA,NA,NA,NA,NA
"828",882,"UNI52","Full-time","No","Year 1","3","Film and Visual Culture and Psychology","Yes","Female","Non-UKRN",1,2,2,1,1,2,2,2,2,2,1,1,1,1,-1,-1,-1,17,17,1,1,1,1,1,1
"829",NA,NA,NA,NA,NA,NA,NA,NA,NA,NA,NA,NA,NA,NA,NA,NA,NA,NA,NA,NA,NA,NA,NA,NA,NA,NA,NA,NA,NA,NA,NA,NA,NA,NA,NA
"830",NA,NA,NA,NA,NA,NA,NA,NA,NA,NA,NA,NA,NA,NA,NA,NA,NA,NA,NA,NA,NA,NA,NA,NA,NA,NA,NA,NA,NA,NA,NA,NA,NA,NA,NA
"831",885,"UNI69","Full-time","No","Year 1","3","BSc Psychology","No","","Non-UKRN",1,1,1,1,1,0,0,1,-1,1,1,1,2,0,2,-1,-1,9,9,1,0,0,1,0,1
"832",886,"UNI69","Full-time","No","Final Year","3","Psychology Honours","Yes","F","Non-UKRN",1,1,1,1,1,1,1,1,1,1,1,1,1,1,1,-1,1,14,14,1,1,0,1,1,1
"833",887,"UKRN08","Full-time","Other (Please specify)","Year 1","3","BsC Psychology","Yes","Female","UKRN",1,2,2,1,2,1,-1,2,2,1,1,2,2,2,-1,-2,-2,14,14,1,1,1,1,1,1
"834",NA,NA,NA,NA,NA,NA,NA,NA,NA,NA,NA,NA,NA,NA,NA,NA,NA,NA,NA,NA,NA,NA,NA,NA,NA,NA,NA,NA,NA,NA,NA,NA,NA,NA,NA
"835",NA,NA,NA,NA,NA,NA,NA,NA,NA,NA,NA,NA,NA,NA,NA,NA,NA,NA,NA,NA,NA,NA,NA,NA,NA,NA,NA,NA,NA,NA,NA,NA,NA,NA,NA
