"ID","Progress","Duration_Seconds","Finished","Uni","Full_Part","PTY","PTY_Other","Course_Duration","Current_Year","Course_Duration_Other","Current_Year_Other","Course_Name","Previous_Training","Gender","Perception_1","Perception_2","Perception_3","Perception_4","Perception_5","Perception_6","Perception_7","Perception_8","Perception_9","Perception_10","Perception_11","Perception_12","Perception_13","Perception_14","Perception_15","Perception_16","Awareness_1","Awareness_2","Awareness_3","Awareness_4","Awareness_5","Awareness_6","Awareness_7","Awareness_8","Experience_1","Experience_2","Experience_3","Experience_4","Experience_5","Experience_6","Experience_7","Experience_8","Knowledge_1","Knowledge_2","Knowledge_3","Knowledge_4","Knowledge_5","Knowledge_6","Knowledge_7","Knowledge_8","crisis_aware","crisis_learnt","understanding_crisis","os_explain","os_learnt","applicability","comments","include","UKRN","timepoint","crisis_explain","Perception_Score_Total","Perception_Score_Mean","Knowledge_Score_Total","Knowledge_Score_Mean","Awareness_Score_Total","Experience_Score_Total","Perception_Completed","Awareness_Completed","Experience_Completed","Knowledge_Completed","crisis_aware_Completed","crisis_learnt_Completed","os_explain_Completed","os_learnt_Completed","applicability_Completed","crisis_explain_Completed"
1,"100",779,"TRUE","UKRN02","Full-time","Other (Please specify)","Optional","3","Year 1","","","Psychology BSC","Yes","Female",1,2,2,1,0,0,2,1,1,1,1,1,2,1,1,-1,1,0,1,1,0,1,0,1,1,0,1,0,0,1,0,0,2,1,1,0,0,0,1,0,1,1,"Lack of replicated studies being done and published in journals articles ",1,1,1,"",1,"UKRN",1,0,16,1,5,0.625,5,3,1,1,1,1,1,1,1,1,1,1
2,"100",787,"TRUE","UKRN02","Full-time","Yes","","4","Year 1","","","Psychology","No","Female",2,2,1,1,1,1,0,1,2,0,1,2,2,2,1,-2,0,0,1,1,0,0,1,1,0,0,1,0,0,0,0,0,2,2,0,1,-1,0,2,1,1,1,"The replication crisis is the idea that the results of many scientific studies cannot be reproduced because of problems/faults within the study. Therefore the findings are probably incorrect.",0,1,1,"",1,"UKRN",1,1,17,1.0625,7,0.875,4,1,1,1,1,1,1,1,1,1,1,1
3,"100",304,"TRUE","UKRN02","Full-time","Yes","","3","Placement Year","","","BSc Psychology","Yes","Female",2,-1,1,0,1,2,1,-1,1,-2,2,2,1,2,-2,-1,1,0,1,0,0,0,1,1,0,0,1,0,0,0,0,0,-1,1,-2,-2,-2,-2,1,1,1,1,"People are copying too many studies exactly and getting the same results because they are not making small changes to their study methods. ",0,0,1,"",1,"UKRN",1,0,8,0.5,-6,-0.75,4,1,1,1,1,1,1,1,1,1,1,1
4,"100",295,"TRUE","UKRN02","Full-time","Yes","","3","Year 1","","","Psychology with Forensic Investigation ","Yes","Female ",1,2,1,-1,1,1,1,0,0,2,2,2,0,0,-2,-2,1,0,0,1,1,0,0,1,0,0,0,0,0,0,0,0,2,0,-1,-2,-2,1,1,1,1,1,"Not enough studies are being replicated and therefore this lowers the validity of their findings ",0,0,1,"",1,"UKRN",1,0,8,0.5,0,0,4,0,1,1,1,1,1,1,1,1,1,1
5,"100",681,"TRUE","UKRN02","Full-time","Yes","","3","Placement Year","","","Bsc Psychology","Yes","Female",1,1,1,1,-1,-1,-1,1,0,-1,2,2,0,2,-1,-1,1,1,0,1,1,1,0,1,0,0,1,0,0,0,1,0,2,1,1,1,-1,1,1,0,1,0,"Many studies in psychology aren’t actually replicable which means the findings cannot be generalised and internal validity is questionable",0,0,1,"",1,"UKRN",1,1,5,0.3125,6,0.75,6,2,1,1,1,1,1,1,1,1,1,1
6,"100",1395,"TRUE","UKRN02","Full-time","No","","3","Year 1","","","BSc Psychology","Yes","female",2,2,-1,-1,-1,1,-1,-1,1,-2,1,2,1,1,0,-2,1,0,1,1,1,1,1,1,1,0,1,0,0,0,0,0,1,1,-1,-1,-1,0,1,1,1,1,"after doing replications of old studies, some researchers have found small significance levels and effect sizes than the original studies",1,1,1,"",1,"UKRN",1,1,2,0.125,1,0.125,7,2,1,1,1,1,1,1,1,1,1,1
7,"100",246,"TRUE","UKRN02","Full-time","No","","3","Year 2","","","Psychology","Yes","Female",1,0,2,0,2,1,0,2,0,0,2,0,0,-2,1,0,1,0,0,1,1,1,1,1,0,1,1,0,0,0,0,1,1,1,1,-1,1,0,2,1,0,NA,"",0,0,0,"",1,"UKRN",1,9999,9,0.5625,6,0.75,6,3,1,1,1,1,1,0,1,1,1,0
8,"100",505,"TRUE","UKRN02","Full-time","Yes","","3","Year 1","","","Psycholigy","No","female",1,0,2,1,1,1,2,1,1,1,1,2,0,1,0,-1,1,1,1,1,0,0,0,0,0,0,0,0,0,0,0,0,1,1,-1,-1,-1,1,1,1,1,1,"replication of journal articles already published but getting different results due to not follow the same procedure or changes in the times. some of the information it is considered less important",0,0,0,"",1,"UKRN",1,0,14,0.875,2,0.25,4,0,1,1,1,1,1,1,1,1,1,1
9,"100",395,"TRUE","UKRN02","Full-time","Yes","","3","Year 2","","","BSc Pyschology ","No","Female",1,1,0,-1,1,1,1,1,2,-1,2,2,-1,1,-1,-1,0,0,1,0,0,1,1,1,0,0,1,0,0,1,1,1,-1,-1,-1,-2,1,1,2,1,1,1,"where studies are unable to be replicated due to issues such as poorly designed studies, errors",0,0,1,"",1,"UKRN",1,1,8,0.5,0,0,4,4,1,1,1,1,1,1,1,1,1,1
10,"100",608,"TRUE","UKRN02","Full-time","Yes","","4","Year 2","","","BSc (Hons) Psychology","No","Female ",2,2,-2,-2,1,-1,2,-1,2,-2,2,2,-1,-1,-2,-1,0,0,1,0,0,1,1,1,0,0,0,0,0,1,1,1,1,1,-1,-2,-1,1,1,1,1,1,"Studies that are impossible to replicate or reproduce ",0,0,1,"No",1,"UKRN",1,0,0,0,1,0.125,4,3,1,1,1,1,1,1,1,1,1,1
11,"100",463,"TRUE","UKRN02","Full-time","Yes","","3","Year 2","","","BsC Psychology ","No","Female ",1,-2,2,-1,-1,-1,2,1,-1,-2,0,2,1,-1,1,-1,1,1,1,1,1,0,1,1,1,1,1,1,0,0,1,1,-1,-1,-1,-2,-2,1,1,2,1,1,"Where replicating studies is hard to do because of costs and its a waste of time so few people do replica studies.",0,1,1,"",1,"UKRN",1,0,0,0,-3,-0.375,7,6,1,1,1,1,1,1,1,1,1,1
12,"100",300,"TRUE","UKRN02","Full-time","Yes","","3","Placement Year","","","Psychology ","Yes","Female ",2,1,2,2,1,1,2,2,1,1,2,2,1,1,-1,-1,1,1,1,1,0,1,1,1,0,1,1,1,0,1,1,0,-1,1,1,1,-2,1,1,1,0,NA,"",1,1,1,"",1,"UKRN",1,9999,19,1.1875,3,0.375,7,5,1,1,1,1,1,0,1,1,1,0
13,"100",401,"TRUE","UKRN02","Full-time","Yes","","3","Placement Year","","","Psychology","Yes","Female",1,0,1,1,1,1,1,0,0,-2,0,2,1,1,-1,1,1,1,1,0,0,1,1,1,0,0,0,0,0,0,0,0,-1,1,1,-1,1,-1,0,1,1,1,"",0,0,0,"",1,"UKRN",1,9999,8,0.5,1,0.125,6,0,1,1,1,1,1,1,1,1,1,0
14,"100",304,"TRUE","UKRN02","Full-time","Yes","","4","Year 2","","","Psychology","Yes","Female ",0,2,0,-2,1,0,1,-1,2,-1,1,2,0,0,-1,-2,0,0,1,0,0,1,1,1,0,0,1,0,0,1,1,0,2,1,1,0,-2,1,1,-1,1,1,"Many studies aren’t replicable",0,0,1,"",1,"UKRN",1,0,2,0.125,3,0.375,4,3,1,1,1,1,1,1,1,1,1,1
15,"100",546,"TRUE","UKRN02","Full-time","Yes","","4","Year 1","","","BPS Psychology ","Yes","Female ",-1,2,0,1,-1,1,-1,-1,0,-1,1,2,1,2,-1,1,1,1,1,1,0,0,0,1,0,0,0,0,0,0,0,0,1,1,0,-1,-1,1,0,1,1,1,"The belief that the findings of many pieces of research are not able to be replicated so may be incorrect",0,0,0,"",1,"UKRN",1,1,5,0.3125,2,0.25,5,0,1,1,1,1,1,1,1,1,1,1
16,"100",520,"TRUE","UKRN02","Full-time","Yes","","3","Year 2","","","Psychology ","Yes","Female",2,1,0,2,1,1,2,0,1,1,1,2,0,1,-1,-2,0,0,0,1,0,0,0,0,0,0,1,0,0,0,1,1,2,2,2,1,-1,1,0,2,1,1,"Many notable studies produce non significant results when replicated by other researchers ",0,0,1,"",1,"UKRN",1,1,12,0.75,9,1.125,1,3,1,1,1,1,1,1,1,1,1,1
17,"100",388,"TRUE","UKRN02","Full-time","Yes","","4","Year 1","","","BSc Psychology","Yes","Female",2,2,0,1,0,1,1,-1,-1,1,0,2,1,-1,-2,2,1,1,0,0,0,0,0,0,0,0,1,0,0,1,0,1,1,0,0,-1,0,0,0,2,1,1,"The lack of replication studies out there due to the unwillingness of journals to publish them has resulted in unreliable results being assumed as true",0,0,1,"",1,"UKRN",1,1,8,0.5,2,0.25,2,3,1,1,1,1,1,1,1,1,1,1
18,"100",2911,"TRUE","UKRN02","Full-time","Yes","","4","Year 1","","","Psychology","Yes","Female",2,2,1,-1,1,2,1,-1,-2,0,1,2,0,2,-1,-2,1,0,0,0,0,1,1,1,0,0,0,0,0,0,0,1,2,1,1,-1,-2,-2,2,2,1,1,"The lack of replication studies on research with significant findings. ",0,0,1,"",1,"UKRN",1,0,7,0.4375,3,0.375,4,1,1,1,1,1,1,1,1,1,1,1
19,"100",404,"TRUE","UKRN02","Full-time","Yes","","3","Year 1","","","BSc (Hons) Psychology","Yes","Female",2,1,1,1,2,2,2,1,2,2,1,2,1,1,-2,-2,1,0,1,1,0,1,1,1,0,0,1,0,0,1,0,1,1,1,2,-1,-1,1,1,1,1,1,"the idea that results of lots of scientific studies cannot be reproduced and are therefore likely to be wrong.",1,1,1,"Very relevant to undergraduates and something that needs to have more awareness especially when writing up assignments for the first time",1,"UKRN",1,1,17,1.0625,5,0.625,6,3,1,1,1,1,1,1,1,1,1,1
20,"100",602,"TRUE","UKRN02","Full-time","Yes","","3","Year 1","","","Psychology ","Yes","Male",2,2,1,-1,1,1,1,-1,1,-2,2,1,1,-2,-2,-2,1,0,1,0,0,0,1,1,0,0,1,0,0,0,0,0,2,1,1,-1,-2,1,1,1,1,1,"Researchers not replicating studies as they’re not the most desired pieces of research by journals as they want original and interesting findings",0,1,1,"",1,"UKRN",1,1,3,0.1875,4,0.5,4,1,1,1,1,1,1,1,1,1,1,1
21,"100",13091,"TRUE","UNI01","Full-time","No","","3","Final Year","","","Psychology","Yes","Female",2,1,0,0,0,1,2,2,0,-1,-1,2,0,1,0,-1,0,0,1,0,0,0,0,0,0,0,0,0,0,0,0,0,1,-1,2,0,-1,-1,-1,2,0,NA,"",1,0,1,"No",1,"Non-UKRN",1,9999,8,0.5,1,0.125,1,0,1,1,1,1,1,0,1,1,1,0
22,"100",2229,"TRUE","UKRN02","Full-time","No","","3","Final Year","","","Psychology","Yes","Female",1,1,0,0,1,0,2,-1,0,-1,2,2,2,1,-1,-1,1,1,1,0,0,1,1,1,1,0,1,0,0,1,0,0,1,1,1,-1,-1,1,0,1,0,NA,"",1,1,1,"",1,"UKRN",1,9999,8,0.5,3,0.375,6,3,1,1,1,1,1,0,1,1,1,0
23,"100",370,"TRUE","UKRN02","Full-time","Other (Please specify)","There’s an optional one you can decide to do nearer the time","3","Year 1","","","Psychology","Yes","Female",1,1,0,1,1,0,0,1,1,0,0,1,1,1,0,0,1,1,1,1,0,0,0,1,0,0,0,0,0,0,0,0,2,1,1,1,-1,0,0,0,1,1,"It’s when studies aren’t being replicated to check their reliability because journals want ‘new, interesting findings’ and non significant results may not be seen as interesting",1,1,1,"",1,"UKRN",1,1,9,0.5625,4,0.5,5,0,1,1,1,1,1,1,1,1,1,1
24,"100",361,"TRUE","UNI02","Full-time","No","","3","Year 2","","","BSc Psychology Hons","No","N/A",1,2,1,1,1,1,2,1,1,2,1,2,1,1,0,-1,1,1,0,1,1,1,1,0,0,0,1,0,0,0,0,1,2,2,2,0,-1,-1,2,1,1,1,"A crisis whereby many important aspects of research have been found to not be able to be replicated, indicated an unreliable method and results",0,0,1,"",1,"Non-UKRN",1,1,17,1.0625,7,0.875,6,2,1,1,1,1,1,1,1,1,1,1
25,"100",312,"TRUE","UNI02","Full-time","No","","3","Year 2","","","Single honours Psychology ","Yes","Female",2,1,1,1,1,1,1,1,-1,1,1,2,1,0,0,-2,0,0,1,0,0,0,0,1,0,0,0,0,0,0,0,1,-1,1,1,1,-1,1,1,1,1,1,"Where classic studied have been replicated but the results found are not the same. ",0,0,1,"",1,"Non-UKRN",1,1,11,0.6875,4,0.5,2,1,1,1,1,1,1,1,1,1,1,1
27,"100",370,"TRUE","UNI02","Full-time","No","","3","Final Year","","","Psychology ","No","Female ",1,1,0,1,1,1,2,1,0,0,1,1,-1,-1,-1,-1,1,1,1,1,1,1,1,1,0,0,0,0,0,0,0,0,1,0,1,-1,-1,0,0,1,1,0,"A study being difficult to replicate ",0,0,1,"",1,"Non-UKRN",1,0,6,0.375,1,0.125,8,0,1,1,1,1,1,1,1,1,1,1
28,"100",442,"TRUE","UNI02","Full-time","No","","3","Year 2","","","Psychology","Yes","Female ",0,2,0,1,1,1,2,-1,-2,-1,1,2,0,1,-2,-2,1,1,1,1,1,1,1,1,0,0,0,0,0,0,0,0,2,1,1,-2,-1,1,1,0,1,1,"studies find positive results but they aren’t replicable meaning they are less reliable, can raise a question as to wether anything found is due to chance ",0,1,1,"",1,"Non-UKRN",1,1,3,0.1875,3,0.375,8,0,1,1,1,1,1,1,1,1,1,1
29,"100",440,"TRUE","UNI02","Full-time","No","","3","Final Year","","","Psychology ","Yes","Female ",2,2,2,2,2,2,2,2,2,2,0,2,0,1,-2,-2,1,0,1,0,0,1,0,1,0,0,0,0,0,0,0,0,2,2,2,2,-2,1,0,2,1,1,"Replication of original studies are not producing the same results",0,0,1,"",1,"Non-UKRN",1,1,19,1.1875,9,1.125,4,0,1,1,1,1,1,1,1,1,1,1
30,"100",784,"TRUE","UNI02","Full-time","No","","3","Final Year","","","Psychology ","Yes","Female ",1,-1,0,1,1,1,-1,-1,1,-1,1,1,0,1,0,1,1,1,1,0,0,1,0,1,1,0,1,0,0,0,0,0,1,-1,1,-1,1,1,1,1,1,0,"There is limited replicability of various studies and so renders the results less reliable and therefore less research being conducted is producing entirely reliable information to the rest of the world. ",1,0,1,"",1,"Non-UKRN",1,0,5,0.3125,4,0.5,5,2,1,1,1,1,1,1,1,1,1,1
31,"100",389,"TRUE","UNI02","Full-time","No","","3","Year 1","","","Psychology with counselling ","Yes","Female",1,-2,1,1,1,-1,1,1,1,0,1,0,1,-1,1,-1,1,1,1,0,0,1,1,1,1,0,0,0,0,0,0,0,-1,1,1,-1,-2,0,1,1,1,0,"The issues that replications of studies can bring about if done incorrectly",0,1,1,"",1,"Non-UKRN",1,0,5,0.3125,0,0,6,1,1,1,1,1,1,1,1,1,1,1
32,"100",552,"TRUE","UNI02","Full-time","No","","3","Final Year","","","Bsc(hons) psychology ","Yes","Female ",1,2,0,1,0,0,0,-1,-1,-2,1,2,0,0,-1,1,1,1,1,1,1,1,1,1,0,0,0,0,0,0,0,0,2,2,1,1,-1,1,0,1,1,1,"When there is an issue in studies which are replicated finding the same results ",0,0,1,"",1,"Non-UKRN",1,0,3,0.1875,7,0.875,8,0,1,1,1,1,1,1,1,1,1,1
33,"100",480,"TRUE","UNI01","Full-time","No","","3","Year 2","","","BSc (Hons) Psychology with Criminology","Yes","Female",1,1,0,1,1,0,2,1,1,-1,1,1,1,1,-1,-1,0,0,1,1,1,0,0,1,0,0,0,0,0,0,0,0,1,1,1,-1,-1,1,0,0,1,0,"Individual's altering their results to make them seem replicable/reproducible ",0,0,1,"",1,"Non-UKRN",1,0,9,0.5625,2,0.25,4,0,1,1,1,1,1,1,1,1,1,1
34,"100",624,"TRUE","UNI02","Full-time","No","","3","Year 2","","","Psychology with clinical skills","No","Female",2,2,1,2,1,1,2,1,2,1,1,2,1,1,1,0,0,0,0,1,0,0,1,1,0,0,1,0,0,0,0,0,1,1,2,2,0,1,2,2,1,1,"Researchers have tried to copy the methodology of previous studies and theories and due to several reasons, the new studies are not getting the same results, we are unable to provide further support and evidence to support the original hypothesis.  Sometimes this is due to the full methodolgy not being available or data not being correctly analysed.  Researchers may have chosen to massage the data or only publish research with the outcome they wanted",1,1,1,"",1,"Non-UKRN",1,1,21,1.3125,11,1.375,3,1,1,1,1,1,1,1,1,1,1,1
35,"100",4325,"TRUE","UNI01","Full-time","No","","3","Final Year","","","Psychology with Criminology","No","Female",2,2,2,1,2,2,2,1,0,0,1,2,0,1,-2,-2,1,1,1,0,1,1,0,1,1,1,1,0,1,1,0,1,1,1,2,-1,-1,1,1,2,1,1,"That all 'new' studies are currently just trying to replicate the results of previous studies without bringing anything actually new into the field. It becomes producing more evidence for already existing evidence and does not result in any progress in knowledge.",1,1,1,"",1,"Non-UKRN",1,0,14,0.875,6,0.75,6,6,1,1,1,1,1,1,1,1,1,1
36,"100",328,"TRUE","UNI02","Full-time","Yes","","3","Year 2","","","Psychology","No","Female",1,2,0,-2,0,2,2,1,0,-2,2,2,2,-1,-2,-1,0,0,1,0,0,0,0,1,1,1,0,1,1,1,1,0,1,1,2,-1,-2,-2,2,-2,1,1,"If a study cannot be replicated then it isn’t correct",0,0,1,"",1,"Non-UKRN",1,0,6,0.375,-1,-0.125,2,6,1,1,1,1,1,1,1,1,1,1
37,"100",350,"TRUE","UNI02","Full-time","No","","3","Year 2","","","Bsc (Hons) Psychology","No","Female",0,-1,0,0,0,0,0,-1,-1,-1,2,1,0,0,-1,-1,0,0,1,0,0,0,0,0,1,1,0,1,1,1,1,1,0,-1,-1,-1,-1,-1,1,1,1,1,"Copying",0,0,0,"No",1,"Non-UKRN",1,0,-3,-0.1875,-3,-0.375,1,7,1,1,1,1,1,1,1,1,1,1
38,"100",3227,"TRUE","UNI02","Full-time","Yes","","4","Year 2","","","Forensic psychology ","No","Female ",1,-1,0,1,0,0,1,1,1,0,1,2,1,1,-1,1,1,0,1,0,1,1,1,1,0,0,1,0,0,1,0,0,1,0,1,-1,0,-1,1,-1,1,1,"Researchers who complete the same data to try and get a result. People need to learn from data that hasnt produced results too to see if other variables would make a difference. ",1,1,1,"Some questions we are aware of  in second year but not all",1,"Non-UKRN",1,0,9,0.5625,0,0,6,2,1,1,1,1,1,1,1,1,1,1
39,"100",375,"TRUE","UNI01","Full-time","No","","3","Year 1","","","Psychology BSc (Hons)","Yes","Female",1,2,2,1,0,1,1,0,0,0,-1,2,0,1,-1,-1,0,0,0,0,0,0,0,0,1,0,1,0,0,0,0,0,-1,-1,1,1,-1,1,-1,0,0,NA,"",0,0,1,"",1,"Non-UKRN",1,9999,8,0.5,-1,-0.125,0,2,1,1,1,1,1,0,1,1,1,0
40,"100",896,"TRUE","UNI01","Full-time","No","","3","Year 1","","","Bsc Psychology (Hons)","Yes","Female",1,1,0,1,-1,-1,1,1,-1,-2,1,1,2,1,-1,-2,1,1,1,1,1,1,0,1,0,0,0,0,0,0,0,0,1,-1,-1,-1,-2,1,1,-1,1,1,"When studies are replicated it is difficult to get the same results",0,0,1,"",1,"Non-UKRN",1,1,2,0.125,-3,-0.375,7,0,1,1,1,1,1,1,1,1,1,1
41,"100",504,"TRUE","UNI02","Full-time","No","","3","Year 2","","","Psychology with clinical skills","No","Female ",2,1,1,1,1,1,1,2,0,-2,2,1,-1,1,-1,-1,0,0,1,0,0,0,1,1,0,0,0,0,0,0,0,0,1,1,1,-1,-2,-1,1,0,1,0,"Not getting the same results to prove anything ",0,0,1,"No",1,"Non-UKRN",1,1,9,0.5625,0,0,3,0,1,1,1,1,1,1,1,1,1,1
42,"100",493,"TRUE","UNI01","Full-time","Yes","","3","Year 1","","","Psychology BSc","Yes","Male",1,1,1,-1,2,0,1,-1,1,-1,2,1,1,-1,-1,-1,0,1,1,0,0,1,0,1,0,0,1,0,0,1,0,0,1,1,0,-2,-2,1,2,0,0,NA,"",0,0,1,"None.",1,"Non-UKRN",1,9999,5,0.3125,1,0.125,4,2,1,1,1,1,1,0,1,1,1,0
44,"100",422,"TRUE","UNI01","Full-time","No","","3","Year 2","","","Psychology","No","Female",1,2,1,2,1,1,1,-1,0,-2,0,2,2,2,0,0,0,0,0,1,0,0,1,1,0,0,1,0,0,1,0,0,2,1,1,0,0,-2,1,1,1,1,"Studies are not being replicated because of pressure on researchers to publish papers and journals being unintrested in replications and instead focusing on significant novel findings. ",0,0,1,"",1,"Non-UKRN",1,1,12,0.75,4,0.5,3,2,1,1,1,1,1,1,1,1,1,1
45,"100",662,"TRUE","UKRN07","Full-time","No","","3","Final Year","","","Psychology Bsc","No","Female",1,1,1,2,-1,1,-1,1,1,-1,1,1,1,0,-1,-2,0,0,1,0,0,1,1,1,0,0,1,0,0,1,1,0,2,-2,2,1,0,2,0,1,0,NA,"",0,0,1,"",1,"UKRN",1,9999,5,0.3125,6,0.75,4,3,1,1,1,1,1,0,1,1,1,0
46,"100",335,"TRUE","UKRN07","Full-time","Yes","","4","Final Year","","","Psychology with Professional Placement","Yes","Female",1,1,1,1,2,1,1,2,1,1,1,2,1,-1,1,-1,1,1,1,1,0,1,1,1,0,0,0,0,1,0,0,0,2,1,1,1,1,1,2,1,1,1,"Very few psychology studies, when replicated (done multiple times) with the same method have the same/ similar results",1,0,1,"",1,"UKRN",1,1,15,0.9375,10,1.25,7,1,1,1,1,1,1,1,1,1,1,1
47,"51",9365,"FALSE","UKRN02","Full-time","Yes","","3","Placement Year","","","psychology","Yes","Female",2,1,0,1,2,2,2,2,0,2,2,2,-1,0,-2,-1,0,0,0,0,0,0,0,1,0,0,0,0,0,0,0,0,NA,NA,NA,NA,NA,NA,NA,NA,NA,NA,"",NA,NA,NA,"",1,"UKRN",1,9999,14,0.875,NA,NA,1,0,1,1,1,0,0,0,0,0,0,0
48,"100",427,"TRUE","UKRN07","Full-time","No","","3","Final Year","","","BSc Psychology","Yes","Female",2,2,0,1,1,0,2,1,0,-1,1,2,-1,1,-1,-1,0,0,1,1,0,0,0,1,0,0,0,0,0,0,1,0,2,2,1,-1,-1,0,1,1,1,1,"That many studies in psychology have not/can not be replicated for various reasons. When studies are replicated they often show different results - which is why replication is important",0,0,1,"",1,"UKRN",1,1,9,0.5625,5,0.625,3,1,1,1,1,1,1,1,1,1,1,1
49,"100",327,"TRUE","UKRN07","Full-time","Yes","","4","Final Year","","","Psychology with Professional Placement","Yes","Male",2,2,2,1,2,2,2,1,2,2,2,2,-1,0,-1,-1,1,1,1,1,0,1,1,1,1,0,1,0,0,0,1,1,2,2,2,-1,1,2,1,2,1,1,"Researchers aren't making their methods and data available for full replicability, and may also be using practices to alter their results. Can also be linked with publication bias. ",0,0,1,"",1,"UKRN",1,1,19,1.1875,11,1.375,7,4,1,1,1,1,1,1,1,1,1,1
50,"100",403,"TRUE","UNI01","Full-time","No","","3","Year 2","","","Psychology with Criminology","No","Female",-1,1,2,-2,2,2,2,2,2,-2,1,1,2,-1,1,2,1,1,1,1,0,1,0,1,0,0,0,0,0,0,1,0,-1,-1,2,2,-1,1,1,2,0,NA,"",1,1,1,"",1,"Non-UKRN",1,9999,14,0.875,5,0.625,6,1,1,1,1,1,1,0,1,1,1,0
51,"100",359,"TRUE","UKRN07","Full-time","No","","3","Final Year","","","Psychology with Neuroscience","Yes","Female",1,1,1,-1,1,1,2,1,1,0,-1,2,1,-1,1,1,1,0,1,1,0,0,1,1,0,0,0,0,0,0,1,1,1,1,2,1,1,1,1,1,1,1,"The inability to reproduce findings due to corrupt methodology or practices or data found by chance ",1,1,1,"",1,"UKRN",1,1,11,0.6875,9,1.125,5,2,1,1,1,1,1,1,1,1,1,1
52,"46",373,"FALSE","UNI02","Full-time","No","","3","Year 1","","","Psychology with clinical skills","Yes","female",NA,NA,NA,NA,NA,NA,NA,NA,NA,NA,NA,NA,NA,NA,NA,NA,0,0,0,0,0,0,0,0,0,0,0,0,0,0,0,0,NA,NA,NA,NA,NA,NA,NA,NA,NA,NA,"",NA,NA,NA,"",1,"Non-UKRN",1,9999,NA,NA,NA,NA,0,0,0,1,1,0,0,0,0,0,0,0
53,"100",2256,"TRUE","UNI04","Full-time","No","","3","Year 2","","","BSc Psychology","Yes","Female",2,2,-1,1,-1,2,2,1,2,-1,2,2,2,-2,-2,-2,1,1,0,0,0,0,1,1,0,0,1,1,1,1,0,0,2,1,2,-2,-1,0,1,0,0,NA,"",1,0,1,"",1,"Non-UKRN",1,9999,9,0.5625,3,0.375,4,4,1,1,1,1,1,0,1,1,1,0
54,"100",813,"TRUE","UNI04","Full-time","Other (Please specify)","Year Abroad","4","Final Year","","","Psychology (with a Year Abroad)","No","Female",2,1,0,1,2,2,2,1,1,-1,1,1,1,1,-1,-1,0,1,0,1,1,0,1,1,0,0,1,0,0,1,0,0,1,1,2,1,-1,-1,1,1,1,1,"It's an important issue in psychology, and future researchers should be aware of this. However, I believe researchers should also be bench marking their own and their peers work and have the stigmatization of ""non significant studies"" be removed.",0,0,1,"",1,"Non-UKRN",1,0,13,0.8125,5,0.625,5,2,1,1,1,1,1,1,1,1,1,1
55,"100",504,"TRUE","UNI04","Full-time","No","","3","Final Year","","","BSc Psychology","Yes","Female",2,2,1,-2,1,1,1,-1,-2,-2,0,2,-1,2,-1,-1,0,0,1,0,0,0,0,1,0,0,1,0,0,0,0,0,1,-1,1,-1,-1,-1,0,1,1,1,"When a study has found a specific effect, but then others fail to find the same result when they carry out the exact same study",0,0,1,"",1,"Non-UKRN",1,1,2,0.125,-1,-0.125,2,1,1,1,1,1,1,1,1,1,1,1
56,"100",476,"TRUE","UKRN07","Full-time","No","","3","Final Year","","","BSc Psychology (Hons) ","Yes","Female ",1,1,1,0,1,1,2,1,1,1,2,-1,1,-1,-1,-1,1,1,1,0,1,1,1,1,0,0,0,1,0,0,0,0,1,0,1,1,-1,-1,1,1,1,1,"a methodological crisis in science-based studies, where it is almost impossible to replicate/reproduce the data ",1,1,1,"no ",1,"UKRN",1,1,9,0.5625,3,0.375,7,1,1,1,1,1,1,1,1,1,1,1
57,"100",901,"TRUE","UNI04","Full-time","Yes","","4","Year 2","","","BSc Psychology with Placement Year","No","Male",2,2,2,2,1,1,1,-1,1,-2,1,2,0,1,-2,-2,0,0,1,0,0,1,1,1,0,0,1,0,0,1,0,1,2,1,0,1,1,1,1,1,1,1,"Off the top of my head it is the fact that replications with non-significant results are not published.",0,0,1,"The question asking whether raw data may be published online was answered ""Agree"": but this is only the case if the data is anonymous. I believe while misinformation may be a problem with ""publishing"" (i.e. simply posting online) un-replicated studies/peer-reviewed studies- it is unrealistic to say that in practice this can be halted, and rather the public must be informed about misinformation and the reliability of online sources. ",1,"Non-UKRN",1,0,9,0.5625,8,1,4,3,1,1,1,1,1,1,1,1,1,1
58,"100",796,"TRUE","UKRN02","Full-time","Yes","","4","Year 1","","","Psychology with counselling","Yes","Female",2,1,0,1,-1,0,0,-1,1,-1,1,2,1,-1,-1,1,0,1,0,0,0,1,1,0,1,0,1,1,1,0,0,1,1,-1,-1,-2,-2,-1,1,0,1,0,"where researchers wish to test to see if the results can be replicated but most of the studies cannot be reproduced so therefore are not valid.",0,1,0,"",1,"UKRN",1,1,5,0.3125,-5,-0.625,3,5,1,1,1,1,1,1,1,1,1,1
59,"100",453,"TRUE","UNI04","Full-time","Yes","","4","Year 2","","","Cognitive psychology with placement year","Yes","Female",0,1,1,1,1,1,1,1,1,1,-1,1,-1,1,-1,-2,1,0,0,0,0,0,0,1,0,0,1,0,0,0,0,0,2,0,1,-2,-2,-1,-1,1,0,NA,"",0,0,1,"",1,"Non-UKRN",1,9999,6,0.375,-2,-0.25,2,1,1,1,1,1,1,0,1,1,1,0
60,"100",450,"TRUE","UNI11","Full-time","No","","3","Final Year","","","Psychology and child development ","Yes","Female",2,2,1,2,2,2,2,1,2,-1,1,2,0,1,-1,-1,0,1,0,0,0,0,0,0,0,0,1,0,1,1,1,1,2,2,2,-1,-1,-1,1,1,1,1,"I think it is bad and we should be encouraging transparency of our research methods to ensure we are doing it correctly as well as ethically",0,0,1,"",1,"Non-UKRN",1,0,17,1.0625,5,0.625,1,5,1,1,1,1,1,1,1,1,1,1
61,"100",635,"TRUE","UNI11","Full-time","No","","3","Final Year","","","Bsc Psychology ","Yes","Female",1,1,1,1,0,1,2,2,1,1,1,2,0,1,-1,1,1,1,0,1,1,1,0,1,0,0,1,0,0,0,1,0,1,1,1,-1,-1,1,1,-1,1,1,"Where there are issues in psychological research and being able to replicate these findings. People have tried replicating previous work and have found no effect or non significant p values where older studies had and some to a great effect. In future we need to produce studies that can be replicated by having access to all the forms of measurements/materials and how know how things were analysed - if extra participants were added post hoc etc. We need to know in full detail how the original data was collected and in what context. ",0,0,1,"",1,"Non-UKRN",1,1,15,0.9375,2,0.25,6,2,1,1,1,1,1,1,1,1,1,1
62,"100",411,"TRUE","UNI11","Full-time","No","","3","Final Year","","","Psychology and child development ","No","Female",1,1,1,-1,1,1,1,-1,0,1,2,2,-1,2,-1,1,1,0,1,0,0,0,1,1,0,0,0,0,0,0,1,0,-1,0,1,0,-1,-1,1,-1,0,NA,"",0,0,0,"",1,"Non-UKRN",1,9999,10,0.625,-2,-0.25,4,1,1,1,1,1,1,0,1,1,1,0
63,"100",439,"TRUE","UNI11","Full-time","No","","3","Year 2","","","Bsc Psychology ","Yes","Female",1,2,1,1,0,0,1,1,-1,-1,1,2,1,1,-1,-2,1,1,1,1,0,0,1,1,0,0,1,0,0,0,0,0,1,0,1,1,-1,1,-1,1,0,NA,"",1,0,0,"",1,"Non-UKRN",1,9999,7,0.4375,3,0.375,6,1,1,1,1,1,1,0,1,1,1,0
64,"100",287,"TRUE","UNI11","Full-time","No","","3","Year 1","","","Bsc Psychology","Yes","Female",2,2,1,1,0,0,2,0,1,-1,2,0,0,-2,1,1,0,0,1,0,0,1,0,1,0,0,1,0,0,1,0,0,1,0,1,-1,1,1,1,0,1,0,"famous studies which can't be replicated like Asch's ",0,0,0,"",1,"Non-UKRN",1,1,10,0.625,4,0.5,3,2,1,1,1,1,1,1,1,1,1,1
65,"100",560,"TRUE","UNI11","Full-time","No","","3","Year 1","","","Psychology with child development ","Yes","Female",1,1,1,1,-1,1,1,1,-2,-2,2,1,2,-1,-2,-2,0,0,1,0,0,1,0,1,0,0,1,0,0,1,0,0,1,1,0,-2,-1,0,-1,0,1,1,"Researchers conducting research that has already been published",0,0,1,"",1,"Non-UKRN",1,0,2,0.125,-2,-0.25,3,2,1,1,1,1,1,1,1,1,1,1
66,"100",322,"TRUE","UNI11","Full-time","No","","3","Final Year","","","BSc Psychology","Yes","Female ",1,2,2,2,1,2,2,1,1,0,0,2,1,1,-2,-1,1,0,0,1,1,0,0,0,0,1,1,0,0,1,1,1,2,1,1,1,2,-2,1,0,1,1,"",0,1,0,"",1,"Non-UKRN",1,9999,15,0.9375,6,0.75,3,5,1,1,1,1,1,1,1,1,1,0
67,"100",392,"TRUE","UNI11","Full-time","No","","3","Final Year","","","Psychology ","No","Female",2,2,1,2,1,-1,1,1,1,2,-2,2,0,1,-1,-1,0,0,1,0,0,1,1,1,1,1,0,1,1,0,0,0,2,1,1,0,0,1,-1,0,0,NA,"",0,0,0,"",1,"Non-UKRN",1,9999,11,0.6875,4,0.5,4,4,1,1,1,1,1,0,1,1,1,0
68,"100",302,"TRUE","UNI11","Full-time","No","","3","Year 1","","","Psychology","Yes","Female",1,1,0,1,1,0,2,1,2,-1,1,2,0,-1,-2,-2,1,0,1,0,0,0,1,1,0,0,1,0,0,0,0,0,1,1,2,-1,-2,1,1,2,1,1,"researchers repeating older famous/well known studies and not getting the same resilts",0,0,1,"",1,"Non-UKRN",1,1,6,0.375,5,0.625,4,1,1,1,1,1,1,1,1,1,1,1
69,"100",420,"TRUE","UNI11","Full-time","No","","3","Year 2","","","psychology","Yes","female",1,1,1,1,0,1,1,-1,1,1,1,2,0,0,-1,0,0,0,0,0,0,0,0,1,0,0,0,0,0,0,0,0,1,-1,-1,-1,1,1,1,0,0,NA,"",0,0,1,"",1,"Non-UKRN",1,9999,9,0.5625,1,0.125,1,0,1,1,1,1,1,0,1,1,1,0
70,"100",538,"TRUE","UNI11","Full-time","No","","3","Year 2","","","BSc Psychology ","Yes","Female",2,2,1,1,1,1,2,2,1,1,0,2,0,1,-1,-1,1,1,1,1,0,0,1,1,0,0,0,0,0,0,1,0,2,2,2,2,1,2,1,1,1,1,"Issues with not enough research replicating other findings and studies not having their materials accessible to do so",1,1,1,"No",1,"Non-UKRN",1,1,15,0.9375,13,1.625,6,1,1,1,1,1,1,1,1,1,1,1
71,"100",552,"TRUE","UNI11","Full-time","No","","3","Year 1","","","psychology and child development ","No","Male",2,1,1,1,0,1,1,1,2,1,0,2,1,2,0,0,1,1,0,0,1,1,0,1,0,0,1,1,0,0,1,0,2,0,1,-1,1,1,-1,1,0,NA,"",0,0,1,"",1,"Non-UKRN",1,9999,16,1,4,0.5,5,3,1,1,1,1,1,0,1,1,1,0
72,"100",489,"TRUE","UNI11","Full-time","No","","3","Year 1","","","psychology ","Yes","female",1,1,0,-1,1,1,1,-1,1,-1,1,2,0,1,-1,-2,1,1,0,1,1,0,1,1,0,0,1,0,0,1,0,0,1,1,1,0,-2,-2,1,1,1,1,"well known studies don't produce the same results",0,0,1,"",1,"Non-UKRN",1,1,4,0.25,1,0.125,6,2,1,1,1,1,1,1,1,1,1,1
73,"100",287,"TRUE","UNI11","Full-time","No","","3","Year 2","","","BSc Psychology","Yes","Female",1,1,1,1,1,1,2,1,1,-2,2,1,0,-1,-1,2,0,0,0,0,0,0,0,1,0,1,1,0,0,0,0,0,2,1,1,-2,0,1,1,2,0,NA,"",0,0,0,"",1,"Non-UKRN",1,9999,11,0.6875,6,0.75,1,2,1,1,1,1,1,0,1,1,1,0
74,"100",545,"TRUE","UNI11","Full-time","No","","3","Year 1","","","Bsc Psychology","Yes","female",2,1,1,-1,1,1,2,-1,1,1,1,2,2,1,-1,-1,1,1,1,1,1,1,0,1,0,1,1,0,0,1,0,1,1,-1,-1,-1,-1,-1,1,1,1,1,"psychological studies in history that cannot be reproduced today showing a likely hood that these initial findings are not true",1,1,1,"",1,"Non-UKRN",1,1,12,0.75,-2,-0.25,7,4,1,1,1,1,1,1,1,1,1,1
75,"100",338,"TRUE","UNI11","Full-time","No","","3","Year 1","","","Psychology BSc","Yes","Female",2,2,1,1,1,2,2,2,2,2,2,2,0,-2,-2,-1,0,0,0,0,0,0,0,0,0,0,1,0,0,0,0,1,2,2,1,1,-1,1,1,2,1,0,"it is very hard to replicate or reproduce a study in the same way as the original",0,0,1,"",1,"Non-UKRN",1,0,16,1,9,1.125,0,2,1,1,1,1,1,1,1,1,1,1
76,"100",404,"TRUE","UNI11","Full-time","No","","3","Year 1","","","Psychology","No","female",1,1,1,0,1,1,1,1,1,1,1,1,1,1,-1,-1,0,0,1,1,1,1,1,1,0,0,0,0,0,0,0,0,1,1,1,1,-1,-1,1,-1,1,1,"where it is difficult to replicate or reproduce the original study",0,0,1,"",1,"Non-UKRN",1,0,11,0.6875,2,0.25,6,0,1,1,1,1,1,1,1,1,1,1
77,"81",247,"FALSE","UNI11","Full-time","No","","3","Year 2","","","BSc Psychology ","Yes","Female",1,0,1,1,0,0,1,1,0,1,1,2,0,0,-2,-1,0,0,1,0,0,0,1,1,0,0,1,0,0,0,0,0,1,0,1,-1,-1,-1,1,1,1,NA,"",NA,NA,NA,"",1,"Non-UKRN",1,9999,6,0.375,1,0.125,3,1,1,1,1,1,1,0,0,0,0,0
78,"70",42808,"FALSE","UNI11","Full-time","No","","3","Final Year","","","Psychology ","No","Female ",1,2,2,1,1,1,1,1,1,1,1,2,1,1,-1,-1,0,0,0,0,1,0,0,0,1,1,1,1,0,1,1,1,1,1,-1,-1,0,-1,NA,NA,NA,NA,"",NA,NA,NA,"",1,"Non-UKRN",1,9999,15,0.9375,NA,-0.166666666666667,1,7,1,1,1,0,0,0,0,0,0,0
79,"100",384,"TRUE","UKRN01","Full-time","Yes","","4","Year 1","","","BSc Psychology","Yes","Female",1,2,1,-2,-1,1,-1,-1,-1,-2,1,1,1,-1,0,0,1,1,0,0,0,0,1,1,0,0,1,1,1,1,0,0,-1,-1,-1,-1,-1,-1,1,0,1,1,"It is when inability to replicate a study reduces the credibility of the results produced.",0,0,0,"",1,"UKRN",1,1,-1,-0.0625,-5,-0.625,4,4,1,1,1,1,1,1,1,1,1,1
80,"100",400,"TRUE","UKRN01","Full-time","Yes","","4","Year 1","","","BSc Psychology ","Yes","Female",1,1,0,0,0,0,1,1,0,0,1,1,0,-1,-1,-1,0,0,1,1,1,1,0,1,0,0,0,0,0,0,0,0,1,0,1,-1,-1,1,0,1,1,0,"belief that some studies can’t be replicated ",0,0,1,"",1,"UKRN",1,0,3,0.1875,2,0.25,5,0,1,1,1,1,1,1,1,1,1,1
81,"100",279,"TRUE","UKRN01","Full-time","Yes","","4","Year 1","","","Psychology ","Yes","Female ",1,1,1,2,1,1,1,1,1,-1,1,2,0,2,0,0,1,1,0,0,1,1,1,1,0,0,1,1,0,0,0,0,1,-1,1,0,0,1,1,1,0,NA,"",1,1,1,"",1,"UKRN",1,9999,14,0.875,4,0.5,6,2,1,1,1,1,1,0,1,1,1,0
82,"100",361,"TRUE","UKRN01","Full-time","No","","3","Year 2","","","Psychology ","Yes","female",2,2,-1,2,0,2,-1,-1,-1,-1,2,1,1,-1,-2,-1,1,1,1,1,1,1,1,1,1,1,1,0,0,1,0,0,1,-1,2,1,-1,1,0,0,0,NA,"",1,0,1,"",1,"UKRN",1,9999,3,0.1875,3,0.375,8,4,1,1,1,1,1,0,1,1,1,0
83,"100",337,"TRUE","UKRN01","Full-time","No","","3","Year 1","","","Psychology","No","Female",1,1,0,1,1,1,2,1,1,-1,1,2,-1,-1,-1,0,1,1,0,0,1,0,1,0,0,0,1,1,0,1,0,1,0,-1,-1,-1,2,-2,-1,1,0,NA,"",0,0,1,"",1,"UKRN",1,9999,8,0.5,-3,-0.375,4,4,1,1,1,1,1,0,1,1,1,0
84,"100",354,"TRUE","UKRN01","Full-time","Yes","","3","Year 2","","","Psychology","Yes","Female",1,1,0,0,0,-1,1,0,1,1,1,1,1,-1,0,-1,1,1,0,1,1,0,1,0,0,0,1,0,0,1,0,1,1,0,1,0,-1,1,1,1,1,1,"Studies weren’t scientific so needed to replicate them to check that they are reliable ",0,1,1,"",1,"UKRN",1,0,5,0.3125,4,0.5,5,3,1,1,1,1,1,1,1,1,1,1
85,"100",521,"TRUE","UKRN01","Full-time","Yes","","4","Year 2","","","Psychology ","Yes","Female",2,2,1,1,1,-1,-1,-1,1,-2,2,1,2,0,0,-1,1,1,0,0,0,0,1,1,0,0,1,1,0,1,0,0,1,1,1,2,-1,1,2,2,1,1,"Studies (especially in Social Psychology) have been replicated to discover that many of the results were now non-significant. ",0,0,1,"",1,"UKRN",1,1,7,0.4375,9,1.125,4,3,1,1,1,1,1,1,1,1,1,1
86,"100",399,"TRUE","UKRN01","Full-time","Yes","","4","Year 1","","","Psychology","Yes","Female",2,2,0,1,1,1,2,2,2,-2,2,-1,1,1,2,-2,0,0,1,1,0,1,0,1,0,0,0,0,0,0,0,0,2,1,1,-1,-2,2,2,1,0,NA,"",1,1,1,"",1,"UKRN",1,9999,14,0.875,6,0.75,4,0,1,1,1,1,1,0,1,1,1,0
87,"100",289,"TRUE","UKRN01","Full-time","Yes","","4","Year 1","","","BSc psychology","Yes","Female",2,1,-1,-2,0,0,-2,2,-1,-2,1,1,2,2,-1,-1,1,1,1,1,1,1,0,0,0,0,0,0,0,0,0,1,0,-1,-1,-1,-2,0,2,0,1,0,"being able to produce the same findings again with the same procedures",0,0,1,"",1,"UKRN",1,0,1,0.0625,-3,-0.375,6,1,1,1,1,1,1,1,1,1,1,1
88,"100",630,"TRUE","UKRN01","Full-time","Yes","","4","Year 1","","","Psychology ","Yes","Female ",2,0,1,0,1,2,1,1,1,0,1,2,1,0,-1,-2,0,0,0,0,0,0,0,0,0,0,0,0,0,0,0,0,1,1,2,1,-1,-1,1,0,0,NA,"",0,0,1,"",1,"UKRN",1,9999,10,0.625,4,0.5,0,0,1,1,1,1,1,0,1,1,1,0
89,"100",725,"TRUE","UKRN01","Full-time","Yes","","4","Year 1","","","BSc Psychology","Yes","Female",1,2,1,1,0,0,1,1,-2,0,0,2,1,2,-1,-1,1,1,1,1,1,1,1,1,0,0,1,0,0,1,0,1,-1,0,0,-1,-1,-1,0,1,0,NA,"",0,0,1,"",1,"UKRN",1,9999,8,0.5,-3,-0.375,8,3,1,1,1,1,1,0,1,1,1,0
90,"100",3227,"TRUE","UKRN01","Full-time","No","","3","Year 1","","","Psychology Bsc","Yes","Female",2,2,2,1,1,1,1,0,1,1,0,2,1,1,-1,0,1,0,1,0,0,0,0,1,0,0,1,0,0,0,0,1,-1,2,1,-2,-2,-1,1,1,1,1,"when there aren't enough replications of studies which then questions the credibility of the studies' findings",0,1,1,"no",1,"UKRN",1,0,15,0.9375,-1,-0.125,3,2,1,1,1,1,1,1,1,1,1,1
91,"100",436,"TRUE","UKRN01","Full-time","Yes","","4","Year 1","","","Psychology BSc","Yes","Female",1,2,0,0,0,1,0,0,0,0,-1,2,0,1,0,-1,1,0,1,1,0,1,0,1,0,0,1,0,0,0,0,0,1,0,0,0,-1,0,0,0,0,NA,"",0,0,1,"",1,"UKRN",1,9999,5,0.3125,0,0,5,1,1,1,1,1,1,0,1,1,1,0
92,"100",436,"TRUE","UKRN01","Full-time","Yes","","4","Year 2","","","Psychology","Yes","Female",1,-1,1,-1,1,-1,1,-1,1,-1,1,-1,1,-1,1,-1,1,1,1,1,1,1,1,1,0,1,1,0,0,1,1,0,1,1,1,1,-1,1,1,0,0,NA,"",1,0,1,"",1,"UKRN",1,9999,0,0,5,0.625,8,4,1,1,1,1,1,0,1,1,1,0
93,"100",765,"TRUE","UKRN01","Full-time","Yes","","3","Year 1","","","Psychology Bsc","Yes","Female",1,1,1,0,-1,0,-1,-1,-1,-2,1,2,1,2,0,-1,0,0,1,0,0,0,1,1,0,0,0,0,0,0,0,1,1,1,1,-1,-2,-2,0,0,1,0,"Where the results of an original study can not be replicated",0,0,1,"",1,"UKRN",1,1,2,0.125,-2,-0.25,3,1,1,1,1,1,1,1,1,1,1,1
94,"100",461,"TRUE","UKRN01","Full-time","Yes","","3","Placement Year","","","BSc Psychology","Yes","Female",2,2,0,0,-1,0,1,0,2,0,1,2,0,1,-1,-2,0,1,1,1,1,1,1,1,0,0,1,0,0,0,1,1,1,1,0,0,-1,1,-1,0,1,1,"Contemporary researches are unable to replicate older studies, not even the ones we now consider 'classic'",0,0,1,"",1,"UKRN",1,1,7,0.4375,1,0.125,7,3,1,1,1,1,1,1,1,1,1,1
95,"100",464,"TRUE","UKRN01","Full-time","Yes","","4","Year 1","","","Psychology with placement year","Yes","Female",1,2,2,2,0,-1,1,1,-1,-1,-1,2,1,2,-1,-1,1,1,1,1,1,1,1,1,0,0,1,0,0,0,0,1,2,1,0,-1,-1,-2,1,-1,1,1,"where many scientific studies have been found very hard to reproduce",0,0,1,"",1,"UKRN",1,0,8,0.5,-1,-0.125,8,2,1,1,1,1,1,1,1,1,1,1
96,"100",727,"TRUE","UKRN01","Full-time","Yes","","4","Year 1","","","BSc Psychology","Yes","Female",1,1,0,-2,0,-1,1,-1,0,1,2,-1,1,-1,0,-1,1,1,1,1,1,1,1,0,0,0,0,0,0,0,0,1,2,1,-1,-1,-1,-1,1,1,1,1,"How hard it is to replicate the study.",0,0,1,"",1,"UKRN",1,0,0,0,1,0.125,7,1,1,1,1,1,1,1,1,1,1,1
97,"100",320,"TRUE","UKRN01","Full-time","Yes","","4","Placement Year","","","Psychology BsC","Yes","Female ",2,1,0,-1,2,1,2,2,1,-1,1,2,-1,0,0,1,1,1,1,0,0,1,0,1,0,0,0,0,0,0,0,0,1,-1,2,-1,0,1,-1,1,1,1,"Lots of studies were replicated yet the results were not",0,0,1,"",1,"UKRN",1,1,12,0.75,2,0.25,5,0,1,1,1,1,1,1,1,1,1,1
98,"100",450,"TRUE","UKRN01","Full-time","Yes","","4","Placement Year","","","Psychology ","Yes","Female",-1,2,-2,1,0,0,2,1,2,-1,2,2,1,2,-2,-2,0,0,1,1,0,0,1,1,0,0,0,0,0,0,0,0,1,0,2,-1,-2,0,2,0,1,1,"An issue in psychology, especially social psychology, whereby many famous studies are now being replicated and are finding different/non significant results, therefore undermining the research in these fields. ",0,0,1,"",1,"UKRN",1,1,7,0.4375,2,0.25,4,0,1,1,1,1,1,1,1,1,1,1
99,"100",531,"TRUE","UKRN01","Full-time","Yes","","4","Year 2","","","Psychology","Yes","Female",-1,0,1,1,1,-1,0,1,1,1,1,1,1,-1,1,-1,1,1,1,0,0,1,0,1,0,0,0,1,1,0,1,0,1,1,1,0,-1,0,1,1,1,0,"A lot of studies are impossible to replicate which is a problem.",0,0,1,"",1,"UKRN",1,1,6,0.375,4,0.5,5,3,1,1,1,1,1,1,1,1,1,1
100,"100",321,"TRUE","UKRN01","Full-time","No","","3","Year 2","","","Psychology","No","Male",2,2,1,2,1,1,1,-1,1,2,1,2,1,1,-1,-1,1,1,1,1,0,1,1,1,0,0,1,1,0,0,1,0,2,1,1,1,-2,1,1,1,1,1,"A review of the process and the thoughts regarding the need and the methods of repeating studies.",1,1,1,"",1,"UKRN",1,0,15,0.9375,6,0.75,7,3,1,1,1,1,1,1,1,1,1,1
101,"100",353,"TRUE","UKRN01","Full-time","No","","3","Year 2","","","Psychology BSc","Yes","Male",1,1,2,1,1,0,2,1,1,1,2,2,0,-1,0,-2,1,0,1,1,0,0,0,1,0,0,0,0,0,0,0,0,1,1,-1,-2,-2,1,2,1,1,1,"The difficulty in replicating original findings of a study e.g. different significances or effects are found on replication.",0,0,1,"",1,"UKRN",1,1,12,0.75,1,0.125,4,0,1,1,1,1,1,1,1,1,1,1
102,"100",340,"TRUE","UKRN01","Full-time","Yes","","3","Year 1","","","Psychology Bsc","Yes","Male",2,2,2,1,-1,2,1,0,-1,-1,2,2,0,2,-2,-2,1,1,0,1,1,1,0,0,0,0,1,0,0,0,1,1,2,0,0,-2,-2,2,2,2,0,NA,"",0,0,1,"",1,"UKRN",1,9999,9,0.5625,4,0.5,5,3,1,1,1,1,1,0,1,1,1,0
103,"100",412,"TRUE","UKRN01","Full-time","No","","3","Year 1","","","Psychology BSc","Yes","Female",1,-1,1,2,0,2,1,1,1,1,-1,1,0,1,-1,-1,1,1,1,0,1,1,0,1,1,1,1,0,0,1,0,1,1,1,-1,-1,-1,-1,-1,-1,0,NA,"",0,0,1,"",1,"UKRN",1,9999,8,0.5,-4,-0.5,6,5,1,1,1,1,1,0,1,1,1,0
104,"100",374,"TRUE","UKRN01","Full-time","Yes","","4","Year 2","","","Psychology","Yes","Female",2,2,1,0,1,0,1,0,1,0,1,0,1,-1,0,-1,1,1,0,1,1,0,0,1,0,0,1,0,0,1,1,0,1,0,1,-1,-1,0,1,1,1,1,"time when the necessity of replicating studies was made focal ",0,0,1,"",1,"UKRN",1,0,8,0.5,2,0.25,5,3,1,1,1,1,1,1,1,1,1,1
105,"100",412,"TRUE","UKRN01","Full-time","Yes","","4","Year 1","","","BSc Psychology with Placement Year","Yes","Female",2,2,1,1,0,1,1,-1,2,2,1,1,0,-1,1,-1,1,0,1,0,0,0,0,1,0,0,1,0,0,0,0,1,2,1,1,1,-1,1,0,1,0,NA,"",0,0,1,"",1,"UKRN",1,9999,12,0.75,6,0.75,3,2,1,1,1,1,1,0,1,1,1,0
106,"100",271,"TRUE","UKRN01","Full-time","Yes","","4","Year 1","","","Psychology","Yes","female",2,2,0,0,1,0,0,-1,1,-1,2,1,1,-1,0,1,1,0,1,1,1,1,0,1,1,0,0,1,0,1,0,0,1,0,1,-1,-2,0,0,1,0,NA,"",0,0,1,"",1,"UKRN",1,9999,8,0.5,0,0,6,3,1,1,1,1,1,0,1,1,1,0
107,"100",326,"TRUE","UKRN01","Full-time","Yes","","4","Placement Year","","","Psychology","Yes","Female",1,0,2,1,1,1,2,1,2,0,1,1,1,-1,0,0,1,1,1,1,0,1,1,1,0,0,1,0,0,1,1,0,1,1,2,1,0,0,1,1,1,1,"famous and important studies in psychology are not replicating, causing a lot of doubts in psychology research and theory",1,1,1,"",1,"UKRN",1,1,13,0.8125,7,0.875,7,3,1,1,1,1,1,1,1,1,1,1
108,"100",338,"TRUE","UKRN01","Full-time","Yes","","4","Year 1","","","Psychology","Yes","Female ",2,0,1,1,-1,-1,-1,-1,2,1,-1,2,1,1,-1,-1,1,0,1,0,0,0,0,1,0,0,0,0,0,0,0,1,2,2,1,-1,-1,1,-1,1,1,1,"The idea that many studies done in the past in psychology when repeated do not find the same results ",0,0,1,"The issue could be that a lot of research is conducted on undergrad Psychology students ",1,"UKRN",1,1,4,0.25,4,0.5,3,1,1,1,1,1,1,1,1,1,1,1
109,"100",321,"TRUE","UKRN01","Full-time","No","","3","Year 2","","","BSc Psychology ","Yes","Female",1,1,1,1,1,0,2,2,1,-2,1,2,0,0,-1,0,0,0,0,1,0,0,0,0,1,1,1,0,1,1,1,1,1,0,1,-1,-1,-1,0,1,0,NA,"",0,0,1,"",1,"UKRN",1,9999,10,0.625,0,0,1,7,1,1,1,1,1,0,1,1,1,0
110,"100",489,"TRUE","UKRN01","Full-time","Yes","","4","Year 2","","","Psychology","Yes","Female",-1,1,0,1,1,2,1,1,-1,0,2,2,0,2,-2,-1,1,1,1,1,1,1,1,1,0,0,1,1,0,1,0,1,1,0,0,-1,-1,0,2,1,1,1,"difficulty in replicating a study and finding the same results",0,0,1,"",1,"UKRN",1,1,8,0.5,2,0.25,8,4,1,1,1,1,1,1,1,1,1,1
111,"100",341,"TRUE","UKRN01","Full-time","Yes","","4","Year 1","","","BSc Psychology  ","Yes","Female ",2,1,0,1,1,1,2,0,-1,-1,2,2,0,-1,-1,-1,1,1,1,1,1,1,0,1,0,0,0,0,0,0,1,0,-1,0,1,-1,-1,0,1,1,0,NA,"",1,1,1,"",1,"UKRN",1,9999,7,0.4375,0,0,7,1,1,1,1,1,1,0,1,1,1,0
112,"100",292,"TRUE","UKRN01","Full-time","Yes","","4","Year 2","","","Psychology ","Yes","Female",2,2,1,1,1,1,1,1,1,-2,1,2,1,-1,-1,-1,1,1,1,1,1,1,1,1,0,0,0,0,0,0,0,0,-1,1,1,1,-1,-2,2,1,1,1,"Being unable to replicate the same results across different studies ",0,1,1,"",1,"UKRN",1,1,10,0.625,2,0.25,8,0,1,1,1,1,1,1,1,1,1,1
113,"100",421,"TRUE","UKRN01","Full-time","Yes","","4","Year 1","","","Psychology","Yes","female",2,2,0,1,1,1,-1,-1,1,-2,1,2,1,1,-1,-1,1,1,1,0,1,1,0,1,0,0,1,0,0,1,0,1,2,0,2,1,-2,2,1,0,0,NA,"",1,0,1,"",1,"UKRN",1,9999,7,0.4375,6,0.75,6,3,1,1,1,1,1,0,1,1,1,0
114,"100",1291,"TRUE","UKRN01","Full-time","Yes","","4","Year 1","","","PSYCHOLOGY ","Yes","FEMALE",2,1,2,0,0,0,1,1,2,0,1,0,1,-1,0,0,1,1,1,1,1,1,1,1,0,0,0,0,0,0,0,0,2,0,1,0,-1,1,1,0,0,NA,"",0,0,0,"",1,"UKRN",1,9999,10,0.625,4,0.5,8,0,1,1,1,1,1,0,1,1,1,0
115,"100",1599,"TRUE","UKRN01","Full-time","No","","3","Year 1","","","Psychology","No","Female",2,2,1,1,1,1,1,1,2,0,1,-1,0,-2,0,-1,1,1,1,0,0,1,1,1,0,0,0,0,0,0,0,1,1,1,1,-1,0,1,-1,1,1,0,"When a replicated study shows the complete opposite results than the first one",0,0,1,"",1,"UKRN",1,1,9,0.5625,3,0.375,6,1,1,1,1,1,1,1,1,1,1,1
116,"100",546,"TRUE","UKRN01","Full-time","Yes","","4","Year 1","","","Psychology BSc","Yes","Female",2,2,0,2,2,2,1,1,1,-1,0,2,1,-1,-2,-1,1,0,1,0,0,1,0,1,1,0,1,0,0,1,0,1,2,2,2,-2,-1,1,1,1,0,NA,"",0,0,1,"One or two of the questions on the first page weren't clear--worth checking your wording.",1,"UKRN",1,9999,11,0.6875,6,0.75,4,4,1,1,1,1,1,0,1,1,1,0
117,"100",387,"TRUE","UKRN01","Full-time","Yes","","4","Year 1","","","Psychology","Yes","Female",2,1,0,1,1,1,2,2,1,2,1,2,0,1,1,0,0,0,1,0,0,0,0,1,0,0,0,0,0,0,0,0,1,1,1,0,0,0,1,-1,0,NA,"",0,0,1,"",1,"UKRN",1,9999,18,1.125,3,0.375,2,0,1,1,1,1,1,0,1,1,1,0
118,"100",336,"TRUE","UKRN01","Full-time","Yes","","4","Year 1","","","Psychology","Yes","female",2,2,2,2,2,2,1,-1,2,2,1,2,1,-1,-1,1,1,1,1,1,1,1,1,1,1,1,0,0,0,1,0,1,2,1,2,-1,1,2,1,1,1,0,"not being able to reproduce results of a certain study",0,0,1,"",1,"UKRN",1,1,19,1.1875,9,1.125,8,4,1,1,1,1,1,1,1,1,1,1
119,"100",657,"TRUE","UKRN01","Full-time","Other (Please specify)","Not sure","3","Year 1","","","Psychology","No","Female",1,1,0,-2,0,0,1,-1,1,-1,1,1,-1,0,-1,-1,1,0,1,0,0,1,0,1,0,0,1,0,0,0,0,1,0,-1,0,-1,0,0,0,0,1,1,"",0,0,0,"",1,"UKRN",1,9999,-1,-0.0625,-2,-0.25,4,2,1,1,1,1,1,1,1,1,1,0
120,"100",3196,"TRUE","UKRN01","Full-time","Yes","","4","Year 1","","","Bsc Psychology","No","female",2,0,1,1,2,-2,2,2,1,-2,2,2,-1,-2,0,0,0,0,0,0,0,0,0,1,0,0,0,0,0,0,0,1,1,0,1,-1,0,0,1,1,0,NA,"",0,0,0,"",1,"UKRN",1,9999,8,0.5,3,0.375,1,1,1,1,1,1,1,0,1,1,1,0
121,"100",327,"TRUE","UKRN01","Full-time","No","","3","Year 2","","","Psychology","Yes","Female",1,1,1,-1,0,0,1,1,-1,-1,0,2,0,1,-2,-1,1,1,1,1,0,1,1,1,0,0,1,1,0,0,0,1,-1,-1,0,-1,-1,1,0,0,1,0,"lots of methodologies/ studies are impossible to replicate or reproduce",0,0,1,"",1,"UKRN",1,1,2,0.125,-3,-0.375,7,3,1,1,1,1,1,1,1,1,1,1
122,"100",705,"TRUE","UKRN01","Full-time","Yes","","4","Year 2","","","Psychology BSc","Yes","Female",0,2,2,2,0,2,1,0,1,1,1,2,2,2,2,1,1,0,1,1,0,0,1,1,0,0,1,0,0,0,0,0,2,1,1,2,1,2,1,1,1,1,"Many studies (in particular ""classic"" social psychology studies) have been replicated recenttly and results have not been significant/the same ",1,0,1,"The issues raised are somewhat applicable to undergraduates - it is important to understand things like replication andn open access, but it's not so relevant if undergraduates aren't going on to do research. Also, I felt like I didn't know much about the finanicial side - e.g. whether journals should charge for access for example.",1,"UKRN",1,1,21,1.3125,11,1.375,5,1,1,1,1,1,1,1,1,1,1,1
123,"100",387,"TRUE","UKRN01","Full-time","Yes","","4","Year 2","","","Psychology BSc","Yes","Female",1,2,1,1,1,1,2,2,2,-1,-1,2,1,1,-1,-2,1,0,1,1,0,1,1,1,0,0,1,0,0,0,1,1,1,2,2,-1,-2,1,2,2,1,1,"There's so many studies out there claiming to have a significant effect yet hardly any of these are replicated and so it's difficult to know if these results were a one off effect or genuine ",0,0,1,"",1,"UKRN",1,0,12,0.75,7,0.875,6,3,1,1,1,1,1,1,1,1,1,1
124,"100",398,"TRUE","UKRN01","Full-time","Yes","","4","Year 1","","","BSc Psychology","Yes","Female",1,1,0,1,0,1,1,0,1,-2,-1,2,1,1,-1,-1,1,0,0,0,0,0,0,1,0,0,1,1,0,1,0,0,1,1,1,-1,0,0,0,1,1,0,"Not being able to replicate results",0,0,1,"",1,"UKRN",1,1,5,0.3125,3,0.375,2,3,1,1,1,1,1,1,1,1,1,1
125,"100",374,"TRUE","UKRN01","Full-time","Yes","","4","Year 2","","","BSc Psychology","Yes","Female",2,2,2,0,2,1,1,1,2,-2,2,2,2,0,1,0,1,0,1,1,1,1,1,0,0,0,0,0,0,0,0,1,2,1,2,1,-1,0,1,1,1,1,"The fact that lots of previous research in psychology when replicated has not found the same results. ",0,1,1,"",1,"UKRN",1,1,18,1.125,7,0.875,6,1,1,1,1,1,1,1,1,1,1,1
126,"100",660,"TRUE","UKRN01","Full-time","Yes","","4","Year 1","","","Psychology BSc","Yes","Female",1,1,1,-2,0,0,0,-1,0,-2,2,1,2,-1,-1,0,1,0,1,1,0,0,0,1,0,1,0,0,1,1,1,0,-1,0,1,-2,0,1,1,1,0,NA,"",1,0,1,"",1,"UKRN",1,9999,1,0.0625,1,0.125,4,4,1,1,1,1,1,0,1,1,1,0
127,"100",5583,"TRUE","UKRN01","Full-time","Yes","","3","Year 1","","","BSc psychology","No","Female ",2,-1,0,0,0,0,1,0,1,1,1,1,1,-2,0,1,1,1,1,0,0,0,0,0,0,0,1,0,0,0,0,0,-2,0,-1,-1,1,1,0,0,0,NA,"",0,0,1,"",1,"UKRN",1,9999,6,0.375,-2,-0.25,3,1,1,1,1,1,1,0,1,1,1,0
128,"100",519,"TRUE","UKRN01","Full-time","Yes","","4","Year 1","","","Bsc Psychology","No","Female",1,1,-1,0,-1,-2,0,0,-1,-1,1,1,1,-1,-2,-1,1,0,0,1,0,0,0,1,0,0,1,1,0,0,0,0,1,0,-1,-1,-2,-1,1,0,0,NA,"",0,0,1,"",1,"UKRN",1,9999,-5,-0.3125,-3,-0.375,3,2,1,1,1,1,1,0,1,1,1,0
129,"100",718,"TRUE","UKRN01","Full-time","No","","3","Year 1","","","BSc Psychology","No","Female",1,1,1,1,0,0,1,-1,1,1,1,1,1,-1,1,0,1,1,1,1,1,1,1,1,0,0,0,1,0,1,0,1,1,1,-1,-1,0,1,-1,1,0,NA,"",1,0,0,"",1,"UKRN",1,9999,9,0.5625,1,0.125,8,3,1,1,1,1,1,0,1,1,1,0
130,"100",691,"TRUE","UKRN01","Full-time","Yes","","4","Year 1","","","BSc (Hons) Psychology","Yes","Male",1,1,0,1,0,1,1,0,1,0,1,1,0,1,0,-1,0,0,0,0,0,1,1,1,0,0,1,0,0,1,0,0,2,2,1,-2,-2,0,1,2,0,NA,"",0,0,1,"",1,"UKRN",1,9999,8,0.5,4,0.5,3,2,1,1,1,1,1,0,1,1,1,0
131,"100",338,"TRUE","UKRN01","Full-time","Yes","","4","Year 1","","","Psychology Bsc","Yes","Male",1,1,2,2,0,1,1,1,1,2,2,2,0,2,-1,-1,1,1,1,1,0,1,0,1,0,0,0,0,1,0,1,0,2,2,1,1,-1,0,2,-1,0,NA,"",0,0,1,"",1,"UKRN",1,9999,16,1,6,0.75,6,2,1,1,1,1,1,0,1,1,1,0
132,"100",372,"TRUE","UKRN01","Full-time","Yes","","4","Year 1","","","Psychology ","Yes","Female",2,1,1,-1,1,1,0,1,2,-1,1,1,1,0,1,1,1,1,0,1,1,1,1,1,0,0,1,0,0,0,0,0,1,-1,0,-1,-1,1,1,1,1,0,"When you replicate a study on another sample and get the same/similar results",1,0,1,"",1,"UKRN",1,0,12,0.75,1,0.125,7,1,1,1,1,1,1,1,1,1,1,1
133,"100",539,"TRUE","UKRN01","Full-time","No","","3","Year 2","","","Psychology","Yes","female",1,1,1,-1,1,1,1,-1,1,0,0,1,-1,-1,-1,-1,0,0,0,0,0,0,1,1,1,0,1,0,0,0,0,0,1,-1,1,-1,-1,-1,0,0,1,1,"When we can't trust old studies because they've not been replicated or when they were replicated found different results.",0,0,1,"",1,"UKRN",1,1,2,0.125,-2,-0.25,2,2,1,1,1,1,1,1,1,1,1,1
134,"100",334,"TRUE","UKRN01","Full-time","No","","3","Year 2","","","Psychology","Yes","female",2,2,1,1,2,1,0,1,1,-2,2,1,0,-2,-2,-1,0,0,1,1,1,0,0,1,1,1,0,0,0,1,1,0,-1,1,1,-1,1,0,0,0,0,NA,"",0,0,1,"",1,"UKRN",1,9999,7,0.4375,1,0.125,4,4,1,1,1,1,1,0,1,1,1,0
135,"100",374,"TRUE","UKRN01","Full-time","Yes","","4","Year 1","","","BSc psychology","No","Female",1,1,1,-1,1,-1,1,-1,1,-1,1,1,1,-1,1,0,1,0,1,0,0,1,0,0,0,1,0,1,1,0,1,1,-1,-1,1,-1,-1,0,0,1,0,NA,"",0,0,0,"",1,"UKRN",1,9999,5,0.3125,-2,-0.25,3,5,1,1,1,1,1,0,1,1,1,0
137,"100",322,"TRUE","UKRN01","Full-time","Yes","","4","Year 1","","","Psychology ","Yes","Female",2,2,-1,1,1,1,1,1,1,-1,1,1,0,-1,-1,-2,1,1,1,1,0,0,0,1,0,0,0,0,1,1,1,0,1,1,0,1,-1,1,-1,1,0,NA,"",0,0,0,"",1,"UKRN",1,9999,6,0.375,3,0.375,5,3,1,1,1,1,1,0,1,1,1,0
138,"100",624,"TRUE","UKRN01","Full-time","Yes","","4","Year 2","","","Psychology Bsc","Yes","Female",2,1,2,1,1,2,2,2,2,-1,1,2,1,1,-1,0,1,0,1,0,0,0,0,1,1,0,1,0,0,0,0,1,1,0,0,1,-1,1,2,2,1,1,"Modern studies replicating old studies (from the 50's/60's) are unable to produce the same results, this means alot of the foundation psychological theories are built off of may be wrong or irrelevant. ",0,0,1,"",1,"UKRN",1,1,18,1.125,6,0.75,3,3,1,1,1,1,1,1,1,1,1,1
139,"100",283,"TRUE","UKRN01","Full-time","Yes","","3","Year 2","","","Psychology","Yes","Female",2,2,1,-1,-2,-1,1,-1,1,-1,1,2,1,2,-2,-2,0,0,1,0,0,0,0,0,0,0,1,0,0,0,0,0,1,1,1,-1,-1,-1,0,0,0,NA,"",0,0,0,"",1,"UKRN",1,9999,3,0.1875,0,0,1,1,1,1,1,1,1,0,1,1,1,0
140,"100",459,"TRUE","UKRN01","Full-time","Yes","","4","Year 2","","","Psychology","Yes","Female",1,1,0,1,1,1,-1,-1,1,-1,-1,1,0,-1,-1,-1,0,0,1,1,0,0,1,1,0,0,1,1,0,0,0,1,1,1,0,-1,-1,-1,1,1,1,1,"a lot of studies are difficult to reproduce ",0,0,1,"",1,"UKRN",1,0,0,0,1,0.125,4,3,1,1,1,1,1,1,1,1,1,1
141,"100",365,"TRUE","UKRN01","Full-time","Yes","","4","Year 1","","","Psychology BSc","Yes","Female",2,1,0,1,1,1,1,0,-2,-1,1,1,1,1,-1,-1,0,0,1,1,0,0,1,1,0,0,1,0,0,0,0,0,1,0,-2,-1,-1,1,1,1,0,NA,"",0,0,1,"",1,"UKRN",1,9999,6,0.375,0,0,4,1,1,1,1,1,1,0,1,1,1,0
142,"100",418,"TRUE","UKRN01","Full-time","Yes","","4","Year 2","","","BSc psychology ","Yes","female",1,1,0,1,0,0,1,1,0,1,1,2,-1,2,-1,-1,0,0,1,0,0,0,1,1,0,0,0,0,0,0,0,0,1,0,1,0,-1,-1,1,1,0,NA,"",0,0,1,"",1,"UKRN",1,9999,8,0.5,2,0.25,3,0,1,1,1,1,1,0,1,1,1,0
143,"100",502,"TRUE","UKRN01","Full-time","No","","3","Year 1","","","BSc Psychology ","Yes","Female ",2,0,0,1,0,0,1,0,-1,-2,1,2,0,-1,-1,-1,1,1,0,1,1,0,1,1,0,0,1,0,0,1,0,0,1,0,-1,-1,-2,-1,2,1,0,NA,"",0,0,1,"",1,"UKRN",1,9999,1,0.0625,-1,-0.125,6,2,1,1,1,1,1,0,1,1,1,0
144,"100",348,"TRUE","UKRN01","Full-time","Yes","","4","Year 1","","","Psychology Bsc ","Yes","Male ",2,2,2,2,1,2,2,1,2,1,-1,2,1,-1,-1,2,1,1,1,1,1,1,1,1,1,0,0,0,0,0,0,1,2,2,2,1,0,2,-1,2,1,0,"The issue of well regarded studies not being shown to have issues with replication and reproducibility leading to concerns about the foundations of psychological theory",0,0,1,"",1,"UKRN",1,0,19,1.1875,10,1.25,8,2,1,1,1,1,1,1,1,1,1,1
145,"100",376,"TRUE","UKRN01","Full-time","Yes","","4","Year 1","","","Psychology","Yes","Female",2,2,0,-1,-1,-1,1,-1,1,-2,1,1,1,-2,-2,-1,1,1,0,1,1,0,1,0,0,0,1,0,0,1,0,1,1,1,-1,-1,-1,-1,1,-1,0,NA,"",0,0,1,"",1,"UKRN",1,9999,-2,-0.125,-2,-0.25,5,3,1,1,1,1,1,0,1,1,1,0
146,"100",651,"TRUE","UKRN01","Full-time","Yes","","4","Year 1","","","BSc Psychology","Yes","Female",2,1,1,0,1,0,2,1,2,-2,0,1,0,1,-2,-2,1,1,1,0,0,1,0,1,1,1,1,0,0,1,0,1,2,2,1,-2,-2,-1,0,1,1,0,"Should researchers be allowed to directly replicate studies that have already had many replications that all show similar results",0,0,1,"",1,"UKRN",1,0,6,0.375,1,0.125,5,5,1,1,1,1,1,1,1,1,1,1
147,"100",442,"TRUE","UKRN01","Full-time","No","","3","Year 2","","","Psychology ","Yes","Female",2,1,0,-1,1,-1,2,0,1,-1,1,1,1,-1,0,0,1,1,0,0,1,1,0,1,0,0,1,0,0,0,0,0,1,-1,-1,-1,-1,-1,1,0,0,NA,"",0,1,0,"",1,"UKRN",1,9999,6,0.375,-3,-0.375,5,1,1,1,1,1,1,0,1,1,1,0
148,"100",704,"TRUE","UKRN01","Full-time","Yes","","4","Year 1","","","psychology bsc","Yes","female",2,2,1,-1,0,1,1,1,2,-1,1,2,0,1,1,-2,1,1,1,1,1,1,1,1,1,1,1,1,0,0,0,1,2,0,2,-1,-1,1,1,0,1,1,"research is unable to be replicated",1,0,0,"",1,"UKRN",1,0,11,0.6875,4,0.5,8,5,1,1,1,1,1,1,1,1,1,1
149,"100",576,"TRUE","UKRN01","Full-time","Yes","","4","Placement Year","","","BSc Psychology","No","Female ",1,1,1,2,-1,1,-1,-1,2,1,2,2,2,2,-1,1,1,1,1,1,1,1,1,1,0,0,0,0,0,0,0,0,2,1,1,2,1,-1,2,0,1,1,"A failure by researchers to replicate previous findings. The reasons of this are varied, è.g. Some methods used in the original study were flawed and the results are not replicable with more conservative/accurate methods ",1,1,1,"",1,"UKRN",1,1,14,0.875,8,1,8,0,1,1,1,1,1,1,1,1,1,1
150,"100",897,"TRUE","UKRN01","Full-time","Yes","","4","Year 1","","","Psychology BSc","Yes","female",2,1,2,2,2,2,2,2,2,1,1,2,0,-2,-1,-1,0,1,1,1,0,1,0,1,0,0,0,0,0,0,0,0,1,0,2,-2,-1,1,1,2,0,NA,"",0,0,1,"",1,"UKRN",1,9999,17,1.0625,4,0.5,5,0,1,1,1,1,1,0,1,1,1,0
151,"100",289,"TRUE","UKRN01","Full-time","No","","3","Year 2","","","Psychology","Yes","Female",2,2,1,2,1,2,-1,0,1,1,-1,2,1,-1,-1,-1,1,0,1,0,0,0,1,1,0,0,0,0,0,0,0,1,1,1,1,-1,-2,-1,-1,1,0,NA,"",1,0,1,"",1,"UKRN",1,9999,10,0.625,-1,-0.125,4,1,1,1,1,1,1,0,1,1,1,0
152,"100",470,"TRUE","UKRN01","Full-time","Yes","","4","Year 1","","","Psychology BSc","Yes","F",2,2,1,1,1,1,2,1,2,1,1,0,1,0,-2,-1,1,1,1,1,1,1,0,1,0,0,0,0,0,0,0,0,2,2,2,0,-1,1,1,1,1,0,"apart from the researcher, others cannot replicate the study",1,0,1,"",1,"UKRN",1,1,13,0.8125,8,1,7,0,1,1,1,1,1,1,1,1,1,1
153,"100",740,"TRUE","UKRN01","Full-time","Yes","","4","Placement Year","","","Psychology","Yes","Female",2,2,1,0,-1,-1,-1,-1,1,-2,1,2,1,1,0,-2,0,0,0,0,0,0,0,0,0,0,1,0,0,1,1,0,2,1,1,-1,-1,-1,1,1,0,NA,"",0,1,1,"",1,"UKRN",1,9999,3,0.1875,3,0.375,0,3,1,1,1,1,1,0,1,1,1,0
154,"100",393,"TRUE","UKRN01","Full-time","Yes","","4","Year 2","","","Psychology BSc","Yes","Female",1,1,0,1,1,0,0,0,0,0,1,1,1,1,-1,-1,1,0,0,0,0,1,0,0,0,0,1,0,0,0,1,1,1,1,0,0,-1,1,1,0,1,1,"a lot of studies that found a significant result have not been successfully replicated ",0,1,1,"",1,"UKRN",1,1,6,0.375,3,0.375,2,3,1,1,1,1,1,1,1,1,1,1
155,"100",1177,"TRUE","UKRN01","Full-time","Yes","","3","Year 1","","","Bsc Psychology","No","Male",1,1,0,1,1,0,1,1,1,1,1,1,0,-1,1,1,1,1,0,1,1,0,0,0,0,0,1,0,0,1,1,1,2,1,1,-1,0,1,1,2,1,1,"Difficulty in replicating studies to verify findings",0,0,1,"None.",1,"UKRN",1,1,11,0.6875,7,0.875,4,4,1,1,1,1,1,1,1,1,1,1
156,"100",318,"TRUE","UKRN01","Full-time","Yes","","4","Year 1","","","Psychology ","Yes","Female",2,2,0,1,1,1,2,2,1,1,-1,2,0,-1,0,-1,1,1,0,1,1,0,0,0,0,0,1,0,0,1,1,1,2,1,1,1,-1,-2,-1,1,1,0,"Difficulties replicating research ",0,0,1,"",1,"UKRN",1,0,12,0.75,2,0.25,4,4,1,1,1,1,1,1,1,1,1,1
157,"100",382,"TRUE","UKRN01","Full-time","Yes","","4","Year 1","","","BSc Psychology","Yes","Female",2,2,2,1,0,1,-1,-1,1,1,2,1,1,0,-2,-2,0,0,1,1,0,1,1,1,0,0,0,0,0,0,1,0,2,1,0,-1,-2,0,2,2,1,0,"When there's issues with replicating a study",0,0,1,"",1,"UKRN",1,0,8,0.5,4,0.5,5,1,1,1,1,1,1,1,1,1,1,1
158,"100",1208,"TRUE","UKRN01","Full-time","No","","3","Year 1","","","Psychology","No","Female ",2,1,1,2,1,0,1,1,2,0,0,2,1,1,-1,-1,1,1,0,1,1,0,1,1,0,0,1,0,0,1,0,0,2,1,1,-1,-1,0,0,1,1,1,"Hard to replicate ",1,0,1,"",1,"UKRN",1,0,13,0.8125,3,0.375,6,2,1,1,1,1,1,1,1,1,1,1
159,"100",1870,"TRUE","UKRN01","Full-time","Yes","","4","Year 1","","","BSc Psychology","Yes","female",1,2,0,0,0,0,1,0,1,0,1,2,1,1,0,-1,0,0,1,1,1,1,0,1,0,0,0,1,0,0,0,0,1,1,0,-2,-1,1,1,0,0,NA,"",0,0,1,"",1,"UKRN",1,9999,9,0.5625,1,0.125,5,1,1,1,1,1,1,0,1,1,1,0
160,"100",344,"TRUE","UKRN01","Full-time","Yes","","4","Year 2","","","Psychology","Yes","female",1,1,1,1,0,1,2,1,2,-1,1,2,1,1,0,-1,0,0,1,0,0,0,1,1,0,0,1,0,0,0,0,0,-1,1,2,1,0,1,1,0,1,1,"when studies are repeated exactly but no significant results are found",0,0,1,"",1,"UKRN",1,1,13,0.8125,5,0.625,3,1,1,1,1,1,1,1,1,1,1,1
161,"100",301,"TRUE","UKRN01","Full-time","Yes","","4","Year 2","","","BSc Psychology","Yes","female",2,1,2,1,2,2,2,1,2,-1,2,1,0,0,-1,-2,0,0,1,1,1,1,1,1,1,1,0,0,0,0,0,0,-1,2,1,-1,-1,-1,2,2,1,0,"Unable to produce consistent results when studies are replicated, especially for papers which have significantly contributed to theories",0,0,1,"",1,"UKRN",1,1,14,0.875,3,0.375,6,2,1,1,1,1,1,1,1,1,1,1
162,"100",477,"TRUE","UKRN01","Full-time","No","","3","Year 1","","","BSc Psychology","Yes","Female",1,2,1,1,0,0,1,0,0,-1,1,1,1,1,0,0,0,0,1,0,0,0,0,1,0,0,0,0,0,0,0,0,1,1,1,1,0,1,1,1,0,NA,"",0,0,1,"",1,"UKRN",1,9999,9,0.5625,7,0.875,2,0,1,1,1,1,1,0,1,1,1,0
163,"100",653,"TRUE","UKRN01","Full-time","Yes","","4","Year 1","","","Psychology BSc","Yes","Female",2,1,0,1,1,1,2,1,2,0,2,2,-1,1,1,-1,1,1,0,0,1,0,1,0,0,0,1,1,0,1,0,1,1,1,-1,-1,-1,1,1,1,1,0,"When studies are unable to be replicated by other researchers",0,0,1,"",1,"UKRN",1,1,15,0.9375,2,0.25,4,4,1,1,1,1,1,1,1,1,1,1
164,"100",921,"TRUE","UKRN01","Full-time","Yes","","4","Year 2","","","Psychology (BSc)","Yes","Female",2,2,1,0,1,1,1,0,0,-1,2,1,1,1,1,-1,1,1,1,1,1,1,1,1,1,1,0,1,1,1,0,1,1,-1,0,0,0,0,1,0,1,1,"Is an ongoing crisis in witch they have found  that many scientific studies are impossible to  replicate",0,0,0,"",1,"UKRN",1,1,12,0.75,1,0.125,8,6,1,1,1,1,1,1,1,1,1,1
165,"100",598,"TRUE","UKRN01","Full-time","Yes","","4","Year 1","","","Psychology Bsc","Yes","Female",1,2,1,2,1,2,0,-1,0,-1,-2,2,-2,2,1,0,1,0,0,1,1,0,0,1,0,0,0,0,0,1,1,0,2,2,1,-2,0,1,2,1,1,1,"Older research which has served as the basis of well-accepted theories, has been reproduced more recently to find the results were not replicated- there is a worry that people haven't been publishing non-significant results in the past, so hypotheses seem significant and are accepted, which really are not.",0,0,1,"",1,"UKRN",1,1,8,0.5,7,0.875,4,2,1,1,1,1,1,1,1,1,1,1
166,"100",1308,"TRUE","UKRN01","Full-time","Yes","","3","Year 1","","","Psychology","Yes","Female",0,1,0,-2,0,0,1,2,1,-2,2,2,2,-1,-1,-2,1,1,0,1,1,0,1,0,0,0,1,0,0,1,0,1,-2,0,1,0,-2,0,0,0,1,1,"",0,1,1,"",1,"UKRN",1,9999,3,0.1875,-3,-0.375,5,3,1,1,1,1,1,1,1,1,1,0
167,"100",698,"TRUE","UKRN01","Full-time","Yes","","4","Year 1","","","Psychology BSc ","Yes","Female",1,0,0,1,1,0,1,1,1,0,2,2,0,2,-1,-2,1,0,0,0,0,0,1,0,0,0,1,0,0,0,0,1,1,1,1,2,-2,0,1,-1,0,NA,"",0,0,1,"",1,"UKRN",1,9999,9,0.5625,3,0.375,2,2,1,1,1,1,1,0,1,1,1,0
168,"100",634,"TRUE","UKRN01","Full-time","Yes","","3","Year 1","","","Bsc Psychology","No","Female",2,1,1,0,1,1,-1,1,1,-2,1,1,1,-1,0,0,0,0,0,0,0,0,0,1,0,0,0,0,0,0,0,0,0,1,0,-1,0,-1,1,1,1,0,"The difficulty of researchers to replicate prior studies",0,0,0,"",1,"UKRN",1,1,7,0.4375,1,0.125,1,0,1,1,1,1,1,1,1,1,1,1
169,"100",439,"TRUE","UKRN01","Full-time","Yes","","4","Year 1","","","Psychology","Yes","Female",0,2,0,-1,0,-1,0,-1,-2,-2,1,2,0,0,-2,0,0,0,1,0,0,0,0,0,0,0,1,0,0,0,0,0,-2,0,0,0,-1,0,0,-1,1,1,"",0,0,1,"",1,"UKRN",1,9999,-4,-0.25,-4,-0.5,1,1,1,1,1,1,1,1,1,1,1,0
170,"100",343,"TRUE","UKRN01","Full-time","Yes","","4","Year 1","","","BSc psychology","Yes","male",1,1,1,1,0,1,1,0,0,0,1,1,1,-1,-1,-1,0,0,1,0,0,1,0,1,1,1,0,1,1,0,1,0,1,1,1,-1,0,1,1,-1,0,NA,"",0,0,1,"",1,"UKRN",1,9999,6,0.375,3,0.375,3,5,1,1,1,1,1,0,1,1,1,0
171,"100",326,"TRUE","UKRN01","Full-time","Yes","","4","Year 1","","","Psychology ","Yes","Female",2,1,1,1,1,0,1,1,1,1,2,1,0,-1,-1,-1,1,1,1,0,1,1,1,0,0,0,1,1,0,0,0,1,1,1,1,-1,-1,-1,1,1,1,0,"When you are unable to replicate findings ",0,0,1,"",1,"UKRN",1,1,10,0.625,2,0.25,6,3,1,1,1,1,1,1,1,1,1,1
172,"100",300,"TRUE","UKRN01","Full-time","Yes","","4","Year 2","","","Psychology","Yes","female",2,2,2,2,2,2,2,2,2,2,2,2,1,1,-2,-2,1,0,1,0,0,1,1,1,0,0,1,0,0,0,0,0,2,2,2,0,-1,1,1,1,1,1,"Past studies are not being replicated successfully and current studies hve not even attempted replication",0,0,1,"",1,"UKRN",1,1,22,1.375,8,1,5,1,1,1,1,1,1,1,1,1,1,1
173,"100",633,"TRUE","UKRN01","Full-time","Yes","","4","Placement Year","","","BSc Psychology ","No","Female ",1,2,0,1,0,0,2,1,1,-1,1,2,0,0,0,0,0,0,1,1,0,0,1,1,0,0,1,0,0,0,0,0,1,0,-1,-1,1,1,1,-1,0,NA,"",0,0,1,"Its a bit confusing to answer the scenarios without more information. Like sharing the data online, its a bit iffy to share it without consent , but if the participant has been informed and consented, I can't see a problem with it ",1,"UKRN",1,9999,10,0.625,1,0.125,4,1,1,1,1,1,1,0,1,1,1,0
174,"100",318,"TRUE","UKRN01","Full-time","Yes","","4","Year 2","","","Psychology","Yes","Male",2,2,0,0,1,1,0,0,1,-1,1,2,0,1,-1,-1,1,1,1,0,0,1,0,1,0,0,1,0,0,1,0,0,1,-1,1,-1,-1,1,1,-1,1,1,"Many classic past studies have been redone and results have not been consistent.",0,0,1,"",1,"UKRN",1,1,8,0.5,0,0,5,2,1,1,1,1,1,1,1,1,1,1
175,"100",800,"TRUE","UKRN01","Full-time","Yes","","3","Year 1","","","Psychology BSc","Yes","Female",2,1,0,1,0,-1,-1,-1,1,-2,-2,1,1,-1,-2,-1,1,0,1,0,0,1,0,1,0,0,0,0,0,0,0,0,1,1,-1,-2,-2,1,0,0,1,1,"studies are difficult to replicate or not being reproduced, so we cannot take the data at face value.",1,1,1,"good study, raises important issues in psychology going on today.",1,"UKRN",1,1,-4,-0.25,-2,-0.25,4,0,1,1,1,1,1,1,1,1,1,1
176,"100",508,"TRUE","UKRN01","Full-time","Yes","","4","Placement Year","","","psychology Bsc","Yes","female",2,2,1,2,1,2,2,0,1,0,1,2,1,1,-1,-1,1,1,0,1,1,0,1,1,0,0,1,0,0,1,0,0,2,2,2,2,0,0,2,0,1,1,"the lack of replication of scientific studies leading to what could be thousands of inaccurate conclusions about psychology phenomena ",1,1,1,"",1,"UKRN",1,1,16,1,10,1.25,6,2,1,1,1,1,1,1,1,1,1,1
177,"100",715,"TRUE","UKRN01","Full-time","Yes","","4","Placement Year","","","Psychology","Yes","Male",2,2,1,0,1,-1,2,-1,2,0,1,1,1,-1,0,-1,1,1,1,1,1,1,1,1,0,0,0,0,0,0,0,0,-1,-1,1,-1,-2,1,0,2,1,1,"When the study is replicated it won't produce the same results",1,1,1,"",1,"UKRN",1,1,9,0.5625,-1,-0.125,8,0,1,1,1,1,1,1,1,1,1,1
178,"100",347,"TRUE","UKRN01","Full-time","Yes","","3","Year 2","","","BSc Psychology","Yes","Female",2,2,2,0,1,0,1,1,2,0,2,2,0,1,-2,-1,0,1,1,0,1,0,0,1,0,0,0,0,0,0,0,0,2,2,2,-1,-2,0,2,0,1,1,"Not being able to replicate research",1,1,1,"",1,"UKRN",1,0,13,0.8125,5,0.625,4,0,1,1,1,1,1,1,1,1,1,1
179,"100",556,"TRUE","UKRN01","Full-time","Yes","","3","Year 2","","","Psychology","No","Female",2,2,1,2,1,2,1,0,1,1,2,2,0,1,1,-1,0,0,0,0,0,0,0,0,1,0,1,0,0,1,1,1,-2,1,-2,0,-1,1,1,0,1,1,"There have been replications of many studies in which results were orginially found to be significant, but when it was replicated, results were found to be non-significant",1,0,1,"",1,"UKRN",1,1,18,1.125,-2,-0.25,0,5,1,1,1,1,1,1,1,1,1,1
180,"100",365,"TRUE","UKRN01","Full-time","Yes","","3","Year 1","","","Psychology","Yes","Female",1,1,1,1,0,0,2,-1,1,-1,2,1,1,-2,0,-1,1,1,1,0,0,1,0,1,0,0,0,1,1,0,1,0,2,1,1,-1,-2,0,1,1,0,NA,"",1,0,1,"no",1,"UKRN",1,9999,6,0.375,3,0.375,5,3,1,1,1,1,1,0,1,1,1,0
181,"100",301,"TRUE","UKRN01","Full-time","No","","3","Year 2","","","Psychology ","Yes","Female",1,1,1,1,1,-1,1,0,1,0,1,-1,0,0,-1,-1,1,1,0,1,1,0,1,0,0,0,1,0,0,1,0,1,1,1,1,0,-1,-1,1,1,1,1,"When studies weren’t deemed scientific because they hadn’t been replicated so they were replicated ",0,1,1,"",1,"UKRN",1,0,4,0.25,3,0.375,5,3,1,1,1,1,1,1,1,1,1,1
182,"100",838,"TRUE","UKRN01","Full-time","Yes","","4","Year 1","","","BSc Psychology","Yes","Female",1,1,0,1,0,0,0,0,1,0,1,1,1,0,-1,-1,1,0,1,0,0,1,0,1,0,0,1,0,0,0,0,1,-1,0,-2,-2,-2,-1,1,0,1,0,"Due to poor detail in research report it cane make replicating a study hard. This makes it hard when replicating the study to know if the results are different due to the method differences or because the results are inaccurate.",0,0,0,"",1,"UKRN",1,1,5,0.3125,-7,-0.875,4,2,1,1,1,1,1,1,1,1,1,1
183,"100",487,"TRUE","UKRN01","Full-time","Yes","","4","Year 1","","","BCs psychology ","No","female",2,0,1,-2,0,-1,1,1,1,-1,1,2,1,-1,0,0,0,0,0,1,1,0,0,0,1,1,1,0,0,1,1,1,2,-1,1,-2,-1,1,-1,-1,1,0,"when studies cant be replicated ",1,0,1,"",1,"UKRN",1,0,5,0.3125,-2,-0.25,2,6,1,1,1,1,1,1,1,1,1,1
184,"100",720,"TRUE","UKRN01","Full-time","Yes","","4","Year 2","","","Psychology","Yes","Female",2,2,2,1,1,1,2,2,0,1,2,2,2,2,0,-2,1,0,1,0,0,0,1,1,0,0,1,0,0,0,1,0,1,1,2,0,-1,0,0,1,1,1,"replications of pasy studies and not finding the same results",1,1,1,"",1,"UKRN",1,1,20,1.25,4,0.5,4,2,1,1,1,1,1,1,1,1,1,1
185,"100",264,"TRUE","UKRN01","Full-time","Yes","","3","Year 2","","","Psychology","Yes","female",1,1,1,1,1,1,1,-1,1,1,1,1,1,1,1,0,0,1,1,0,0,1,0,1,0,0,1,0,0,1,0,1,1,1,1,-1,-1,1,1,1,1,1,"Failure to reproduce previous studies/materials",0,0,1,"",1,"UKRN",1,1,13,0.8125,4,0.5,4,3,1,1,1,1,1,1,1,1,1,1
186,"100",735,"TRUE","UKRN01","Full-time","Yes","","4","Year 1","","","Psychology (BSc)","Yes","Male",2,1,2,2,1,0,0,-1,1,-2,1,2,0,-1,-1,-1,0,0,0,1,0,0,0,1,0,0,0,1,0,0,0,0,2,2,1,0,-2,-1,1,2,1,1,"Involves the issue of trying to replicate results from a certain study again and again",0,0,1,"",1,"UKRN",1,0,6,0.375,5,0.625,2,1,1,1,1,1,1,1,1,1,1,1
187,"100",531,"TRUE","UKRN01","Full-time","Yes","","4","Year 1","","","BSc Psychology","Yes","female",1,1,1,1,0,1,1,-1,1,0,2,1,1,-1,0,-1,1,1,1,1,0,1,1,1,0,0,1,1,0,1,0,1,1,-1,1,-2,-1,1,1,1,1,0,"that the results of many scientific studies cannot be reproduced and are likely to be wrong",0,0,1,"",1,"UKRN",1,1,8,0.5,1,0.125,7,4,1,1,1,1,1,1,1,1,1,1
188,"100",534,"TRUE","UKRN01","Full-time","No","","3","Year 1","","","BSc Psychology","Yes","Female",2,0,0,2,0,0,2,1,2,-2,2,1,1,0,2,0,0,0,1,0,0,1,0,0,0,0,1,1,0,0,0,1,2,1,2,-1,0,-1,0,0,1,0,"Difficulty in replicating a study.",0,0,1,"",1,"UKRN",1,0,13,0.8125,3,0.375,2,3,1,1,1,1,1,1,1,1,1,1
189,"100",835,"TRUE","UKRN01","Full-time","Yes","","4","Year 1","","","Psychology Bsc","Yes","female",1,1,1,1,-1,1,-1,-1,-1,1,1,1,2,1,-1,-1,0,0,1,0,0,1,1,1,0,0,1,0,0,1,0,0,1,1,-1,-1,-1,-1,1,1,0,NA,"",1,0,1,"",1,"UKRN",1,9999,5,0.3125,0,0,4,2,1,1,1,1,1,0,1,1,1,0
190,"100",444,"TRUE","UKRN01","Full-time","No","","3","Year 1","","","Psychology","Yes","Female",1,1,0,1,1,0,1,1,1,0,0,1,0,-1,1,1,1,1,1,1,1,1,1,1,0,0,0,0,0,0,0,0,1,1,-1,-1,0,0,0,1,0,NA,"",1,0,1,"",1,"UKRN",1,9999,9,0.5625,1,0.125,8,0,1,1,1,1,1,0,1,1,1,0
191,"100",347,"TRUE","UKRN01","Full-time","No","","3","Year 1","","","BSc Psychology","Yes","Female",2,2,2,2,2,-2,2,-2,2,2,2,2,2,-2,2,-2,1,1,1,1,1,1,1,1,1,0,0,0,0,0,0,1,2,2,2,0,0,0,-1,-1,0,NA,"",0,0,0,"No",1,"UKRN",1,9999,16,1,4,0.5,8,2,1,1,1,1,1,0,1,1,1,0
192,"100",405,"TRUE","UKRN01","Full-time","Yes","","4","Year 2","","","BSc Psychology","Yes","Female",1,2,1,1,0,1,2,0,1,1,1,1,1,1,0,-1,1,1,1,0,0,1,1,1,0,0,0,0,0,0,0,0,2,1,2,0,-1,0,1,1,1,1,"That lots of studies that have previously been done, when repeated the effect has not been significant or as strong as originally proposed.",0,0,1,"",1,"UKRN",1,1,13,0.8125,6,0.75,6,0,1,1,1,1,1,1,1,1,1,1
193,"100",343,"TRUE","UKRN01","Full-time","Yes","","4","Placement Year","","","Psychology BSc","No","female",2,1,-1,-1,1,1,2,-1,-1,-1,2,1,1,1,0,-1,1,1,1,0,0,0,0,1,0,0,0,0,0,0,1,0,1,1,1,-1,-1,-1,1,1,1,1,"results could not be replicated because of time changes and different contexts",0,0,1,"This was good to make sure I am up to data with research method knowledge and see where I lack",1,"UKRN",1,1,6,0.375,2,0.25,4,1,1,1,1,1,1,1,1,1,1,1
194,"100",440,"TRUE","UKRN01","Full-time","Yes","","4","Year 1","","","Bsc Psychology","Yes","Female",2,2,-1,2,1,1,2,1,2,2,1,2,1,-1,-2,-1,0,0,1,1,0,0,0,1,0,0,1,1,0,0,0,0,2,1,2,-2,-1,-1,2,1,0,NA,"",0,0,1,"",1,"UKRN",1,9999,14,0.875,4,0.5,3,2,1,1,1,1,1,0,1,1,1,0
195,"100",627,"TRUE","UKRN01","Full-time","Yes","","4","Year 2","","","Psychology","Yes","Female",2,1,1,1,1,1,2,2,1,1,0,2,1,1,-1,-1,0,0,1,0,0,0,1,1,0,0,1,0,0,0,0,0,1,1,1,1,0,0,1,1,1,0,"I'm not entirely sure, it gets mentioned but never gets explained",0,0,1,"",1,"UKRN",1,0,15,0.9375,6,0.75,3,1,1,1,1,1,1,1,1,1,1,1
196,"100",535,"TRUE","UKRN01","Full-time","Yes","","4","Placement Year","","","BSc Psychology","Yes","Female",2,2,1,2,2,2,2,1,1,-2,1,2,1,1,-1,-1,1,0,1,1,1,0,1,1,0,0,0,0,0,0,0,0,2,1,1,-1,-1,-1,1,1,1,1,"when studies are unable to replicate and find the same results as the previous study - lack of reliability ",0,0,1,"",1,"UKRN",1,1,16,1,3,0.375,6,0,1,1,1,1,1,1,1,1,1,1
197,"100",532,"TRUE","UKRN01","Full-time","Yes","","4","Year 1","","","Psychology Bcs","Yes","female",2,2,0,-1,2,0,1,1,-1,1,1,2,0,-1,-1,-1,1,1,1,1,0,1,0,1,0,0,1,0,0,1,0,1,1,-1,-1,-2,-1,1,0,1,0,NA,"",0,0,1,"",1,"UKRN",1,9999,7,0.4375,-2,-0.25,6,3,1,1,1,1,1,0,1,1,1,0
198,"100",315,"TRUE","UKRN01","Full-time","Yes","","4","Year 1","","","BSc psychology","Yes","Female",2,-1,2,2,2,2,2,1,2,-2,-1,2,-1,-2,2,1,1,1,0,0,1,1,1,0,0,0,1,1,0,0,0,1,2,1,-1,-2,1,2,1,1,0,NA,"",0,0,1,"",1,"UKRN",1,9999,13,0.8125,5,0.625,5,3,1,1,1,1,1,0,1,1,1,0
199,"100",712,"TRUE","UKRN01","Full-time","Yes","","4","Year 1","","","Psychology BSc","Yes","female",0,1,1,2,-1,0,1,1,2,2,1,2,1,-1,1,0,1,1,0,1,1,0,1,0,0,0,1,0,0,1,0,1,1,1,0,-1,-1,-1,0,1,1,1,"where people don't give enough information to other researchers to be able to replicate the study accurately",0,0,1,"",1,"UKRN",1,1,13,0.8125,0,0,5,3,1,1,1,1,1,1,1,1,1,1
200,"100",452,"TRUE","UKRN01","Full-time","Yes","","4","Year 2","","","psychology","Yes","female",1,2,1,0,1,1,1,1,2,1,1,2,1,0,0,-1,1,0,1,0,0,0,0,1,0,0,1,0,0,0,0,0,2,1,1,1,-1,0,0,1,0,NA,"",0,0,1,"",1,"UKRN",1,9999,14,0.875,5,0.625,3,1,1,1,1,1,1,0,1,1,1,0
201,"100",258,"TRUE","UKRN01","Full-time","Yes","","4","Year 2","","","Psychology BSc","Yes","Male",2,1,2,-2,2,1,1,0,1,-2,2,-2,2,-1,-1,-1,0,1,0,1,1,1,0,0,1,1,1,0,0,1,1,1,1,2,2,2,1,1,1,2,1,1,"studies are failing to be replicated to increase their validity ",1,1,1,"",1,"UKRN",1,1,5,0.3125,12,1.5,4,6,1,1,1,1,1,1,1,1,1,1
202,"100",303,"TRUE","UKRN01","Full-time","Yes","","4","Year 1","","","BSc psychology","Yes","female",0,2,0,2,2,2,1,-1,2,2,2,2,1,0,-1,-2,1,0,1,0,0,0,0,1,0,0,1,0,0,0,0,1,2,2,2,-2,-1,1,0,2,0,NA,"",1,0,1,"",1,"UKRN",1,9999,14,0.875,6,0.75,3,2,1,1,1,1,1,0,1,1,1,0
203,"100",1074,"TRUE","UKRN01","Full-time","No","","3","Year 1","","","Psychology Bsc","Yes","Female",2,1,2,1,1,0,2,0,1,1,1,2,-2,2,-1,-2,1,1,1,0,0,1,0,1,0,0,1,0,0,0,0,1,-1,2,0,-2,-1,-1,1,1,1,1,"When there are not enough replication studies conducted",0,0,1,"",1,"UKRN",1,0,11,0.6875,-1,-0.125,5,2,1,1,1,1,1,1,1,1,1,1
204,"100",411,"TRUE","UKRN01","Full-time","No","","3","Year 1","","","Psychology ","No","female",1,-1,0,0,0,0,1,0,0,-1,1,1,1,1,0,0,1,1,1,1,0,0,0,1,0,0,0,0,1,1,1,0,-1,-1,-1,0,-1,-1,1,0,0,NA,"",0,0,1,"",1,"UKRN",1,9999,4,0.25,-4,-0.5,5,3,1,1,1,1,1,0,1,1,1,0
205,"100",295,"TRUE","UKRN01","Full-time","Yes","","4","Year 1","","","Psychology Bsc","Yes","Female ",2,2,2,-1,0,1,-1,1,0,1,1,2,-1,1,-1,-1,1,1,1,0,1,1,1,0,0,0,0,1,0,0,0,1,1,0,0,-1,-2,1,0,0,1,0,"Psycbologists replicate their research until they find a desired result ",1,0,1,"",1,"UKRN",1,0,8,0.5,-1,-0.125,6,2,1,1,1,1,1,1,1,1,1,1
206,"100",334,"TRUE","UKRN01","Full-time","Yes","","4","Year 1","","","BSc Psychology with placement","Yes","Female",2,1,1,-1,1,-1,1,1,1,0,1,2,2,1,0,0,0,0,0,0,0,0,0,1,0,0,0,0,0,0,0,0,2,1,1,0,0,1,1,0,0,NA,"",0,0,1,"",1,"UKRN",1,9999,12,0.75,6,0.75,1,0,1,1,1,1,1,0,1,1,1,0
207,"100",616,"TRUE","UKRN01","Full-time","Yes","","4","Year 1","","","BSc Psychology","Yes","Female",2,1,1,0,1,0,0,1,-1,-1,1,2,1,1,-1,0,1,1,1,1,1,1,1,1,1,0,0,1,0,1,1,0,2,1,0,-2,-1,-1,2,2,0,NA,"",0,0,1,"",1,"UKRN",1,9999,8,0.5,3,0.375,8,4,1,1,1,1,1,0,1,1,1,0
208,"100",322,"TRUE","UKRN01","Full-time","Yes","","4","Year 2","","","Psychology","Yes","Female",1,1,1,0,1,1,2,1,-2,1,1,2,-1,2,-1,-1,0,0,1,1,0,1,1,0,0,0,1,1,0,0,1,0,1,1,1,-2,-2,-2,1,1,1,1,"Lots of experiments that were presented with significant results have been replicated but found to have non-significant results",0,0,1,"",1,"UKRN",1,1,9,0.5625,-1,-0.125,4,3,1,1,1,1,1,1,1,1,1,1
209,"100",274,"TRUE","UKRN01","Full-time","Yes","","4","Year 2","","","BSc Psychology","Yes","Male",2,0,1,-2,-1,0,2,2,1,-1,2,-1,0,-2,1,0,1,1,1,1,0,1,1,1,0,0,0,0,1,0,0,0,2,1,-1,1,2,-1,1,-1,1,1,"In current times, replications of older studies do not yield the same results",0,0,1,"",1,"UKRN",1,1,4,0.25,4,0.5,7,1,1,1,1,1,1,1,1,1,1,1
210,"100",393,"TRUE","UKRN01","Full-time","No","","3","Year 1","","","Psychology ","Yes","Female",2,1,-1,0,1,0,1,0,-1,-1,1,0,0,-1,1,0,1,1,1,0,0,0,0,1,1,0,1,0,0,0,0,1,2,1,0,-1,-1,-1,0,0,0,NA,"",0,0,1,"",1,"UKRN",1,9999,3,0.1875,0,0,4,3,1,1,1,1,1,0,1,1,1,0
211,"100",304,"TRUE","UKRN01","Full-time","Yes","","4","Year 2","","","Psychology BSc","Yes","Female",2,2,2,1,2,1,2,1,1,-1,1,2,1,1,-1,2,1,1,0,0,0,0,1,1,0,0,1,1,1,1,0,0,-1,1,1,0,1,1,1,0,1,1,"Where a significant number of studies from previous decades are being replicated today, and a large number of them are not producing the same results anymore. ",0,1,1,"",1,"UKRN",1,1,19,1.1875,4,0.5,4,4,1,1,1,1,1,1,1,1,1,1
212,"100",750,"TRUE","UKRN01","Full-time","Yes","","4","Year 1","","","BSc Psychology","Yes","female",1,1,1,0,1,1,2,1,0,-1,1,2,0,-1,-1,-1,1,1,1,1,1,1,1,0,0,0,0,0,0,0,0,1,-1,1,-1,-1,-1,0,1,0,0,NA,"",0,0,0,"",1,"UKRN",1,9999,7,0.4375,-2,-0.25,7,1,1,1,1,1,1,0,1,1,1,0
213,"100",596,"TRUE","UKRN01","Full-time","Yes","","4","Year 1","","","Psychology BSc (Hons)","Yes","Female",1,1,0,1,1,1,1,0,1,1,1,2,-1,1,-1,-1,0,0,1,0,0,0,0,1,0,0,0,0,0,0,0,0,1,1,0,-1,0,1,0,1,0,NA,"",0,0,0,"",1,"UKRN",1,9999,9,0.5625,3,0.375,2,0,1,1,1,1,1,0,1,1,1,0
214,"100",295,"TRUE","UKRN01","Full-time","No","","3","Year 2","","","psychology ","Yes","female ",2,2,1,0,1,0,1,-1,1,1,2,2,1,-1,-2,-1,0,0,0,0,0,0,0,1,1,1,1,0,0,1,0,0,1,0,1,-1,-1,0,1,1,0,NA,"",1,1,1,"",1,"UKRN",1,9999,9,0.5625,2,0.25,1,4,1,1,1,1,1,0,1,1,1,0
215,"100",500,"TRUE","UKRN01","Full-time","Yes","","4","Year 2","","","Psychology ","Yes","Male ",1,0,1,-2,0,1,2,-1,1,-1,1,-2,1,0,1,-2,1,1,1,0,0,1,0,1,1,1,1,0,0,0,0,0,1,-1,0,1,-1,2,-1,0,0,NA,"",0,0,0,"",1,"UKRN",1,9999,1,0.0625,1,0.125,5,3,1,1,1,1,1,0,1,1,1,0
216,"100",499,"TRUE","UKRN01","Full-time","No","","3","Year 1","","","psychology","No","female",1,2,0,2,1,2,1,1,1,1,1,2,1,0,0,0,0,0,1,0,0,0,0,1,0,0,0,0,0,0,0,0,2,2,1,-1,0,-1,1,1,0,NA,"",0,0,1,"",1,"UKRN",1,9999,16,1,5,0.625,2,0,1,1,1,1,1,0,1,1,1,0
217,"100",1092,"TRUE","UKRN01","Full-time","Yes","","4","Year 1","","","Psychology BSc","Yes","Female",2,2,1,-2,0,0,1,0,1,-1,2,2,0,2,-1,-1,1,1,1,0,0,0,0,1,0,0,1,0,0,0,0,0,1,0,1,-1,-1,1,1,-1,0,NA,"",0,0,0,"",1,"UKRN",1,9999,8,0.5,1,0.125,4,1,1,1,1,1,1,0,1,1,1,0
218,"100",829,"TRUE","UKRN01","Full-time","Yes","","4","Year 2","","","BSc Psychology","Yes","Female",2,2,1,1,1,1,1,-1,1,1,2,2,1,1,0,-2,1,1,1,0,1,0,0,1,0,0,1,1,0,1,1,1,2,1,1,-1,-2,1,1,1,1,1,"Lots of research hasn't been successfully replicated",0,1,1,"",1,"UKRN",1,1,14,0.875,4,0.5,5,5,1,1,1,1,1,1,1,1,1,1
219,"100",331,"TRUE","UKRN01","Full-time","Yes","","4","Year 2","","","Psychology ","Yes","Female",1,1,1,-1,-1,0,-1,1,1,-1,1,2,0,2,-1,-1,0,0,1,0,0,0,1,1,0,0,1,0,0,0,0,0,1,1,1,-1,-2,1,1,1,1,1,"A common issue in psychology where studies are made non-replicable for whatever reason e.g. sampling methods meaning that it is hard for other researchers to test the original studies' validity.",0,0,0,"",1,"UKRN",1,0,4,0.25,3,0.375,3,1,1,1,1,1,1,1,1,1,1,1
220,"100",426,"TRUE","UKRN01","Full-time","Yes","","4","Year 1","","","BSc Psychology ","Yes","Female",1,1,1,1,1,1,1,1,2,0,0,1,0,1,0,-1,1,1,1,1,1,1,0,0,1,0,1,0,0,0,0,1,1,1,1,-1,-1,1,0,1,1,0,"Issues Associated With Researchers Copying Other Research And Claiming It As Their Own",0,0,1,"Pretty Cool",1,"UKRN",1,0,11,0.6875,3,0.375,6,3,1,1,1,1,1,1,1,1,1,1
221,"100",672,"TRUE","UKRN01","Full-time","Yes","","4","Year 1","","","Psychology","Yes","female",2,2,1,0,0,0,1,0,1,0,1,2,1,-1,0,0,0,0,0,0,0,0,0,0,1,1,1,1,1,1,1,1,2,2,1,-1,0,1,0,0,1,1,"not having enough information to replicate a study and confirm its results",0,0,1,"no",1,"UKRN",1,1,10,0.625,5,0.625,0,8,1,1,1,1,1,1,1,1,1,1
222,"100",463,"TRUE","UKRN01","Full-time","Yes","","3","Placement Year","","","Psychology","Yes","Female",1,2,2,1,0,0,1,0,1,-2,2,2,2,2,1,-1,0,0,1,0,0,0,1,1,0,0,1,0,0,0,1,0,1,1,0,-1,-1,0,1,1,1,1,"The movement in social psychology due to previous studies not being replicable ",0,0,0,"",1,"UKRN",1,1,14,0.875,2,0.25,3,2,1,1,1,1,1,1,1,1,1,1
223,"100",363,"TRUE","UKRN01","Full-time","Yes","","4","Year 1","","","Psychology BSc","Yes","Female",1,1,0,1,0,0,1,1,0,0,1,2,0,1,-1,-1,0,0,1,0,0,1,0,1,1,1,0,1,1,0,1,0,2,2,1,-2,-1,0,1,1,0,NA,"",0,0,1,"",1,"UKRN",1,9999,7,0.4375,4,0.5,3,5,1,1,1,1,1,0,1,1,1,0
224,"100",708,"TRUE","UKRN01","Full-time","Yes","","4","Year 1","","","BSc Psychology","No","Male",1,2,1,2,1,0,1,-1,0,2,1,1,0,-1,1,-1,1,1,1,1,1,1,1,1,0,0,0,0,0,0,0,0,1,-1,2,-1,-1,1,1,1,0,NA,"",0,1,1,"",1,"UKRN",1,9999,10,0.625,3,0.375,8,0,1,1,1,1,1,0,1,1,1,0
225,"100",407,"TRUE","UKRN01","Full-time","No","","3","Year 2","","","Psychology BSc","Yes","Female",1,2,2,-1,1,2,2,2,-2,-1,1,1,0,-1,-1,-1,1,1,1,0,0,1,1,1,1,1,1,0,0,1,0,0,1,1,1,-2,-1,-2,0,0,0,NA,"",0,0,1,"",1,"UKRN",1,9999,7,0.4375,-2,-0.25,6,4,1,1,1,1,1,0,1,1,1,0
226,"100",369,"TRUE","UKRN01","Full-time","Yes","","4","Year 2","","","Psychology","Yes","f",-2,-1,1,-2,-2,-2,2,1,-1,1,2,1,2,1,-2,-2,0,0,0,0,1,1,0,0,1,0,1,0,0,0,0,1,2,-1,-2,-2,-2,-2,2,-1,0,NA,"",0,0,1,"",1,"UKRN",1,9999,-3,-0.1875,-6,-0.75,2,3,1,1,1,1,1,0,1,1,1,0
227,"100",668,"TRUE","UKRN01","Full-time","Yes","","4","Year 2","","","BSc Psychology","Yes","female",2,2,1,2,1,2,2,1,1,-2,1,-2,-2,2,-1,-1,1,0,0,1,0,0,0,0,0,1,1,0,1,1,0,1,2,1,1,2,-1,-1,0,1,0,NA,"",1,0,1,"",1,"UKRN",1,9999,9,0.5625,5,0.625,2,5,1,1,1,1,1,0,1,1,1,0
228,"100",341,"TRUE","UKRN01","Full-time","Yes","","4","Year 2","","","Psychology","Yes","Female",2,1,1,-1,1,2,2,-1,2,2,2,2,1,1,2,-1,0,0,1,0,0,0,0,1,0,0,0,0,0,0,0,0,2,2,1,0,-1,0,1,1,0,NA,"",0,0,1,"",1,"UKRN",1,9999,18,1.125,6,0.75,2,0,1,1,1,1,1,0,1,1,1,0
229,"100",468,"TRUE","UKRN01","Full-time","Yes","","4","Year 1","","","Psychology BSc","Yes","Female ",1,1,0,1,1,0,0,-1,-1,-1,1,2,0,-1,-1,1,0,1,1,1,1,0,0,0,1,0,0,0,0,1,1,1,1,1,1,-1,-1,0,1,0,0,NA,"",0,0,1,"",1,"UKRN",1,9999,3,0.1875,2,0.25,4,4,1,1,1,1,1,0,1,1,1,0
230,"100",364,"TRUE","UKRN01","Full-time","Yes","","4","Placement Year","","","BSc Psychology","Yes","Female",1,1,1,0,1,0,1,0,-1,0,1,2,1,2,0,-1,0,0,0,0,0,0,0,0,0,0,0,0,0,0,0,0,1,1,1,0,-1,1,1,-1,1,1,"Inability to replicate/reproduce the same results of previous research, including classic/well known research",0,0,1,"",1,"UKRN",1,1,9,0.5625,3,0.375,0,0,1,1,1,1,1,1,1,1,1,1
231,"100",4998,"TRUE","UKRN01","Full-time","Yes","","4","Year 1","","","BSc Psychology ","Yes","Female",2,1,1,1,2,1,-1,-1,1,-2,2,2,0,2,-1,-2,0,0,0,1,0,1,0,1,0,0,0,1,0,1,0,0,2,2,1,-1,-1,1,1,-1,0,NA,"",0,0,1,"",1,"UKRN",1,9999,8,0.5,4,0.5,3,2,1,1,1,1,1,0,1,1,1,0
232,"100",456,"TRUE","UKRN01","Full-time","Yes","","4","Placement Year","","","Psychology BSc","Yes","Female",1,2,1,1,1,1,2,2,-1,-2,1,2,1,2,-1,-1,0,0,0,0,0,0,1,1,0,0,0,0,0,0,1,0,2,1,1,-1,-1,1,1,1,0,NA,"",0,0,1,"",1,"UKRN",1,9999,12,0.75,5,0.625,2,1,1,1,1,1,1,0,1,1,1,0
233,"100",438,"TRUE","UKRN01","Full-time","Yes","","4","Year 2","","","Psychology","Yes","female",2,1,1,1,0,1,1,1,1,-1,1,1,0,1,1,-1,1,1,0,1,1,0,0,0,0,0,1,0,0,1,1,1,1,1,1,0,0,1,1,1,1,1,"Many studies have shown a significant effect but there is lack of replication of those studies, many studies cannot be reproduced",0,0,1,"",1,"UKRN",1,1,11,0.6875,6,0.75,4,4,1,1,1,1,1,1,1,1,1,1
234,"100",857,"TRUE","UKRN01","Full-time","Yes","","4","Year 1","","","BSc Psychology","Yes","Female",1,1,0,-1,1,-1,-1,-1,1,-1,2,1,0,-1,1,1,0,0,1,0,0,1,0,1,0,0,0,0,0,0,0,1,1,1,-1,-1,0,1,1,1,1,1,"Researchers find it difficult to replicate research ",0,0,1,"",1,"UKRN",1,0,3,0.1875,3,0.375,3,1,1,1,1,1,1,1,1,1,1,1
235,"100",337,"TRUE","UKRN01","Full-time","No","","3","Year 2","","","Psychology","Yes","female",2,0,1,0,1,0,1,0,1,-2,1,-1,0,-1,2,0,1,1,1,1,0,1,1,1,0,0,0,0,1,0,0,0,-2,1,1,-1,0,1,-2,1,0,NA,"",1,0,1,"",1,"UKRN",1,9999,5,0.3125,-1,-0.125,7,1,1,1,1,1,1,0,1,1,1,0
236,"100",507,"TRUE","UKRN01","Full-time","Yes","","4","Placement Year","","","Psychology","Yes","Female",2,2,2,0,1,0,2,2,2,0,1,1,0,1,-1,-1,0,0,1,0,0,0,1,1,0,0,1,0,0,0,1,1,1,1,2,-2,-1,0,1,0,1,0,"Many studies in psychological research are difficult or impossible to replicate",1,0,1,"",1,"UKRN",1,0,14,0.875,2,0.25,3,3,1,1,1,1,1,1,1,1,1,1
237,"100",278,"TRUE","UKRN01","Full-time","Yes","","4","Year 1","","","Bsc Psychology","Yes","Female ",2,1,1,2,1,0,2,0,1,0,0,2,1,0,-1,-2,1,0,1,1,0,1,0,1,0,0,1,0,0,0,0,0,1,0,0,-2,-2,0,0,1,0,NA,"",0,0,1,"",1,"UKRN",1,9999,10,0.625,-2,-0.25,5,1,1,1,1,1,1,0,1,1,1,0
238,"100",429,"TRUE","UKRN01","Full-time","Yes","","4","Year 2","","","Psychology ","No","Female",2,2,2,2,2,2,2,2,2,2,2,2,2,2,-2,-1,1,0,1,1,1,0,1,1,0,1,0,0,0,1,0,0,2,2,2,2,0,2,2,2,1,1,"In social sciences many of the classical studies and their associated effects has been found to be non significant in a mass replication. ",1,1,1,"",1,"UKRN",1,1,25,1.5625,14,1.75,6,2,1,1,1,1,1,1,1,1,1,1
239,"100",352,"TRUE","UKRN01","Full-time","Yes","","4","Year 2","","","Psychology","Yes","Male",2,2,2,2,1,2,2,2,2,2,2,2,1,2,-1,-1,1,1,1,1,1,1,1,1,1,0,1,0,0,0,1,1,2,2,2,2,1,2,2,2,1,1,"Historical social science significant findings have not been able to be replicated with recent attempts, questioning the validity of the results and of social science as a whole",1,1,1,"no",1,"UKRN",1,1,24,1.5,15,1.875,8,4,1,1,1,1,1,1,1,1,1,1
240,"100",480,"TRUE","UKRN01","Full-time","No","","3","Year 1","","","Psychology","Yes","Female",1,1,0,1,-1,1,1,1,1,1,1,1,0,-1,0,1,1,0,1,1,1,0,1,1,1,0,0,0,0,0,0,1,1,1,1,-1,0,1,1,1,0,NA,"",0,0,1,"",1,"UKRN",1,9999,9,0.5625,5,0.625,6,2,1,1,1,1,1,0,1,1,1,0
241,"100",1251,"TRUE","UKRN01","Full-time","Yes","","4","Year 1","","","psychology ","Yes","female ",2,2,-1,-1,0,1,1,-1,0,0,2,1,1,-1,-2,-2,1,1,1,1,1,1,1,0,0,0,0,0,0,0,0,1,1,1,0,-1,-2,-1,1,1,0,NA,"",0,0,1,"",1,"UKRN",1,9999,2,0.125,0,0,7,1,1,1,1,1,1,0,1,1,1,0
242,"100",2481,"TRUE","UKRN01","Full-time","Yes","","3","Year 2","","","psychology Bsc","No","female",1,0,1,1,0,1,1,0,1,-2,2,-1,0,-1,1,1,0,0,0,1,1,1,1,0,1,1,1,0,0,0,1,1,1,1,1,-1,0,1,1,1,1,0,"that many studies can't be replicated because it is difficult or impossible to replicate",0,0,1,"",1,"UKRN",1,0,6,0.375,5,0.625,4,5,1,1,1,1,1,1,1,1,1,1
243,"100",588,"TRUE","UKRN01","Full-time","No","","3","Year 1","","","Psychology BSc","No","Female",2,2,2,0,2,0,2,-1,2,-2,2,2,-1,-2,-1,-2,1,1,1,1,0,1,0,1,0,0,1,1,0,1,0,1,2,1,2,-2,-2,-1,2,1,1,0,"Older established theories not supported by replication studies. ",0,0,1,"n/a",1,"UKRN",1,1,7,0.4375,3,0.375,6,4,1,1,1,1,1,1,1,1,1,1
244,"100",473,"TRUE","UKRN01","Full-time","Yes","","4","Placement Year","","","Psychology BSc","Yes","Female",2,1,1,1,1,0,1,-1,-1,1,1,2,1,2,-1,0,1,1,1,1,1,1,1,1,0,0,1,0,0,1,0,0,1,0,1,1,0,1,1,1,1,0,"Where studies that are replicated have different results than the original. ",0,0,1,"",1,"UKRN",1,1,11,0.6875,6,0.75,8,2,1,1,1,1,1,1,1,1,1,1
245,"100",814,"TRUE","UKRN01","Full-time","Yes","","4","Year 1","","","Psychology BSc","No","female",2,1,1,1,1,1,2,1,1,0,1,2,0,-1,0,0,0,0,0,0,0,0,0,0,0,0,0,0,0,0,0,0,1,1,1,0,1,1,1,1,0,NA,"",0,0,1,"Have a nice day!",1,"UKRN",1,9999,13,0.8125,7,0.875,0,0,1,1,1,1,1,0,1,1,1,0
246,"100",291,"TRUE","UKRN01","Full-time","Yes","","4","Year 1","","","Psychology","Yes","Female",1,1,1,1,0,1,1,1,1,-2,-1,2,1,-2,-1,-1,0,0,0,0,0,0,0,1,0,0,0,0,0,0,0,0,2,2,-1,-2,-2,0,0,1,0,NA,"",0,0,1,"",1,"UKRN",1,9999,4,0.25,0,0,1,0,1,1,1,1,1,0,1,1,1,0
247,"100",535,"TRUE","UKRN01","Full-time","Yes","","4","Placement Year","","","Bsc Psychology","No","Male",2,2,1,2,1,1,2,1,1,2,2,2,1,2,0,1,1,1,1,1,1,1,1,1,1,1,1,1,1,1,1,0,2,1,1,2,1,1,1,1,1,1,"studies failing to replicate at an alarming rate, in wider research but most notably in psychology. Perhaps this is just science taking it's course.",1,1,1,"",1,"UKRN",1,0,23,1.4375,10,1.25,8,7,1,1,1,1,1,1,1,1,1,1
248,"100",585,"TRUE","UKRN01","Full-time","Yes","","4","Placement Year","","","psychology","Yes","Male ",1,0,1,-1,1,-1,1,2,0,-1,1,-1,0,-1,-1,-1,0,0,1,0,0,1,0,0,1,1,0,1,1,0,1,1,-1,1,1,-1,-1,1,0,1,0,NA,"",0,1,1,"no additional comments",1,"UKRN",1,9999,0,0,1,0.125,2,6,1,1,1,1,1,0,1,1,1,0
249,"100",1188,"TRUE","UKRN01","Full-time","Yes","","4","Year 1","","","BSc Psychology","Yes","Male",0,1,1,2,0,0,2,0,1,-2,-1,2,1,1,-1,0,0,0,0,0,0,0,0,1,0,0,0,0,0,0,0,0,2,2,2,-1,-1,-2,1,2,1,0,"Many studies in Psychology have not been replicated or have failed to be replicated. ",0,0,0,"",1,"UKRN",1,1,7,0.4375,5,0.625,1,0,1,1,1,1,1,1,1,1,1,1
250,"100",351,"TRUE","UKRN01","Full-time","Yes","","4","Year 1","","","Psychology","Yes","Female",1,2,1,2,1,1,1,1,1,-1,1,2,0,2,0,0,1,1,1,1,1,1,0,1,0,0,0,0,0,0,1,0,2,2,1,-2,-1,1,-1,1,1,0,"Not enough studies are being replicated",1,0,1,"",1,"UKRN",1,0,15,0.9375,3,0.375,7,1,1,1,1,1,1,1,1,1,1,1
251,"100",539,"TRUE","UKRN01","Full-time","Yes","","4","Final Year","","","Psychology BSc","Yes","Female",2,1,1,1,0,1,2,1,1,0,0,2,0,-1,0,0,0,0,0,0,0,0,1,1,0,0,1,1,0,1,0,0,2,1,2,0,1,1,0,1,1,1,"A lot of replicated studies aren't producing the same results ",0,0,1,"",1,"UKRN",1,1,11,0.6875,8,1,2,3,1,1,1,1,1,1,1,1,1,1
252,"100",1128,"TRUE","UKRN01","Full-time","Yes","","3","Year 2","","","Psychology BSc ","No","Female",2,1,1,1,0,1,1,0,-1,-2,1,1,-1,1,-2,-2,0,0,0,0,1,1,1,0,1,1,1,1,0,0,0,1,1,1,-2,-2,-1,-1,1,-1,0,NA,"",0,0,1,"",1,"UKRN",1,9999,2,0.125,-4,-0.5,3,5,1,1,1,1,1,0,1,1,1,0
253,"100",279,"TRUE","UKRN01","Full-time","No","","3","Year 1","","","Psychology","Yes","Female",2,2,1,0,2,2,1,-2,1,0,2,2,2,-1,-1,-1,0,0,1,1,1,1,0,1,0,0,1,0,0,1,0,1,1,1,1,0,-1,1,2,2,0,NA,"",0,0,1,"",1,"UKRN",1,9999,12,0.75,7,0.875,5,3,1,1,1,1,1,0,1,1,1,0
254,"100",285,"TRUE","UKRN01","Full-time","Yes","","4","Placement Year","","","Bsc Psychology","No","Female",2,2,1,-1,1,1,1,1,-1,1,1,1,1,-1,1,-2,1,0,0,0,0,0,0,1,0,0,1,0,0,0,0,0,1,-1,1,-1,-1,-1,1,-1,0,NA,"",0,0,1,"",1,"UKRN",1,9999,9,0.5625,-2,-0.25,2,1,1,1,1,1,1,0,1,1,1,0
255,"100",864,"TRUE","UKRN01","Full-time","No","","3","Year 1","","","Psychology Bsc (Hons)","Yes","Female",1,1,0,1,1,1,1,1,1,-1,1,2,1,-1,0,-1,0,0,1,1,0,1,1,1,0,0,0,0,0,0,0,0,0,0,1,0,-1,0,1,0,0,NA,"",0,0,1,"",1,"UKRN",1,9999,9,0.5625,1,0.125,5,0,1,1,1,1,1,0,1,1,1,0
256,"100",405,"TRUE","UKRN01","Full-time","Yes","","4","Placement Year","","","Psychology","Yes","Female",2,2,1,-1,0,1,2,0,1,0,1,2,0,-1,1,-1,1,0,0,0,0,0,0,1,0,0,1,0,0,1,1,0,2,1,-2,-2,0,0,2,1,0,NA,"",0,0,1,"",1,"UKRN",1,9999,10,0.625,2,0.25,2,3,1,1,1,1,1,0,1,1,1,0
257,"100",497,"TRUE","UKRN01","Full-time","Yes","","4","Year 1","","","Psychology BSc","Yes","Female",1,2,0,-1,0,0,1,0,1,-2,1,1,1,1,0,1,0,0,0,0,0,0,0,1,0,0,0,0,0,0,0,0,1,1,1,0,0,0,-1,0,0,NA,"",0,0,0,"",1,"UKRN",1,9999,7,0.4375,2,0.25,1,0,1,1,1,1,1,0,1,1,1,0
258,"100",511,"TRUE","UKRN01","Full-time","No","","2","Year 2","","","Psychology BSc","Yes","Female",1,2,1,1,1,1,1,1,1,0,2,2,0,-1,-1,-2,1,1,0,1,1,0,0,0,0,0,1,0,0,1,1,1,2,0,0,-1,-2,1,2,1,1,1,"When studies are replicated they do not produce the same results that were found initially",0,1,1,"",1,"UKRN",1,1,10,0.625,3,0.375,4,4,1,1,1,1,1,1,1,1,1,1
259,"100",807,"TRUE","UKRN01","Full-time","Yes","","4","Placement Year","","","Psychology","Yes","Female",1,1,1,-1,1,0,-1,-1,0,-1,1,1,1,-1,-1,-1,0,0,1,0,0,1,1,1,0,0,1,0,0,1,1,0,2,1,-1,-1,-1,1,1,1,1,1,"Most classic/ early studies in social psychology are not replicable or reliable",0,0,1,"",1,"UKRN",1,1,0,0,3,0.375,4,3,1,1,1,1,1,1,1,1,1,1
260,"100",438,"TRUE","UKRN01","Full-time","Yes","","4","Placement Year","","","Psychology BSc","Yes","Female",1,2,-1,1,1,2,2,0,-2,-1,2,2,0,2,-1,0,0,0,1,0,0,1,0,1,1,1,0,1,1,0,1,0,1,1,0,-2,-1,0,2,0,1,1,"A lot of research is being published and made out to be true but when replicated the results are different",0,0,1,"",1,"UKRN",1,1,10,0.625,1,0.125,3,5,1,1,1,1,1,1,1,1,1,1
261,"100",468,"TRUE","UKRN01","Full-time","Yes","","4","Year 1","","","Psychology","Yes","female",1,2,1,0,1,1,2,2,1,1,1,2,-1,2,1,-1,1,1,1,0,1,1,1,1,0,0,0,1,0,0,0,0,1,0,1,-1,-1,1,-1,1,1,0,"not enough studies being replicated",0,0,1,"",1,"UKRN",1,0,16,1,1,0.125,7,1,1,1,1,1,1,1,1,1,1,1
262,"100",439,"TRUE","UKRN01","Full-time","No","","3","Year 2","","","psychology","Yes","female",1,2,1,1,1,0,1,1,1,0,1,2,1,1,-1,-1,1,0,1,1,0,1,1,1,0,0,1,0,0,0,0,0,2,2,1,2,-1,-1,1,0,1,1,"a project designed to ensure empirical findings can be replicated and are therefore valid/reliable",1,1,1,"",1,"UKRN",1,0,12,0.75,6,0.75,6,1,1,1,1,1,1,1,1,1,1,1
263,"100",1008,"TRUE","UKRN01","Full-time","Yes","","3","Year 2","","","Psychology BSc","No","Female",2,2,1,2,-1,0,1,-1,-1,-2,1,1,1,-1,-2,1,1,1,1,0,0,0,0,1,0,1,1,0,0,0,0,1,1,1,1,-1,-1,-1,1,-1,0,NA,"",1,1,1,"",1,"UKRN",1,9999,4,0.25,0,0,4,3,1,1,1,1,1,0,1,1,1,0
264,"100",299,"TRUE","UKRN01","Full-time","Yes","","3","Year 2","","","Psychology BSc","No","Female",1,1,1,1,1,1,1,-1,1,1,2,1,1,-1,-1,-1,1,1,1,1,1,1,1,1,1,1,1,1,1,1,1,1,1,1,-1,-1,-1,1,1,1,1,0,"",1,1,1,"",1,"UKRN",1,9999,9,0.5625,2,0.25,8,8,1,1,1,1,1,1,1,1,1,0
265,"100",614,"TRUE","UKRN01","Full-time","Yes","","3","Year 2","","","Psychology BSc","No","Female",1,1,1,1,1,1,1,-1,1,1,2,1,-1,1,-1,-1,1,1,1,1,1,1,1,1,1,1,1,0,0,1,0,1,1,1,1,1,-1,1,1,1,1,0,"",1,1,1,"",1,"UKRN",1,9999,9,0.5625,6,0.75,8,5,1,1,1,1,1,1,1,1,1,0
266,"100",488,"TRUE","UKRN01","Full-time","Yes","","4","Placement Year","","","BSc Psychology with placement year","Yes","female",2,1,1,1,1,0,-1,-1,0,-1,1,2,0,1,-1,-1,1,1,1,1,0,1,1,1,1,0,1,0,0,1,1,0,-1,-1,1,-1,2,-1,-1,0,1,1,"many studies are difficult to replicate/reproduce",0,0,1,"",1,"UKRN",1,0,5,0.3125,-2,-0.25,7,4,1,1,1,1,1,1,1,1,1,1
267,"100",336,"TRUE","UKRN01","Full-time","Yes","","4","Year 1","","","Psychology","Yes","Female",2,1,1,0,0,1,2,-1,1,0,-1,2,1,-1,0,-1,0,0,0,1,1,1,0,0,0,0,1,0,0,0,0,1,1,-1,1,0,-1,1,0,1,1,0,"Many results can't be replicated so likely wrong",0,0,1,"",1,"UKRN",1,1,7,0.4375,2,0.25,3,2,1,1,1,1,1,1,1,1,1,1
268,"100",319,"TRUE","UKRN01","Full-time","Yes","","4","Year 2","","","Bsc Psychology","Yes","female",1,2,1,1,1,0,1,-1,2,1,1,2,1,-1,-1,-1,1,0,1,0,1,1,1,1,0,0,0,0,0,0,0,0,2,1,1,-2,-1,-1,1,0,1,1,"the inability to find consistent results for a given phenomena, i.e. following a procedure and not being able to find the same results as the original",1,1,1,"",1,"UKRN",1,1,10,0.625,1,0.125,6,0,1,1,1,1,1,1,1,1,1,1
269,"100",816,"TRUE","UKRN01","Full-time","Yes","","4","Year 1","","","Psychology","Yes","Female",1,0,1,-1,1,1,1,1,1,0,1,1,0,-1,-1,-1,1,1,0,1,1,1,1,0,0,0,1,0,0,0,0,1,-1,-1,-1,-1,-1,0,1,-1,0,NA,"",0,0,1,"",1,"UKRN",1,9999,5,0.3125,-5,-0.625,6,2,1,1,1,1,1,0,1,1,1,0
270,"100",411,"TRUE","UKRN01","Full-time","Yes","","4","Year 1","","","Psychology","Yes","Female",2,1,0,-1,1,1,1,1,0,-1,1,2,1,-1,0,-1,0,0,0,0,0,1,0,1,0,0,1,0,0,0,0,0,0,0,1,0,-1,1,1,1,0,NA,"",1,0,1,"",1,"UKRN",1,9999,7,0.4375,3,0.375,2,1,1,1,1,1,1,0,1,1,1,0
271,"100",266,"TRUE","UKRN01","Full-time","Yes","","4","Year 1","","","Psychology ","Yes","Female ",1,2,1,1,0,1,0,0,0,1,1,2,1,-1,-1,-1,0,0,0,0,0,0,0,1,0,0,0,0,0,0,0,0,2,2,-1,-2,-1,-1,-1,1,1,0,"",0,0,1,"",1,"UKRN",1,9999,8,0.5,-1,-0.125,1,0,1,1,1,1,1,1,1,1,1,0
272,"100",658,"TRUE","UKRN01","Full-time","Yes","","4","Year 1","","","Psychology ","Yes","Female",1,1,1,1,1,1,1,0,1,-1,1,1,1,-1,0,-1,1,1,1,1,1,1,1,0,0,0,0,0,0,0,0,1,1,1,-1,-1,-2,0,1,1,0,NA,"",0,0,1,"",1,"UKRN",1,9999,8,0.5,0,0,7,1,1,1,1,1,1,0,1,1,1,0
273,"100",364,"TRUE","UKRN01","Full-time","Yes","","4","Year 1","","","Psychology","Yes","Male",1,1,1,0,1,1,2,1,2,-1,2,2,-1,0,0,-1,0,0,1,1,0,0,0,1,1,1,0,0,1,1,1,0,1,1,1,-1,-2,1,1,1,0,NA,"",0,0,1,"",1,"UKRN",1,9999,11,0.6875,3,0.375,3,5,1,1,1,1,1,0,1,1,1,0
274,"100",777,"TRUE","UKRN01","Full-time","No","","3","Year 2","","","Undergraduate Psychology","No","Female",1,1,1,1,2,1,2,1,2,2,1,2,2,0,-1,-2,1,0,0,1,1,1,0,1,0,1,1,0,0,0,1,1,0,0,2,0,0,0,1,0,1,1,"the idea that a lot of studies cannot be replicated due to researchers publishing the most interesting significant results and ignoring those studies that have been found to be non significant.",1,1,1,"",1,"UKRN",1,1,16,1,3,0.375,5,4,1,1,1,1,1,1,1,1,1,1
275,"100",1151,"TRUE","UKRN01","Full-time","Yes","","4","Year 1","","","psychology ","Yes","female",1,2,1,1,1,1,1,1,1,1,-1,2,0,-1,1,-1,0,0,0,0,0,0,0,0,0,0,0,0,0,0,0,0,1,1,1,1,-1,-1,-1,1,0,NA,"",0,0,1,"",1,"UKRN",1,9999,11,0.6875,2,0.25,0,0,1,1,1,1,1,0,1,1,1,0
276,"100",19615,"TRUE","UKRN01","Full-time","Yes","","4","Year 1","","","psychology ","Yes","female ",0,2,1,-1,1,1,1,0,1,-1,1,2,1,-1,-1,0,0,0,0,0,0,0,0,1,0,0,0,0,0,0,0,1,1,1,1,-1,-1,-1,1,1,0,NA,"",0,0,1,"",1,"UKRN",1,9999,7,0.4375,2,0.25,1,1,1,1,1,1,1,0,1,1,1,0
277,"100",74549,"TRUE","UKRN01","Full-time","Yes","","4","Year 1","","","psychology bsc","Yes","female",2,2,1,-1,1,2,1,-1,1,0,1,1,1,-1,1,1,0,0,0,0,1,0,1,1,1,1,1,1,0,1,0,1,1,-1,1,0,1,1,-1,1,0,NA,"",0,0,1,"",1,"UKRN",1,9999,12,0.75,3,0.375,3,6,1,1,1,1,1,0,1,1,1,0
278,"100",370,"TRUE","UKRN01","Full-time","Yes","","4","Year 1","","","Psychology","Yes","Female",2,2,0,1,1,2,2,1,2,-2,2,2,0,2,-2,-2,0,0,0,0,0,1,0,1,0,0,0,0,0,1,0,0,2,1,1,-1,-2,1,2,0,1,0,"When studies replicated do not reproduce the same results as the original study due to effects such as demand characteristics",0,0,1,"",1,"UKRN",1,1,13,0.8125,4,0.5,2,1,1,1,1,1,1,1,1,1,1,1
279,"100",307,"TRUE","UKRN01","Full-time","Yes","","4","Year 1","","","psychology bsc","Yes","female",1,-1,1,0,1,-1,1,-1,1,0,1,-1,1,1,1,0,0,0,0,0,1,0,1,1,1,1,1,1,0,1,0,1,1,-1,1,0,0,1,-1,1,0,NA,"",0,0,1,"",1,"UKRN",1,9999,5,0.3125,2,0.25,3,6,1,1,1,1,1,0,1,1,1,0
280,"100",453,"TRUE","UKRN01","Full-time","Yes","","3","Year 1","","","Psychology BSc","Yes","female",0,2,0,1,1,1,1,1,1,1,0,2,0,-2,0,-1,1,0,1,0,0,1,0,1,0,0,0,0,0,1,0,1,1,0,1,0,-1,0,1,1,0,NA,"",0,0,0,"",1,"UKRN",1,9999,8,0.5,3,0.375,4,2,1,1,1,1,1,0,1,1,1,0
281,"100",288,"TRUE","UKRN01","Full-time","Yes","","4","Year 1","","","Psychology Bsc","Yes","Female",2,1,1,1,1,1,1,-1,0,-1,1,1,0,0,-1,-2,1,1,0,1,1,1,1,1,0,0,1,0,0,0,0,0,1,0,1,0,-2,1,1,1,0,NA,"",0,0,1,"",1,"UKRN",1,9999,5,0.3125,3,0.375,7,1,1,1,1,1,1,0,1,1,1,0
282,"100",522,"TRUE","UKRN06","Full-time","No","","3","Year 2","","","BSc Psychology ","Yes","Female ",2,1,2,-1,2,2,1,1,2,-1,1,2,1,2,-1,-1,0,0,0,1,1,0,0,0,1,1,1,0,0,1,1,1,1,2,2,0,-1,1,2,1,1,1,"Not enough previous pieces of research have the information available for people to replicate the studies - many studies published journals that have been replicated have also not been able to be reproduced.  ",1,1,1,"",1,"UKRN",1,1,15,0.9375,8,1,2,6,1,1,1,1,1,1,1,1,1,1
283,"100",616,"TRUE","UKRN06","Full-time","No","","3","Year 1","","","Psychology","No","Female",2,1,2,2,2,2,2,2,2,1,1,1,2,-1,-1,-1,1,1,1,0,0,1,0,1,0,0,1,0,0,0,0,0,2,2,1,1,-1,1,1,2,1,1,"Many psychology studies are being replicated and the results do not show what the original study claims to show. ",1,1,1,"",1,"UKRN",1,1,19,1.1875,9,1.125,5,1,1,1,1,1,1,1,1,1,1,1
284,"100",538,"TRUE","UKRN06","Full-time","No","","3","Year 2","","","Psychology BSc","Yes","Female",0,1,1,0,0,1,1,1,0,1,-1,2,-1,0,-1,-1,1,1,1,1,0,1,1,1,0,0,0,0,1,0,0,0,1,-1,1,-1,-2,1,0,0,1,1,"Meta-analyses of journals shows a very low percentage to reproduce the original results found.",0,0,1,"",1,"UKRN",1,1,4,0.25,-1,-0.125,7,1,1,1,1,1,1,1,1,1,1,1
285,"100",1726,"TRUE","UKRN06","Full-time","Yes","","3","Placement Year","","","BSc Experimental Psychology","Yes","f",1,1,1,2,2,2,0,2,2,2,1,2,1,2,-1,0,1,1,1,1,1,1,1,1,0,1,1,1,1,1,0,0,1,2,1,2,1,-1,2,1,1,1,"the fact that many psychology-based studies are not easily replicated which undermines the validity of the results in the first place",0,1,1,"",1,"UKRN",1,1,20,1.25,9,1.125,8,5,1,1,1,1,1,1,1,1,1,1
286,"100",1146,"TRUE","UKRN06","Full-time","No","","3","Final Year","","","Experimental psychology","Yes","Male",1,1,1,2,-1,-1,-1,-1,1,1,1,2,1,2,0,-2,1,1,1,1,0,0,1,1,0,0,1,0,0,0,0,0,1,2,1,1,-1,1,1,2,1,1,"Where findings of psychological research don’t replicate",1,1,1,"",1,"UKRN",1,1,7,0.4375,8,1,6,1,1,1,1,1,1,1,1,1,1,1
287,"100",399,"TRUE","UKRN06","Full-time","No","","3","Year 1","","","BSc Psychology","Yes","Female ",1,1,1,1,0,1,-1,-1,1,1,-1,2,1,0,0,0,0,0,0,0,0,0,0,1,0,0,0,0,0,0,0,0,1,1,1,1,-1,1,0,0,1,0,"Replication another's work and the rules behind this ",0,0,1,"",1,"UKRN",1,0,7,0.4375,4,0.5,1,0,1,1,1,1,1,1,1,1,1,1
288,"100",414,"TRUE","UKRN06","Full-time","No","","3","Year 2","","","BSc psychology ","Yes","Female ",2,0,1,0,2,0,1,1,2,1,1,1,2,1,1,0,1,1,1,1,1,1,1,1,0,0,0,0,0,0,0,0,1,1,1,0,0,1,1,1,1,1,"People conducted mass replications of studies in psychology, found a lot of them did not replicate the results found in the original studies. ",1,1,1,"",1,"UKRN",1,1,16,1,6,0.75,8,0,1,1,1,1,1,1,1,1,1,1
289,"100",1115,"TRUE","UKRN06","Full-time","No","","3","Final Year","","","Psychological Science","Yes","Female",1,1,1,1,0,0,1,0,2,1,2,2,2,1,-1,1,1,0,1,1,0,0,1,1,1,0,1,1,0,0,1,0,2,1,2,2,1,1,1,0,1,1,"Due to file drawer effect and publication/other biases, only successful studies were published (which sometimes had misleading/exaggerated effects) and replications which found the same effect with smaller power or no effect were not published, and not many of those were conducted due to lack of funding ",0,0,1,"",1,"UKRN",1,1,15,0.9375,10,1.25,5,4,1,1,1,1,1,1,1,1,1,1
290,"100",304,"TRUE","UKRN06","Full-time","No","","3","Year 1","","","Bsc psychology","Yes","Female",1,0,0,-1,1,0,0,1,1,1,1,1,0,-1,0,-1,1,1,1,1,1,1,0,1,0,0,1,0,0,1,0,1,1,-1,1,-1,0,1,0,1,0,NA,"",0,0,1,"",1,"UKRN",1,9999,4,0.25,2,0.25,7,3,1,1,1,1,1,0,1,1,1,0
291,"100",1121,"TRUE","UKRN06","Full-time","No","","4","Final Year","","","BSc psychology","No","Female",2,2,2,2,2,2,2,1,2,2,2,2,2,2,2,2,1,1,1,1,0,0,1,1,0,0,0,0,0,0,0,0,2,2,2,2,-1,2,2,2,1,1,"Originally a large number of social and psychology studies were found to have results that could not be replicated when retested (in a super study involving a number of researchers around the world). Since then an inability to replicate results has been found in other diciplines.  ",1,0,1,"",1,"UKRN",1,1,31,1.9375,13,1.625,6,0,1,1,1,1,1,1,1,1,1,1
292,"100",444,"TRUE","UKRN06","Full-time","No","","3","Year 1","","","Psychology (BSc)","No","female",-1,1,0,-1,0,0,1,1,-1,0,1,1,1,2,-1,0,0,1,1,1,1,1,1,1,1,0,0,0,0,0,0,0,0,-1,-1,-1,-1,1,1,1,0,NA,"",0,0,1,"",1,"UKRN",1,9999,4,0.25,-1,-0.125,7,1,1,1,1,1,1,0,1,1,1,0
293,"100",535,"TRUE","UKRN06","Full-time","No","","3","Year 2","","","Psychology","Yes","Female",2,1,1,2,1,1,2,2,2,1,1,2,1,2,-1,-2,1,1,1,1,0,1,1,1,1,1,1,0,0,0,1,1,1,2,2,2,-1,2,2,2,1,1,"only a very small amount of studies have been replicated, we need more replications to ensure that findings are valid",1,1,1,"",1,"UKRN",1,0,18,1.125,12,1.5,7,5,1,1,1,1,1,1,1,1,1,1
294,"100",736,"TRUE","UKRN06","Full-time","No","","4","Year 2","","","Psychology with Innovation","Yes","Female",1,2,2,2,2,1,2,2,1,2,2,2,2,1,-2,1,1,1,1,1,0,1,1,1,1,1,1,1,0,1,1,1,2,2,2,2,-1,2,2,1,1,1,"It was found that a psychologist was making up his results on several of his studies, but this wasn't caught for a long time because nobody replicated his study. More and more famous/largely cited studies are now being replicated but are not producing the same results. This is causing a lot of theories (some which have made their way into common knowledge) to be questioned and dismissed.",1,1,1,"I think it is important for students to know about the replicability crisis and to learn how to avoid this. They are the future of psychological research.",1,"UKRN",1,1,23,1.4375,12,1.5,7,7,1,1,1,1,1,1,1,1,1,1
295,"100",397,"TRUE","UKRN06","Full-time","No","","3","Year 1","","","Psychology","Yes","female",1,1,1,2,1,1,2,1,1,-1,1,2,1,1,-1,-1,1,0,1,1,0,1,0,1,0,1,0,0,1,0,1,0,1,1,2,0,-1,1,1,1,1,0,"not sure",0,1,1,"no",1,"UKRN",1,0,13,0.8125,6,0.75,5,3,1,1,1,1,1,1,1,1,1,1
296,"100",487,"TRUE","UKRN06","Full-time","No","","3","Final Year","","","Psychological Science","Yes","Male",2,2,2,1,1,0,0,1,2,-2,0,0,2,-2,-2,-2,1,1,1,0,0,1,1,0,0,0,0,1,1,0,0,1,1,2,1,0,-2,-2,-1,2,1,1,"A crisis man only affecting social sciences/psychology, that previous studies are failing to be replicated & find the same/similar response or effect. ",0,0,1,"",1,"UKRN",1,1,5,0.3125,1,0.125,5,3,1,1,1,1,1,1,1,1,1,1
297,"100",401,"TRUE","UKRN01","Full-time","Yes","","4","Placement Year","","","psychology","No","female",2,1,1,1,1,1,2,1,2,1,1,1,-1,0,0,-1,1,1,1,1,1,1,1,1,1,0,0,0,1,0,1,0,1,0,1,-2,-1,1,1,1,1,1,"",0,0,1,"",1,"UKRN",1,9999,13,0.8125,2,0.25,8,3,1,1,1,1,1,1,1,1,1,0
298,"100",968,"TRUE","UKRN03","Full-time","No","","3","Year 2","","","BSc Psychology","Yes","Female ",2,1,0,-1,1,0,0,0,1,0,0,0,0,0,-1,0,1,0,1,0,0,1,0,1,1,0,1,0,0,1,0,1,1,-1,1,-1,-1,0,0,-1,0,NA,"",0,0,1,"",1,"UKRN",1,9999,3,0.1875,-2,-0.25,4,4,1,1,1,1,1,0,1,1,1,0
299,"100",485,"TRUE","UKRN06","Full-time","No","","3","Year 1","","","Psychology BsC","Yes","Male",2,2,1,2,2,1,1,-1,1,-2,-2,2,1,2,-2,-1,1,1,1,1,0,0,0,1,0,0,0,0,0,0,0,0,1,1,1,1,-1,1,1,1,1,1,"Lots of studies were replicated and found to have non significant or no effect",0,0,1,"",1,"UKRN",1,1,9,0.5625,6,0.75,5,0,1,1,1,1,1,1,1,1,1,1
300,"100",424,"TRUE","UKRN06","Full-time","No","","3","Final Year","","","Psychology","Yes","Female",1,2,2,2,2,2,2,1,2,2,2,2,2,2,1,1,1,1,1,1,1,0,1,1,0,0,0,0,0,1,0,0,1,2,2,2,0,2,2,2,1,1,"Failure for many psychological studies to be replicated, largely due to questionable research practices",1,1,1,"I only know about this because of modules that I opted into. It was not part of core modules. I think it is really important that the replication crisis/open science is taught to all students in core modules. ",1,"UKRN",1,1,28,1.75,13,1.625,7,1,1,1,1,1,1,1,1,1,1,1
301,"100",1306,"TRUE","UKRN06","Full-time","No","","3","Year 1","","","Psychology (BSc)","No","Female",2,0,2,2,0,2,-1,-1,2,2,1,2,1,1,-2,-2,1,1,0,1,1,0,1,1,0,0,1,0,0,1,0,0,2,2,2,2,-1,1,2,0,1,1,"scientific studies that have been carried out many years ago are often impossible to replicate which is a problem because you cannot test the reliabilty of the results",0,0,1,"we havent talked about the accessibility of journals (and whether they should be free or not) so I havent really thought about that before, but I guess that it is important to pay for journals to support the researchers/further research. i honestly dont know if its unethical to publish your own research in a journal that is free to access  ",1,"UKRN",1,1,11,0.6875,10,1.25,6,2,1,1,1,1,1,1,1,1,1,1
302,"100",374,"TRUE","UNI04","Full-time","No","","4","Final Year","","","BSc Psychology with a year abroad","Yes","Female",1,2,2,2,2,2,2,2,2,2,2,2,2,2,-1,-2,1,1,1,1,0,1,0,1,0,0,0,0,1,0,1,0,1,2,0,2,-1,0,2,2,1,1,"The crisis would refer to the idea that some studies cannot be replicated to be affirmed or disputed whether that is due to the method being hard to follow or materials not made available ",0,0,1,"",1,"Non-UKRN",1,1,24,1.5,8,1,6,2,1,1,1,1,1,1,1,1,1,1
303,"100",464,"TRUE","UNI04","Full-time","No","","3","Final Year","","","PSYCHOLOGY","Yes","FEMALE",2,0,1,0,0,1,1,0,1,-2,1,1,0,-1,-1,0,0,0,0,1,1,0,0,0,1,1,1,0,0,1,1,1,1,1,0,-1,-2,0,0,2,1,0,"Duplicate a copy of the existing study.",0,0,1,"",1,"Non-UKRN",1,0,4,0.25,1,0.125,2,6,1,1,1,1,1,1,1,1,1,1
304,"100",600,"TRUE","UNI04","Full-time","No","","3","Final Year","","","Psychology","No","Female",2,2,1,2,2,2,1,1,1,2,1,2,1,-1,0,0,0,0,1,0,1,1,1,1,0,0,1,0,0,0,0,1,2,2,2,2,1,1,1,2,0,NA,"",1,0,1,"",1,"Non-UKRN",1,9999,19,1.1875,13,1.625,5,2,1,1,1,1,1,0,1,1,1,0
305,"100",348,"TRUE","UNI04","Full-time","No","","3","Final Year","","","Bsc Psychology","Yes","female ",1,1,-2,1,1,1,1,0,1,-1,1,1,1,1,-1,-2,1,0,1,1,0,0,1,1,0,0,0,0,0,0,0,0,1,1,0,0,-2,-1,2,-1,1,1,"not being able to replicate results ",0,0,0,"",1,"Non-UKRN",1,1,5,0.3125,0,0,5,0,1,1,1,1,1,1,1,1,1,1
306,"100",700,"TRUE","UNI04","Full-time","No","","4","Final Year","","","Psychology with a year abroad","Yes","Female",2,1,1,-1,1,1,2,1,2,1,1,1,0,1,-1,-2,1,1,1,1,1,1,1,1,0,0,1,1,0,0,0,1,1,1,1,-2,-1,1,0,1,1,0,"",0,0,1,"",1,"Non-UKRN",1,9999,11,0.6875,2,0.25,8,3,1,1,1,1,1,1,1,1,1,0
307,"100",687,"TRUE","UKRN01","Full-time","Yes","","4","Year 1","","","Psychology BSc","Yes","Male",1,1,-1,1,1,1,1,1,1,-1,-1,2,0,1,-2,-1,1,1,1,0,0,1,0,1,1,1,1,0,0,1,0,1,1,1,1,-1,-1,0,-1,-1,0,NA,"",0,0,1,"no",1,"UKRN",1,9999,5,0.3125,-1,-0.125,5,5,1,1,1,1,1,0,1,1,1,0
308,"100",463,"TRUE","UKRN01","Full-time","Yes","","3","Year 1","","","Psychology","Yes","Male",2,2,1,1,1,1,1,-1,2,0,1,1,1,-1,0,-1,0,0,0,0,0,0,0,1,0,0,0,0,0,0,0,0,1,1,1,-2,-1,1,1,1,0,NA,"",0,0,1,"",1,"UKRN",1,9999,11,0.6875,3,0.375,1,0,1,1,1,1,1,0,1,1,1,0
309,"100",780,"TRUE","UKRN01","Full-time","No","","3","Year 2","","","Psychology BSc","Yes","Male",2,1,1,2,0,1,1,0,2,1,1,1,1,1,0,1,1,1,1,1,1,1,0,1,0,0,1,0,1,1,0,1,1,1,1,1,0,1,0,1,1,0,"",0,0,0,"",1,"UKRN",1,9999,16,1,6,0.75,7,4,1,1,1,1,1,1,1,1,1,0
310,"100",383,"TRUE","UNI07","Full-time","No","","3","Year 2","","","Psychology","No","Female",1,1,0,2,1,1,0,-1,-2,-1,1,2,1,-1,-2,-1,1,1,0,1,1,1,1,1,0,0,1,0,0,0,0,0,1,0,-2,-2,-1,-1,2,-2,0,NA,"",0,0,1,"",1,"Non-UKRN",1,9999,2,0.125,-5,-0.625,7,1,1,1,1,1,1,0,1,1,1,0
311,"100",654,"TRUE","UNI07","Full-time","Yes","","3","Year 2","","","BSc Psychology ","Yes","Female",1,1,0,1,1,1,-1,-1,1,1,1,2,-1,1,-1,-1,0,0,1,0,1,1,1,1,1,1,0,1,0,0,0,0,1,1,-1,-1,-1,-1,1,1,0,NA,"",0,0,1,"",1,"Non-UKRN",1,9999,6,0.375,0,0,5,3,1,1,1,1,1,0,1,1,1,0
312,"100",581,"TRUE","UNI07","Full-time","No","","3","Year 2","","","BSc Psychology ","Yes","Female ",2,1,1,0,-1,-1,2,2,-1,-1,1,2,1,1,-1,-1,1,0,1,0,1,1,0,1,1,0,1,0,0,1,0,0,1,1,1,-1,1,1,1,-1,0,NA,"",0,0,1,"",1,"Non-UKRN",1,9999,7,0.4375,4,0.5,5,3,1,1,1,1,1,0,1,1,1,0
313,"100",413,"TRUE","UNI07","Full-time","No","","3","Year 2","","","Psychology ","Yes","Female ",1,1,1,0,1,2,1,2,-2,-2,1,2,1,-1,-2,-2,0,1,0,1,1,0,1,1,1,0,1,0,0,1,0,0,1,0,1,-1,-2,1,1,0,0,NA,"",0,0,1,"",1,"Non-UKRN",1,9999,4,0.25,1,0.125,5,3,1,1,1,1,1,0,1,1,1,0
314,"100",441,"TRUE","UNI07","Full-time","No","","3","Year 2","","","Abnormal and clinical psychology","No","Female ",1,2,1,1,0,0,-1,-1,2,1,2,1,1,-1,0,-1,1,0,1,1,0,1,1,1,0,0,1,0,0,1,1,1,2,1,1,-1,-1,0,0,2,0,NA,"",0,0,1,"",1,"Non-UKRN",1,9999,8,0.5,4,0.5,6,4,1,1,1,1,1,0,1,1,1,0
315,"100",2678,"TRUE","UNI07","Full-time","No","","3","Year 2","","","Psychology ","No","Female",1,2,1,2,1,1,1,-1,-1,-2,2,2,-2,2,-2,-1,0,0,1,0,0,0,0,1,0,0,0,0,0,0,0,0,1,1,0,-1,-1,-1,-1,1,1,1,"The problem of studies not bring replicated enough to prove reliably ",0,0,1,"",1,"Non-UKRN",1,0,6,0.375,-1,-0.125,2,0,1,1,1,1,1,1,1,1,1,1
316,"100",535,"TRUE","UNI07","Full-time","No","","3","Year 2","","","abnormal and clinical psychology","Yes","female",0,-1,1,-1,1,0,1,1,1,-2,1,0,1,1,0,-1,1,1,1,1,1,1,1,1,0,1,1,0,0,1,0,1,1,1,1,-1,-1,-1,-1,1,0,NA,"",0,0,1,"",1,"Non-UKRN",1,9999,3,0.1875,0,0,8,4,1,1,1,1,1,0,1,1,1,0
317,"100",609,"TRUE","UKRN08","Full-time","No","","3","Final Year","","","Bsc Psychology","Yes","Female",0,2,1,-2,-2,-1,0,0,0,-2,-2,2,0,2,-2,-2,0,0,1,0,0,0,0,1,0,0,1,0,0,0,0,0,-2,-2,0,-2,-2,-2,-1,1,1,1,"where studies are being replicated but the results are not coming out the same as the original studies",0,0,1,"",1,"UKRN",1,1,-6,-0.375,-10,-1.25,2,1,1,1,1,1,1,1,1,1,1,1
318,"100",616,"TRUE","UKRN08","Full-time","No","","3","Final Year","","","BSc Psychology ","Yes","Female",1,1,0,1,1,1,1,1,-1,-1,1,1,1,1,-1,-1,0,1,0,0,1,0,0,1,1,0,1,1,0,1,1,0,1,1,1,1,-1,1,1,1,1,1,"Studies are not able to be fully replicated, or may find different results to the previous, power issues/type II errors, lack of open science",1,0,1,"I used the open science framework for my dissertation, but feel like enough emphasis wasn’t placed on the topic in my course ",1,"UKRN",1,1,7,0.4375,6,0.75,3,5,1,1,1,1,1,1,1,1,1,1
319,"100",383,"TRUE","UKRN08","Full-time","Yes","","3","Year 2","","","Psychology ","Yes","Female ",1,2,0,1,2,0,2,1,2,-2,1,2,2,-1,0,-1,1,1,1,1,0,0,0,1,0,0,0,0,1,1,1,0,2,1,1,1,1,0,2,1,1,1,"Where not enough research is replicating. Which may be due to p-hacking",1,1,1,"",1,"UKRN",1,1,12,0.75,9,1.125,5,3,1,1,1,1,1,1,1,1,1,1
320,"100",508,"TRUE","UKRN08","Full-time","No","","3","Final Year","","","Psychology ","Yes","Female",-2,2,2,2,-1,2,2,-2,2,2,-1,2,2,2,2,1,1,1,1,1,1,1,1,1,1,1,0,1,0,0,0,0,2,2,2,-2,2,2,1,2,1,1,"Only 36% of 100 psych studies replicated when tested and now to try to improve this we are teaching open science practices to educate and reduce the rates of QRPs ",1,1,1,"I’ve just written my dissertation on this ",1,"UKRN",1,1,17,1.0625,11,1.375,8,3,1,1,1,1,1,1,1,1,1,1
321,"100",706,"TRUE","UNI07","Full-time","No","","3","Year 2","","","Psychology Bsc","No","Female ",1,1,0,1,1,-1,1,1,1,-1,1,1,1,2,-1,-2,1,0,1,0,1,1,1,1,0,0,1,0,0,1,0,0,1,1,1,-2,-2,0,1,1,0,NA,"",0,0,1,"",1,"Non-UKRN",1,9999,7,0.4375,1,0.125,6,2,1,1,1,1,1,0,1,1,1,0
322,"100",304,"TRUE","UKRN05","Full-time","No","","3","Year 1","","","Psychology Bsc","Yes","Female ",2,1,1,-2,1,0,0,-1,-1,-2,2,1,0,-1,-1,-1,0,0,0,0,0,0,0,1,0,0,0,0,0,0,0,0,2,1,1,-1,-1,1,2,1,0,NA,"",0,0,1,"",1,"UKRN",1,9999,-1,-0.0625,6,0.75,1,0,1,1,1,1,1,0,1,1,1,0
323,"100",819,"TRUE","UKRN05","Full-time","Yes","","3","Year 1","","","Psychology ","Yes","Female ",2,1,1,1,-1,1,1,0,1,1,1,2,1,1,-1,-2,0,0,1,0,0,0,0,1,0,0,1,0,0,0,0,1,2,1,-1,-1,-2,0,1,-1,1,0,"That repeating a study and it coming back as non-significant means that it is non-significant. ",0,0,1,"",1,"UKRN",1,0,10,0.625,-1,-0.125,2,2,1,1,1,1,1,1,1,1,1,1
325,"100",904,"TRUE","UKRN05","Full-time","No","","3","Year 1","","","Psychology","Yes","Female",2,1,1,-2,1,2,1,-1,1,-2,1,1,1,1,1,-2,1,0,0,0,0,0,0,0,0,0,1,0,0,1,0,1,1,1,2,2,1,1,1,-1,0,NA,"",0,0,1,"",1,"UKRN",1,9999,7,0.4375,8,1,1,3,1,1,1,1,1,0,1,1,1,0
326,"100",587,"TRUE","UKRN05","Full-time","Yes","","4","Year 1","","","Psychology BSc","Yes","female",2,1,2,1,-1,-1,0,0,-1,2,1,1,-1,-1,-1,-1,1,1,1,0,0,1,1,1,0,0,0,1,1,0,0,0,2,0,1,-2,-1,1,0,-1,0,NA,"",1,0,1,"",1,"UKRN",1,9999,3,0.1875,0,0,6,2,1,1,1,1,1,0,1,1,1,0
327,"100",747,"TRUE","UKRN05","Full-time","No","","3","Year 1","","","psychology","No","female",1,1,1,1,1,-1,1,0,-2,-2,1,2,0,2,-1,-1,0,0,1,0,0,1,1,0,0,0,0,0,0,0,0,1,1,1,0,-2,-1,0,1,1,1,1,"only about 60% of the studies that have been replicated gave the same results",0,0,1,"",1,"UKRN",1,1,4,0.25,1,0.125,3,1,1,1,1,1,1,1,1,1,1,1
328,"100",809,"TRUE","UKRN05","Full-time","No","","3","Year 1","","","Psychology Bsc","No","female",1,1,1,1,0,1,-1,-1,1,1,-1,1,0,2,-2,-2,0,0,1,0,0,0,1,1,0,0,1,0,0,0,0,1,1,-1,1,-1,-1,-1,-1,1,1,0,"When replicating a study, the results are different to the results of the original study",0,0,1,"",1,"UKRN",1,1,3,0.1875,-2,-0.25,3,2,1,1,1,1,1,1,1,1,1,1
329,"100",568,"TRUE","UKRN05","Full-time","No","","3","Year 1","","","Psychology Bsc","No","Female",2,1,1,-1,-1,1,-1,-1,1,-1,1,1,0,-1,1,-1,0,0,1,0,0,0,0,1,0,0,0,0,0,0,0,1,2,2,1,-1,-1,-2,1,1,0,NA,"",0,0,1,"",1,"UKRN",1,9999,2,0.125,3,0.375,2,1,1,1,1,1,1,0,1,1,1,0
330,"46",185207,"FALSE","UKRN03","Full-time","No","","3","Year 1","","","psychology bcc","Yes","female",NA,NA,NA,NA,NA,NA,NA,NA,NA,NA,NA,NA,NA,NA,NA,NA,0,0,0,0,0,0,0,0,0,0,0,0,0,0,0,0,NA,NA,NA,NA,NA,NA,NA,NA,NA,NA,"",NA,NA,NA,"",1,"UKRN",1,9999,NA,NA,NA,NA,0,0,0,1,1,0,0,0,0,0,0,0
331,"100",494,"TRUE","UKRN08","Full-time","Yes","","4","Year 1","","","Psychology ","Yes","Female ",2,2,2,2,2,2,2,1,2,1,2,2,2,0,2,2,1,1,1,1,0,1,0,1,1,0,0,0,0,1,0,1,2,2,2,2,2,2,2,2,1,1,"The lack of published replication in research, often cause by printing bias in journals, making replications seem less desirable.",1,1,1,"",1,"UKRN",1,1,28,1.75,16,2,6,3,1,1,1,1,1,1,1,1,1,1
332,"100",366,"TRUE","UKRN06","Full-time","No","","3","Year 2","","","Psychology BSc","Yes","Female",1,2,1,1,2,2,2,1,0,1,1,2,2,1,1,-1,0,0,0,1,0,0,0,0,1,1,1,0,0,0,1,1,1,1,1,1,1,1,1,1,1,1,"A relatively small percentage of psychology studies have been successfully replicated",1,1,1,"",1,"UKRN",1,0,19,1.1875,8,1,1,5,1,1,1,1,1,1,1,1,1,1
333,"46",167531,"FALSE","UKRN06","Full-time","No","","3","Year 2","","","Bsc Psychology ","No","Male",NA,NA,NA,NA,NA,NA,NA,NA,NA,NA,NA,NA,NA,NA,NA,NA,0,0,0,0,0,0,0,0,0,0,0,0,0,0,0,0,NA,NA,NA,NA,NA,NA,NA,NA,NA,NA,"",NA,NA,NA,"",1,"UKRN",1,9999,NA,NA,NA,NA,0,0,0,1,1,0,0,0,0,0,0,0
334,"100",389,"TRUE","UKRN05","Full-time","No","","3","Year 1","","","Psychology BSc","No","Female",2,2,2,1,-1,1,-1,-1,2,-2,1,2,-1,-1,-1,1,0,0,1,0,0,0,1,1,0,0,1,0,0,0,1,1,2,2,1,-1,-1,-1,-1,1,0,NA,"",0,0,1,"",1,"UKRN",1,9999,6,0.375,2,0.25,3,3,1,1,1,1,1,0,1,1,1,0
335,"100",497,"TRUE","UKRN01","Full-time","No","","3","Year 2","","","Psychology BSc (Hons)","Yes","Female",1,2,1,1,0,0,1,2,2,1,1,2,0,0,0,0,1,1,1,0,0,0,1,1,1,1,1,0,0,0,0,0,2,1,1,-1,-1,1,1,1,0,NA,"",0,0,1,"",1,"UKRN",1,9999,14,0.875,5,0.625,5,3,1,1,1,1,1,0,1,1,1,0
336,"100",507,"TRUE","UKRN05","Full-time","No","","3","Year 1","","","BSc Psychology","Yes","Non-Binary",2,1,1,0,0,1,1,-1,0,0,1,2,1,0,-1,-1,0,0,0,0,0,0,0,1,0,0,0,0,0,0,0,0,1,0,1,1,-1,-1,1,-1,0,NA,"",0,0,0,"",1,"UKRN",1,9999,7,0.4375,1,0.125,1,0,1,1,1,1,1,0,1,1,1,0
337,"100",726,"TRUE","UKRN05","Full-time","No","","3","Year 1","","","Psychology BSc","Yes","woman",2,1,2,1,2,1,2,1,2,1,0,2,-1,-1,-1,-2,1,1,1,1,1,1,1,1,0,0,1,1,0,1,0,1,1,1,2,1,-1,1,-1,2,0,NA,"",0,0,1,"",1,"UKRN",1,9999,12,0.75,6,0.75,8,4,1,1,1,1,1,0,1,1,1,0
338,"100",706,"TRUE","UKRN01","Full-time","Yes","","3","Year 1","","","Psychology","Yes","Male",2,2,1,2,1,2,1,0,1,-2,2,2,0,0,-1,1,0,0,1,0,0,0,1,1,0,0,1,0,0,0,0,0,2,2,2,2,0,1,-1,1,0,NA,"",0,0,1,"",1,"UKRN",1,9999,14,0.875,9,1.125,3,1,1,1,1,1,1,0,1,1,1,0
339,"100",1948,"TRUE","UKRN01","Full-time","Yes","","3","Year 1","","","Psychology","Yes","Male",2,2,2,2,2,2,0,0,0,2,1,2,1,1,0,1,0,0,1,0,0,0,1,1,0,0,1,0,0,0,0,0,2,2,1,0,1,1,1,1,1,0,"A lack of replication of studies to see if results are reliable before they are published ",0,0,1,"",1,"UKRN",1,0,20,1.25,9,1.125,3,1,1,1,1,1,1,1,1,1,1,1
340,"100",440,"TRUE","UKRN05","Full-time","No","","3","Year 1","","","Psychology","Yes","Female",1,2,0,1,-1,1,1,-1,1,-2,1,2,0,1,-2,-2,0,0,1,0,0,0,0,1,0,0,1,0,0,0,0,0,1,1,1,-2,-1,-1,1,-1,0,NA,"",0,0,1,"",1,"UKRN",1,9999,3,0.1875,-1,-0.125,2,1,1,1,1,1,1,0,1,1,1,0
341,"100",398,"TRUE","UNI19","Full-time","No","","3","Final Year","","","BSc Psychology ","Yes","Female",-2,2,1,1,1,2,2,2,-2,1,2,2,0,-1,-2,-2,1,0,1,0,0,1,0,0,0,0,1,0,0,0,0,0,2,2,2,-1,-1,-1,1,1,1,1,"a problem with being able to achieve the same results as found in studies when replicating them",0,0,1,"",1,"Non-UKRN",1,1,7,0.4375,5,0.625,3,1,1,1,1,1,1,1,1,1,1,1
342,"100",551,"TRUE","UNI19","Full-time","No","","3","Final Year","","","Psychology","Yes","F",2,2,0,1,1,0,1,0,-2,-1,1,2,-1,1,-1,-2,0,0,1,0,0,0,0,0,0,0,1,0,0,0,0,0,1,1,-2,-2,-2,-2,1,1,1,0,"",0,0,1,"",1,"Non-UKRN",1,9999,4,0.25,-4,-0.5,1,1,1,1,1,1,1,1,1,1,1,0
343,"100",421,"TRUE","UNI19","Full-time","No","","3","Year 2","","","Psychology","No","Female",2,1,1,2,1,0,0,-1,2,1,1,2,0,1,-1,-1,0,0,0,0,0,0,0,0,0,0,1,0,1,1,1,1,-1,2,1,0,-1,0,0,1,0,NA,"",0,0,1,"",1,"Non-UKRN",1,9999,11,0.6875,2,0.25,0,5,1,1,1,1,1,0,1,1,1,0
344,"100",597,"TRUE","UNI19","Full-time","No","","3","Year 2","","","Psychology","No","Male",2,2,2,2,1,2,1,-1,1,2,1,2,1,-1,-1,-1,1,1,1,1,1,1,1,1,0,0,0,0,0,0,0,0,2,2,1,-2,-1,-1,1,1,1,1,"Difficulty to reproduce past findings ",0,0,1,"",1,"Non-UKRN",1,1,15,0.9375,3,0.375,8,0,1,1,1,1,1,1,1,1,1,1
345,"100",493,"TRUE","UNI21","Full-time","Other (Please specify)","Optional","3","Year 2","","","BSc Psychology","No","Female",2,2,1,1,0,0,-1,1,1,1,1,2,2,2,-1,-2,0,0,1,0,0,0,1,1,0,0,1,0,0,0,0,1,2,1,1,-1,-2,-1,1,1,1,1,"The struggle researchers are having in certain domains of psychology (such as social) to replicate previous studies with similar results",0,0,1,"",1,"Non-UKRN",1,1,12,0.75,2,0.25,3,2,1,1,1,1,1,1,1,1,1,1
346,"100",365,"TRUE","UNI21","Full-time","No","","3","Final Year","","","BSc Psychology ","No","Female ",1,2,1,2,0,0,1,-1,2,2,2,2,2,2,-1,-2,1,0,1,1,1,1,1,1,0,1,0,0,0,0,0,0,-2,2,0,-2,-1,2,2,1,1,1,"A lot of studies were being replicated and the same results were not found. This was a massive conceptual issue within psychology ",0,1,1,"I took in a lot knowledge about stats and research methods during my course but failed to understand them very well ",1,"Non-UKRN",1,1,15,0.9375,2,0.25,7,1,1,1,1,1,1,1,1,1,1,1
347,"100",503,"TRUE","UNI21","Full-time","Other (Please specify)","It is optional ","3","Year 1","","","BSc Psychology ","No","Female",2,1,1,1,-1,1,1,1,1,1,1,2,0,2,-1,-1,0,1,0,0,1,0,1,0,1,0,1,1,0,1,0,1,1,1,2,-1,-1,1,1,1,1,1,"Results can not always be replicated and studies are finding contradictory results  ",0,0,1,"",1,"Non-UKRN",1,1,12,0.75,5,0.625,3,5,1,1,1,1,1,1,1,1,1,1
348,"100",396,"TRUE","UNI21","Full-time","No","","3","Final Year","","","Psychology BSc (Hons)","No","Female",1,1,1,0,2,1,2,-2,2,2,1,2,0,2,-1,0,1,0,0,0,1,0,0,0,0,1,1,1,0,1,1,1,1,1,1,0,-1,-1,1,0,0,NA,"",0,0,1,"",1,"Non-UKRN",1,9999,14,0.875,2,0.25,2,6,1,1,1,1,1,0,1,1,1,0
349,"100",500,"TRUE","UNI21","Full-time","Other (Please specify)","Optional ","3","Year 2","","","Psychology ","No","Female ",1,1,1,1,1,1,2,1,1,1,1,1,0,-1,-1,0,0,0,0,0,0,0,0,1,0,0,0,0,0,0,0,0,2,2,1,1,-1,-1,1,1,1,1,"A lack of studies that show consistency when replicated. ",0,0,0,"",1,"Non-UKRN",1,0,11,0.6875,6,0.75,1,0,1,1,1,1,1,1,1,1,1,1
350,"100",1162,"TRUE","UNI21","Full-time","Other (Please specify)","Optional placement year","3","Placement Year","","","BSc psychology","Yes","Male",2,2,2,1,1,2,2,1,2,-1,1,0,1,1,-1,-1,0,0,0,1,1,0,1,0,1,1,1,0,0,1,0,1,2,2,2,-2,-1,1,2,1,1,1,"Researchers are unable to reproduce the same results when repeating a study previously conpleted by themselves or others ",0,0,1,"The first section was hard to complete as its not a black or white issue it depends on individual research, e.g. should materials be shared, yes, but only after they have been peer reviewed and published as this means the original author gets credit but the materials are open source so other researchers can now build on their work. The same goes for free journals, this seems resonable because ive seen some key articles priced upwards of £100, without funding this is too much, rather than prices being free maybe a base rate e.g. articles ahould be priced based on pages 1-10 pages is 2.99 11-15 is 4.99 etc. In terms of the replication crisis all original materials should be included, i always include my full questionaire and spss variable view in my appendix to show how i achieved my results, this allows for my work to be fully criticised and repeated to verify my results, if a researcher does not share original materials then i have little value in their work and assume it cannot be replicated ",1,"Non-UKRN",1,1,15,0.9375,7,0.875,3,5,1,1,1,1,1,1,1,1,1,1
351,"100",256,"TRUE","UNI21","Full-time","Yes","","3","Year 1","","","Psychology ","No","Female ",-1,1,1,-1,-1,1,1,1,0,1,1,1,1,-1,0,-1,1,1,1,1,1,1,1,1,0,0,1,0,1,1,0,1,1,1,1,1,-1,1,-1,0,0,NA,"",0,0,1,"",1,"Non-UKRN",1,9999,4,0.25,3,0.375,8,4,1,1,1,1,1,0,1,1,1,0
352,"100",624,"TRUE","UNI19","Full-time","No","","3","Final Year","","","BSc Psychology","Yes","female",2,1,1,2,2,1,2,2,0,-2,-1,2,-1,-2,-2,-2,1,1,1,0,1,1,0,1,0,0,1,0,0,1,0,1,2,2,2,-2,-2,1,2,1,1,1,"many studies are hard to reproduced and therefore they might be wrong",1,0,1,"understandable researchers want money for their papers they put hard work in but normally costs too much for a student to afford ",1,"Non-UKRN",1,1,5,0.3125,6,0.75,6,3,1,1,1,1,1,1,1,1,1,1
353,"100",627,"TRUE","UNI21","Full-time","Yes","","3","Year 2","","","Psychology bsc","No","Female",2,2,1,-1,1,0,1,1,1,1,0,2,-1,1,-1,-1,1,1,1,1,0,0,1,0,0,0,0,0,0,0,0,1,1,1,1,1,-1,-1,0,1,1,1,"",0,0,1,"",1,"Non-UKRN",1,9999,9,0.5625,3,0.375,5,1,1,1,1,1,1,1,1,1,1,0
354,"100",515,"TRUE","UNI19","Full-time","No","","3","Year 1","","","BSc Psychology ","No","female",-1,1,1,2,-1,1,-1,-1,2,2,1,1,0,1,-1,0,0,0,0,0,0,0,1,1,0,0,0,0,0,0,0,1,1,1,1,1,-1,1,1,0,0,NA,"",0,0,1,"",1,"Non-UKRN",1,9999,7,0.4375,5,0.625,2,1,1,1,1,1,1,0,1,1,1,0
355,"100",573,"TRUE","UNI21","Full-time","Other (Please specify)","It’s optional","3","Placement Year","","","BSc (Hons) Psychology","Yes","Female",2,2,-1,1,0,0,1,0,2,1,1,1,0,-1,-2,-1,1,1,1,0,1,1,1,1,0,0,1,0,0,1,1,0,2,1,0,-1,-1,1,2,1,1,0,"Studies that were academically acclaimed and many psychological concepts were based on but they cannot be replicated and thus there validity is compromised",1,1,1,"",1,"Non-UKRN",1,1,6,0.375,5,0.625,7,3,1,1,1,1,1,1,1,1,1,1
356,"100",607,"TRUE","UNI20","Full-time","Other (Please specify)","We have a placement module in our second year.","3","Year 2","","","Psychology BSc","No","Female ",1,1,1,1,0,0,1,1,2,-1,1,1,1,-1,0,-1,1,1,1,0,0,1,0,1,0,0,1,0,0,1,0,1,2,1,1,0,-1,0,0,0,0,NA,"",0,0,1,"",1,"Non-UKRN",1,9999,8,0.5,3,0.375,5,3,1,1,1,1,1,0,1,1,1,0
357,"100",407,"TRUE","UNI20","Full-time","No","","3","Final Year","","","Bsc (Hons) Psychology ","No","Female ",2,1,1,1,1,0,1,2,1,-2,-1,1,0,-1,0,0,1,1,0,1,1,1,1,1,0,0,1,0,0,0,0,0,1,0,1,-1,-1,-1,-1,1,0,NA,"",1,0,1,"",1,"Non-UKRN",1,9999,7,0.4375,-1,-0.125,7,1,1,1,1,1,1,0,1,1,1,0
358,"100",500,"TRUE","UNI21","Full-time","No","","3","Year 2","","","BSc Psychology ","No","Female",1,1,-1,-1,1,1,1,1,1,1,1,2,1,1,-1,-1,1,0,0,1,1,0,1,0,0,1,1,0,0,1,0,1,1,-1,-1,-1,-1,1,1,1,1,0,"That some results cannot be replicated so their findings must be incorrect",0,0,1,"",1,"Non-UKRN",1,1,9,0.5625,0,0,4,4,1,1,1,1,1,1,1,1,1,1
359,"100",630,"TRUE","UNI21","Full-time","Other (Please specify)","Optional placement year ","3","Year 1","","","Psychology ","No","Female",1,1,1,1,1,1,1,-1,2,1,2,2,-1,2,-2,-1,0,0,0,0,0,0,0,0,1,1,1,1,1,1,1,1,1,-1,1,-1,-1,1,1,1,1,0,"Results of many studies cannot be produced and if they are reproduced they are likely to be inaccurate",1,1,1,"",1,"Non-UKRN",1,1,11,0.6875,2,0.25,0,8,1,1,1,1,1,1,1,1,1,1
360,"100",474,"TRUE","UNI21","Full-time","Other (Please specify)","Optional ","3","Year 1","","","Psychology ","No","Female ",-2,2,-1,1,1,0,1,1,0,0,2,1,1,1,-1,-1,1,1,0,1,1,0,0,0,0,0,1,0,0,1,1,1,2,1,1,-1,-1,1,1,0,1,1,"A lot of studies have been found to be hard to replicate and get similar results ",0,0,1,"",1,"Non-UKRN",1,1,6,0.375,4,0.5,4,4,1,1,1,1,1,1,1,1,1,1
361,"100",446,"TRUE","UNI19","Full-time","No","","3","Year 1","","","Psychology ","No","female ",1,1,1,2,1,1,1,0,-2,1,0,2,0,1,-1,-2,1,1,1,0,0,0,0,1,0,0,0,1,1,1,1,0,2,1,1,-1,-1,-1,-1,1,0,NA,"",1,0,1,"",1,"Non-UKRN",1,9999,7,0.4375,1,0.125,4,4,1,1,1,1,1,0,1,1,1,0
362,"100",367,"TRUE","UNI22","Full-time","No","","3","Year 1","","","Psychology with Counselling","No","Demiguy",2,2,2,2,2,2,0,-2,2,2,2,2,0,2,0,-2,0,0,0,0,0,0,0,0,0,0,1,0,0,0,0,0,2,2,0,-1,-2,-1,2,2,0,NA,"",0,0,1,"",1,"Non-UKRN",1,9999,18,1.125,4,0.5,0,1,1,1,1,1,1,0,1,1,1,0
363,"100",1081,"TRUE","UNI22","Full-time","No","","4","Final Year","","","Psychology BSc","Yes","Male",2,2,1,2,-1,-1,-1,-1,1,1,1,2,-1,2,-2,-2,0,0,1,0,0,1,0,1,0,0,1,0,0,1,0,1,1,1,1,-2,-2,-1,0,0,1,1,"Due to the psychologist that fraudelated his results, which has led to studies now needing to to able to be replicated from their following their method.",1,1,1,"",1,"Non-UKRN",1,0,5,0.3125,-2,-0.25,3,3,1,1,1,1,1,1,1,1,1,1
364,"100",793,"TRUE","UNI22","Full-time","No","","3","Year 2","","","Psychology ","Yes","Male ",1,2,1,1,1,1,1,1,2,1,2,-1,0,-2,0,-1,1,1,0,1,1,0,0,0,0,0,1,0,0,1,1,1,1,1,1,-1,-1,1,2,2,1,1,"Impossibility you’re re-conduct a study because of a specific methodology. ",0,1,1,"",1,"Non-UKRN",1,0,10,0.625,6,0.75,4,4,1,1,1,1,1,1,1,1,1,1
365,"100",367,"TRUE","UNI21","Full-time","Yes","","3","Year 1","","","Psychology ","No","Female",2,2,2,2,1,1,1,1,1,-1,2,2,1,1,-1,-2,0,0,1,0,0,1,1,1,0,0,1,0,0,1,0,1,2,1,2,1,-2,1,2,1,1,1,"Studies are being published as being significant when they actually can’t be replicated which probably means the findings were a Chance occurrence and weren’t actually significant ",1,1,1,"N/A",1,"Non-UKRN",1,1,15,0.9375,8,1,4,3,1,1,1,1,1,1,1,1,1,1
366,"100",378,"TRUE","UNI21","Full-time","Yes","","3","Placement Year","","","Psychology ","Yes","Female",2,1,0,1,1,1,1,2,-1,2,1,2,1,1,-1,-1,0,0,1,0,0,0,1,1,1,1,0,1,1,1,0,0,1,0,0,0,-1,0,1,1,0,NA,"",0,0,1,"This survey has really highlighted to me that even after 3 years in university I lack an awareness on many areas within research methods, a lot of the things mentioned within this survey I had never heard of before and really struggled to answer the questions. ",1,"Non-UKRN",1,9999,13,0.8125,2,0.25,3,5,1,1,1,1,1,0,1,1,1,0
367,"100",300,"TRUE","UNI19","Full-time","No","","3","Final Year","","","BSc Psychology","Yes","Female",2,1,2,1,2,1,2,1,1,1,0,1,-1,-2,0,-1,0,0,1,0,0,0,1,1,0,0,0,0,0,0,0,0,1,1,1,-1,-1,1,-1,1,0,NA,"",0,0,1,"",1,"Non-UKRN",1,9999,11,0.6875,2,0.25,3,0,1,1,1,1,1,0,1,1,1,0
368,"100",482,"TRUE","UNI22","Full-time","Yes","","3","Year 2","","","Psychology with Behaviour Analysis ","Yes","Female",2,1,1,1,1,1,1,1,-1,-2,1,2,0,0,-1,-2,1,0,0,0,0,0,0,1,0,0,0,0,0,0,0,1,2,1,1,-1,-2,-1,1,1,0,NA,"",0,0,1,"",1,"Non-UKRN",1,9999,6,0.375,2,0.25,2,1,1,1,1,1,1,0,1,1,1,0
369,"100",758,"TRUE","UNI19","Full-time","No","","3","Year 2","","","Psychology Bsc","Yes","Female",0,2,2,0,2,2,2,1,2,1,1,2,1,0,0,-1,0,0,1,0,0,1,0,1,0,0,0,0,0,0,0,0,2,2,2,0,-1,2,-1,1,1,1,"Lots of older/famous studies are being replicated and the same results are not been found.",0,1,1,"",1,"Non-UKRN",1,1,17,1.0625,7,0.875,3,0,1,1,1,1,1,1,1,1,1,1
370,"100",351,"TRUE","UNI21","Full-time","Yes","","4","Year 2","","","Psychology","No","Female",2,2,0,2,1,2,2,2,2,2,2,2,1,2,-1,0,0,0,0,0,0,0,0,1,0,0,0,0,0,0,0,1,2,2,2,-1,-1,1,2,0,1,1,"Not being able to repeat the results/findings of studies which proposed a significant effect",0,0,1,"",1,"Non-UKRN",1,1,23,1.4375,7,0.875,1,1,1,1,1,1,1,1,1,1,1,1
371,"100",430,"TRUE","UNI21","Full-time","Other (Please specify)","optional placement year ","3","Placement Year","","","Psychology/ Psychology with year of professional placement ","No","male",2,2,2,2,2,2,2,1,2,2,2,2,0,2,-2,-2,0,0,0,0,0,0,0,0,0,0,1,1,0,1,1,1,1,2,2,1,-2,1,2,2,1,1,"it is when a study, when replicated, does not produce the same findings as the original study",1,0,1,"well designed survey and well tailored to my course",1,"Non-UKRN",1,1,21,1.3125,9,1.125,0,5,1,1,1,1,1,1,1,1,1,1
372,"100",532,"TRUE","UNI21","Full-time","No","","3","Final Year","","","BScHons Psychology","No","Female",2,0,1,1,0,0,1,-1,2,-1,1,2,1,-2,-1,-1,0,0,1,0,0,0,1,1,0,0,1,0,0,0,1,0,1,1,-1,-2,-1,1,-1,-1,1,1,"When replication of studies was difficult/impossible",0,0,1,"",1,"Non-UKRN",1,0,5,0.3125,-3,-0.375,3,2,1,1,1,1,1,1,1,1,1,1
373,"100",518,"TRUE","UNI22","Full-time","No","","3","Year 2","","","\psychology with criminology","Yes","female",2,1,1,1,1,2,2,2,2,2,1,1,0,-1,1,-1,0,0,0,0,0,0,0,0,1,0,1,0,0,1,0,1,1,1,-1,-1,-1,1,1,1,1,0,"when studies are impossible to replicate",1,0,1,"",1,"Non-UKRN",1,0,17,1.0625,2,0.25,0,4,1,1,1,1,1,1,1,1,1,1
374,"100",620,"TRUE","UKRN05","Full-time","No","","3","Year 1","","","BSc psychology ","No","Female ",-1,1,2,1,1,0,1,2,1,-1,2,2,1,-1,-1,-1,0,0,1,0,0,1,0,1,0,0,1,0,0,1,0,0,-1,-1,1,0,-2,0,1,1,0,NA,"",0,0,0,"",1,"UKRN",1,9999,9,0.5625,-1,-0.125,3,2,1,1,1,1,1,0,1,1,1,0
375,"100",358,"TRUE","UNI19","Full-time","No","","3","Year 2","","","Psychology","Yes","Female",1,2,-1,2,1,0,1,0,-2,-2,1,2,-1,-1,-1,-2,1,1,0,1,1,0,0,0,0,0,1,0,0,1,1,1,1,0,1,-2,-2,-1,1,0,0,NA,"",0,0,0,"",1,"Non-UKRN",1,9999,0,0,-2,-0.25,4,4,1,1,1,1,1,0,1,1,1,0
376,"100",367,"TRUE","UNI22","Full-time","No","","3","Year 2","","","Psychology BSc","Yes","Female",0,1,1,2,2,2,1,0,1,1,1,2,1,1,-1,1,0,1,0,1,1,0,1,0,1,0,1,0,0,1,0,1,2,-1,2,-1,0,1,2,0,0,NA,"",0,0,1,"",1,"Non-UKRN",1,9999,16,1,5,0.625,4,4,1,1,1,1,1,0,1,1,1,0
377,"100",353,"TRUE","UNI19","Full-time","No","","3","Year 2","","","Psychology ","Yes","Female ",1,1,1,-1,-1,1,1,1,1,1,1,1,-1,-1,-1,-1,1,0,1,0,0,0,1,1,0,0,1,0,0,0,1,1,1,-1,0,-1,-2,-1,1,1,1,0,"Where it is difficult to replicate previous research therefore leading to insufficient results ",0,0,1,"",1,"Non-UKRN",1,1,4,0.25,-2,-0.25,4,3,1,1,1,1,1,1,1,1,1,1
378,"100",538,"TRUE","UNI19","Full-time","No","","3","Final Year","","","BSc Psychology","Yes","Male",1,2,1,1,1,1,-1,-1,1,1,1,1,1,-1,-1,1,1,1,0,0,0,1,1,1,0,0,1,1,0,0,0,0,1,1,1,-1,-1,1,-1,1,1,0,"Replicating the methodology of an experiment but findings different results",0,0,1,"",1,"Non-UKRN",1,1,9,0.5625,2,0.25,5,2,1,1,1,1,1,1,1,1,1,1
379,"100",647,"TRUE","UNI22","Full-time","No","","3","Year 2","","","psychology with developmental disorders","No","female",2,1,0,-1,0,1,-1,0,1,-2,2,1,1,0,-1,-1,0,0,0,0,0,0,0,1,1,0,1,0,0,1,0,0,-1,-1,0,-1,-1,-2,2,2,1,0,"same method of study to find out the similar results",0,0,1,"undergraduates should learn more about ethic issues and principles",1,"Non-UKRN",1,0,3,0.1875,-2,-0.25,1,3,1,1,1,1,1,1,1,1,1,1
380,"100",570,"TRUE","UNI20","Full-time","No","","3","Year 2","","","Psychology ","Yes","Female",2,1,1,1,1,0,1,1,1,0,1,1,0,1,-1,0,1,1,0,0,0,1,1,1,0,1,0,0,0,0,0,1,1,1,-1,-1,0,0,1,1,0,NA,"",1,1,1,"",1,"Non-UKRN",1,9999,11,0.6875,2,0.25,5,2,1,1,1,1,1,0,1,1,1,0
381,"100",455,"TRUE","UNI22","Full-time","No","","3","Year 1","","","Psychology with behavioural analysis","Yes","Female",1,1,1,1,1,1,1,0,1,1,1,1,1,1,0,-1,0,0,1,0,0,1,0,1,0,0,0,0,0,0,0,0,1,1,1,0,1,1,1,1,1,0,"Lack of sharing materials which results in less reproductive/accurately reproductive studies ",0,0,1,"",1,"Non-UKRN",1,1,12,0.75,7,0.875,3,0,1,1,1,1,1,1,1,1,1,1
382,"100",391,"TRUE","UNI21","Full-time","No","","3","Year 1","","","Psychology BSc","Yes","Female",2,2,1,1,1,1,1,-1,2,-2,1,2,0,0,-1,-2,0,0,1,1,0,1,0,1,0,0,1,0,0,0,0,0,2,1,1,-1,-1,1,0,0,0,NA,"",0,0,1,"",1,"Non-UKRN",1,9999,8,0.5,3,0.375,4,1,1,1,1,1,1,0,1,1,1,0
383,"100",468,"TRUE","UKRN05","Full-time","Other (Please specify)","Can choose to do one between second and third but need to decide by middle of second year. ","3","Year 1","","","BSc psychology ","Yes","Female",2,1,1,1,0,1,2,1,1,-1,1,2,1,0,-1,0,0,0,1,0,1,0,1,1,0,0,0,0,0,0,0,0,1,1,1,-1,0,1,0,1,0,NA,"",0,0,1,"",1,"UKRN",1,9999,12,0.75,4,0.5,4,0,1,1,1,1,1,0,1,1,1,0
384,"100",357,"TRUE","UNI24","Full-time","No","","3","Final Year","","","Psychology","Yes","Female",1,1,1,1,1,1,1,1,1,1,1,2,-2,-1,-2,-1,0,1,1,0,0,1,1,1,0,0,0,0,0,1,1,1,1,1,1,-2,-2,-2,2,1,1,1,"That research needs to be replicated exactly in order to see if the results are reliable ",0,0,1,"",1,"Non-UKRN",1,0,7,0.4375,0,0,5,3,1,1,1,1,1,1,1,1,1,1
385,"100",471,"TRUE","UNI24","Full-time","No","","3","Year 1","","","Psychology and criminology ","Yes","Female ",1,0,1,-1,1,1,1,-1,1,1,1,1,0,-1,0,-1,1,1,1,1,1,1,1,1,1,0,1,0,0,1,0,0,1,-1,1,-1,0,1,1,1,1,0,"Many scientific studies are impossible or very difficult to repeat ",0,0,1,"",1,"Non-UKRN",1,0,5,0.3125,3,0.375,8,3,1,1,1,1,1,1,1,1,1,1
386,"100",379,"TRUE","UNI24","Full-time","No","","3","Year 2","","","Psychology ","No","Female",2,2,0,-2,1,2,2,-1,-2,-2,1,2,2,2,0,-1,0,0,0,0,0,0,0,0,0,0,0,0,0,0,0,0,-2,2,-2,-2,-2,-2,2,2,0,NA,"",0,0,1,"",1,"Non-UKRN",1,9999,8,0.5,-4,-0.5,0,0,1,1,1,1,1,0,1,1,1,0
387,"100",493,"TRUE","UNI24","Full-time","Other (Please specify)","I’m not sure ","3","Year 1","","","Psychology ","Yes","Female ",1,2,0,0,1,1,2,2,1,-1,1,2,1,-1,0,0,1,1,0,0,1,0,1,0,0,0,1,1,0,1,0,1,0,-1,1,-1,-1,0,1,0,0,NA,"",0,0,1,"",1,"Non-UKRN",1,9999,12,0.75,-1,-0.125,4,4,1,1,1,1,1,0,1,1,1,0
388,"100",311,"TRUE","UNI24","Full-time","No","","3","Year 1","","","Psychology ","No","Female",2,-1,1,-1,2,1,1,1,0,-1,0,-1,1,-1,0,-2,0,1,1,0,1,0,0,1,1,0,0,1,0,1,1,0,0,0,1,1,-1,1,1,1,0,NA,"",1,0,1,"",1,"Non-UKRN",1,9999,2,0.125,4,0.5,4,4,1,1,1,1,1,0,1,1,1,0
389,"100",576,"TRUE","UNI24","Full-time","No","","3","Year 1","","","Psychology ","No","Female",1,1,0,1,0,0,2,1,1,0,1,1,0,-1,-1,1,1,1,1,1,1,1,1,1,0,0,0,0,0,0,0,0,1,1,1,0,-1,1,-1,1,0,NA,"",0,0,1,"",1,"Non-UKRN",1,9999,8,0.5,3,0.375,8,0,1,1,1,1,1,0,1,1,1,0
390,"100",591,"TRUE","UNI24","Full-time","No","","3","Year 1","","","Psychology and Criminology","Yes","Female",2,1,1,0,1,0,2,1,1,-2,1,2,1,-1,-1,-1,0,0,1,0,0,0,1,1,0,0,0,0,0,0,0,0,1,1,1,1,-1,1,-1,0,0,NA,"",0,0,1,"",1,"Non-UKRN",1,9999,8,0.5,3,0.375,3,0,1,1,1,1,1,0,1,1,1,0
391,"100",886,"TRUE","UNI24","Full-time","No","","3","Year 1","","","Psychology and criminology ","Yes","Female",-2,2,0,-2,2,0,0,0,-2,0,1,0,1,-2,-1,0,1,1,1,1,1,1,1,1,0,0,0,0,0,0,0,0,0,0,0,0,0,0,0,0,0,NA,"",0,0,1,"",1,"Non-UKRN",1,9999,-3,-0.1875,0,0,8,0,1,1,1,1,1,0,1,1,1,0
392,"100",292,"TRUE","UNI24","Full-time","Yes","","3","Year 1","","","Psychology of sport","Yes","Male",2,1,1,0,1,0,1,0,1,0,1,1,0,-1,1,0,1,0,1,0,0,1,0,0,0,0,0,0,0,0,0,1,1,1,0,-1,0,1,1,0,0,NA,"",0,0,0,"",1,"Non-UKRN",1,9999,9,0.5625,3,0.375,3,1,1,1,1,1,1,0,1,1,1,0
393,"100",369,"TRUE","UKRN01","Full-time","Yes","","4","Year 1","","","Psychology BSc","Yes","Female",2,1,0,0,1,1,1,0,2,1,0,1,0,-1,0,-1,1,1,1,1,0,1,0,1,0,0,0,0,1,0,1,0,1,1,-1,-1,0,0,1,1,0,NA,"",0,0,1,"",1,"UKRN",1,9999,8,0.5,2,0.25,6,2,1,1,1,1,1,0,1,1,1,0
394,"100",389,"TRUE","UNI24","Full-time","No","","1","Year 1","","","Media Psychology","No","Male",1,1,1,2,1,1,1,1,-1,-2,1,2,0,0,-1,-1,1,0,1,0,1,1,1,1,0,0,1,0,1,1,1,0,1,1,0,-2,-1,-2,2,0,0,NA,"",0,0,1,"",1,"Non-UKRN",1,9999,7,0.4375,-1,-0.125,6,4,1,1,1,1,1,0,1,1,1,0
395,"100",853,"TRUE","UNI24","Full-time","No","","3","Year 1","","","Psychology ","No","Female ",2,2,2,1,2,-1,2,1,1,-2,1,1,0,-2,-2,-2,1,1,1,1,0,1,1,1,0,1,1,1,0,1,1,1,1,2,1,-2,-2,2,1,1,0,NA,"",1,0,0,"",1,"Non-UKRN",1,9999,6,0.375,4,0.5,7,6,1,1,1,1,1,0,1,1,1,0
396,"100",389,"TRUE","UNI24","Full-time","No","","3","Year 1","","","Psychology of Human and Animal Behaviour","No","Female",2,2,0,1,0,-1,0,-1,1,2,1,1,1,-1,-1,1,1,0,1,0,1,1,0,1,0,0,1,0,0,1,0,0,2,0,1,1,1,1,1,0,0,NA,"",0,0,1,"",1,"Non-UKRN",1,9999,8,0.5,7,0.875,5,2,1,1,1,1,1,0,1,1,1,0
397,"100",636,"TRUE","UNI22","Full-time","No","","3","Year 2","","","Psychology with Behaviour Analysis","Yes","Female",1,0,2,-1,2,-1,2,-1,2,-1,0,2,1,2,0,-2,0,0,0,1,1,0,1,0,1,1,1,0,0,1,0,1,-2,-2,-2,-2,-2,2,2,0,0,NA,"",0,0,0,"",1,"Non-UKRN",1,9999,8,0.5,-6,-0.75,3,5,1,1,1,1,1,0,1,1,1,0
398,"100",440,"TRUE","UNI21","Full-time","Yes","","4","Year 2","","","Psychology of Ageing","Yes","Female ",2,0,0,1,1,0,1,1,1,1,1,0,1,-2,-1,-1,0,0,1,0,0,0,0,0,0,0,1,0,0,0,0,0,-2,-1,1,1,0,1,0,0,0,NA,"",0,0,1,"",1,"Non-UKRN",1,9999,6,0.375,0,0,1,1,1,1,1,1,1,0,1,1,1,0
399,"100",369,"TRUE","UNI24","Full-time","No","","3","Year 1","","","Psychology","Yes","Female",2,2,1,-1,1,2,1,1,2,0,0,2,0,-1,-1,-2,1,0,0,0,0,1,0,1,0,1,1,1,1,0,1,0,1,1,0,-2,-1,0,1,0,0,NA,"",0,0,1,"",1,"Non-UKRN",1,9999,9,0.5625,0,0,3,5,1,1,1,1,1,0,1,1,1,0
400,"100",398,"TRUE","UKRN03","Full-time","No","","3","Year 1","","","Bsc Psychology","Yes","Female",2,1,0,1,1,1,2,-1,2,1,2,1,0,-1,-2,-2,1,0,1,0,1,0,0,0,0,0,0,0,0,1,0,1,-1,-1,1,-1,-2,1,2,0,0,NA,"",0,0,1,"",1,"UKRN",1,9999,8,0.5,-1,-0.125,3,2,1,1,1,1,1,0,1,1,1,0
401,"100",498,"TRUE","UNI19","Full-time","No","","3","Year 2","","","Psychology ","Yes","Female ",2,2,1,1,2,1,2,1,2,-1,1,1,0,1,-1,-1,1,0,1,1,0,1,1,1,0,0,1,1,1,0,0,1,2,2,2,-1,-1,1,0,2,0,NA,"",0,0,1,"",1,"Non-UKRN",1,9999,14,0.875,7,0.875,6,4,1,1,1,1,1,0,1,1,1,0
402,"100",378,"TRUE","UKRN03","Full-time","No","","3","Year 2","","","Criminology and Psychology","Yes","Female ",2,1,0,1,1,1,2,1,2,-1,0,2,1,-1,-1,-1,0,0,1,0,0,0,0,1,0,0,1,0,0,0,0,1,1,1,1,0,-1,0,0,1,1,1,"Older studies that are now being replicated and finding different or no results. Suggests that older studies may not have been conducted correctly or effectively.",0,0,1,"",1,"UKRN",1,1,10,0.625,3,0.375,2,2,1,1,1,1,1,1,1,1,1,1
403,"100",848,"TRUE","UNI19","Full-time","Yes","","3","Year 2","","","BSc Hons Psychology ","Yes","Female",2,1,1,-1,1,1,1,2,0,-1,2,1,0,1,-1,-1,0,0,0,0,0,0,1,1,0,0,1,0,0,0,0,0,1,0,-1,-2,-2,0,1,-1,0,NA,"",0,1,1,"No. ",1,"Non-UKRN",1,9999,9,0.5625,-4,-0.5,2,1,1,1,1,1,1,0,1,1,1,0
404,"100",592,"TRUE","UKRN03","Full-time","No","","3","Year 1","","","Psychology Bsc (Hons)","No","Female",1,2,2,1,1,2,2,1,2,1,1,2,0,-1,1,-1,1,0,0,1,0,0,1,0,0,1,1,0,1,1,0,1,1,1,2,-1,0,1,-1,1,0,NA,"",0,0,1,"",1,"UKRN",1,9999,17,1.0625,4,0.5,3,5,1,1,1,1,1,0,1,1,1,0
405,"100",554,"TRUE","UKRN03","Full-time","No","","3","Final Year","","","BSc (hons) Psychology","No","Woman",1,2,1,1,1,1,2,2,2,1,1,2,2,1,0,1,1,1,1,1,0,1,1,1,1,0,1,0,0,0,1,0,2,1,2,1,1,2,2,1,1,1,"Results from previous studies were unable to be reproduced when studied again. This was especially the case in social psychology and medical science",1,1,1,"",1,"UKRN",1,1,21,1.3125,12,1.5,7,3,1,1,1,1,1,1,1,1,1,1
406,"100",441,"TRUE","UKRN03","Full-time","No","","4","Year 1","","","MPsych Hons ","Yes","Female",2,1,0,1,1,0,1,-1,-1,-1,-1,2,1,-1,0,-2,1,0,0,0,1,0,1,1,0,1,1,1,0,1,0,0,1,-1,-1,-1,-2,-1,-1,0,0,NA,"",1,1,0,"",1,"UKRN",1,9999,2,0.125,-6,-0.75,4,4,1,1,1,1,1,0,1,1,1,0
407,"100",286,"TRUE","UNI24","Full-time","No","","3","Year 2","","","Psychology and Criminology","Yes","Female",2,2,1,1,1,0,0,-1,-1,-2,2,2,1,2,-2,-1,0,0,1,0,0,1,0,1,0,0,1,0,0,1,0,0,2,-2,2,0,-1,-2,2,2,0,NA,"",0,0,1,"",1,"Non-UKRN",1,9999,7,0.4375,3,0.375,3,2,1,1,1,1,1,0,1,1,1,0
408,"100",387,"TRUE","UKRN03","Full-time","Other (Please specify)","Year abroad","4","Year 1","","","Psychology and French Studies","Yes","Female ",2,1,-1,1,1,1,1,-1,1,-1,2,2,-1,1,-2,-2,0,0,0,0,0,0,0,1,0,0,0,0,0,0,0,1,1,1,0,-2,-2,0,2,2,1,0,"Studies can’t be replicated ",0,0,1,"",1,"UKRN",1,1,5,0.3125,2,0.25,1,1,1,1,1,1,1,1,1,1,1,1
409,"100",597,"TRUE","UKRN03","Full-time","No","","3","Final Year","","","BSc Psychology","Yes","Female",1,2,2,2,0,2,0,0,2,0,1,2,2,2,-1,0,1,0,1,1,0,1,0,1,0,0,1,0,0,1,0,1,2,1,2,2,-1,1,0,1,1,1,"The issue of whether major findings in psychology are actually true. Lots of big findings and famous papers have never been replicated showing that their results may not be reliable which in some cases has massive implications. People have been accused of p-hacking etc and since researchers have been urged to be more transparent about their research methods/analyses.",0,0,1,"I think understanding this topic is majorly important in learning psychology as a discipline. Even if you arent going to progress into research it is important to know that just because a paper has been published somewhere once that you still need to look at it critically. ",1,"UKRN",1,1,17,1.0625,8,1,5,3,1,1,1,1,1,1,1,1,1,1
410,"100",623,"TRUE","UNI21","Full-time","No","","3","Final Year","","","BSc Psychology","Yes","Female",2,2,1,-1,1,2,1,-1,2,-2,2,2,1,1,-1,1,0,0,1,0,0,1,1,1,1,1,0,1,1,0,0,0,2,2,-2,-2,-2,-2,2,2,1,1,"Research was replicated and similar results were not found and cast doubt on a lot of research ",0,0,1,"",1,"Non-UKRN",1,1,13,0.8125,0,0,4,4,1,1,1,1,1,1,1,1,1,1
411,"100",346,"TRUE","UKRN03","Full-time","No","","3","Year 1","","","Psychology Bsc","Yes","Female",1,1,1,0,1,1,-1,1,1,1,1,1,-1,1,-1,-1,1,1,1,0,1,1,1,1,0,0,0,0,0,0,0,1,1,1,1,1,-1,1,1,1,1,1,"Once repeated studies have been found to produce different results from the initial study, particularly a problem when the initial study has reported significant findings, and once replicated the findings have not been found to be significant.",0,0,1,"",1,"UKRN",1,1,7,0.4375,6,0.75,7,1,1,1,1,1,1,1,1,1,1,1
412,"100",662,"TRUE","UNI19","Full-time","No","","3","Year 2","","","Psychology","No","female ",1,1,0,1,1,0,1,1,2,1,1,1,0,-1,-1,-1,0,1,0,1,1,0,0,0,1,0,1,0,0,1,1,1,2,1,1,-2,-2,1,1,1,1,1,"when studies are published and are almost impossible/ very hard to replicate ",0,0,1,"",1,"Non-UKRN",1,0,8,0.5,3,0.375,3,5,1,1,1,1,1,1,1,1,1,1
413,"100",279,"TRUE","UNI22","Full-time","No","","3","Year 2","","","Sports psychology bsc ","No","Female ",2,1,-1,0,1,0,1,2,2,-2,1,2,2,2,1,-2,1,1,0,1,1,1,1,1,0,0,1,0,0,0,0,0,-1,-1,1,0,-1,-1,1,0,1,0,"Na",0,0,1,"",1,"Non-UKRN",1,0,12,0.75,-2,-0.25,7,1,1,1,1,1,1,1,1,1,1,1
414,"100",286,"TRUE","UNI25","Full-time","No","","3","Final Year","","","Psychology with Counselling","No","Female",1,2,1,1,0,2,2,2,2,-2,1,2,0,0,2,-1,1,1,1,1,1,0,1,1,0,0,0,0,0,0,0,0,1,1,1,0,-1,-1,1,0,0,NA,"",0,0,1,"",1,"Non-UKRN",1,9999,15,0.9375,2,0.25,7,0,1,1,1,1,1,0,1,1,1,0
415,"100",445,"TRUE","UKRN03","Full-time","No","","3","Year 1","","","BA (hons) Psychology","Yes","Female",2,2,1,1,1,1,1,1,1,1,1,2,1,-1,0,-2,0,0,1,0,0,0,0,1,0,0,0,0,0,0,0,0,1,0,1,-1,-2,1,1,0,1,1,"Only some replications of studies (40%) produce the same results as the original. This discredits psychology as a science  ",0,0,1,"",1,"UKRN",1,1,13,0.8125,1,0.125,2,0,1,1,1,1,1,1,1,1,1,1
416,"100",511,"TRUE","UNI24","Full-time","No","","3","Final Year","","","Psychology","Yes","Female",2,1,1,2,2,2,2,1,2,-2,2,2,2,1,-1,-1,0,0,1,0,0,1,1,1,0,0,1,0,0,1,0,0,2,2,1,-1,-2,-1,2,2,0,NA,"",0,0,1,"",1,"Non-UKRN",1,9999,18,1.125,5,0.625,4,2,1,1,1,1,1,0,1,1,1,0
417,"100",585,"TRUE","UKRN03","Full-time","Other (Please specify)","Study abroad year ","4","Year 1","","","Psychology and Spanish studies ","No","Female ",1,1,1,1,1,1,1,-1,1,1,2,1,1,-1,-1,0,1,0,1,0,0,1,0,1,0,0,1,0,0,1,0,1,1,0,1,-1,0,1,2,1,1,0,"",0,0,1,"",1,"UKRN",1,9999,10,0.625,5,0.625,4,3,1,1,1,1,1,1,1,1,1,0
418,"100",463,"TRUE","UNI25","Full-time","Other (Please specify)","Doesn’t include a year purely dedicated to placement but has placement running alongside 2nd year","3","Year 2","","","Psychology ","Yes","Female ",1,1,0,-1,0,0,2,1,0,-2,1,1,1,1,-1,-1,1,0,1,1,0,0,1,1,0,0,1,1,0,0,0,0,1,-1,0,-1,-2,-1,-1,0,1,1,"When studies are difficult to reproduce",0,1,0,"",1,"Non-UKRN",1,0,4,0.25,-5,-0.625,5,2,1,1,1,1,1,1,1,1,1,1
419,"100",625,"TRUE","UNI24","Full-time","No","","3","Year 2","","","BSc Psychology","Yes","Female",2,2,0,-1,1,1,1,1,2,-1,1,2,1,1,-1,-2,1,1,1,1,0,1,0,1,0,1,1,0,0,1,0,1,2,1,1,-1,-2,-1,2,1,0,NA,"",0,0,1,"",1,"Non-UKRN",1,9999,10,0.625,3,0.375,6,4,1,1,1,1,1,0,1,1,1,0
420,"100",549,"TRUE","UKRN03","Full-time","No","","3","Final Year","","","BSc Psychology","Yes","Female",2,2,2,2,1,2,2,2,1,2,2,2,1,1,-1,-2,0,0,0,1,1,0,1,0,1,1,1,0,0,1,0,1,2,2,1,0,-2,-2,1,1,1,1,"",1,1,1,"",1,"UKRN",1,9999,21,1.3125,3,0.375,3,5,1,1,1,1,1,1,1,1,1,0
421,"100",284,"TRUE","UKRN03","Full-time","No","","3","Year 1","","","Psychology ","No","Female",2,2,-2,0,1,2,1,1,1,-2,1,2,1,-1,-1,1,1,0,1,1,1,1,0,1,0,1,0,0,0,0,1,0,1,-1,2,1,1,-1,1,1,0,NA,"",0,0,1,"",1,"UKRN",1,9999,9,0.5625,5,0.625,6,2,1,1,1,1,1,0,1,1,1,0
422,"100",339,"TRUE","UNI25","Full-time","No","","3","Final Year","","","Psychology with counselling ","Yes","Female ",2,1,2,2,1,2,1,0,2,-2,1,2,1,1,-1,-1,0,0,1,0,0,1,0,1,0,0,1,0,0,0,0,1,2,-1,1,-1,-2,-1,1,1,1,0,"",0,0,1,"",1,"Non-UKRN",1,9999,14,0.875,0,0,3,2,1,1,1,1,1,1,1,1,1,0
423,"100",578,"TRUE","UNI25","Full-time","No","","3","Year 2","","","Psychology","Yes","Female",1,2,0,2,0,0,2,1,2,2,1,2,1,1,1,0,1,0,1,1,0,0,1,1,0,0,0,1,0,0,1,1,2,2,2,2,0,1,1,1,1,1,"A crisis in psychology where many studies were unable to be replicated with the same results",0,1,1,"",1,"Non-UKRN",1,1,18,1.125,11,1.375,5,3,1,1,1,1,1,1,1,1,1,1
424,"100",344,"TRUE","UKRN03","Full-time","No","","3","Final Year","","","Psychology ","Yes","Female",2,2,0,0,-1,-1,-1,-1,-1,-2,2,2,1,0,0,0,1,0,1,1,0,1,1,1,0,1,0,0,1,0,0,0,-1,-1,0,0,-1,-1,2,-1,1,1,"Where researchers are struggling to replicate findings of famous research",0,1,1,"",1,"UKRN",1,1,2,0.125,-3,-0.375,6,2,1,1,1,1,1,1,1,1,1,1
425,"100",465,"TRUE","UKRN03","Full-time","No","","3","Final Year","","","BA Management and Psychology","No","Female",2,1,1,0,1,0,0,-1,1,-2,1,1,2,1,0,-1,1,1,0,1,1,1,0,1,0,0,1,0,0,0,1,0,-1,-1,0,-1,-2,0,1,0,0,NA,"",0,0,1,"",1,"UKRN",1,9999,7,0.4375,-4,-0.5,6,2,1,1,1,1,1,0,1,1,1,0
426,"100",278,"TRUE","UKRN03","Full-time","No","","3","Final Year","","","Psychology ","Yes","Female ",2,2,1,-1,1,2,2,1,-1,-2,2,2,0,1,-2,-2,1,1,0,1,1,0,1,0,0,0,1,0,0,1,0,1,1,0,1,-1,-2,-2,2,1,1,1,"The issue with replicating research and receiving different results from the original research.",0,0,0,"",1,"UKRN",1,1,8,0.5,0,0,5,3,1,1,1,1,1,1,1,1,1,1
427,"100",638,"TRUE","UNI25","Full-time","No","","3","Year 2","","","Psychology","Yes","Female",2,2,2,1,1,2,2,1,1,-1,1,0,0,2,-1,-1,0,1,0,0,1,1,0,0,1,0,1,1,0,0,1,1,1,1,1,0,-1,0,1,1,1,1,"Studies being hard to replicate/ reproduce the same data",0,1,1,"",1,"Non-UKRN",1,1,14,0.875,4,0.5,3,5,1,1,1,1,1,1,1,1,1,1
428,"100",378,"TRUE","UNI22","Full-time","No","","3","Year 2","","","Psychology with Counselling","No","Female",-1,2,-1,-1,1,1,1,-1,-2,-2,1,2,0,2,0,0,0,0,1,0,0,1,0,1,0,0,1,0,0,1,0,1,2,0,1,-1,-1,1,2,1,1,1,"It surrounds the replication of existing studies, reproducability is crucial to gain more data and a wider understanding of a subject",0,0,1,"N/A",1,"Non-UKRN",1,0,2,0.125,5,0.625,3,3,1,1,1,1,1,1,1,1,1,1
429,"100",480,"TRUE","UKRN03","Full-time","No","","3","Year 1","","","Bachelor of Science in Psychology and Linguistics ","No","Male",2,2,1,2,1,1,2,2,1,1,1,2,1,1,1,1,1,0,1,1,0,0,1,1,0,0,0,0,0,0,0,0,2,2,2,2,1,2,1,1,1,0,"Should be solved as soon as possible, to make findings more reliable ",0,0,1,"A lecture on replication crises and open science should be mandatory ",1,"UKRN",1,0,22,1.375,13,1.625,5,0,1,1,1,1,1,1,1,1,1,1
430,"100",384,"TRUE","UNI25","Full-time","No","","3","Year 2","","","Psychology with Counselling","Yes","Female",1,2,2,1,0,2,1,1,0,1,2,2,1,2,-2,-1,1,1,0,0,1,0,0,0,0,0,1,1,0,1,1,1,1,1,1,-1,-2,0,2,-1,1,1,"Studies aren't able to be replicated properly",1,1,1,"",1,"Non-UKRN",1,0,15,0.9375,1,0.125,3,5,1,1,1,1,1,1,1,1,1,1
431,"100",522,"TRUE","UNI21","Full-time","Yes","","3","Placement Year","","","BSC Psychology","Yes","female",2,1,-2,1,2,-2,2,2,1,-2,2,2,0,-2,-2,-2,0,0,1,0,0,0,0,0,0,0,1,0,0,0,0,0,2,1,0,-2,-2,-2,2,0,1,1,"Many results of psychological studies fail to be replicated and are thus likely to be invalid/wrong. ",0,0,1,"",1,"Non-UKRN",1,1,3,0.1875,-1,-0.125,1,1,1,1,1,1,1,1,1,1,1,1
432,"100",1195,"TRUE","UNI25","Full-time","No","","3","Final Year","","","Psychology ","Yes","Female",1,1,0,1,0,1,-1,-1,1,-2,1,2,1,1,-1,-1,1,1,0,0,1,0,1,1,0,0,1,0,0,1,0,0,1,1,1,-1,0,-1,1,0,1,1,"Replications of previous research failing to find similar findings to previous studies that were considered to be accurate and reliable ",0,0,0,"",1,"Non-UKRN",1,1,4,0.25,2,0.25,5,2,1,1,1,1,1,1,1,1,1,1
433,"100",330,"TRUE","UKRN03","Full-time","No","","3","Final Year","","","BSc Psychology","Yes","Female",1,1,-1,0,1,-1,0,-1,1,-2,1,2,1,1,-1,1,0,0,1,0,0,0,1,1,0,0,1,0,0,0,0,0,1,0,1,1,-2,-1,1,1,1,1,"Many psychological studies that have been used to inform theory have been replicated and the same results have not been found. It suggests research may have not been carried out properly",0,0,1,"",1,"UKRN",1,1,4,0.25,2,0.25,3,1,1,1,1,1,1,1,1,1,1,1
434,"100",412,"TRUE","UNI25","Full-time","No","","3","Final Year","","","Psychology BSc","Yes","",2,2,0,-2,1,1,2,-1,-1,-1,1,2,1,1,-2,-1,0,0,1,0,0,0,1,1,0,0,1,0,0,0,0,0,2,1,1,1,-2,1,1,-1,1,0,"A failure to find similar results to the orignial paper when copying the method",0,0,1,"",1,"Non-UKRN",1,1,5,0.3125,4,0.5,3,1,1,1,1,1,1,1,1,1,1,1
435,"100",367,"TRUE","UNI21","Full-time","Yes","","3","Year 1","","","Psychology BSC","No","female",1,1,0,1,1,1,1,1,-1,-1,1,1,0,1,-2,-1,1,0,1,0,1,0,1,1,0,1,0,1,0,1,0,0,1,1,-1,-1,-1,0,1,1,0,NA,"",0,0,1,"",1,"Non-UKRN",1,9999,5,0.3125,1,0.125,5,3,1,1,1,1,1,0,1,1,1,0
436,"100",376,"TRUE","UKRN03","Full-time","No","","3","Year 2","","","Psychology ","Yes","Female",1,1,1,-1,1,1,2,-2,-1,-1,1,2,0,1,-1,-1,1,1,1,1,1,1,1,1,0,0,1,0,0,1,0,0,1,1,1,0,-1,-1,1,1,1,1,"There are now proving to be issues in reproducing significant results in replications of previous studies, suggesting that research that theories and assumptions have been based upon may now no longer be applicable to society  ",0,0,1,"",1,"UKRN",1,1,4,0.25,3,0.375,8,2,1,1,1,1,1,1,1,1,1,1
437,"100",389,"TRUE","UNI24","Full-time","No","","3","Final Year","","","Psychology and Criminology ","Yes","Female",1,1,0,1,-1,0,0,-1,-1,-1,1,1,0,1,-1,-1,1,1,1,1,1,0,0,1,0,0,0,0,0,1,1,0,1,1,-1,-2,-1,-2,1,0,0,NA,"",0,0,1,"",1,"Non-UKRN",1,9999,0,0,-3,-0.375,6,2,1,1,1,1,1,0,1,1,1,0
438,"100",329,"TRUE","UKRN03","Full-time","No","","3","Year 1","","","psychology ","Yes","female",2,1,1,1,1,1,-1,-1,1,1,-1,1,-1,1,-1,-1,1,1,0,1,1,0,1,1,0,0,1,0,0,1,0,0,1,1,1,1,-2,1,-1,1,0,NA,"",0,0,1,"",1,"UKRN",1,9999,5,0.3125,3,0.375,6,2,1,1,1,1,1,0,1,1,1,0
439,"100",1031,"TRUE","UKRN03","Full-time","No","","3","Year 1","","","BA (Hons) Criminology and Psychology ","No","Female",1,2,1,2,-2,2,2,2,2,-2,0,2,-2,2,1,-2,1,0,1,0,0,1,0,1,1,0,1,0,0,0,0,1,2,2,2,-2,-2,2,1,2,0,NA,"",1,0,1,"",1,"UKRN",1,9999,11,0.6875,7,0.875,4,3,1,1,1,1,1,0,1,1,1,0
440,"100",490,"TRUE","UKRN03","Full-time","No","","3","Final Year","","","Psychology ","Yes","Female ",1,1,1,1,1,1,0,-1,1,1,-1,1,1,1,-1,-1,0,1,0,1,1,1,0,0,1,0,1,0,0,0,1,1,1,1,-1,1,-1,-1,1,1,1,1,"That many key areas of research could not produce replicable results which reflected negatively on psychology ",0,0,1,"",1,"UKRN",1,1,7,0.4375,2,0.25,4,4,1,1,1,1,1,1,1,1,1,1
441,"100",523,"TRUE","UNI20","Full-time","Other (Please specify)","Not a placement year, but a placement module","3","Placement Year","","","BSc Psychology","Yes","Female",1,1,2,2,2,2,2,2,0,2,1,2,0,-1,0,1,1,1,1,0,0,1,0,0,0,0,1,0,0,0,0,0,2,2,2,0,1,1,0,2,0,NA,"",1,0,1,"",1,"Non-UKRN",1,9999,19,1.1875,10,1.25,4,1,1,1,1,1,1,0,1,1,1,0
442,"100",423,"TRUE","UNI25","Full-time","No","","3","Year 1","","","Psychology with Counselling ","No","Female ",2,1,0,1,1,1,1,2,-1,-2,2,2,-1,1,-1,1,0,0,1,0,0,0,1,1,0,0,1,0,0,0,1,1,-2,-1,1,-1,-1,0,2,0,0,NA,"",0,0,0,"",1,"Non-UKRN",1,9999,10,0.625,-2,-0.25,3,3,1,1,1,1,1,0,1,1,1,0
443,"100",682,"TRUE","UKRN03","Full-time","No","","3","Year 1","","","BCs Psychology","Yes","Female",1,2,-1,1,1,0,1,1,-2,-2,-1,2,-1,1,-2,-2,0,0,1,1,0,1,0,1,0,0,1,1,0,1,0,1,2,1,-1,1,-2,0,0,1,1,1,"Many psychological studies are impossible/ very difficult to replicate the studies with similar results",0,0,1,"",1,"UKRN",1,1,-1,-0.0625,2,0.25,4,4,1,1,1,1,1,1,1,1,1,1
444,"100",486,"TRUE","UNI21","Full-time","No","","3","Final Year","","","Psychology","Yes","Female",2,1,1,-1,1,0,1,1,1,-2,1,1,-1,-2,-1,-2,1,1,1,0,0,1,0,1,0,0,0,0,0,0,0,0,1,1,-1,-2,-2,-2,1,1,1,0,"The issue that some studied done previously cannot be correctly replicated",0,0,1,"",1,"Non-UKRN",1,0,1,0.0625,-3,-0.375,5,0,1,1,1,1,1,1,1,1,1,1
445,"100",749,"TRUE","UKRN03","Full-time","No","","3","Year 2","","","Psychology ","Yes","Female ",2,1,1,-2,1,1,2,1,1,-2,2,1,1,-1,1,1,1,1,1,1,1,0,1,0,0,0,0,0,0,1,0,1,1,1,1,-2,-1,1,1,1,1,1,"Findings from previous studies can not be replicated in the future and therefore must be wrong.",0,0,1,"",1,"UKRN",1,1,11,0.6875,3,0.375,6,2,1,1,1,1,1,1,1,1,1,1
446,"100",300,"TRUE","UNI25","Full-time","No","","3","Final Year","","","Psychology ","Yes","Female",1,2,0,1,2,1,2,1,-1,-2,1,1,0,-1,-1,-1,1,0,1,0,0,1,0,1,0,0,1,0,0,0,0,1,1,2,0,0,-1,-1,1,1,0,NA,"",0,0,1,"",1,"Non-UKRN",1,9999,6,0.375,3,0.375,4,2,1,1,1,1,1,0,1,1,1,0
447,"100",467,"TRUE","UKRN03","Full-time","No","","3","Year 2","","","Psychology","Yes","female",2,1,1,0,1,0,2,0,2,-1,1,1,1,0,0,1,1,0,1,0,0,0,0,1,0,0,1,0,0,1,0,0,0,-1,2,1,1,0,0,1,1,1,"",0,1,1,"",1,"UKRN",1,9999,12,0.75,4,0.5,3,2,1,1,1,1,1,1,1,1,1,0
448,"100",4168,"TRUE","UNI24","Full-time","No","","3","Year 1","","","Psychology Bsc","No","Female",0,1,0,1,1,2,1,1,2,1,1,2,0,-2,0,0,1,1,0,1,1,1,1,1,0,0,1,0,0,0,0,0,0,0,1,0,0,1,1,1,0,NA,"",0,0,1,"",1,"Non-UKRN",1,9999,11,0.6875,4,0.5,7,1,1,1,1,1,1,0,1,1,1,0
449,"100",958,"TRUE","UNI22","Full-time","No","","3","Year 1","","","Psychology ","Yes","Female",1,1,1,1,2,1,1,2,2,-1,1,1,0,0,0,0,1,0,1,0,0,1,0,1,1,0,1,0,0,1,0,1,1,1,1,-1,-1,0,1,2,0,NA,"",0,0,1,"",1,"Non-UKRN",1,9999,13,0.8125,4,0.5,4,4,1,1,1,1,1,0,1,1,1,0
450,"100",520,"TRUE","UNI21","Full-time","Other (Please specify)","Optional ","3","Year 2","","","BcS Psychology","No","Female",1,-1,0,0,1,0,2,2,1,1,2,0,1,1,-1,0,0,0,1,0,1,1,1,0,0,0,1,0,0,0,0,0,1,-1,2,-1,0,2,2,0,0,NA,"",0,0,1,"",1,"Non-UKRN",1,9999,10,0.625,5,0.625,4,1,1,1,1,1,1,0,1,1,1,0
451,"100",810,"TRUE","UNI19","Full-time","No","","3","Final Year","","","Psychology (PX)","Yes","Non-Binary",2,2,1,-2,2,1,2,2,2,-2,-1,2,1,-1,0,0,1,1,1,1,0,1,0,1,0,0,1,1,0,1,0,1,1,1,2,1,-1,0,-1,0,0,NA,"",1,0,1,"",1,"Non-UKRN",1,9999,11,0.6875,3,0.375,6,4,1,1,1,1,1,0,1,1,1,0
452,"100",611,"TRUE","UKRN03","Full-time","No","","3","Year 2","","","Psychology","Yes","Female",2,2,1,2,2,1,2,2,1,0,-1,2,0,1,-2,-2,1,1,1,1,1,1,1,1,1,1,1,0,0,1,1,0,2,1,2,0,-2,2,0,1,1,0,"The difficulty in reproducing results of original studies during replication, which is theorized to be caused by a variety of reasons. ",1,1,1,"",1,"UKRN",1,1,13,0.8125,6,0.75,8,5,1,1,1,1,1,1,1,1,1,1
453,"100",602,"TRUE","UNI22","Full-time","No","","3","Year 2","","","Sport and Exercise Psychology","Yes","Female",1,2,-2,1,0,1,1,1,-2,-1,2,2,1,2,-2,-1,0,0,0,0,0,0,0,1,0,0,0,0,0,0,0,0,1,0,1,1,-1,-1,1,1,0,NA,"",1,0,1,"",1,"Non-UKRN",1,9999,6,0.375,3,0.375,1,0,1,1,1,1,1,0,1,1,1,0
454,"100",392,"TRUE","UNI21","Full-time","No","","3","Year 1","","","Psychology","Yes","Female",1,2,1,-1,-1,1,-2,-2,-1,-2,2,2,0,2,-2,-2,0,0,1,0,0,1,1,1,0,0,0,0,0,0,0,0,2,0,1,-1,-2,-2,2,1,1,1,"Replicating until desired results are found",0,0,1,"No",1,"Non-UKRN",1,0,-2,-0.125,1,0.125,4,0,1,1,1,1,1,1,1,1,1,1
455,"100",445,"TRUE","UNI22","Full-time","No","","3","Year 1","","","Psychology with Counselling ","Yes","Female ",2,2,0,0,1,2,1,1,1,2,2,1,-1,-1,-1,-2,1,1,1,0,0,1,0,1,0,0,1,0,0,0,0,1,2,-1,1,-2,-2,0,1,0,1,1,"",0,1,1,"",1,"Non-UKRN",1,9999,10,0.625,-1,-0.125,5,2,1,1,1,1,1,1,1,1,1,0
456,"100",476,"TRUE","UNI20","Full-time","Yes","","3","Year 1","","","Bcs hons psychology ","Yes","female",1,1,0,1,1,0,1,1,1,1,1,0,1,-1,1,0,1,1,1,1,1,1,1,1,0,0,1,0,0,0,0,0,1,1,2,-1,0,1,-1,1,0,NA,"",0,0,1,"",1,"Non-UKRN",1,9999,10,0.625,4,0.5,8,1,1,1,1,1,1,0,1,1,1,0
457,"100",681,"TRUE","UNI25","Full-time","No","","3","Final Year","","","Psychology ","Yes","Female ",2,1,-1,-1,1,0,1,1,-2,-2,1,1,0,1,-1,-1,1,1,0,1,1,0,1,1,0,0,1,0,0,1,0,0,1,1,1,-1,-1,-1,-1,-1,1,1,"Current researchers struggle to replicate results from previous studies. ",0,0,1,"",1,"Non-UKRN",1,1,1,0.0625,-2,-0.25,6,2,1,1,1,1,1,1,1,1,1,1
458,"100",802,"TRUE","UKRN03","Full-time","No","","3","Year 2","","","BSc (Hons) Psychology","Yes","Female",1,1,1,1,1,1,1,1,1,-2,1,2,2,0,1,-1,1,1,1,1,1,1,1,1,1,1,1,0,0,1,1,0,1,1,1,-1,-1,1,1,1,1,1,"Replication crisis is that a lot of psychologists right now are trying to replicate previous studies, but failing to find significant results. ",1,1,1,"",1,"UKRN",1,1,12,0.75,4,0.5,8,5,1,1,1,1,1,1,1,1,1,1
459,"100",372,"TRUE","UNI25","Full-time","No","","3","Year 1","","","Psychology ","No","Female",2,2,1,0,0,1,1,1,1,1,2,2,0,-1,1,-1,1,1,0,0,0,0,1,1,0,0,1,1,1,1,0,0,1,1,2,1,-2,1,2,1,0,NA,"",0,0,1,"",1,"Non-UKRN",1,9999,13,0.8125,7,0.875,4,4,1,1,1,1,1,0,1,1,1,0
460,"100",536,"TRUE","UNI24","Full-time","No","","3","Final Year","","","Psychology and Criminology BSc","Yes","Female",2,1,1,1,1,0,2,-1,2,-2,2,2,-2,-1,-2,-1,0,0,0,0,0,0,0,1,0,0,1,0,0,0,1,0,1,2,2,0,0,-1,2,1,0,NA,"",0,0,1,"",1,"Non-UKRN",1,9999,5,0.3125,7,0.875,1,2,1,1,1,1,1,0,1,1,1,0
461,"100",426,"TRUE","UNI21","Full-time","Other (Please specify)","Optional Year or a Final Year Placement Module","3","Placement Year","","","BSc Psychology","No","Female",1,1,0,1,1,1,2,1,2,1,2,1,0,0,0,0,1,1,1,0,1,1,0,1,0,0,0,1,0,0,1,0,2,1,1,0,1,1,1,0,1,1,"Issues surrounding replicating previous studies ",0,0,1,"",1,"Non-UKRN",1,0,14,0.875,7,0.875,6,2,1,1,1,1,1,1,1,1,1,1
462,"100",408,"TRUE","UNI24","Full-time","No","","3","Year 1","","","Psychology ","Yes","Female ",1,2,1,1,1,1,1,1,1,2,2,2,-1,-1,-1,-1,1,0,0,1,1,1,1,0,0,1,1,0,0,0,0,1,1,1,1,-1,-2,0,2,1,0,NA,"",1,0,1,"",1,"Non-UKRN",1,9999,12,0.75,3,0.375,5,3,1,1,1,1,1,0,1,1,1,0
463,"100",728,"TRUE","UNI21","Full-time","No","","3","Year 1","","","BSc Psychology","Yes","Male",2,2,1,1,1,0,1,-1,-2,-2,1,2,1,1,-1,1,1,0,1,1,0,1,0,1,0,1,0,0,1,0,1,0,1,1,1,-1,1,1,1,-1,1,1,"Failure to reproduce studies accurately",1,0,1,"",1,"Non-UKRN",1,1,8,0.5,4,0.5,5,3,1,1,1,1,1,1,1,1,1,1
464,"100",686,"TRUE","UKRN03","Full-time","No","","4","Year 2","","","Psychology (Study Abroad) BSc","Yes","Female",1,1,-1,1,1,-1,1,-1,-1,-2,1,1,2,-1,-1,-1,1,1,1,0,0,1,0,1,0,0,1,0,0,0,0,1,1,-1,1,1,-1,-1,0,1,1,1,"Issues of replicating studies to gain a certain result. Issues replicating where there are publication issues etc. Multifaceted issue ",0,0,1,"",1,"UKRN",1,0,0,0,1,0.125,5,2,1,1,1,1,1,1,1,1,1,1
465,"100",580,"TRUE","UKRN03","Full-time","No","","3","Year 2","","","management and psychology joint honors","Yes","female",0,1,1,1,0,0,2,1,2,-2,2,2,1,1,-1,-1,0,0,0,0,1,0,1,0,1,1,1,1,0,1,0,1,2,1,1,-1,-1,1,2,1,0,NA,"",0,0,1,"",1,"UKRN",1,9999,10,0.625,6,0.75,2,6,1,1,1,1,1,0,1,1,1,0
466,"100",416,"TRUE","UKRN01","Full-time","Yes","","4","Year 1","","","Psychology","Yes","Female",1,1,1,0,0,0,0,0,1,0,1,1,1,-1,1,0,1,1,1,1,0,1,0,1,1,1,1,0,1,0,0,0,1,-1,0,-1,-1,1,1,0,0,NA,"",0,0,0,"",1,"UKRN",1,9999,7,0.4375,0,0,6,4,1,1,1,1,1,0,1,1,1,0
467,"100",413,"TRUE","UNI24","Full-time","No","","3","Year 1","","","Bsc Psychology ","Yes","",1,1,1,1,1,-1,1,-1,1,-2,2,0,0,0,1,1,1,1,1,1,0,0,1,1,0,0,0,0,0,1,0,0,2,2,1,1,-1,1,1,1,1,0,"",0,0,0,"",1,"Non-UKRN",1,9999,7,0.4375,8,1,6,1,1,1,1,1,1,1,1,1,1,0
468,"100",1205,"TRUE","UKRN03","Full-time","No","","3","Final Year","","","Psychology ","Yes","Female",2,2,1,2,1,1,2,1,-1,-2,0,2,0,1,0,0,0,1,0,0,1,1,0,1,0,0,1,0,0,0,0,0,1,1,1,-1,-1,-1,1,1,1,1,"Where researchers do not adequately report their methodology, making it very difficult to replicate their studies.",0,0,1,"",1,"UKRN",1,1,12,0.75,2,0.25,4,1,1,1,1,1,1,1,1,1,1,1
471,"100",489,"TRUE","UKRN06","Full-time","No","","3","Year 2","","","psychology bsc","Yes","female",2,2,2,2,2,2,1,1,2,2,-1,2,2,2,2,1,1,1,0,1,0,0,1,1,0,0,0,0,0,0,1,1,2,2,2,2,1,1,2,2,1,1,"many important studies, in psychology and a few other fields, have been found not to replicate- this crisis was likely brought on due to due to the practicing of questionable research methods",1,1,1,"",1,"UKRN",1,1,26,1.625,14,1.75,5,2,1,1,1,1,1,1,1,1,1,1
472,"100",255,"TRUE","UKRN03","Full-time","No","","3","Year 1","","","Psychology","Yes","Female",2,1,1,1,1,1,1,1,1,2,1,1,1,0,0,-1,0,0,1,0,0,1,0,0,0,0,1,0,0,1,0,0,2,2,1,1,-2,-1,1,1,0,NA,"",0,0,1,"",1,"UKRN",1,9999,14,0.875,5,0.625,2,2,1,1,1,1,1,0,1,1,1,0
473,"100",588,"TRUE","UNI21","Full-time","Other (Please specify)","It's optional","3","Placement Year","","","Psychology BSc","No","Female ",2,2,1,1,2,2,1,-1,1,-1,1,2,2,-1,-1,-1,1,1,0,1,1,1,0,1,0,0,1,0,0,0,1,0,2,-1,2,-1,-1,1,0,-1,1,1,"Finding that many psychological studies are difficult to recreate/produce same results ",0,0,1,"Most was learnt through personal reading and further research. University only very briefly touched upon some of these topics.",1,"Non-UKRN",1,1,12,0.75,1,0.125,6,2,1,1,1,1,1,1,1,1,1,1
474,"100",468,"TRUE","UNI20","Full-time","Other (Please specify)","Placement Module","3","Placement Year","","","Psychology","Yes","Female",1,1,0,-1,1,1,1,1,1,1,-1,2,1,-1,0,-1,1,0,1,0,1,1,0,1,0,1,0,1,0,0,1,0,1,1,1,-1,-1,-1,-1,1,0,NA,"",0,0,1,"",1,"Non-UKRN",1,9999,7,0.4375,0,0,5,3,1,1,1,1,1,0,1,1,1,0
475,"100",312,"TRUE","UNI24","Full-time","No","","3","Year 1","","","psychology of sport","No","male",2,2,2,1,1,-1,-1,-1,1,-2,1,2,0,-1,1,1,1,1,1,0,0,0,0,1,0,0,0,0,0,0,0,0,1,1,1,1,1,1,1,1,0,NA,"",1,0,1,"",1,"Non-UKRN",1,9999,8,0.5,8,1,4,0,1,1,1,1,1,0,1,1,1,0
476,"100",676,"TRUE","UNI22","Full-time","No","","3","Year 2","","","Psychology","No","Female",2,1,-1,1,1,1,2,1,-1,-1,1,1,0,-1,-1,0,1,1,1,0,0,1,0,1,1,1,1,0,0,1,0,0,2,-1,1,-1,0,0,-1,-1,1,1,"Past studies are hard to replicate and therefore the results differ.",0,0,1,"",1,"Non-UKRN",1,1,6,0.375,-1,-0.125,5,4,1,1,1,1,1,1,1,1,1,1
478,"100",590,"TRUE","UKRN03","Full-time","No","","3","Final Year","","","Psychology (BSc)","Yes","Male",1,1,1,0,0,-1,1,-1,2,1,2,2,1,1,-1,-1,1,1,1,1,0,1,0,1,0,0,1,0,0,1,0,0,1,1,0,1,-1,1,1,-1,1,1,"A current crisis in science where many studies over the past few decades are failing to be replicated under similar conditions, or have not been documented well enough to replicate the method accurately. There is also an issue of Journals not hosting articles that contain insignificant results, leaving many of these insignificant replications unpublished.",1,1,1,"",1,"UKRN",1,1,9,0.5625,3,0.375,6,2,1,1,1,1,1,1,1,1,1,1
479,"100",439,"TRUE","UKRN03","Full-time","Other (Please specify)","Study Abroad","4","Year 1","","","Bsc Psychology with Study Abroad","Yes","Female",1,1,0,2,1,1,1,1,2,1,1,1,1,-1,-1,-1,1,0,0,0,0,0,0,1,0,0,1,0,0,1,0,0,1,0,1,-1,-2,0,1,1,1,0,"studies that are difficult to reproduce in different social groups",0,0,1,"",1,"UKRN",1,0,11,0.6875,1,0.125,2,2,1,1,1,1,1,1,1,1,1,1
480,"100",489,"TRUE","UKRN03","Full-time","No","","4","Year 1","","","Psychology ","Yes","Female",1,1,0,-1,1,1,2,0,0,0,0,1,1,-1,-1,-1,1,1,1,0,0,1,1,1,1,1,1,0,0,1,1,1,2,-1,1,-1,-1,1,0,1,1,0,"People arent sharing how they conduct studies and also arent sharing studies are not significant ",1,1,1,"",1,"UKRN",1,1,4,0.25,2,0.25,6,6,1,1,1,1,1,1,1,1,1,1
481,"100",300,"TRUE","UNI25","Full-time","No","","3","Final Year","","","Psychology ","Yes","Female",1,1,1,2,1,1,2,2,1,2,-1,1,1,-1,-1,-1,0,0,1,0,0,0,0,0,0,0,0,0,0,0,0,1,2,1,-1,-1,-2,-2,-1,1,1,0,"The large amounts of people who replicate previous research ",0,0,1,"",1,"Non-UKRN",1,0,12,0.75,-3,-0.375,1,1,1,1,1,1,1,1,1,1,1,1
482,"100",573,"TRUE","UKRN05","Full-time","Yes","","3","Year 1","","","BSc (Hons) Psychology","No","Female",1,-1,1,1,0,-1,1,1,1,1,1,2,1,1,0,-2,0,0,1,0,0,1,0,1,0,0,1,0,0,0,0,0,2,0,0,-1,-1,0,-1,1,0,NA,"",0,0,1,"",1,"UKRN",1,9999,8,0.5,0,0,3,1,1,1,1,1,1,0,1,1,1,0
483,"100",717,"TRUE","UNI22","Full-time","No","","3","Year 2","","","Psychology with criminology and the criminal justice system","No","female",1,1,1,2,2,2,2,-2,2,-2,2,1,0,1,-2,-2,0,0,0,0,0,0,0,0,0,0,1,0,0,0,1,0,-2,-1,1,-1,2,0,1,1,0,NA,"",0,0,1,"",1,"Non-UKRN",1,9999,9,0.5625,1,0.125,0,2,1,1,1,1,1,0,1,1,1,0
484,"100",385,"TRUE","UKRN01","Full-time","Yes","","4","Year 2","","","Psychology (BSc Hons)","Yes","Female",1,1,2,-1,1,1,1,0,1,1,1,2,1,-1,-1,-1,1,1,0,0,0,1,1,0,0,0,1,1,0,0,0,1,1,1,1,1,-1,1,2,0,1,1,"I think it might be about researchers being unable to replicate studies due to previous studies not being transparent enough about how the original study was conducted.",0,1,1,"",1,"UKRN",1,1,9,0.5625,6,0.75,4,3,1,1,1,1,1,1,1,1,1,1
485,"70",266,"FALSE","UNI04","Full-time","No","","3","Year 2","","","Psychology bsc ","Yes","Female",1,2,2,1,1,-1,2,-2,2,2,2,2,1,2,-2,-2,1,1,1,1,0,0,1,1,0,0,0,0,0,0,0,0,1,2,-1,1,-2,1,NA,NA,NA,NA,"",NA,NA,NA,"",1,"Non-UKRN",1,9999,13,0.8125,NA,0.333333333333333,6,0,1,1,1,0,0,0,0,0,0,0
486,"100",403,"TRUE","UNI25","Full-time","Other (Please specify)","Required volunteer placement ","3","Year 2","","","Psychology with counselling","Yes","Female",0,0,0,0,0,0,1,1,1,1,2,2,-1,0,0,-1,0,0,1,1,0,0,1,1,0,0,0,1,0,0,1,1,2,1,1,-1,0,0,2,0,0,NA,"",0,0,1,"N/A",1,"Non-UKRN",1,9999,6,0.375,5,0.625,4,3,1,1,1,1,1,0,1,1,1,0
487,"100",444,"TRUE","UNI24","Full-time","No","","3","Year 2","","","Psychology","Yes","Man; Androgynous (feel free to put me in with either men or other)",2,2,2,2,1,2,2,2,-2,-2,0,2,2,2,-1,-1,0,1,1,1,0,1,1,1,0,1,1,0,0,1,1,1,1,0,2,0,0,0,1,0,1,0,"The rate at which studies are or are not essentially 'remade' ",1,0,1,"",1,"Non-UKRN",1,0,15,0.9375,4,0.5,6,5,1,1,1,1,1,1,1,1,1,1
488,"100",561,"TRUE","UNI25","Full-time","No","","3","Final Year","","","Psychology BSc Hons","Yes","Female",2,2,0,1,1,0,2,2,2,2,1,2,1,0,-1,-1,0,0,0,0,0,0,0,1,0,0,1,0,0,0,1,0,1,0,2,-1,-1,1,1,1,0,NA,"",0,0,0,"",1,"Non-UKRN",1,9999,16,1,4,0.5,1,2,1,1,1,1,1,0,1,1,1,0
489,"100",553,"TRUE","UNI25","Full-time","No","","3","Final Year","","","Psychology ","Yes","Female ",1,1,-1,-1,1,1,1,1,1,-1,1,2,0,-1,0,0,1,0,1,0,0,1,0,1,1,0,1,0,0,1,0,0,-1,-1,-1,-1,-1,-1,1,1,0,NA,"",0,0,1,"Overall I think research should share their results with others, if others want to replicate the study they should get consent from the researcher ",1,"Non-UKRN",1,9999,6,0.375,-4,-0.5,4,3,1,1,1,1,1,0,1,1,1,0
490,"100",430,"TRUE","UKRN03","Full-time","No","","","Year 1","","","Psychology (Study abroad) Bsc (Hons)","Yes","Female",2,2,2,2,2,2,1,1,2,0,2,2,2,0,1,-2,0,0,0,0,1,0,0,1,0,0,1,0,0,0,0,1,2,2,2,1,-1,0,2,2,1,1,"It is affecting the entirety of psychology but especially social psychology. It is the crisis in which studies are being replicated but the same results are not being found years later, bring in to question the original results.",0,1,1,"",1,"UKRN",1,1,21,1.3125,10,1.25,2,2,1,1,1,1,1,1,1,1,1,1
491,"100",713,"TRUE","UNI21","Full-time","Other (Please specify)","It can but it isn't necessary","3","Year 2","","","BSc Psychology","No","Female",2,1,0,-2,0,0,1,-1,2,-2,2,2,1,2,-2,-2,1,0,1,1,0,0,0,1,0,0,0,0,0,0,0,0,2,1,2,-1,-2,0,2,1,1,1,"Many studies do not provide detailed enough information, in order to be replicated by other researchers to falsify or support the theories.",1,1,1,"",1,"Non-UKRN",1,1,4,0.25,5,0.625,4,0,1,1,1,1,1,1,1,1,1,1
492,"100",1016,"TRUE","UNI24","Full-time","No","","3","Year 2","","","Single honours psychology","No","Male",2,2,1,2,-1,1,0,0,-1,-2,1,2,-1,2,0,-1,1,1,0,1,0,0,1,0,0,0,1,0,1,1,0,1,2,2,0,-1,-1,0,1,1,1,0,"The replication crisis is the current issue of researchers not wanting to replicate prior studies to ensure those studies obtained consistent results. Perhaps because people want to get the glory of coming up with a new research idea that has yielded fruit, or because replicating past research is seen as dull. Regardless, it is necessary to ensure past research is not treated as factual because it has not been disproven, for, a lot of the time nowadays, no one has attempted to try ",0,0,1,"",1,"Non-UKRN",1,0,7,0.4375,4,0.5,4,4,1,1,1,1,1,1,1,1,1,1
493,"100",514,"TRUE","UNI21","Full-time","No","","3","Year 1","","","Psychology","Yes","female",1,1,1,0,1,1,2,0,0,1,1,2,2,1,1,-2,0,0,0,0,0,0,0,0,0,0,1,0,1,0,0,0,-2,2,-1,-1,-1,-1,1,1,1,0,"this understanding that the results for scientific studies cannot be replicated, which inevitably makes it inaccurate. ",0,0,1,"",1,"Non-UKRN",1,1,13,0.8125,-2,-0.25,0,2,1,1,1,1,1,1,1,1,1,1
495,"100",577,"TRUE","UKRN01","Full-time","Yes","","3","Year 1","","","psychology BSC","Yes","Female",1,1,1,0,0,0,1,0,1,0,1,1,1,2,0,1,1,0,1,1,0,1,1,1,0,0,1,0,0,0,1,0,1,-1,1,-1,0,-1,0,0,0,NA,"",1,0,1,"",1,"UKRN",1,9999,11,0.6875,-1,-0.125,6,2,1,1,1,1,1,0,1,1,1,0
496,"100",731,"TRUE","UNI21","Full-time","Other (Please specify)","Yes but not mandatory (I did not take one)","3","Placement Year","","","Psychology ","No","Female",1,2,2,2,0,0,2,0,2,1,2,1,1,-1,-2,-1,1,1,1,0,0,1,0,1,1,1,1,0,0,1,0,1,2,0,2,1,-2,1,1,0,1,0,"It is very difficult to replicate studies and many do not stand the test of time",0,0,1,"",1,"Non-UKRN",1,0,12,0.75,5,0.625,5,5,1,1,1,1,1,1,1,1,1,1
497,"100",670,"TRUE","UKRN03","Full-time","No","","3","Year 2","","","Psychology BSc","Yes","Female",1,1,1,-1,1,1,1,1,1,1,-1,2,-1,1,-1,-1,1,1,1,1,0,0,0,1,0,0,0,0,0,0,0,0,1,1,1,1,-1,-1,1,1,1,1,"When people copy each other’s research ",0,0,1,"",1,"UKRN",1,0,7,0.4375,4,0.5,5,0,1,1,1,1,1,1,1,1,1,1
498,"100",292,"TRUE","UNI22","Full-time","Yes","","3","Year 1","","","Psychology with criminology and criminal justice ","Yes","Female ",2,2,1,-1,1,1,2,-1,1,1,1,-1,1,-1,-1,0,0,0,1,0,0,1,1,1,0,0,1,0,0,1,0,0,1,-1,1,-1,1,1,1,1,0,NA,"",0,0,1,"",1,"Non-UKRN",1,9999,8,0.5,4,0.5,4,2,1,1,1,1,1,0,1,1,1,0
499,"100",455,"TRUE","UNI20","Full-time","Yes","","3","Year 2","","","Bsc Psychology","Yes","Female",1,2,1,1,1,1,1,1,1,1,2,2,0,2,-1,2,1,1,0,0,1,0,1,0,0,0,1,0,0,1,0,1,2,1,1,1,1,2,1,1,0,NA,"",1,0,1,"",1,"Non-UKRN",1,9999,18,1.125,10,1.25,4,3,1,1,1,1,1,0,1,1,1,0
500,"100",358,"TRUE","UKRN05","Full-time","No","","3","Year 2","","","Sociology with Social Psychology","Yes","Female",1,2,1,1,1,0,1,-2,-2,-1,1,1,1,0,-1,-1,1,1,1,1,1,1,1,1,1,0,1,0,1,0,0,1,1,-1,-1,-1,-1,-2,1,1,1,1,"To see if results are the same after being replicated.",1,1,1,"",1,"UKRN",1,0,3,0.1875,-3,-0.375,8,4,1,1,1,1,1,1,1,1,1,1
501,"100",613,"TRUE","UNI21","Full-time","No","","3","Final Year","","","Psychology ","No","Female ",2,1,0,1,0,1,1,2,1,2,1,2,0,-1,0,0,0,0,0,1,1,0,1,0,1,1,1,0,0,1,0,1,2,1,0,-1,0,1,1,0,0,NA,"",1,0,1,"",1,"Non-UKRN",1,9999,13,0.8125,4,0.5,3,5,1,1,1,1,1,0,1,1,1,0
502,"100",354,"TRUE","UKRN05","Full-time","No","","3","Final Year","","","Psychology","Yes","Female",1,2,1,1,0,0,1,1,0,1,1,2,0,1,0,-1,0,0,1,1,0,0,1,1,0,0,1,0,0,0,1,0,2,1,1,-1,-2,0,0,1,0,NA,"",0,0,0,"",1,"UKRN",1,9999,11,0.6875,2,0.25,4,2,1,1,1,1,1,0,1,1,1,0
503,"100",843,"TRUE","UKRN03","Full-time","No","","3","Year 1","","","BA Hons Psychology and Linguistics","Yes","Female",2,2,0,-1,0,2,1,1,-1,0,1,2,1,2,-2,1,0,0,1,0,1,1,0,1,0,0,1,0,1,1,0,0,2,0,1,-2,-1,1,1,0,1,1,"a recent crisis where many studies are being replicated but the results in those studies do not have a high enough replicability rate",0,0,1,"The questions were slightly confusing and too general at times",1,"UKRN",1,0,11,0.6875,2,0.25,4,3,1,1,1,1,1,1,1,1,1,1
504,"100",433,"TRUE","UKRN03","Full-time","No","","3","Year 1","","","Psychology BSc Hons","Yes","Female",2,1,1,1,1,1,2,1,1,-1,1,1,1,-1,0,-1,1,0,1,0,0,1,0,1,0,1,0,1,1,0,1,0,1,1,1,-2,-2,1,-1,-1,1,0,"An event which occurs where the exact procedure is replicated in another study, however different results are obtained without reason.",1,0,0,"",1,"UKRN",1,1,11,0.6875,-2,-0.25,4,4,1,1,1,1,1,1,1,1,1,1
505,"100",470,"TRUE","UKRN03","Full-time","No","","3","Year 1","","","Psychology","No","Male",2,1,1,2,1,1,1,0,1,2,-1,2,0,-1,-1,2,1,1,1,1,0,1,0,1,0,0,1,0,0,1,0,0,2,1,1,2,2,1,0,1,1,1,"Broad failure across the discipline to replicate/reproduce research findings",0,0,1,"",1,"UKRN",1,1,13,0.8125,10,1.25,6,2,1,1,1,1,1,1,1,1,1,1
506,"100",368,"TRUE","UKRN03","Full-time","No","","4","Final Year","","","Psychology MPsych","Yes","Male",1,1,2,2,1,2,2,2,2,2,1,2,2,2,-2,-2,1,1,1,1,0,1,1,1,0,0,0,0,0,0,0,0,1,2,2,2,-1,2,1,1,1,1,"A large portion of scientific findings in the psychological literature may actually not be significant results and instead the result of p-hacking. This is where researchers manipulate or are selective in their analysis to achieve a non-null result, which are more publishable ",0,0,1,"",1,"UKRN",1,1,20,1.25,10,1.25,7,0,1,1,1,1,1,1,1,1,1,1
507,"100",710,"TRUE","UKRN03","Full-time","No","","3","Year 2","","","BSc Hons Psychology Full Time","Yes","Female",2,1,2,2,2,1,0,0,1,0,2,2,2,2,-1,-1,1,1,1,1,0,1,1,1,1,1,1,0,0,0,0,0,1,2,2,1,-1,0,2,2,1,1,"Many studies do not replicate and there is a bias to publish positive results over negative results",1,1,1,"",1,"UKRN",1,1,17,1.0625,9,1.125,7,3,1,1,1,1,1,1,1,1,1,1
508,"100",619,"TRUE","UNI21","Full-time","Yes","","3","Year 1","","","psychology","No","female",1,1,1,1,0,1,1,-1,1,1,1,1,0,1,-1,0,1,1,0,0,0,0,0,0,0,0,1,0,0,1,0,1,1,0,2,-1,0,1,1,0,1,1,"hypotheses cant be supported after theyve been replicated so therefore can you make a solid conclusion?",0,0,1,"",1,"Non-UKRN",1,0,9,0.5625,4,0.5,2,3,1,1,1,1,1,1,1,1,1,1
509,"100",552,"TRUE","UNI24","Full-time","No","","3","Year 2","","","Psychology and Criminology ","No","Female ",2,1,1,1,1,1,1,1,1,1,1,2,1,2,-1,-2,1,0,1,0,0,1,0,1,1,0,1,0,0,1,0,1,-2,1,2,1,-2,-1,2,-1,0,NA,"",0,0,1,"",1,"Non-UKRN",1,9999,14,0.875,0,0,4,4,1,1,1,1,1,0,1,1,1,0
510,"100",323,"TRUE","UNI22","Full-time","Yes","","3","Year 1","","","Psychology with Criminology and Criminal Justice","Yes","Female",1,1,0,1,1,-1,-1,0,1,-1,1,2,0,1,-1,-1,1,1,1,1,1,1,1,1,0,0,0,0,0,0,0,0,1,-1,-1,-1,-2,-1,1,-1,0,NA,"",0,0,1,"",1,"Non-UKRN",1,9999,4,0.25,-5,-0.625,8,0,1,1,1,1,1,0,1,1,1,0
511,"100",1042,"TRUE","UNI25","Full-time","No","","3","Final Year","","","Psychology BSc Hons","Yes","Female",1,1,-1,2,0,0,-1,-1,0,-1,1,2,1,2,-1,-1,0,0,1,0,1,1,1,1,0,0,0,0,0,0,0,0,1,1,0,0,-1,-1,1,1,1,1,"Many studies are difficult to replicate due to methodological issues. Therefore some scientific theories are based on studies that can’t be tested again.",0,0,1,"",1,"Non-UKRN",1,0,4,0.25,2,0.25,5,0,1,1,1,1,1,1,1,1,1,1
512,"100",409,"TRUE","UNI11","Full-time","No","","3","Final Year","","","Psychology BSc","Yes","Female",1,1,-1,-1,1,1,1,0,-2,-2,-1,1,1,1,-2,-1,0,0,0,0,0,0,0,1,0,0,1,0,0,0,1,0,1,1,1,-2,-1,-2,1,1,0,NA,"",0,0,1,"",1,"Non-UKRN",1,9999,-2,-0.125,0,0,1,2,1,1,1,1,1,0,1,1,1,0
513,"100",641,"TRUE","UNI21","Full-time","No","","3","Year 1","","","BSc Psychology","Yes","Female",2,2,1,-1,0,1,2,2,2,-2,2,2,1,1,-2,-2,1,1,1,1,1,1,1,1,0,0,0,0,1,0,0,1,1,1,1,-1,-2,1,1,1,1,1,"That the scientific studies cannot be reproduced and are likely to be incorrect",0,0,1,"",1,"Non-UKRN",1,1,11,0.6875,3,0.375,8,2,1,1,1,1,1,1,1,1,1,1
514,"59",469,"FALSE","UNI07","Full-time","No","","3","Year 2","","","Psychology BSc","Yes","Female",1,1,0,0,2,1,1,1,1,-2,1,2,0,1,-1,-2,0,0,1,0,0,0,0,1,1,1,0,1,1,1,1,0,1,1,NA,NA,NA,NA,NA,NA,NA,NA,"",NA,NA,NA,"",1,"Non-UKRN",1,9999,7,0.4375,NA,1,2,6,1,1,1,0,0,0,0,0,0,0
515,"100",242,"TRUE","UNI50","Full-time","No","","3","Year 2","","","Psychology ","Yes","Female ",1,2,2,2,2,2,2,2,1,1,-1,2,1,1,0,0,0,1,0,0,1,1,0,0,1,0,1,1,0,0,0,1,1,1,1,-1,-1,0,2,1,1,1,"",1,1,1,"",1,"Non-UKRN",1,9999,20,1.25,4,0.5,3,4,1,1,1,1,1,1,1,1,1,0
516,"100",253,"TRUE","UNI50","Full-time","No","","3","Final Year","","","BsC Psychology (Hons)","Yes","Female",2,1,1,-1,2,1,2,0,1,0,1,1,1,-1,0,-1,0,0,0,0,0,0,0,0,0,0,1,0,0,0,0,1,1,0,1,-1,-1,1,1,1,1,0,"Too many people repeating the same study",0,0,1,"",1,"Non-UKRN",1,0,10,0.625,3,0.375,0,2,1,1,1,1,1,1,1,1,1,1
517,"100",308,"TRUE","UNI50","Full-time","No","","3","Final Year","","","Psychology with forensic psychology ","Yes","Female",1,2,0,1,1,2,2,1,1,1,1,1,1,-1,-1,-1,0,0,1,1,0,0,0,1,0,0,0,0,0,0,0,0,-1,1,-1,-1,-2,-1,2,1,1,1,"Where studies are difficult to replicate",0,0,1,"",1,"Non-UKRN",1,0,12,0.75,-2,-0.25,3,0,1,1,1,1,1,1,1,1,1,1
518,"100",301,"TRUE","UNI50","Full-time","No","","3","Year 1","","","Psychology with Clinical Psychology ","Yes","Female",1,1,1,1,1,1,2,1,1,-1,1,-1,1,-1,-1,-1,1,0,0,1,0,0,1,1,0,0,0,0,0,0,0,0,1,-1,1,-1,-2,1,1,-1,0,NA,"",0,0,1,"",1,"Non-UKRN",1,9999,7,0.4375,-1,-0.125,4,0,1,1,1,1,1,0,1,1,1,0
519,"100",355,"TRUE","UNI50","Full-time","No","","3","Year 2","","","Psychology","Yes","Female",2,1,1,1,0,1,0,-1,1,-1,2,2,2,1,-1,-1,1,1,0,0,1,1,0,0,0,0,1,1,0,0,1,1,2,1,1,2,-1,1,2,1,1,1,"Not enough studies are reliably being replicated which causes doubts on the validity of the original studies findings or suggests populations are not comparable or that p hacking may have occurred ",0,0,1,"",1,"Non-UKRN",1,1,10,0.625,9,1.125,4,4,1,1,1,1,1,1,1,1,1,1
520,"100",379,"TRUE","UNI50","Full-time","No","","3","Final Year","","","Psychology","Yes","Female ",2,1,-1,0,1,0,2,1,1,-1,1,1,0,-1,-1,-1,1,0,1,0,0,1,0,1,0,1,0,1,1,0,1,0,1,1,1,-1,-1,-1,0,-1,1,1,"Issues with repeating studies",1,1,1,"",1,"Non-UKRN",1,0,5,0.3125,-1,-0.125,4,4,1,1,1,1,1,1,1,1,1,1
521,"100",375,"TRUE","UNI50","Full-time","No","","3","Final Year","","","Psychology BSc","Yes","Female",2,1,1,1,1,1,1,1,1,0,1,1,0,0,0,0,1,1,1,0,1,1,1,1,0,0,1,0,0,0,1,1,-1,0,1,-1,0,-1,1,0,1,1,"a lot of studies are hard to replicate.",0,0,1,"",1,"Non-UKRN",1,0,12,0.75,-1,-0.125,7,3,1,1,1,1,1,1,1,1,1,1
522,"100",391,"TRUE","UNI50","Full-time","No","","3","Final Year","","","Psychology with clinical","Yes","Male",2,1,0,1,1,1,2,1,2,2,1,2,0,-1,-1,-2,1,1,1,0,0,1,0,1,0,0,1,0,0,1,0,1,2,2,2,1,-2,0,-1,1,1,1,"The issue that many studies are not possible to reproduce due to factors such as the materials not being available or studying naturally occurring events that don't repeat",0,1,1,"",1,"Non-UKRN",1,1,12,0.75,5,0.625,5,3,1,1,1,1,1,1,1,1,1,1
523,"100",389,"TRUE","UNI50","Full-time","No","","3","Year 2","","","Psychology BSc","Yes","Female",2,2,-1,1,1,1,2,1,1,-2,1,1,1,-1,0,-1,0,0,1,0,1,1,1,1,0,0,1,0,0,0,0,1,1,1,1,-1,-1,1,1,1,1,0,"Older studies are very difficult to replicate so previous results can’t be supported or disproved ",0,0,1,"",1,"Non-UKRN",1,0,9,0.5625,4,0.5,5,2,1,1,1,1,1,1,1,1,1,1
524,"100",454,"TRUE","UNI50","Full-time","No","","3","Year 2","","","Psychology ","Yes","Female ",2,1,1,1,1,1,2,1,1,-1,1,2,1,1,-1,-1,0,0,0,0,0,0,0,0,0,0,0,0,0,0,0,0,2,1,1,-1,-1,0,1,0,1,0,"Some studies being impossible to replicate ",0,0,1,"",1,"Non-UKRN",1,0,13,0.8125,3,0.375,0,0,1,1,1,1,1,1,1,1,1,1
525,"100",414,"TRUE","UNI50","Full-time","No","","3","Final Year","","","BSc Psychology","Yes","Female",1,1,1,1,1,2,2,2,1,1,1,2,2,1,1,-1,1,1,1,1,0,0,1,1,0,0,1,0,0,0,1,1,1,1,2,2,-1,1,1,1,1,1,"A lot of published research is difficult/impossible to replicate, meaning some theories are unfalsifiable",0,1,1,"",1,"Non-UKRN",1,0,19,1.1875,8,1,6,3,1,1,1,1,1,1,1,1,1,1
526,"100",416,"TRUE","UNI50","Full-time","No","","3","Year 2","","","Psychology ","Yes","Female",2,1,1,1,1,0,1,1,1,0,1,2,2,-1,-1,0,1,0,0,0,0,0,0,0,0,1,1,0,0,1,0,1,1,1,-1,0,0,-1,1,1,1,1,"Previous studies are carried out again and the results are not the same. Most of the time the results are no longer significant ",0,0,1,"",1,"Non-UKRN",1,1,12,0.75,2,0.25,1,4,1,1,1,1,1,1,1,1,1,1
527,"100",585,"TRUE","UNI50","Full-time","No","","3","Year 2","","","Psychology","Yes","Female",2,1,1,1,1,1,1,1,1,1,1,2,1,-1,-1,-1,1,0,1,0,0,1,1,1,0,0,1,0,0,0,0,0,1,1,1,-1,-2,1,1,1,1,1,"Hard to replicate people’s studies ",1,0,1,"",1,"Non-UKRN",1,0,12,0.75,3,0.375,5,1,1,1,1,1,1,1,1,1,1,1
528,"100",518,"TRUE","UNI50","Full-time","No","","3","Year 2","","","Psychology with forensic psychology ","No","Female",2,1,1,1,-1,2,1,1,2,-1,2,2,-1,1,-1,-1,1,0,1,1,0,0,0,1,0,0,0,0,0,0,0,0,2,1,-1,-1,-2,-1,2,1,0,NA,"",0,0,1,"",1,"Non-UKRN",1,9999,11,0.6875,1,0.125,4,0,1,1,1,1,1,0,1,1,1,0
529,"100",441,"TRUE","UNI50","Full-time","No","","3","Final Year","","","Psychology with Forensic Psychology ","Yes","Female",2,1,-1,1,1,1,2,2,-1,-1,2,2,1,1,0,0,1,0,1,1,0,0,1,1,0,1,0,0,1,1,0,0,1,1,2,1,-1,0,1,-1,1,1,"The assimilation between original and replicated research poses a problem to its usefulness  ",1,1,1,"",1,"Non-UKRN",1,0,13,0.8125,4,0.5,5,3,1,1,1,1,1,1,1,1,1,1
530,"100",699,"TRUE","UNI50","Full-time","No","","3","Year 2","","","BSc Psychology ","Yes","Female",1,1,0,1,0,1,0,0,1,-2,1,2,1,1,-1,-1,1,1,1,1,1,1,0,1,0,0,1,0,0,1,0,1,1,0,1,-1,-2,-2,0,0,0,NA,"",1,0,1,"",1,"Non-UKRN",1,9999,6,0.375,-3,-0.375,7,3,1,1,1,1,1,0,1,1,1,0
531,"100",340,"TRUE","UNI50","Full-time","No","","3","Year 1","","","BSc Psychology","Yes","Female",2,2,2,2,2,1,1,1,2,2,1,2,0,0,0,0,1,1,0,1,1,0,1,0,0,0,1,0,0,1,0,1,2,1,1,0,-1,-1,2,2,0,NA,"",0,0,1,"",1,"Non-UKRN",1,9999,20,1.25,6,0.75,5,3,1,1,1,1,1,0,1,1,1,0
532,"100",380,"TRUE","UNI50","Full-time","No","","3","Final Year","","","BSc (Hons) Psychology","Yes","Female",2,1,-1,0,1,0,2,1,1,-2,2,1,2,-1,-1,0,0,0,1,0,0,0,0,1,0,0,1,0,0,0,0,0,-1,0,2,1,0,0,1,1,0,NA,"",0,0,1,"",1,"Non-UKRN",1,9999,8,0.5,4,0.5,2,1,1,1,1,1,1,0,1,1,1,0
533,"100",380,"TRUE","UNI50","Full-time","No","","3","Year 2","","","Psychology ","Yes","Female ",2,2,0,-1,0,0,1,-1,2,-1,1,-1,0,-1,0,-2,0,0,1,0,1,0,1,1,0,0,0,0,0,0,1,0,1,0,1,1,-2,-1,1,0,1,1,"When some methodological studies seem impossible to replicate ",0,0,1,"",1,"Non-UKRN",1,0,1,0.0625,1,0.125,4,1,1,1,1,1,1,1,1,1,1,1
534,"100",1760,"TRUE","UNI50","Full-time","No","","3","Final Year","","","BSc Hons Psychology","Yes","Female",1,2,2,1,1,0,1,1,1,-2,1,2,1,0,1,0,1,0,0,0,1,0,0,0,0,1,1,1,0,0,1,1,2,-1,2,0,-1,0,1,1,1,1,"An attempt is sometimes made to replicate findings of previous studies, but sometimes researchers alter methods slightly, not necessarily deliberately, leading to a change in results. A classic example of this is explained by Noah et al. (2018) on the facial feedback effect. Furthermore, researchers can feel pressured to obtain significant results, or findings consistent with their hypothesis. If this does not happen, results may not be published, despite them contradicting findings of earlier studies and providing insight into the topic. Though it is (hopefully) less common practice now, some researchers have been known for 'p-hacking,' or to use a very small or large sample size, then stop collecting data as soon as their results are significant. Therefore, as these results may not be accurate, it is important to replicate studies with different participants. The point is, if researchers' results aren't significant in the first place, the findings are less likely to be published, meaning some researchers always strive for a significant result, even if that means having a small sample size etc. It is only recently professionals have read papers and considered replicating studies of which the findings don't 'add up.' However, to replicate a study EXACTLY can be difficult, and to get a non-significant result published can be even harder. ",1,0,1,"A non-significant finding is still a finding. We shouldn't look at a finding as being 'correct' or 'incorrect' based on its p value. Its reliability and accuracy should depend on the methodology and materials. If research is carried out 'properly,' we should see the finding as informative, be it significant or not. (I'm sorry this is an essay, I'm passionate about this).",1,"Non-UKRN",1,1,13,0.8125,4,0.5,2,5,1,1,1,1,1,1,1,1,1,1
535,"100",446,"TRUE","UNI50","Full-time","No","","3","Year 1","","","Bsc Psychology","Yes","female",2,2,2,2,0,0,1,0,0,-2,2,1,2,2,-2,-2,1,1,1,0,0,1,0,1,0,0,1,0,0,0,0,0,-1,1,-2,-2,-2,-2,2,0,0,NA,"",0,0,1,"",1,"Non-UKRN",1,9999,10,0.625,-6,-0.75,5,1,1,1,1,1,1,0,1,1,1,0
536,"100",591,"TRUE","UNI50","Full-time","No","","3","Year 2","","","Psychology ","Yes","Female",1,1,1,1,0,0,1,-1,-1,-2,1,1,-1,-1,-1,-2,1,1,1,0,0,1,0,1,0,0,1,0,0,1,0,1,1,1,0,-1,-2,-1,1,0,1,1,"No study is perfectly replicable as differences in samples will most likely have an effect, either due to culture, size, or time difference between original and replica",0,0,1,"",1,"Non-UKRN",1,0,-2,-0.125,-1,-0.125,5,3,1,1,1,1,1,1,1,1,1,1
537,"100",521,"TRUE","UNI50","Full-time","No","","3","Year 1","","","Psychology ","Yes","Female ",1,1,0,-1,1,1,1,1,1,-1,1,1,1,1,0,-1,0,1,1,1,1,1,1,0,1,0,0,0,0,0,0,1,-1,-1,1,-1,-1,1,1,1,0,NA,"",0,0,1,"",1,"Non-UKRN",1,9999,8,0.5,0,0,6,2,1,1,1,1,1,0,1,1,1,0
538,"100",621,"TRUE","UNI50","Full-time","No","","3","Final Year","","","Psychology BSc(Hons)","Yes","Female",1,1,1,1,1,1,2,1,1,-2,-1,2,0,-1,-1,-1,1,1,1,1,0,1,0,1,0,0,0,0,0,0,0,0,1,1,2,0,1,0,-1,1,0,NA,"",0,0,1,"",1,"Non-UKRN",1,9999,6,0.375,5,0.625,6,0,1,1,1,1,1,0,1,1,1,0
539,"100",946,"TRUE","UNI50","Full-time","No","","3","Final Year","","","Psychology with clinical psychology ","Yes","Female",1,1,-1,1,1,1,1,2,-2,-2,2,2,0,1,0,0,0,0,1,0,0,0,1,0,0,0,1,0,0,0,1,0,0,1,1,-1,0,-1,1,0,0,NA,"",0,0,1,"",1,"Non-UKRN",1,9999,8,0.5,1,0.125,2,2,1,1,1,1,1,0,1,1,1,0
540,"100",332,"TRUE","UNI50","Full-time","No","","3","Year 2","","","Psychology ","Yes","Female ",2,2,1,1,-1,0,1,1,1,1,0,2,1,-1,-1,-1,1,0,1,0,0,0,0,1,0,1,0,1,1,1,1,0,1,1,2,0,-1,1,-1,0,1,1,"Where researchers are running out of absolutely new ideas for studies and so eventually every piece of research conducted will end up being a replica or something similar to another piece of research previously done. ",0,0,0,"",1,"Non-UKRN",1,0,9,0.5625,3,0.375,3,5,1,1,1,1,1,1,1,1,1,1
541,"100",491,"TRUE","UNI50","Full-time","No","","3","Final Year","","","BSc (Hons) Psychology","Yes","Female ",1,1,1,0,0,1,1,0,2,-2,1,2,1,1,0,-1,1,1,0,0,0,0,1,1,0,0,1,0,0,0,0,0,1,0,2,1,-1,1,1,0,1,1,"Researchers not sharing their findings and materials for others to be able to replicate the study",1,1,1,"",1,"Non-UKRN",1,1,9,0.5625,5,0.625,4,1,1,1,1,1,1,1,1,1,1,1
542,"100",1590,"TRUE","UNI50","Full-time","No","","3","Final Year","","","psychology","Yes","F",2,1,-1,-1,2,1,2,2,2,2,1,1,1,1,-1,-1,1,1,0,1,1,0,0,0,0,0,1,0,0,1,1,1,2,1,2,2,-1,1,1,1,0,NA,"",0,0,1,"",1,"Non-UKRN",1,9999,14,0.875,9,1.125,4,4,1,1,1,1,1,0,1,1,1,0
543,"100",545,"TRUE","UNI50","Full-time","No","","3","Year 2","","","Psychology ","Yes","Female",1,1,1,1,1,2,-1,1,-1,-2,1,1,-1,1,-2,1,0,0,1,0,1,1,0,1,0,0,1,0,1,1,0,1,1,1,-2,-1,1,0,1,-1,1,0,"Many studies are difficult or impossible to replicate",0,0,1,"",1,"Non-UKRN",1,0,5,0.3125,0,0,4,4,1,1,1,1,1,1,1,1,1,1
544,"100",386,"TRUE","UKRN03","Full-time","No","","3","Year 1","","","Psychology and Linguistics","Yes","Female",2,2,2,1,1,1,1,0,2,1,1,2,1,2,-1,-1,1,1,1,1,0,1,1,1,0,0,0,0,1,0,0,0,2,1,0,0,-1,1,2,1,1,1,"Key studies in Psychology were replicated, but the results produced were not the same as the original studies. This puts into question conclusions that were made by key figures in Psychology.",1,0,1,"",1,"UKRN",1,1,17,1.0625,6,0.75,7,1,1,1,1,1,1,1,1,1,1,1
545,"100",375,"TRUE","UNI50","Full-time","No","","3","Year 2","","","Psychology BSc","Yes","Female",1,1,-1,1,0,1,0,0,0,0,1,2,1,0,-1,-1,0,1,1,0,0,0,0,1,0,0,1,0,0,0,0,0,1,1,0,-2,-1,0,1,1,1,0,"The fact that a lot of research is unable to produce the same results when it is done again.",0,0,1,"",1,"Non-UKRN",1,1,5,0.3125,1,0.125,3,1,1,1,1,1,1,1,1,1,1,1
546,"100",483,"TRUE","UNI50","Full-time","No","","3","Final Year","","","Psychology ","Yes","Female",2,1,1,1,0,1,1,-1,-1,-2,1,1,1,-1,-1,-1,1,1,1,1,1,1,1,1,1,1,1,0,1,1,0,0,1,1,1,-1,-1,-1,-1,-1,1,0,"From what I understand, it is a methodology crisis that means that a study is impossible to replicate and when replicated different results are found by different people. ",1,1,1,"",1,"Non-UKRN",1,1,3,0.1875,-2,-0.25,8,5,1,1,1,1,1,1,1,1,1,1
547,"100",526,"TRUE","UKRN05","Full-time","No","","3","Year 1","","","Psychology (BSc)","Yes","Female",2,1,1,2,-1,1,2,2,2,1,1,2,1,-1,-1,-2,0,0,1,1,0,0,0,1,0,0,0,0,0,0,0,0,1,1,2,-2,-2,1,0,-2,1,1,"A problem in which it is difficult to replicate the findings of a lot of studies",0,0,1,"",1,"UKRN",1,1,13,0.8125,-1,-0.125,3,0,1,1,1,1,1,1,1,1,1,1
548,"100",626,"TRUE","UKRN03","Full-time","No","","3","Year 1","","","BA Hons Psychology and Management ","Yes","Female",2,2,2,1,2,1,1,-1,1,2,0,2,1,-2,-1,-2,1,1,1,0,1,1,0,1,0,1,1,0,0,1,0,1,2,2,-2,-2,-1,1,0,2,1,0,"When other researchers cannot actually reproduce previous scientific studies ",1,0,1,"",1,"UKRN",1,0,11,0.6875,2,0.25,6,4,1,1,1,1,1,1,1,1,1,1
549,"100",1132,"TRUE","UNI50","Full-time","No","","3","Year 2","","","BSc Psychology ","Yes","Female",1,2,-1,2,0,1,1,0,1,1,2,2,1,-1,-1,-2,1,1,1,1,1,1,1,1,0,0,1,0,0,1,0,0,2,2,1,1,-2,0,2,0,1,1,"Studies are getting different results when replicated, suggesting a lack of validity/reliability or in some cases, societal change",1,1,1,"",1,"Non-UKRN",1,1,9,0.5625,6,0.75,8,2,1,1,1,1,1,1,1,1,1,1
550,"100",299,"TRUE","UNI50","Full-time","Yes","","3","Year 2","","","Psychology","Yes","Female ",2,1,0,-1,1,0,2,0,2,-1,2,2,0,1,0,0,0,0,1,0,0,1,1,1,0,0,0,0,0,0,0,0,1,0,0,0,0,0,2,0,1,1,"When studies are really difficult and sometimes completely impossible to replicate and produce Unreplicating results ",0,0,1,"",1,"Non-UKRN",1,1,11,0.6875,3,0.375,4,0,1,1,1,1,1,1,1,1,1,1
551,"100",573,"TRUE","UNI50","Full-time","No","","3","Year 2","","","Psychology BSc","Yes","Male",2,2,2,-1,2,2,2,2,2,2,1,2,2,-1,1,0,1,1,1,1,1,1,1,1,1,1,1,1,0,1,0,0,2,2,2,1,-1,1,0,2,1,1,"A continuous struggle to replicate studies to 'check' the accuracy of it's generalisability ",1,0,1,"",1,"Non-UKRN",1,0,22,1.375,9,1.125,8,5,1,1,1,1,1,1,1,1,1,1
552,"100",483,"TRUE","UNI50","Full-time","Yes","","4","Placement Year","","","Psychology with Clinical Psychology with Study Abroad","No","male",1,1,1,1,1,1,2,2,1,1,1,2,1,1,1,1,1,1,1,1,0,1,1,1,0,0,1,0,0,0,0,0,2,1,2,2,-1,1,1,1,1,1,"I think it is a serious problem in social science that should be tackled as it damages the value of social science research and reputation.",1,1,1,"",1,"Non-UKRN",1,0,19,1.1875,9,1.125,7,1,1,1,1,1,1,1,1,1,1,1
554,"100",496,"TRUE","UNI21","Full-time","No","","3","Final Year","","","Psychology ","No","Female ",1,2,1,0,1,0,2,-1,1,-2,1,-2,1,1,-1,-1,1,1,1,0,0,1,0,1,0,0,0,0,0,0,0,0,1,1,-1,-1,-2,-1,1,1,1,1,"Studies do not show the same results when they are repeated. ",0,0,1,"",1,"Non-UKRN",1,1,4,0.25,-1,-0.125,5,0,1,1,1,1,1,1,1,1,1,1
555,"100",405,"TRUE","UNI50","Full-time","No","","3","Year 1","","","Psychology with Clinical Psychology","Yes","Female",1,2,1,-1,2,1,2,2,0,-2,1,2,1,-1,-1,0,1,1,1,1,1,1,1,1,0,0,1,0,0,1,0,1,-1,-1,-1,-1,1,1,1,1,0,NA,"",1,0,1,"",1,"Non-UKRN",1,9999,10,0.625,0,0,8,3,1,1,1,1,1,0,1,1,1,0
556,"100",574,"TRUE","UNI21","Full-time","No","","3","Year 1","","","psychology","No","female",1,1,0,1,1,2,1,-1,1,1,2,2,0,1,-1,-2,1,0,1,0,1,0,0,1,0,1,0,1,0,1,1,0,1,-1,2,-1,-2,-2,0,-1,1,1,"not being able to repilcate studies",0,0,1,"",1,"Non-UKRN",1,0,10,0.625,-4,-0.5,4,4,1,1,1,1,1,1,1,1,1,1
557,"100",352,"TRUE","UNI50","Full-time","No","","3","Year 1","","","Psychology BSc","Yes","Female ",1,1,1,-1,1,1,0,0,1,1,1,2,-1,-1,-1,-1,1,1,0,1,1,0,1,0,0,0,1,0,0,1,0,1,1,1,0,-1,-1,0,1,1,0,NA,"",1,0,1,"",1,"Non-UKRN",1,9999,5,0.3125,2,0.25,5,3,1,1,1,1,1,0,1,1,1,0
558,"100",959,"TRUE","UNI50","Full-time","No","","3","Year 1","","","Psychology Bsc","Yes","Female",2,2,2,1,2,1,2,2,0,0,2,2,1,-1,-1,-2,1,1,1,0,0,1,0,1,0,0,0,0,0,0,0,0,2,1,2,-1,-2,0,1,0,0,NA,"",0,0,1,"",1,"Non-UKRN",1,9999,15,0.9375,3,0.375,5,0,1,1,1,1,1,0,1,1,1,0
559,"100",410,"TRUE","UNI50","Full-time","No","","3","Final Year","","","BSc Psychology ","Yes","Female",2,2,-1,1,1,1,2,1,1,-1,1,2,-1,2,-1,-2,0,0,1,1,1,1,0,1,1,1,0,0,0,0,1,0,1,1,1,-1,2,-1,-1,1,1,1,"Difficulty replicating studies",0,0,1,"",1,"Non-UKRN",1,0,10,0.625,3,0.375,5,3,1,1,1,1,1,1,1,1,1,1
560,"100",408,"TRUE","UNI24","Full-time","No","","3","Year 2","","","BSc Psychology","No","Female",1,1,1,1,1,1,-1,-1,2,2,2,2,1,2,0,-1,1,1,1,1,1,1,1,1,0,0,0,0,0,0,0,1,1,1,1,1,0,1,1,1,1,1,"Lots of initial results not being deposited in later studies",0,0,1,"Only share data if anonymised (answer to some of these questions did not make this clear!)",1,"Non-UKRN",1,0,14,0.875,7,0.875,8,1,1,1,1,1,1,1,1,1,1,1
561,"100",503,"TRUE","UNI50","Full-time","No","","3","Year 2","","","Psychology","Yes","Female ",2,2,2,2,1,1,1,1,1,1,2,2,2,1,1,-2,1,1,1,0,0,0,0,1,1,0,1,0,0,0,0,1,1,1,1,2,-1,1,2,-2,1,1,"Many studies in Psychology are believed to face the issue of not producing the same results when other researchers replicate the study. ",0,0,1,"",1,"Non-UKRN",1,1,20,1.25,5,0.625,4,3,1,1,1,1,1,1,1,1,1,1
562,"100",369,"TRUE","UNI50","Full-time","No","","3","Final Year","","","Psychology","Yes","Female",1,0,-1,1,1,1,2,1,0,-1,1,2,0,0,0,0,1,1,0,1,1,1,1,1,0,0,1,0,0,0,0,0,1,1,1,-1,0,1,1,0,1,1,"Researchers trying to replicate other studies but not finding similar results",0,0,1,"",1,"Non-UKRN",1,1,8,0.5,4,0.5,7,1,1,1,1,1,1,1,1,1,1,1
563,"100",481,"TRUE","UNI50","Full-time","No","","3","Year 2","","","Psychology ","Yes","Female",2,2,1,-1,1,1,1,-1,1,-1,2,2,2,-2,-1,0,1,1,1,1,1,1,1,1,0,0,0,0,0,0,1,0,1,-1,1,0,-1,1,1,-1,1,1,"issues surrounding the replication of experiments and studies ",0,0,1,"",1,"Non-UKRN",1,0,9,0.5625,1,0.125,8,1,1,1,1,1,1,1,1,1,1,1
564,"100",421,"TRUE","UNI21","Full-time","Other (Please specify)","Optional ","3","Year 1","","","Psychology ","Yes","Female ",1,1,0,1,-1,1,1,1,1,-1,1,2,1,1,-1,-1,0,0,1,0,0,1,0,1,0,0,1,0,0,1,0,0,1,1,0,1,-1,0,1,0,1,1,"When a study cannot be replicated because of methodological issues",0,0,1,"",1,"Non-UKRN",1,0,8,0.5,3,0.375,3,2,1,1,1,1,1,1,1,1,1,1
565,"100",763,"TRUE","UNI21","Full-time","No","","3","Year 2","","","Psychology","Yes","Female",2,2,1,2,-2,0,0,0,1,-1,2,2,0,1,-1,-1,0,0,0,0,0,0,0,1,0,0,0,0,0,0,0,1,1,1,1,1,-1,0,0,-1,0,NA,"",0,0,1,"",1,"Non-UKRN",1,9999,8,0.5,2,0.25,1,1,1,1,1,1,1,0,1,1,1,0
566,"100",588,"TRUE","UNI50","Full-time","No","","3","Final Year","","","psychology ","Yes","Female",1,1,-1,1,1,0,1,1,-1,-2,1,1,0,-1,-1,-1,0,0,0,0,0,0,1,1,0,0,1,0,0,0,0,0,1,0,1,-1,-1,-1,1,0,1,0,"that studies are hard to replicate and find the same results",0,0,1,"",1,"Non-UKRN",1,1,1,0.0625,0,0,2,1,1,1,1,1,1,1,1,1,1,1
567,"100",551,"TRUE","UNI24","Full-time","Yes","","3","Year 2","","","BSc Psychology","No","Female",2,2,1,2,2,2,2,2,-2,-2,2,2,-2,2,0,-2,0,0,1,1,1,1,1,1,0,0,0,0,0,0,0,0,2,2,-2,-2,-2,-2,2,2,0,NA,"",0,0,1,"",1,"Non-UKRN",1,9999,13,0.8125,0,0,6,0,1,1,1,1,1,0,1,1,1,0
568,"100",383,"TRUE","UNI50","Full-time","No","","3","Final Year","","","Psychology with Forensic Psychology","Yes","Female",1,1,1,1,1,1,1,1,1,1,1,1,0,1,-1,-1,0,0,1,1,0,1,0,1,1,1,0,0,1,0,1,0,1,0,2,1,-1,0,1,1,0,NA,"",0,0,1,"",1,"Non-UKRN",1,9999,11,0.6875,5,0.625,4,4,1,1,1,1,1,0,1,1,1,0
569,"100",755,"TRUE","UNI50","Full-time","No","","3","Year 1","","","BSc (Hons) Psychology with Clinical Psychology","Yes","Female",-1,2,2,2,2,2,2,2,2,-2,2,2,0,-1,1,0,1,0,0,1,1,1,1,1,0,1,1,0,0,0,0,0,2,2,2,-2,1,1,2,2,0,NA,"",1,0,1,"",1,"Non-UKRN",1,9999,17,1.0625,10,1.25,6,2,1,1,1,1,1,0,1,1,1,0
570,"100",397,"TRUE","UNI21","Full-time","No","","3","Year 2","","","Psychology","No","Female",2,1,2,1,1,0,0,0,2,2,2,2,2,-2,0,0,0,0,0,0,0,0,1,1,0,0,0,0,0,0,1,1,1,2,1,0,-1,1,-1,1,1,1,"increasing belief that results from previous studies cannot be reproduced or thus are not reliable ",0,0,1,"",1,"Non-UKRN",1,1,15,0.9375,4,0.5,2,2,1,1,1,1,1,1,1,1,1,1
571,"100",4063,"TRUE","UKRN03","Full-time","No","","3","Final Year","","","BSc Psychology","Yes","Female",2,1,0,-1,1,1,-1,-1,1,-2,1,1,1,-1,-1,-2,1,0,1,1,0,0,1,1,0,0,1,0,0,0,1,0,1,0,1,1,-2,-1,1,1,1,1,"Where many scientific studies are difficult to replicate, causing them to have poor reliability. ",1,1,1,"",1,"UKRN",1,0,0,0,2,0.25,5,2,1,1,1,1,1,1,1,1,1,1
572,"100",507,"TRUE","UNI50","Full-time","No","","3","Year 1","","","Psychology with Clinical Psychology ","Yes","Female",1,1,1,2,1,1,1,1,1,1,1,1,0,-1,-1,-1,1,0,0,0,0,0,0,1,0,0,0,0,0,0,0,1,1,1,1,-1,-1,0,0,1,0,NA,"",0,0,1,"",1,"Non-UKRN",1,9999,10,0.625,2,0.25,2,1,1,1,1,1,1,0,1,1,1,0
573,"51",271,"FALSE","UKRN05","Full-time","No","","3","Year 1","","","Psychology ","No","Female",2,2,1,1,0,0,1,0,1,1,1,1,1,1,-1,0,1,0,1,0,0,1,0,1,1,0,1,0,0,1,0,1,NA,NA,NA,NA,NA,NA,NA,NA,NA,NA,"",NA,NA,NA,"",1,"UKRN",1,9999,12,0.75,NA,NA,4,4,1,1,1,0,0,0,0,0,0,0
574,"100",456,"TRUE","UNI24","Full-time","No","","3","Final Year","","","BSc (Hons.) Psychology ","Yes","Female",0,1,0,-2,2,1,2,-1,1,-1,1,1,1,2,-1,0,0,0,1,1,1,1,1,1,0,0,1,0,0,1,1,1,2,1,1,-1,-1,1,1,1,0,NA,"",0,0,1,"",1,"Non-UKRN",1,9999,7,0.4375,5,0.625,6,4,1,1,1,1,1,0,1,1,1,0
575,"100",375,"TRUE","UNI50","Full-time","No","","3","Year 1","","","Bsc psychology","Yes","Female ",2,2,1,1,2,2,0,0,2,0,2,1,1,0,0,-2,0,0,1,0,0,0,0,1,0,0,1,0,0,0,0,0,2,2,0,-1,-2,0,1,2,1,0,"Issues with replication ",0,0,1,"",1,"Non-UKRN",1,0,14,0.875,4,0.5,2,1,1,1,1,1,1,1,1,1,1,1
576,"51",456,"FALSE","UKRN05","Full-time","Yes","","3","Year 1","","","BSc Psychology","No","Female",2,2,1,1,1,2,-1,-1,2,1,2,1,2,-2,1,-1,1,1,1,1,1,1,1,1,1,0,1,0,0,0,0,0,NA,NA,NA,NA,NA,NA,NA,NA,NA,NA,"",NA,NA,NA,"",1,"UKRN",1,9999,13,0.8125,NA,NA,8,2,1,1,1,0,0,0,0,0,0,0
578,"100",376,"TRUE","UKRN03","Full-time","No","","4","Year 2","","","MPsych Psychology ","Yes","Female ",1,2,1,1,1,1,1,2,1,1,1,2,2,1,0,-1,1,1,1,1,1,1,1,1,0,0,0,0,0,0,0,0,1,1,2,2,-1,2,1,1,1,1,"Lots of classic studies have not had their finding a replicated in recent years ",0,1,1,"",1,"UKRN",1,1,17,1.0625,9,1.125,8,0,1,1,1,1,1,1,1,1,1,1
579,"100",437,"TRUE","UNI25","Full-time","Other (Please specify)","Optional ","3","Year 1","","","Psychology","No","Female",0,1,1,0,1,0,0,1,1,-1,1,1,1,-1,-1,-1,1,1,1,1,1,1,1,1,0,0,0,0,0,0,0,0,1,-1,0,-1,-1,0,0,0,1,1,"past studies can’t be replicated so the results etc are probably wrong",1,0,1,"",1,"Non-UKRN",1,0,4,0.25,-2,-0.25,8,0,1,1,1,1,1,1,1,1,1,1
580,"100",354,"TRUE","UKRN05","Full-time","Other (Please specify)","MSci","4","Year 1","","","Psychology","Yes","",2,1,1,0,1,1,1,1,2,1,2,2,1,-1,-1,-1,1,1,0,1,1,1,1,0,0,0,1,0,0,0,0,1,1,0,1,1,-1,0,1,0,0,NA,"",1,0,0,"",1,"UKRN",1,9999,13,0.8125,3,0.375,6,2,1,1,1,1,1,0,1,1,1,0
582,"46",17697,"FALSE","UNI21","Full-time","No","","3","Year 1","","","Psychology ","No","Female",NA,NA,NA,NA,NA,NA,NA,NA,NA,NA,NA,NA,NA,NA,NA,NA,0,0,0,0,0,0,0,0,0,0,0,0,0,0,0,0,NA,NA,NA,NA,NA,NA,NA,NA,NA,NA,"",NA,NA,NA,"",1,"Non-UKRN",1,9999,NA,NA,NA,NA,0,0,0,1,1,0,0,0,0,0,0,0
583,"49",761,"FALSE","UNI19","Full-time","No","","3","Year 2","","","BSc Psychology","Yes","Male",1,1,1,0,0,1,0,-1,1,0,1,0,0,-1,-1,-1,0,0,0,0,0,0,0,0,0,0,0,0,0,0,0,0,NA,NA,NA,NA,NA,NA,NA,NA,NA,NA,"",NA,NA,NA,"",1,"Non-UKRN",1,9999,2,0.125,NA,NA,0,0,1,1,1,0,0,0,0,0,0,0
584,"49",296,"FALSE","UKRN03","Full-time","No","","3","Year 1","","","Bsc psychology ","Yes","Female",2,2,1,2,1,1,1,1,1,1,1,2,0,-1,-1,-1,0,0,0,0,0,0,0,0,0,0,0,0,0,0,0,0,NA,NA,NA,NA,NA,NA,NA,NA,NA,NA,"",NA,NA,NA,"",1,"UKRN",1,9999,13,0.8125,NA,NA,0,0,1,1,1,0,0,0,0,0,0,0
585,"65",397,"FALSE","UNI24","Full-time","No","","3","Year 1","","","Psychology and Criminology ","No","Female",2,2,1,0,-1,1,2,2,2,1,2,1,-2,-2,-1,0,1,1,0,1,1,1,1,1,0,0,1,0,0,0,0,0,2,1,2,1,NA,NA,NA,NA,NA,NA,"",NA,NA,NA,"",1,"Non-UKRN",1,9999,10,0.625,NA,1.5,7,1,1,1,1,0,0,0,0,0,0,0
586,"59",577,"FALSE","UNI25","Full-time","Yes","","3","Year 1","","","psychology BSc","Yes","female",1,2,-2,1,-1,0,1,1,-1,-1,1,2,-1,2,-1,-2,1,1,1,0,0,1,1,1,1,1,1,0,0,1,0,1,1,-2,NA,NA,NA,NA,NA,NA,NA,NA,"",NA,NA,NA,"",1,"Non-UKRN",1,9999,2,0.125,NA,-0.5,6,5,1,1,1,0,0,0,0,0,0,0
587,"81",3732,"FALSE","UNI24","Full-time","No","","3","Year 2","","","BSc Psychology with Counselling","No","Female",1,1,1,1,-1,-1,-1,-1,1,-1,1,2,1,1,0,1,1,1,1,0,0,1,0,1,1,1,1,0,0,0,0,0,1,1,1,-1,1,1,1,-1,1,NA,"",NA,NA,NA,"",1,"Non-UKRN",1,9999,6,0.375,4,0.5,5,3,1,1,1,1,1,0,0,0,0,0
588,"81",331,"FALSE","UNI19","Full-time","No","","3","Year 1","","","Psychology (BSC)","Yes","Female",2,2,2,1,1,1,1,0,0,-2,1,2,0,-1,-1,-1,0,0,0,1,1,0,0,0,1,1,1,0,0,1,1,1,2,0,1,1,-1,1,-1,0,0,NA,"",NA,NA,NA,"",1,"Non-UKRN",1,9999,8,0.5,3,0.375,2,6,1,1,1,1,1,0,0,0,0,0
589,"51",246,"FALSE","UNI24","Full-time","No","","3","Year 1","","","Psychology snd criminology ","Yes","",1,2,0,1,1,1,2,2,-1,1,2,0,1,-1,0,2,1,1,1,0,0,1,0,0,0,0,1,0,0,0,0,0,NA,NA,NA,NA,NA,NA,NA,NA,NA,NA,"",NA,NA,NA,"",1,"Non-UKRN",1,9999,14,0.875,NA,NA,4,1,1,1,1,0,0,0,0,0,0,0
590,"59",251,"FALSE","UNI22","Full-time","Yes","","3","Year 1","","","BSc Psychology","Yes","female ",2,1,1,1,2,1,2,1,2,-2,2,2,2,-2,-1,0,0,1,1,0,0,1,0,1,0,0,1,0,0,0,0,1,-1,0,NA,NA,NA,NA,NA,NA,NA,NA,"",NA,NA,NA,"",1,"Non-UKRN",1,9999,14,0.875,NA,-0.5,4,2,1,1,1,0,0,0,0,0,0,0
594,"100",717,"TRUE","UKRN05","Full-time","No","","3","Year 1","","","Psychology","Yes","Female",2,2,1,1,0,0,2,-1,0,-1,1,2,0,-1,-2,-1,0,0,1,0,1,1,1,1,0,0,1,0,0,0,0,1,1,1,-1,-2,-2,0,2,1,0,NA,"",0,0,0,"",1,"UKRN",1,9999,5,0.3125,0,0,5,2,1,1,1,1,1,0,1,1,1,0
595,"59",247,"FALSE","UKRN03","Full-time","No","","3","Year 2","","","Psychology ","Yes","Female ",1,1,1,0,1,1,2,1,1,-2,-1,1,0,1,-2,-2,1,1,1,0,0,1,0,1,1,0,0,0,0,0,0,0,0,0,NA,NA,NA,NA,NA,NA,NA,NA,"",NA,NA,NA,"",1,"UKRN",1,9999,4,0.25,NA,0,5,1,1,1,1,0,0,0,0,0,0,0
596,"65",668,"FALSE","UKRN05","Full-time","No","","3","Year 1","","","Psychology","Yes","Female",0,-1,0,0,0,0,1,0,1,1,-1,1,0,0,-1,-1,1,0,1,0,0,0,0,0,0,0,0,0,0,0,0,0,0,0,1,-2,NA,NA,NA,NA,NA,NA,"",NA,NA,NA,"",1,"UKRN",1,9999,0,0,NA,-0.25,2,0,1,1,1,0,0,0,0,0,0,0
598,"100",431,"TRUE","UNI50","Full-time","Other (Please specify)","Optional year abroad ","4","Placement Year","","","Psychology BSc","Yes","Female",2,1,1,2,0,1,2,1,2,1,1,2,1,1,-2,-1,0,0,1,0,0,1,0,1,0,0,0,0,0,0,0,0,2,2,2,-1,-1,1,1,0,1,1,"Researchers not being able replicate previous findings with a new participant sample",0,0,1,"These feel like important things to learn as an undergraduate to help you understand the context of the research you read, and to help you be better researchers if you pursue an academic career",1,"Non-UKRN",1,1,15,0.9375,6,0.75,3,0,1,1,1,1,1,1,1,1,1,1
599,"100",325,"TRUE","UNI50","Full-time","No","","3","Year 1","","","Psychology ","Yes","female ",2,1,-1,1,1,1,2,1,1,-2,2,2,1,-1,1,-1,0,0,1,0,0,0,1,1,0,0,0,0,0,0,0,0,2,-1,1,1,-1,1,1,1,0,NA,"",0,0,1,"",1,"Non-UKRN",1,9999,11,0.6875,5,0.625,3,0,1,1,1,1,1,0,1,1,1,0
600,"100",491,"TRUE","UNI50","Full-time","No","","3","Final Year","","","Psychology with Forensic Psychology","Yes","Female",2,2,2,1,2,0,2,2,2,0,-1,2,0,-2,-2,-2,1,1,0,1,1,0,1,1,0,0,1,0,0,1,0,0,2,2,2,-1,-2,-1,-1,2,1,1,"When studies are not replicated enough to generalise findings to other members of the population",1,0,1,"",1,"Non-UKRN",1,0,10,0.625,3,0.375,6,2,1,1,1,1,1,1,1,1,1,1
601,"100",390,"TRUE","UNI50","Full-time","No","","3","Year 1","","","Psychology with forensics","Yes","Female",1,0,1,1,1,1,0,-1,1,-1,1,2,1,1,-1,0,1,1,1,0,0,1,0,1,0,0,0,1,1,0,1,0,1,1,1,-1,-1,-1,1,1,0,NA,"",1,0,1,"",1,"Non-UKRN",1,9999,8,0.5,2,0.25,5,3,1,1,1,1,1,0,1,1,1,0
602,"100",389,"TRUE","UNI50","Full-time","No","","3","Year 1","","","Psychology","Yes","Female",1,2,0,0,1,1,1,1,2,1,1,2,1,-1,-1,-2,1,1,1,0,0,0,0,1,0,0,0,1,1,1,1,0,1,1,0,-1,-1,-1,1,1,0,NA,"",0,1,1,"",1,"Non-UKRN",1,9999,10,0.625,1,0.125,4,4,1,1,1,1,1,0,1,1,1,0
603,"100",390,"TRUE","UNI50","Full-time","No","","3","Year 1","","","Psychology BSc (Hons)","Yes","female",2,2,1,1,0,1,0,0,-1,0,2,2,1,-1,-1,-2,0,1,0,0,0,0,0,0,0,0,1,0,0,1,0,1,2,1,-1,-1,-2,-2,1,1,1,0,"studies are hard to replicate ",0,0,1,"",1,"Non-UKRN",1,0,7,0.4375,-1,-0.125,1,3,1,1,1,1,1,1,1,1,1,1
604,"100",579,"TRUE","UNI50","Full-time","No","","3","Year 2","","","Psychology with forensics psychology ","Yes","Female ",2,2,1,0,1,2,2,2,1,2,2,2,0,1,-2,-2,0,0,1,0,1,1,1,1,0,0,1,0,1,1,1,1,2,2,1,0,-1,-1,2,2,1,1,"Need to gain similar results to back up original findings but many times the replication study is too different in methodology to be reliable ",0,0,1,"",1,"Non-UKRN",1,0,16,1,7,0.875,5,5,1,1,1,1,1,1,1,1,1,1
605,"100",928,"TRUE","UNI50","Full-time","No","","3","Final Year","","","Psychology","Yes","Female",2,2,1,2,1,1,2,2,1,1,1,2,2,2,0,0,0,0,0,0,0,0,1,1,0,0,1,0,0,0,0,0,1,1,2,1,0,-1,2,2,1,1,"An inability to replicate studies or results ",0,0,1,"",1,"Non-UKRN",1,1,22,1.375,8,1,2,1,1,1,1,1,1,1,1,1,1,1
606,"100",464,"TRUE","UNI50","Full-time","No","","3","Year 1","","","Psychology ","No","Female",1,2,1,-2,2,1,2,1,2,-1,2,1,-1,-1,-2,-1,0,0,0,1,1,0,1,0,1,1,1,0,0,1,0,1,2,1,-1,1,-1,-1,2,1,1,0,"Where the results of many studies are impossible to recreate",1,0,1,"",1,"Non-UKRN",1,1,7,0.4375,4,0.5,3,5,1,1,1,1,1,1,1,1,1,1
607,"100",474,"TRUE","UNI50","Full-time","No","","3","Final Year","","","BSc Psychology (Hons)","No","Nonbinary",2,2,1,2,0,0,2,2,2,2,2,2,2,1,1,1,0,0,1,1,1,0,1,1,0,0,1,0,0,0,1,1,2,2,2,1,-2,2,2,1,1,1,"Results in psychology do not replicate we",0,0,1,"I don't recognise some of the names like open code and open data, but think we may have discussed them on the course in more vague terms about making your research practice transparent",1,"Non-UKRN",1,0,24,1.5,10,1.25,5,3,1,1,1,1,1,1,1,1,1,1
608,"100",3701,"TRUE","UNI50","Full-time","No","","3","Final Year","","","Psychology Bsc ","Yes","female ",2,2,1,0,1,1,0,-2,1,0,0,2,1,0,-1,-1,0,0,1,0,0,0,0,1,0,0,1,0,0,0,0,1,-1,0,1,0,-1,-1,1,1,1,1,"",0,0,1,"",1,"Non-UKRN",1,9999,7,0.4375,0,0,2,2,1,1,1,1,1,1,1,1,1,0
609,"70",332,"FALSE","UNI19","Full-time","No","","3","Year 1","","","Psychology","Yes","Female",2,2,2,2,1,1,2,1,1,1,2,2,1,-2,-1,0,0,0,1,0,0,1,0,1,0,0,1,0,0,1,0,1,2,2,-1,-1,-1,0,NA,NA,NA,NA,"",NA,NA,NA,"",1,"Non-UKRN",1,9999,17,1.0625,NA,0.166666666666667,3,3,1,1,1,0,0,0,0,0,0,0
610,"100",589,"TRUE","UNI50","Full-time","No","","3","Year 2","","","Psychology ","Yes","Male",2,2,1,2,1,2,1,1,1,2,1,2,2,-1,-1,-2,1,1,0,0,1,0,1,1,0,0,1,1,0,1,0,0,2,2,2,0,-1,2,1,1,1,1,"many studies are proving to be impossible to replicate or reproduce even though this is an essential part of the scientific method",1,0,1,"",1,"Non-UKRN",1,1,16,1,9,1.125,5,3,1,1,1,1,1,1,1,1,1,1
611,"100",390,"TRUE","UNI50","Full-time","No","","3","Year 2","","","Psychology with clinical psychology","Yes","",1,1,-1,1,0,1,1,1,2,1,2,2,-1,-1,-1,1,1,1,0,1,1,0,1,0,0,0,1,0,0,1,0,1,1,1,2,-1,1,-1,1,-1,1,0,"Many pieces of scientific research are being made impossible to replicate ",1,0,1,"",1,"Non-UKRN",1,0,10,0.625,3,0.375,5,3,1,1,1,1,1,1,1,1,1,1
613,"70",940,"FALSE","UNI25","Full-time","No","","3","Year 2","","","Psychology ","Yes","Female ",2,2,0,2,1,2,1,2,2,2,1,2,1,1,-1,-1,0,0,0,0,0,0,0,0,0,0,1,1,0,0,1,1,2,2,1,1,-2,1,NA,NA,NA,NA,"",NA,NA,NA,"",1,"Non-UKRN",1,9999,19,1.1875,NA,0.833333333333333,0,4,1,1,1,0,0,0,0,0,0,0
614,"100",664,"TRUE","UNI50","Full-time","No","","3","Final Year","","","BSc Psychology with Forensic Psychology","Yes","Female",2,2,2,-1,1,-1,1,1,1,1,-1,2,0,0,2,-1,0,0,1,1,0,1,0,1,1,1,0,0,1,0,1,0,2,2,1,1,-1,2,0,2,1,1,"The fact that not many studies are replicated and when they are not everything is kept the same so certain factors can affect the results, i.e. the same hypothesis to be tested with different participants but the questionnaires are slightly different. ",1,0,1,"We should definitely improve the way we do oir research and stop putting emphasis on NEW research if the one we have isn't reliable. The question arrises, how can I build on a research if its reliability is questionable?",1,"Non-UKRN",1,0,11,0.6875,9,1.125,4,4,1,1,1,1,1,1,1,1,1,1
615,"100",747,"TRUE","UNI50","Full-time","No","","3","Year 1","","","BSc Psychology ","No","Female",2,2,2,2,0,2,2,2,1,2,-2,2,1,-1,2,0,1,1,1,1,1,1,1,1,0,0,1,0,0,1,0,0,2,2,1,1,-2,-2,-1,2,0,NA,"",1,1,1,"",1,"Non-UKRN",1,9999,19,1.1875,3,0.375,8,2,1,1,1,1,1,0,1,1,1,0
616,"51",7070,"FALSE","UNI19","Full-time","No","","3","Final Year","","","Psychology BSc","No","female",0,1,-2,2,1,-1,1,1,2,-1,1,2,-2,-2,-2,-2,0,0,1,0,1,1,1,1,0,0,1,0,1,1,1,1,NA,NA,NA,NA,NA,NA,NA,NA,NA,NA,"",NA,NA,NA,"",1,"Non-UKRN",1,9999,-1,-0.0625,NA,NA,5,5,1,1,1,0,0,0,0,0,0,0
617,"51",307,"FALSE","UNI22","Full-time","No","","3","Year 1","","","Psychology ","Yes","Female ",2,1,0,-1,1,1,2,1,1,1,1,-1,1,-1,1,0,0,0,0,1,0,0,0,1,0,0,1,0,0,1,0,0,NA,NA,NA,NA,NA,NA,NA,NA,NA,NA,"",NA,NA,NA,"",1,"Non-UKRN",1,9999,10,0.625,NA,NA,2,2,1,1,1,0,0,0,0,0,0,0
618,"59",341,"FALSE","UNI50","Full-time","No","","3","Year 1","","","Bsc psychology ","Yes","Female",1,1,-1,2,0,1,1,0,-1,1,1,2,0,-1,-2,-1,1,1,0,1,1,1,1,0,0,0,1,0,0,1,0,1,2,1,NA,NA,NA,NA,NA,NA,NA,NA,"",NA,NA,NA,"",1,"Non-UKRN",1,9999,4,0.25,NA,1.5,6,3,1,1,1,0,0,0,0,0,0,0
619,"70",874,"FALSE","UNI50","Full-time","No","","3","Year 2","","","Pathology with forensic psychology ","Yes","Female ",1,2,0,1,1,2,2,1,-1,-1,1,2,-1,1,-2,1,1,1,1,1,1,1,1,1,1,1,1,0,0,0,1,0,2,1,2,-1,-1,1,NA,NA,NA,NA,"",NA,NA,NA,"",1,"Non-UKRN",1,9999,10,0.625,NA,0.666666666666667,8,4,1,1,1,0,0,0,0,0,0,0
620,"51",244,"FALSE","UKRN03","Full-time","No","","3","Year 2","","","Psychology ","No","Female",1,2,1,1,0,-1,1,1,0,0,1,2,2,1,0,-1,1,0,1,1,1,0,0,1,0,0,0,0,0,0,0,0,NA,NA,NA,NA,NA,NA,NA,NA,NA,NA,"",NA,NA,NA,"",1,"UKRN",1,9999,11,0.6875,NA,NA,5,0,1,1,1,0,0,0,0,0,0,0
621,"100",1604,"TRUE","UNI21","Full-time","Other (Please specify)","Optional placement year or module","3","Year 1","","","Psychology","No","Female",2,2,1,2,-1,-1,1,1,1,1,1,2,2,1,-1,-1,0,0,0,1,0,0,0,1,1,1,1,0,1,1,1,0,2,1,0,0,-2,-1,1,1,0,NA,"",0,0,1,"",1,"Non-UKRN",1,9999,13,0.8125,2,0.25,2,6,1,1,1,1,1,0,1,1,1,0
622,"100",772,"TRUE","UKRN01","Full-time","Yes","","4","Year 2","","","Psychology BSc","Yes","Female",1,1,2,1,1,1,1,1,1,-1,1,1,0,1,1,-2,1,1,0,1,1,1,1,0,0,0,1,0,0,0,0,1,1,1,1,1,-1,-1,1,0,0,NA,"",0,0,1,"",1,"UKRN",1,9999,11,0.6875,3,0.375,6,2,1,1,1,1,1,0,1,1,1,0
623,"100",792,"TRUE","UNI50","Full-time","No","","3","Year 1","","","Psychology BSc Hons","Yes","female",1,1,0,2,1,0,1,2,0,0,1,2,0,0,-2,-2,0,0,1,0,1,0,0,1,1,1,0,1,0,1,1,0,1,-1,-1,-2,-2,-2,1,1,0,NA,"",0,0,1,"",1,"Non-UKRN",1,9999,7,0.4375,-5,-0.625,3,5,1,1,1,1,1,0,1,1,1,0
624,"100",1021,"TRUE","UNI50","Full-time","No","","3","Year 2","","","BSc Psychology","Yes","Female",2,1,1,1,1,1,-1,-1,1,1,1,1,-1,-1,0,-1,1,1,1,0,0,1,0,1,0,0,0,0,0,0,0,0,1,1,1,0,-1,1,1,1,1,1,"When findings of a study cannot be replicated",0,0,1,"",1,"Non-UKRN",1,1,6,0.375,5,0.625,5,0,1,1,1,1,1,1,1,1,1,1
625,"100",396,"TRUE","UNI50","Full-time","Yes","","3","Year 1","","","Psychology with clinical psychology","Yes","Female",2,2,2,1,1,0,1,1,1,-1,1,1,0,1,-1,0,1,1,1,0,0,1,0,1,0,0,1,0,0,0,0,1,2,2,0,1,-1,0,2,2,0,NA,"",0,1,1,"",1,"Non-UKRN",1,9999,12,0.75,8,1,5,2,1,1,1,1,1,0,1,1,1,0
626,"46",348,"FALSE","UNI19","Full-time","No","","3","Year 2","","","BSc Psychology","Yes","Female",NA,NA,NA,NA,NA,NA,NA,NA,NA,NA,NA,NA,NA,NA,NA,NA,0,0,0,0,0,0,0,0,0,0,0,0,0,0,0,0,NA,NA,NA,NA,NA,NA,NA,NA,NA,NA,"",NA,NA,NA,"",1,"Non-UKRN",1,9999,NA,NA,NA,NA,0,0,0,1,1,0,0,0,0,0,0,0
627,"100",534,"TRUE","UNI24","Full-time","No","","3","Year 1","","","Psychology","No","Female",2,1,1,0,0,2,1,1,1,-1,1,2,1,-1,-2,-2,1,0,1,0,0,1,0,1,0,1,0,1,1,0,1,0,1,-1,2,0,-1,1,-1,0,0,NA,"",1,0,1,"",1,"Non-UKRN",1,9999,7,0.4375,1,0.125,4,4,1,1,1,1,1,0,1,1,1,0
628,"100",1317,"TRUE","UNI50","Full-time","No","","3","Final Year","","","BSc (Hons) Psychology","Yes","Female",0,2,0,1,1,1,2,1,1,-2,1,2,1,0,0,-1,1,1,1,1,1,1,1,1,1,1,1,0,0,1,1,1,2,2,2,2,-1,1,1,1,1,1,"The current perceived crisis in scientific research, and heavily discussed in psychological research, that findings can't be replicated or that not enough studies are being replicated. It also involves discussion of habits such as p-hacking or analysing data until you find what you need appearing like common practice (even though they may not be). The crisis is also heavily caused by pressure from publishers who require new and exciting findings, over replicated work, including significant findings (p-value). Therefore, several studies that do not find a significant p-value are not being published, but the one study that does is being published, leading to a bias or 'crisis'.",1,1,1,"Both myself and a fellow student completed a study on the replication crisis (as part of a funded research project), where we looked into the attitudes and opinions of psychology undergrads (and a few staff members too). We presented our pilot findings at a conference but due to covid were unable to write-up or present our final findings together. More than happy to share pilot poster and full data however; my email is jemjjemj@gmail.com",1,"Non-UKRN",1,1,10,0.625,10,1.25,8,6,1,1,1,1,1,1,1,1,1,1
629,"100",419,"TRUE","UNI22","Full-time","Yes","","3","Year 2","","","Bsc Psychology ","No","Male",2,1,1,0,1,-2,1,2,1,0,2,-1,1,-1,-1,-1,1,0,1,0,0,1,1,0,0,0,1,0,0,1,0,0,1,1,-1,-1,-2,1,1,1,0,NA,"",0,1,1,"",1,"Non-UKRN",1,9999,6,0.375,1,0.125,4,2,1,1,1,1,1,0,1,1,1,0
630,"100",1832,"TRUE","UKRN04","Full-time","No","","3","Final Year","","","Psychology ","Yes","Female ",2,2,0,-1,0,0,1,-1,0,1,0,1,2,1,-1,0,1,1,1,0,0,1,0,1,0,0,1,0,0,0,0,0,2,0,1,0,0,1,0,1,1,1,"Where previous psychological research is failing to be replicated with the same results ",0,0,1,"",1,"UKRN",1,1,7,0.4375,5,0.625,5,1,1,1,1,1,1,1,1,1,1,1
631,"100",715,"TRUE","UKRN04","Full-time","No","","3","Year 2","","","Psychology","Yes","Male",2,2,1,0,1,1,1,-1,1,2,2,2,2,2,-1,-2,0,0,0,0,0,0,0,0,1,1,1,1,1,1,1,1,1,1,0,0,-2,-2,1,0,1,1,"it is hard to replicate a study",1,1,1,"",1,"UKRN",1,0,15,0.9375,-1,-0.125,0,8,1,1,1,1,1,1,1,1,1,1
632,"100",244,"TRUE","UNI22","Full-time","Yes","","3","Year 1","","","Psychology with Developmental Disorders ","No","Female",2,-1,0,-2,0,1,-1,-2,0,-2,2,-1,2,-2,0,-1,0,1,1,0,1,1,0,1,1,0,0,1,0,0,1,0,-2,2,0,-2,-1,0,-1,2,0,NA,"",0,0,1,"I think this is a refreshing survey to take and it relates to my studies. ",1,"Non-UKRN",1,9999,-5,-0.3125,-2,-0.25,5,3,1,1,1,1,1,0,1,1,1,0
633,"100",301,"TRUE","UKRN03","Full-time","No","","3","Year 1","","","Psychology and Linguistics","Yes","Female",2,2,1,1,1,1,1,1,2,1,1,2,0,-1,0,-1,1,0,1,0,0,0,0,1,0,0,0,0,0,0,0,0,-1,1,1,-1,-2,1,1,1,1,1,"a test conducted by various psychologists to see if the results from previous studies were still accurate today. they found that 60% of studies weren't replicable",0,0,1,"",1,"UKRN",1,1,14,0.875,1,0.125,3,0,1,1,1,1,1,1,1,1,1,1
634,"100",628,"TRUE","UKRN04","Full-time","No","","3","Year 2","","","Psychology","Yes","Female",2,2,2,1,1,1,0,-1,-1,0,2,2,1,2,-2,-1,1,1,0,1,1,1,1,1,0,0,1,0,0,0,0,0,-2,0,2,2,-1,1,2,1,1,1,"Results are not able to be replicated ",1,1,1,"",1,"UKRN",1,1,11,0.6875,5,0.625,7,1,1,1,1,1,1,1,1,1,1,1
635,"100",798,"TRUE","UNI07","Full-time","Yes","","4","Year 2","","","Abnormal and Clinical Psychology ","No","Female ",1,2,1,1,1,2,2,2,1,1,1,1,0,0,0,1,0,0,1,0,0,0,0,0,0,0,1,0,0,0,0,0,2,2,1,1,-1,-1,1,1,0,NA,"",0,0,1,"",1,"Non-UKRN",1,9999,17,1.0625,6,0.75,1,1,1,1,1,1,1,0,1,1,1,0
636,"100",311,"TRUE","UKRN07","Full-time","Yes","","4","Year 2","","","Psychology (with Professional Placement) BSc","Yes","Female",1,2,1,-1,2,0,2,0,1,-2,2,2,1,2,-2,-2,1,1,1,0,0,1,1,1,0,0,0,0,0,0,0,0,1,1,2,-2,-2,1,2,0,0,NA,"",0,0,1,"",1,"UKRN",1,9999,9,0.5625,3,0.375,6,0,1,1,1,1,1,0,1,1,1,0
637,"100",341,"TRUE","UKRN07","Full-time","No","","3","Year 2","","","BSc Psychology","Yes","Female",2,1,1,1,1,1,1,1,1,1,-1,1,1,-1,1,1,0,0,0,0,0,0,0,0,1,1,1,0,0,1,0,0,1,1,1,1,1,2,-1,1,0,NA,"",1,0,1,"",1,"UKRN",1,9999,13,0.8125,7,0.875,0,4,1,1,1,1,1,0,1,1,1,0
638,"100",1089,"TRUE","UKRN07","Full-time","Other (Please specify)","Weekly Placements Throughout course","4","Placement Year","","","Speech and Language Therapy ","No","Female",-2,2,-2,2,0,2,-1,0,2,2,2,2,-1,-2,-1,2,0,0,1,1,0,0,1,1,0,0,1,1,0,0,1,1,2,2,2,2,-1,1,2,2,0,NA,"",0,0,1,"",1,"UKRN",1,9999,7,0.4375,12,1.5,4,4,1,1,1,1,1,0,1,1,1,0
639,"100",543,"TRUE","UKRN07","Full-time","No","","3","Year 2","","","BSc Psychology and Language Sciences","Yes","female",1,1,1,1,1,1,2,2,1,1,1,1,0,0,1,1,0,0,1,0,0,1,1,1,0,0,0,0,0,0,0,0,2,1,2,-1,1,1,0,1,0,NA,"",0,0,1,"",1,"UKRN",1,9999,16,1,7,0.875,4,0,1,1,1,1,1,0,1,1,1,0
640,"100",410,"TRUE","UNI01","Full-time","No","","3","Final Year","","","Psychology BSc","Yes","Female",1,1,0,-2,1,1,2,1,1,-2,1,0,1,-2,-1,-1,1,1,1,1,0,1,0,1,1,0,1,1,0,1,0,1,1,-1,1,1,-2,-1,0,0,0,NA,"",0,0,1,"",1,"Non-UKRN",1,9999,2,0.125,-1,-0.125,6,5,1,1,1,1,1,0,1,1,1,0
641,"100",443,"TRUE","UKRN07","Full-time","Yes","","4","Final Year","","","BSc Psychology","Yes","Female",2,1,1,1,1,1,1,0,1,1,1,2,2,1,-1,-1,1,0,1,1,0,0,1,1,0,0,0,0,0,0,1,0,2,1,1,1,-1,1,1,1,1,1,"When 'established' research is replicated, or replicated with more controls, results change. ",0,0,1,"",1,"UKRN",1,1,14,0.875,7,0.875,5,1,1,1,1,1,1,1,1,1,1,1
643,"100",349,"TRUE","UKRN07","Full-time","No","","3","Year 2","","","Bsc","Yes","female",2,2,2,1,2,1,2,-1,1,1,-1,2,-1,-2,-1,-1,1,1,1,0,0,1,1,1,0,0,0,1,1,0,0,0,2,1,-1,-2,-2,-1,-1,0,0,NA,"",0,0,1,"",1,"UKRN",1,9999,9,0.5625,-4,-0.5,6,2,1,1,1,1,1,0,1,1,1,0
644,"100",455,"TRUE","UKRN04","Full-time","No","","3","Final Year","","","Psychology and Criminology ","No","Female ",1,-1,1,1,1,0,1,-2,1,-1,-1,2,0,1,1,-2,1,1,0,1,1,1,1,0,0,0,1,0,0,0,0,1,1,-1,1,-1,-1,0,1,1,0,NA,"",1,0,1,"",1,"UKRN",1,9999,3,0.1875,1,0.125,6,2,1,1,1,1,1,0,1,1,1,0
645,"100",285,"TRUE","UKRN07","Full-time","No","","3","Final Year","","","Bsc psychology ","Yes","Female ",2,2,2,1,2,1,2,2,1,-1,1,1,1,2,2,-1,0,0,0,1,1,0,0,0,0,0,1,0,0,0,1,1,2,1,2,-1,2,1,1,1,1,1,"",0,0,1,"",1,"UKRN",1,9999,20,1.25,9,1.125,2,3,1,1,1,1,1,1,1,1,1,0
646,"100",405,"TRUE","UKRN07","Full-time","Other (Please specify)","Includes 80hr placement in 2nd year","3","Year 1","","","BSc Psychology","Yes","Female",2,2,0,1,0,0,1,1,1,0,-1,1,1,0,0,0,0,0,1,0,0,0,1,1,0,0,0,0,0,0,0,0,2,1,1,0,1,0,0,0,0,NA,"",0,0,0,"",1,"UKRN",1,9999,9,0.5625,5,0.625,3,0,1,1,1,1,1,0,1,1,1,0
647,"100",262,"TRUE","UNI21","Full-time","No","","1","Year 1","","","Clinical health psychology ","No","Female ",1,0,0,0,1,0,1,0,0,0,-1,1,0,1,1,0,1,1,0,1,0,0,1,0,0,0,1,0,1,1,0,1,2,2,1,-1,-1,1,0,1,1,0,"Replication can damage results ",0,0,1,"",1,"Non-UKRN",1,0,5,0.3125,5,0.625,4,4,1,1,1,1,1,1,1,1,1,1
648,"100",307,"TRUE","UKRN02","Full-time","Yes","","4","Year 1","","","BSc (Hons) Psychology","Yes","Female",2,1,2,-1,1,1,1,-1,2,1,2,-1,1,-2,1,-1,1,1,1,0,1,1,1,1,0,0,0,1,0,0,0,0,1,-1,1,1,1,1,2,2,1,0,"Repeating of a research / study",0,0,1,"",1,"UKRN",1,0,9,0.5625,8,1,7,1,1,1,1,1,1,1,1,1,1,1
649,"100",379,"TRUE","UKRN01","Full-time","No","","2","Year 1","","","Psychology ","No","Female",1,-2,2,-2,0,0,0,1,1,-2,1,2,-1,0,1,0,1,1,1,0,1,1,0,0,0,0,0,1,0,0,1,1,1,-2,1,-1,0,2,2,0,0,NA,"",1,1,1,"",1,"UKRN",1,9999,2,0.125,3,0.375,5,3,1,1,1,1,1,0,1,1,1,0
650,"100",457,"TRUE","UNI07","Full-time","No","","3","Year 2","","","Psychology","Yes","female",1,0,0,0,0,0,1,0,1,-2,1,2,0,2,-2,-2,0,0,1,0,1,1,0,1,1,1,0,1,0,0,1,0,-1,-1,0,0,-1,0,0,0,0,NA,"",0,0,1,"",1,"Non-UKRN",1,9999,2,0.125,-3,-0.375,4,4,1,1,1,1,1,0,1,1,1,0
651,"100",888,"TRUE","UKRN07","Full-time","Yes","","3","Placement Year","","","BSc Psychology","Yes","Female",1,2,0,1,1,0,2,1,1,-2,1,2,1,2,-1,-2,0,0,1,0,0,1,1,1,0,0,0,0,0,0,0,0,1,-1,1,-1,-1,1,1,1,1,1,"More recently, there are fundamental studies which have been hard to replicate or reproduce similar results.",0,0,1,"",1,"UKRN",1,1,10,0.625,2,0.25,4,0,1,1,1,1,1,1,1,1,1,1
652,"100",428,"TRUE","UNI19","Full-time","No","","3","Year 1","","","Psyhcology","Yes","Female",2,2,0,0,1,0,0,-1,0,-1,0,2,0,1,0,-2,1,1,1,1,0,1,0,1,0,0,0,0,0,0,0,0,1,0,1,-2,-2,1,0,1,1,0,"It is the issue that some studies are very difficult or replicate or reproduce ",0,0,1,"",1,"Non-UKRN",1,0,4,0.25,0,0,6,0,1,1,1,1,1,1,1,1,1,1
653,"100",372,"TRUE","UKRN04","Full-time","No","","3","Year 1","","","Psychology","Yes","Female",-1,1,-1,0,0,0,2,1,1,1,2,2,0,-1,-1,-1,1,1,1,1,1,1,1,1,0,0,1,0,0,1,0,1,1,-1,1,0,0,-1,1,0,1,0,"When studies cannot be replicated ",0,0,1,"",1,"UKRN",1,0,5,0.3125,1,0.125,8,3,1,1,1,1,1,1,1,1,1,1
654,"100",364,"TRUE","UKRN04","Full-time","No","","3","Year 1","","","Education and psychology ","Yes","Female",1,1,1,1,1,1,1,1,1,1,1,1,1,-1,-1,-1,1,0,1,0,1,1,0,1,0,0,0,0,0,0,0,0,1,1,1,1,-1,1,1,1,0,NA,"",0,0,1,"",1,"UKRN",1,9999,10,0.625,6,0.75,5,0,1,1,1,1,1,0,1,1,1,0
655,"100",359,"TRUE","UKRN04","Full-time","No","","4","Final Year","","","Bsc psychology with year abroad","Yes","Femal",2,2,1,2,1,0,2,1,1,0,2,2,1,2,1,-2,0,1,1,0,0,0,0,1,0,0,1,0,0,0,0,0,2,2,1,-1,-2,0,2,2,1,0,"Not beinf able to reproduce results ",0,0,1,"",1,"UKRN",1,1,18,1.125,6,0.75,3,1,1,1,1,1,1,1,1,1,1,1
656,"100",596,"TRUE","UKRN04","Full-time","No","","3","Year 1","","","education and psychology","Yes","female",2,1,1,1,1,1,1,1,1,1,1,2,1,1,0,1,1,0,1,1,0,1,0,1,0,1,0,0,1,0,1,0,1,1,1,1,0,1,1,0,1,1,"many replications of studies are unsuccessful, meaning replications have failed to find effects that earlier study claimed or an effect was found when previous research found no effect",0,0,1,"",1,"UKRN",1,1,17,1.0625,6,0.75,5,3,1,1,1,1,1,1,1,1,1,1
657,"100",402,"TRUE","UKRN04","Full-time","No","","3","Final Year","","","Psychology","Yes","Female",1,2,1,-1,1,2,1,2,1,-2,2,2,1,2,-2,-2,1,1,1,1,1,1,1,1,0,0,0,0,0,0,0,0,2,2,1,-1,-2,0,2,2,1,1,"That a lot of studies are difficult or impossible to replicate",1,1,1,"",1,"UKRN",1,0,11,0.6875,6,0.75,8,0,1,1,1,1,1,1,1,1,1,1
658,"100",1026,"TRUE","UKRN04","Full-time","No","","3","Year 1","","","Psychology BSc","Yes","Female",2,-1,1,-2,-1,2,1,-1,2,-2,0,2,2,1,-1,-2,1,1,1,1,1,1,0,1,0,0,1,1,0,1,0,1,2,1,2,1,-2,1,1,1,1,1,"Inaccuracies in replication or studies",1,1,1,"",1,"UKRN",1,0,3,0.1875,7,0.875,7,4,1,1,1,1,1,1,1,1,1,1
659,"100",882,"TRUE","UKRN04","Full-time","No","","3","Year 1","","","Psychology Bsc","Yes","Female ",1,1,1,1,1,1,1,1,1,1,1,1,1,-1,0,-1,1,1,0,1,1,1,1,1,0,0,1,0,0,0,0,0,1,1,1,1,-1,1,1,1,0,NA,"",0,0,1,"",1,"UKRN",1,9999,11,0.6875,6,0.75,7,1,1,1,1,1,1,0,1,1,1,0
660,"100",365,"TRUE","UKRN04","Full-time","No","","4","Year 1","","","Psychology","Yes","Female",2,2,2,2,1,1,1,1,2,2,1,2,2,1,-1,-1,1,1,1,1,1,1,1,1,1,1,1,0,0,0,0,0,2,2,2,2,0,1,1,2,1,1,"Influential studies that when repeated often turn out to be non replicable, usually due to questionable research practices",1,1,1,"",1,"UKRN",1,1,20,1.25,12,1.5,8,3,1,1,1,1,1,1,1,1,1,1
661,"100",321,"TRUE","UKRN04","Full-time","No","","3","Year 1","","","Psychology","Yes","Female",2,2,2,2,2,2,2,2,2,2,2,2,-2,2,-1,-2,0,0,0,0,0,0,0,1,0,0,0,0,0,0,0,0,2,1,2,-2,-2,0,2,2,0,NA,"",0,0,1,"",1,"UKRN",1,9999,21,1.3125,5,0.625,1,0,1,1,1,1,1,0,1,1,1,0
662,"100",746,"TRUE","UNI22","Full-time","No","","3","Year 2","","","Psychology ","Yes","Male",-1,1,1,1,1,1,1,-1,1,1,1,1,0,-1,1,-1,0,0,0,0,0,0,0,0,1,1,1,0,0,1,0,1,1,-1,1,-1,-1,1,1,1,1,1,"Researcher's are finding it difficult to find credibility in research and to replicate it's findings.",1,1,1,"",1,"Non-UKRN",1,1,7,0.4375,2,0.25,0,5,1,1,1,1,1,1,1,1,1,1
663,"100",1748,"TRUE","UKRN04","Full-time","No","","3","Final Year","","","Criminology & Psychology","Yes","female",2,2,1,0,0,1,2,1,0,0,0,2,2,2,-2,-2,1,1,1,1,0,1,1,1,1,1,1,0,0,1,0,0,1,0,0,0,-1,1,1,0,1,1,"Many studies cannot be replicated",0,0,1,"",1,"UKRN",1,0,11,0.6875,2,0.25,7,4,1,1,1,1,1,1,1,1,1,1
664,"100",349,"TRUE","UKRN04","Full-time","No","","3","Year 1","","","Psychology ","No","male",1,-1,1,-1,1,-1,1,-2,1,-1,1,-1,1,-1,2,-1,1,1,1,1,1,1,1,1,1,0,0,0,0,1,0,0,1,1,0,-1,0,1,-1,-1,0,NA,"",1,1,1,"",1,"UKRN",1,9999,0,0,0,0,8,2,1,1,1,1,1,0,1,1,1,0
665,"100",1311,"TRUE","UKRN04","Full-time","No","","3","Final Year","","","BSc (Hons) Criminology & Psychology","No","Female",2,2,2,2,2,2,1,1,2,2,-1,2,0,-1,-1,1,1,1,0,1,1,1,0,1,0,0,1,0,0,0,1,0,2,2,2,-2,1,2,0,2,0,NA,"",0,0,1,"Data should be shared so others can review its validity and reliability, although always protecting the anonimity of participants.",1,"UKRN",1,9999,18,1.125,9,1.125,6,2,1,1,1,1,1,0,1,1,1,0
666,"100",1687,"TRUE","UKRN04","Full-time","No","","3","Final Year","","","Psychology","Yes","Female ",2,2,1,-2,1,1,1,0,1,-2,2,2,1,2,-2,1,0,1,0,0,0,0,0,0,1,0,1,1,1,1,1,1,2,2,2,-2,-2,0,1,2,1,0,"Ongoing issues with reproducing scientific findings, an integral part of realisability and accurate generalisability of findings. ",1,1,1,"",1,"UKRN",1,1,11,0.6875,5,0.625,1,7,1,1,1,1,1,1,1,1,1,1
667,"100",313,"TRUE","UKRN04","Full-time","No","","3","Year 1","","","Psychology and criminology ","Yes","Female ",2,1,1,-2,2,0,2,-1,0,-1,2,-2,2,-2,0,-1,1,0,1,0,0,0,1,1,0,1,0,1,1,1,0,0,1,-1,0,-1,-1,1,1,1,1,0,"",0,1,1,"",1,"UKRN",1,9999,3,0.1875,1,0.125,4,4,1,1,1,1,1,1,1,1,1,0
668,"100",2006,"TRUE","UKRN04","Full-time","No","","3","Final Year","","","Psychology, BSc (Hons)","No","Female ",2,2,2,2,2,0,2,0,2,-2,2,2,2,2,-2,-2,1,1,1,1,1,1,1,1,0,0,0,0,0,0,0,0,1,2,1,1,0,1,1,2,1,1,"When Studies are run again and the results are not found to be what originally was found",0,0,1,"",1,"UKRN",1,1,16,1,9,1.125,8,0,1,1,1,1,1,1,1,1,1,1
669,"100",301,"TRUE","UKRN04","Full-time","No","","3","Year 1","","","Psychology BCs","Yes","Female ",2,2,1,1,0,2,0,-1,1,0,1,2,1,0,-2,-1,1,1,0,1,1,1,1,0,0,0,1,0,0,0,0,1,1,0,-1,-1,-1,-1,0,-1,1,1,"",0,0,1,"",1,"UKRN",1,9999,9,0.5625,-4,-0.5,6,2,1,1,1,1,1,1,1,1,1,0
670,"100",378,"TRUE","UKRN04","Full-time","No","","3","Year 1","","","BSc (Hons) Psychology","No","Female",2,2,1,2,2,1,2,1,1,2,2,2,1,2,-1,-1,1,1,1,1,0,1,1,1,1,0,1,0,1,1,0,1,2,2,2,1,-1,2,2,1,1,1,"The issue that many studies cannot be replicated",1,1,1,"",1,"UKRN",1,1,21,1.3125,11,1.375,7,5,1,1,1,1,1,1,1,1,1,1
671,"100",566,"TRUE","UNI24","Full-time","Other (Please specify)","It is optional","3","Year 2","","","BSc Psychology","No","Female",1,1,2,2,0,1,2,2,2,-2,1,2,-1,2,-1,-1,0,0,1,0,0,1,0,1,0,0,0,0,0,0,0,0,1,1,-1,-1,0,0,1,1,0,NA,"",0,0,1,"",1,"Non-UKRN",1,9999,13,0.8125,2,0.25,3,0,1,1,1,1,1,0,1,1,1,0
672,"100",841,"TRUE","UKRN04","Full-time","No","","3","Final Year","","","Psychology ","Yes","Male",2,2,1,2,1,0,-1,0,0,-1,1,2,1,-1,-1,-1,0,0,0,0,0,0,0,0,1,1,1,1,0,1,0,1,1,1,0,-1,-2,1,1,1,1,0,"That many psychology studies are very hard to replicate",0,0,1,"There could be better distinction between what someone ""should"" do (morally) and what they ""have to"" do (legally and within APA rules)",1,"UKRN",1,0,7,0.4375,2,0.25,0,6,1,1,1,1,1,1,1,1,1,1
673,"100",418,"TRUE","UKRN04","Full-time","Yes","","3","Year 1","","","Psychology","Yes","female",2,1,2,1,1,1,0,-1,1,1,1,2,2,2,-1,-1,1,1,1,0,1,0,0,1,0,1,1,0,0,0,0,1,2,2,2,1,-2,1,2,2,1,1,"many studies have been manipulated by the original researchers to make them look better and made so that people cannot replicate them",1,1,1,"",1,"UKRN",1,1,14,0.875,10,1.25,5,3,1,1,1,1,1,1,1,1,1,1
674,"100",373,"TRUE","UKRN04","Full-time","No","","3","Final Year","","","Criminology with Psychology","Yes","Female",2,2,1,2,1,1,2,1,0,0,1,2,0,-1,-1,1,1,1,0,0,0,0,1,1,0,0,1,0,0,0,0,0,1,1,1,0,0,0,1,1,1,0,"",0,0,1,"",1,"UKRN",1,0,14,0.875,5,0.625,4,1,1,1,1,1,1,1,1,1,1,1
675,"100",506,"TRUE","UKRN07","Full-time","No","","4","Final Year","","","Art and Psychology","No","Female",2,-1,2,0,2,1,2,1,2,2,1,2,2,-2,0,-1,0,0,1,1,0,0,1,1,0,0,1,0,0,0,1,1,1,1,2,1,1,2,1,2,1,0,"the need to replicate studies to confirm effects",0,0,1,"",1,"UKRN",1,0,15,0.9375,11,1.375,4,3,1,1,1,1,1,1,1,1,1,1
676,"100",618,"TRUE","UKRN04","Full-time","No","","3","Year 1","","","Psychology Bsc","Yes","Female ",2,2,1,2,-1,2,1,-1,0,1,1,2,-1,2,-1,-2,1,1,0,1,1,0,1,0,0,0,1,0,0,1,0,1,2,2,0,-1,-2,0,2,2,1,1,"Difficult to replicate or reproduce the same or similar results or previous studies. ",0,0,1,"",1,"UKRN",1,1,10,0.625,5,0.625,5,3,1,1,1,1,1,1,1,1,1,1
677,"100",448,"TRUE","UKRN07","Full-time","No","","3","Year 1","","","BSc Psychology","Yes","Woman",2,2,1,2,2,1,-1,-1,0,-2,1,2,1,1,-1,-2,1,1,1,1,1,1,0,1,0,0,0,0,0,0,0,0,2,2,2,1,-2,2,2,2,1,0,"A large number of studies within the social sciences are unable to be replicated with the same results reproduced",1,0,1,"",1,"UKRN",1,1,8,0.5,11,1.375,7,0,1,1,1,1,1,1,1,1,1,1
695,"100",1294,"TRUE","UKRN04","Full-time","Other (Please specify)","Optional","3","Year 1","","","Psychology","No","female",1,2,2,2,2,2,-1,1,2,2,2,2,2,2,-1,-2,1,1,1,1,1,0,1,1,0,0,1,0,1,0,0,0,2,2,-2,1,1,2,1,1,1,1,"A lot of previous research done in the past when replicated exactly as the original, have been found not to conclude the same answer; questioning the reliability of the research.",0,1,1,"Undergraduate students should be looking to replicate past research as part of their research project to assist in improving the reliability and validity of these past researches.  Also, the powers that be; who make the decision on what new research should be published should also invest, support and encourage the efforts required for replications.",1,"UKRN",1,1,20,1.25,8,1,7,2,1,1,1,1,1,1,1,1,1,1
699,"100",523,"TRUE","UNI19","Full-time","No","","3","Year 1","","","BSc Psychology ","Yes","Female",1,1,0,-1,0,0,1,1,0,-1,1,2,0,0,-1,-1,0,0,1,0,0,0,0,1,0,0,0,0,0,0,0,1,1,1,-1,-1,-1,1,0,-1,1,1,"The inability to accurately replicate a study and get the same results",0,0,1,"",1,"Non-UKRN",1,1,3,0.1875,-1,-0.125,2,1,1,1,1,1,1,1,1,1,1,1
700,"100",566,"TRUE","UKRN07","Full-time","No","","3","Year 2","","","Mathematics and Psychology ","Yes","Female",2,2,-1,1,0,2,-1,-1,-2,0,1,2,-1,1,-2,0,1,1,0,1,1,0,1,0,0,0,1,0,0,1,0,1,2,0,1,0,-1,-1,0,0,0,NA,"",0,0,1,"",1,"UKRN",1,9999,3,0.1875,1,0.125,5,3,1,1,1,1,1,0,1,1,1,0
701,"100",399726,"TRUE","UKRN04","Full-time","No","","3","Final Year","","","BSc Psychology","Yes","Male",2,1,2,-2,1,1,1,-2,-1,-1,2,2,0,1,-1,-1,0,0,1,0,1,1,0,1,0,0,1,0,0,0,0,0,2,2,2,1,-1,-1,1,1,1,1,"Most replications finding differing results from core psychological studies.",1,1,1,"",1,"UKRN",1,1,5,0.3125,7,0.875,4,1,1,1,1,1,1,1,1,1,1,1
702,"100",1329,"TRUE","UKRN04","Full-time","No","","3","Year 1","","","Psychology","No","Female ",2,1,0,-2,1,1,0,-1,1,-2,1,0,1,1,1,1,1,1,1,0,0,1,1,1,0,0,0,1,1,0,0,0,-1,-1,0,1,-1,-1,0,0,1,1,"Copy from the others",1,1,0,"",1,"UKRN",1,0,6,0.375,-3,-0.375,6,2,1,1,1,1,1,1,1,1,1,1
703,"59",482,"FALSE","UKRN04","Full-time","No","","3","Final Year","","","BSc Psychology ","Yes","Female ",2,1,2,-1,1,-1,-1,0,1,-2,2,2,0,0,1,-1,1,1,0,0,1,0,1,0,0,0,1,0,0,1,0,1,2,1,NA,NA,NA,NA,NA,NA,NA,NA,"",NA,NA,NA,"",1,"UKRN",1,9999,6,0.375,NA,1.5,4,3,1,1,1,0,0,0,0,0,0,0
704,"100",455,"TRUE","UNI21","Full-time","No","","3","Year 2","","","Psychology ","Yes","Female",2,1,1,1,-1,0,2,1,1,-1,2,1,1,1,0,1,0,1,0,0,0,1,0,1,0,0,1,0,0,0,0,0,1,1,1,-1,-1,-2,1,1,1,1,"Researchers focus on disproving other researchers theories instead of doing new research and coming up with new predictions and hypotheses ",0,0,1,"",1,"Non-UKRN",1,0,13,0.8125,1,0.125,3,1,1,1,1,1,1,1,1,1,1,1
705,"100",654,"TRUE","UNI68","Full-time","Yes","","4","Year 2","","","Psychology with placement year BSc","Yes","Female ",1,1,-1,1,1,1,2,1,1,0,-1,2,0,2,0,1,0,0,0,1,1,1,1,0,1,1,1,0,0,0,0,1,1,1,1,1,1,1,1,1,0,NA,"",0,0,0,"",1,"Non-UKRN",1,9999,12,0.75,8,1,4,4,1,1,1,1,1,0,1,1,1,0
707,"100",1322,"TRUE","UNI20","Full-time","No","","3","Final Year","","","BSc Psychology Hons","Yes","male",1,1,2,1,1,1,1,1,1,1,0,2,1,1,0,1,1,1,1,1,1,0,1,1,0,0,0,0,0,1,0,0,2,1,1,1,1,1,1,1,1,1,"Many research projects are difficult to reproduce or the results aren't repeated affecting credibility of results",1,0,1,"More openness, collaboration and sharing of research, methodologies data and publishing should be encouraged.",1,"Non-UKRN",1,1,16,1,9,1.125,7,1,1,1,1,1,1,1,1,1,1,1
708,"100",611,"TRUE","UNI20","Full-time","Yes","","3","Year 2","","","BSC Psychology ","Yes","Female",2,2,0,2,1,1,2,1,2,1,1,2,-1,2,-1,1,1,0,1,0,1,1,0,1,0,1,0,1,0,0,1,0,2,1,2,1,1,2,2,2,0,NA,"",0,0,1,"",1,"Non-UKRN",1,9999,18,1.125,13,1.625,5,3,1,1,1,1,1,0,1,1,1,0
709,"100",309,"TRUE","UNI69","Full-time","No","","4","Year 2","","","Bsc psychology with foundation year","No","Female",1,1,-1,0,1,1,1,1,1,-1,1,2,0,1,-1,0,1,1,1,0,1,1,1,1,0,0,0,1,0,0,0,0,1,1,1,-1,1,1,1,1,1,0,"",0,0,1,"",1,"Non-UKRN",1,9999,8,0.5,6,0.75,7,1,1,1,1,1,1,1,1,1,1,0
710,"100",498,"TRUE","UKRN08","Full-time","No","","3","Final Year","","","Psychology with criminology ","No","Male",1,1,0,1,1,1,1,1,1,-2,1,2,2,1,0,-1,1,0,1,1,0,0,1,1,1,0,1,1,0,0,1,1,2,1,1,2,0,1,2,1,1,1,"The finding that the majority of studies were not replicated under the same conditions ",1,1,1,"",1,"UKRN",1,1,11,0.6875,10,1.25,5,5,1,1,1,1,1,1,1,1,1,1
711,"100",368,"TRUE","UKRN08","Full-time","No","","3","Final Year","","","Psychology ","Yes","Female",2,1,2,1,0,0,0,-1,1,-2,2,2,1,2,1,-1,1,1,1,1,0,0,1,1,0,0,0,0,0,0,0,0,1,1,0,1,-1,1,2,1,1,1,"Many previous large studies findings when later replicated numerous times did not produce the same results or outcomes ",1,1,1,"",1,"UKRN",1,1,11,0.6875,6,0.75,6,0,1,1,1,1,1,1,1,1,1,1
712,"100",494,"TRUE","UKRN08","Full-time","No","","3","Final Year","","","BSc (Hong) Psychology","Yes","Female",-1,2,0,-2,2,-1,2,2,2,-2,1,2,1,-2,-2,1,1,1,1,1,0,0,0,1,0,0,0,0,1,1,1,0,1,1,1,1,-2,1,1,0,1,1,"when Previous well done, critical/important studies are not able to be reproduced or replicated. Big problem in psychology because so much further research has been based off initial studies which can’t be reproduced ",1,1,1,"",1,"UKRN",1,1,5,0.3125,4,0.5,5,3,1,1,1,1,1,1,1,1,1,1
714,"100",510,"TRUE","UKRN08","Full-time","No","","3","Year 1","","","Psychology ","Yes","Female",1,0,0,0,-1,1,2,-1,0,-1,1,1,1,1,1,-2,1,1,1,1,1,1,1,1,0,0,1,0,0,1,0,1,-1,-1,1,-1,-1,-1,1,0,1,1,"Previous studies that aren’t replicable now makes the reliability and validity of those studies lower if other researchers can’t get the same results",0,1,1,"",1,"UKRN",1,1,4,0.25,-3,-0.375,8,3,1,1,1,1,1,1,1,1,1,1
715,"100",625,"TRUE","UKRN08","Full-time","Yes","","3","Year 2","","","Psychology","Yes","Male",2,2,0,2,1,0,1,1,1,-1,2,2,1,2,1,1,1,1,0,1,0,1,0,1,0,0,1,0,0,0,0,0,2,1,0,1,-1,-2,2,1,1,1,"The issue of replications studies not giving the same results as the original studies. ",1,1,1,"",1,"UKRN",1,1,18,1.125,4,0.5,5,1,1,1,1,1,1,1,1,1,1,1
716,"100",619,"TRUE","UKRN08","Full-time","Yes","","4","Placement Year","","","BSc Psychology ","Yes","female ",2,2,2,2,2,2,2,2,2,2,1,2,2,1,1,-1,0,0,1,1,0,1,1,1,0,0,1,0,0,0,0,0,2,2,2,2,-2,2,2,2,1,1,"a lot of psychological research hasn't been replicated, or when it has been there little to no significance in similarity to the original studies results. ",1,1,1,"",1,"UKRN",1,1,26,1.625,12,1.5,5,1,1,1,1,1,1,1,1,1,1,1
717,"100",678,"TRUE","UNI69","Full-time","No","","4","Year 1","","","Psychology with foundation","No","Female",1,1,2,1,1,-2,2,1,-2,-2,1,-2,2,0,1,-2,0,0,1,0,0,1,0,0,0,0,1,0,0,1,0,0,1,2,-2,1,-1,-1,1,-1,0,NA,"",0,0,1,"",1,"Non-UKRN",1,9999,3,0.1875,0,0,2,2,1,1,1,1,1,0,1,1,1,0
718,"100",587,"TRUE","UKRN08","Full-time","Yes","","3","Year 2","","","Psychology ","Yes","F",1,1,1,0,1,0,1,1,2,2,1,2,1,-1,0,1,1,0,0,1,1,0,0,0,0,1,1,0,0,1,1,1,2,1,1,0,1,1,1,1,1,1,"Previously accepted results from older studied cant be replicated, so old theories have to be questioned",0,1,1,"",1,"UKRN",1,1,14,0.875,8,1,3,5,1,1,1,1,1,1,1,1,1,1
719,"100",1065,"TRUE","UKRN08","Full-time","No","","3","Year 1","","","Psychology","Yes","Female",1,2,0,-2,1,0,1,0,1,-2,1,1,2,1,-1,-2,1,1,1,1,0,1,0,1,0,0,0,0,1,1,1,0,1,1,1,-1,-2,0,1,1,1,1,"The replication crisis is the crisis concerning the reliability of psychological research and findings. ",0,0,1,"",1,"UKRN",1,0,4,0.25,2,0.25,6,3,1,1,1,1,1,1,1,1,1,1
720,"100",1193,"TRUE","UKRN08","Full-time","No","","3","Year 2","","","Bsc (hons) Psychology with Criminology ","Yes","Female",2,2,1,1,1,2,1,1,1,-1,1,1,2,1,-2,-2,1,1,1,1,1,1,1,1,0,0,1,0,0,1,0,1,1,1,1,-1,-1,1,-1,0,1,1,"This where many scientific research results have been extremely difficult or not possible to replicate.",1,1,1,"",1,"UKRN",1,1,12,0.75,1,0.125,8,3,1,1,1,1,1,1,1,1,1,1
722,"100",516,"TRUE","UKRN08","Full-time","No","","3","Final Year","","","Psychology with Criminology ","Yes","Female ",1,2,1,1,1,1,0,-1,1,1,1,1,0,-1,0,-1,0,0,1,0,0,0,1,0,0,0,1,0,0,0,1,0,1,1,1,1,0,0,0,0,1,1,"When a study is difficult to replicate ",0,0,1,"",1,"UKRN",1,0,8,0.5,4,0.5,2,2,1,1,1,1,1,1,1,1,1,1
723,"100",508,"TRUE","UKRN08","Full-time","No","","3","Year 2","","","Psychology BSc","Yes","Female",2,2,1,2,2,2,2,1,1,1,2,2,1,2,-1,-2,1,0,1,1,0,1,0,1,0,0,1,0,0,1,0,1,2,2,2,2,-1,-1,1,1,1,1,"Many studies found significant results, however, when other researchers tried to replicate the results, they were not replicated ",0,1,1,"",1,"UKRN",1,1,20,1.25,8,1,5,3,1,1,1,1,1,1,1,1,1,1
724,"100",1510,"TRUE","UKRN08","Full-time","No","","3","Final Year","","","BSc Psychology (Hons)","No","Female",2,2,2,2,2,2,2,2,2,2,2,2,2,2,0,-1,1,1,1,1,1,1,1,1,1,0,1,1,0,0,0,0,2,2,2,0,1,2,2,2,1,1,"Many results are not replicating, perhaps because there is not enough power in studies, and too much emphasis on p-values ",1,1,1,"",1,"UKRN",1,1,27,1.6875,13,1.625,8,3,1,1,1,1,1,1,1,1,1,1
725,"100",584,"TRUE","UKRN08","Full-time","No","","3","Final Year","","","Psychology ","Yes","Female",2,2,1,1,1,1,1,1,1,-2,2,1,1,1,-1,-1,1,1,0,1,1,0,1,1,0,0,1,0,0,1,0,0,2,1,2,0,-1,-1,1,1,0,NA,"",0,0,1,"",1,"UKRN",1,9999,12,0.75,5,0.625,6,2,1,1,1,1,1,0,1,1,1,0
726,"100",305,"TRUE","UKRN08","Full-time","No","","3","Year 2","","","BSc Hons Psychology ","Yes","Female",1,2,-1,1,0,1,1,0,2,2,1,1,-1,-1,-1,-1,1,1,1,1,1,1,1,1,0,0,0,0,0,0,0,0,1,-1,1,-1,-1,1,1,0,1,0,"Difficulty replicating previous studies ",1,0,1,"",1,"UKRN",1,0,7,0.4375,1,0.125,8,0,1,1,1,1,1,1,1,1,1,1
727,"100",423,"TRUE","UKRN08","Full-time","Yes","","3","Year 2","","","Psychology BSc","Yes","Female",2,2,-1,2,2,2,2,2,-1,-1,2,2,2,2,1,1,0,0,0,0,0,1,0,0,0,0,1,1,0,0,1,1,2,-2,2,2,-1,0,2,2,1,1,"Some of the well-established papers in the past cannot be replicated today. ",1,1,1,"",1,"UKRN",1,0,21,1.3125,7,0.875,1,4,1,1,1,1,1,1,1,1,1,1
728,"100",416,"TRUE","UKRN08","Full-time","No","","4","Year 1","","","Psychology with Criminology (BSc) ","Yes","Female",1,1,1,1,1,0,1,1,1,1,1,1,0,1,-1,-1,1,1,1,1,1,1,1,1,1,0,1,1,0,1,0,0,1,1,1,-1,0,1,1,0,1,1,"When a study is nearly impossible to replicate any of the method",1,1,1,"",1,"UKRN",1,1,10,0.625,4,0.5,8,4,1,1,1,1,1,1,1,1,1,1
729,"100",543,"TRUE","UKRN08","Full-time","No","","3","Year 1","","","Psychology ","No","Female ",1,1,2,0,0,0,1,1,1,1,2,2,1,2,0,-1,1,1,1,1,0,0,0,0,0,0,0,0,0,0,0,1,1,-1,1,1,1,1,1,0,1,1,"Research that is not reliable cannot be reproduce and replicated due to bad research practices happening in research.",1,1,1,"",1,"UKRN",1,1,14,0.875,5,0.625,4,1,1,1,1,1,1,1,1,1,1,1
730,"100",528,"TRUE","UKRN08","Full-time","No","","3","Final Year","","","BSc psychology ","Yes","Female",2,2,2,2,2,2,1,1,2,-2,1,2,2,2,-2,-2,1,1,1,1,1,1,1,1,1,1,1,1,0,1,1,1,2,2,2,2,-2,2,1,2,1,1,"Findings from old studies are not being successfully replicated today, likely because of methodological issues or unclear methods in old papers.",1,1,1,"",1,"UKRN",1,1,17,1.0625,11,1.375,8,7,1,1,1,1,1,1,1,1,1,1
731,"100",579,"TRUE","UKRN08","Full-time","No","","3","Final Year","","","BSc Hons Psychology","Yes","Female",1,1,1,1,0,-1,1,1,-1,-2,1,2,1,-1,-1,-1,1,1,1,1,1,1,1,1,0,0,1,0,0,1,1,0,1,1,1,1,1,1,1,-1,1,1,"Previous studies are being replicated but not finding the same result",0,1,1,"",1,"UKRN",1,1,3,0.1875,6,0.75,8,3,1,1,1,1,1,1,1,1,1,1
732,"100",4165,"TRUE","UKRN08","Full-time","Yes","","4","Placement Year","","","Psychology","Yes","Female",1,2,1,0,0,1,2,1,2,0,0,1,2,-1,1,1,1,1,1,0,1,1,0,1,0,0,0,1,0,0,1,0,2,1,2,-1,1,1,0,0,1,1,"Being unable to reproduce results from old studies due to restrictions on ethics or lack of info on methodology ",1,0,1,"",1,"UKRN",1,1,14,0.875,6,0.75,6,2,1,1,1,1,1,1,1,1,1,1
733,"100",1062,"TRUE","UKRN08","Full-time","Yes","","3","Year 2","","","Psychology ","Yes","Male ",1,2,2,-1,1,0,1,1,1,-2,1,2,0,1,-1,-2,1,1,1,1,1,1,1,0,0,0,0,0,0,0,0,1,2,2,1,-1,-2,-2,1,0,1,1,"Replication crisis is when studies have been published but when repeating the very same study, results are not the same ",0,0,1,"",1,"UKRN",1,1,7,0.4375,1,0.125,7,1,1,1,1,1,1,1,1,1,1,1
734,"100",285,"TRUE","UKRN08","Full-time","No","","3","Final Year","","","Psychology with criminology ","Yes","Fenale",2,2,0,2,0,1,1,-1,1,-1,2,-2,2,-1,-1,2,1,1,0,1,1,1,1,0,0,0,1,0,0,0,0,1,2,2,2,-1,0,0,2,2,1,1,"Many studies are impossible to replicate",0,1,1,"",1,"UKRN",1,0,9,0.5625,9,1.125,6,2,1,1,1,1,1,1,1,1,1,1
735,"100",595,"TRUE","UKRN08","Full-time","No","","3","Year 1","","","Psychology with Criminology ","No","Female ",1,2,1,1,0,1,0,0,1,1,1,2,2,1,-1,-1,1,0,1,1,0,1,0,1,0,0,0,0,0,0,0,1,2,2,0,2,-1,1,0,0,1,1,"Older experiments being repeated but the same results not being achieved/replicated ",1,1,1,"",1,"UKRN",1,1,12,0.75,6,0.75,5,1,1,1,1,1,1,1,1,1,1,1
736,"100",405,"TRUE","UKRN08","Full-time","No","","3","Year 1","","","Psychology ","No","Female",2,2,2,2,2,1,2,-1,2,1,2,2,2,-2,-1,-2,0,0,0,1,0,1,0,0,1,1,1,0,0,0,0,1,2,1,2,1,-2,1,1,1,1,1,"A difficulty in psychology to repeat an experiment and get the same results ",0,0,1,"",1,"UKRN",1,1,16,1,7,0.875,2,4,1,1,1,1,1,1,1,1,1,1
738,"100",628,"TRUE","UNI20","Full-time","Yes","","3","Year 2","","","Psychology ","No","Female",1,1,0,0,0,2,0,0,2,1,0,1,0,2,-1,-1,1,0,1,0,0,0,0,0,0,1,0,1,1,1,1,1,2,0,0,-1,-1,-1,0,2,0,NA,"",1,0,0,"Whether or not these questions are applicable to undergraduate students, I think is course specific",1,"Non-UKRN",1,9999,8,0.5,1,0.125,2,6,1,1,1,1,1,0,1,1,1,0
740,"100",898,"TRUE","UKRN08","Full-time","Yes","","4","Year 1","","","Psychology ","Yes","Male",1,2,2,1,1,1,2,1,1,0,0,2,1,0,0,-2,0,0,0,1,0,0,1,0,0,0,1,0,0,1,0,1,2,2,-1,-1,-2,-2,-1,2,1,1,"Many studies amongst the literature don't replicate when repeated ",0,0,1,"",1,"UKRN",1,1,13,0.8125,-1,-0.125,2,3,1,1,1,1,1,1,1,1,1,1
742,"100",528,"TRUE","UNI01","Full-time","No","","3","Year 2","","","psychology","Yes","female",1,-1,1,-2,1,1,1,1,-1,-2,1,0,-1,0,0,-1,0,1,1,0,1,0,0,1,1,0,0,0,0,0,0,0,1,1,1,-1,-1,0,1,1,1,1,"belief that scientific research cannot be replicated to produce the same results ",0,0,0,"",1,"Non-UKRN",1,0,-1,-0.0625,3,0.375,4,1,1,1,1,1,1,1,1,1,1,1
743,"100",10896,"TRUE","UKRN08","Full-time","No","","3","Final Year","","","Psychology","Yes","Female ",2,2,1,1,1,1,2,1,2,1,1,2,1,0,-1,-1,1,1,1,1,0,1,1,1,0,0,0,0,1,0,0,0,2,1,2,2,-1,1,1,1,1,1,"The failure to replicate results of a study",0,1,1,"",1,"UKRN",1,1,16,1,9,1.125,7,1,1,1,1,1,1,1,1,1,1,1
744,"100",1200,"TRUE","UKRN08","Full-time","No","","3","Final Year","","","Psychology ","Yes","Female ",0,2,0,1,-1,0,1,0,-2,-2,1,2,1,2,-2,-1,1,1,0,1,1,0,1,1,0,0,1,0,0,1,0,0,0,0,-2,2,-1,1,1,0,1,0,"It is when studies are difficult to replicate ",0,1,0,"",1,"UKRN",1,0,2,0.125,1,0.125,6,2,1,1,1,1,1,1,1,1,1,1
746,"100",304,"TRUE","UNI52","Full-time","No","","3","Year 2","","","Childhood and Youth and Psychology ","Yes","Female",1,1,1,-1,0,2,2,1,-2,-2,1,2,1,1,-2,-1,1,0,1,0,1,1,0,1,0,0,1,0,0,1,0,0,1,0,1,-2,1,0,1,1,0,NA,"",0,0,1,"",1,"Non-UKRN",1,9999,5,0.3125,3,0.375,5,2,1,1,1,1,1,0,1,1,1,0
747,"100",340,"TRUE","UNI52","Full-time","No","","3","Year 2","","","Psychology","Yes","Female",1,1,2,1,1,0,1,-1,-2,-2,1,2,1,1,-1,-1,1,0,0,1,1,0,1,0,0,1,1,0,0,1,0,1,1,1,-2,-2,-2,-2,-1,-1,0,NA,"",1,0,1,"",1,"Non-UKRN",1,9999,5,0.3125,-8,-1,4,4,1,1,1,1,1,0,1,1,1,0
748,"100",440,"TRUE","UNI52","Full-time","No","","3","Year 2","","","Psychology ","No","Female",0,1,-1,1,1,1,2,2,0,-1,-1,1,1,-1,-1,-1,1,0,1,0,0,1,0,0,0,0,1,0,0,0,0,0,1,-1,-1,-1,-1,1,-1,0,0,NA,"",0,0,1,"",1,"Non-UKRN",1,9999,4,0.25,-3,-0.375,3,1,1,1,1,1,1,0,1,1,1,0
749,"100",555,"TRUE","UNI52","Full-time","No","","3","Year 2","","","BSc Psychology ","Yes","Female ",2,2,0,2,0,-1,2,-2,2,-1,0,1,1,-1,0,-2,0,0,1,1,0,1,0,1,0,0,1,0,0,1,0,0,2,2,2,-1,-2,1,-1,1,1,0,"When studies can't be replicated because researchers dont provide all the methodology they used",1,1,1,"",1,"Non-UKRN",1,1,5,0.3125,4,0.5,4,2,1,1,1,1,1,1,1,1,1,1
750,"100",314,"TRUE","UNI52","Full-time","No","","3","Year 1","","","Psychology","Yes","Female",2,1,2,2,1,1,2,1,1,1,1,2,2,1,-2,-1,1,1,1,1,1,1,0,1,0,1,1,1,0,1,0,0,1,1,1,-1,-1,1,2,1,1,1,"Only a small number of published research findings are actually replicable",1,1,1,"",1,"Non-UKRN",1,1,17,1.0625,5,0.625,7,4,1,1,1,1,1,1,1,1,1,1
751,"100",500,"TRUE","UNI52","Full-time","No","","3","Final Year","","","Mathematics and Psychology","Yes","Female",0,1,1,1,1,1,2,1,0,1,1,1,-1,0,1,-1,0,0,1,0,1,1,0,1,1,1,0,1,0,0,1,0,1,1,2,-1,-2,1,-1,1,0,NA,"",1,1,1,"",1,"Non-UKRN",1,9999,10,0.625,2,0.25,4,4,1,1,1,1,1,0,1,1,1,0
752,"100",371,"TRUE","UNI52","Full-time","No","","3","Year 1","","","Psychology","Yes","Male",2,2,2,2,2,2,2,2,2,1,1,2,2,2,-2,-2,1,1,1,0,0,1,0,1,0,0,0,1,1,0,1,0,2,2,2,2,-1,2,2,2,1,0,"That older, particularly 'classic' studies, especially whose findings are profound and widespread, do not exhibit validity when replicated today identically or in variation.",0,0,1,"",1,"Non-UKRN",1,0,22,1.375,13,1.625,5,3,1,1,1,1,1,1,1,1,1,1
753,"100",542,"TRUE","UNI52","Full-time","No","","3","Final Year","","","Psychology ","Yes","Female",2,1,1,1,1,1,2,1,2,2,-1,2,0,-1,-1,1,1,0,1,0,0,1,0,1,1,0,1,0,0,1,0,1,-1,1,1,0,-1,-1,-1,0,0,NA,"",1,0,1,"",1,"Non-UKRN",1,9999,14,0.875,-2,-0.25,4,4,1,1,1,1,1,0,1,1,1,0
754,"100",674,"TRUE","UNI52","Full-time","No","","3","Year 1","","","Psychology health and wellbeing","No","Male",1,0,1,1,1,0,1,1,1,0,0,1,-1,-1,0,1,1,1,1,0,1,0,1,0,0,0,0,1,0,1,0,1,1,0,1,0,1,1,0,0,0,NA,"",0,0,1,"Not at this time",1,"Non-UKRN",1,9999,7,0.4375,4,0.5,5,3,1,1,1,1,1,0,1,1,1,0
755,"100",614,"TRUE","UNI52","Full-time","No","","3","Year 2","","","Psychology ","No","Female ",2,2,-1,1,0,2,2,2,1,-2,2,2,-2,1,-2,-1,1,1,1,1,1,1,1,1,0,0,0,0,0,0,0,0,2,1,2,1,-1,-1,-1,2,1,1,"A crisis effecting the replicability and reliability of social science and medical experimental results ",0,0,1,"",1,"Non-UKRN",1,0,9,0.5625,5,0.625,8,0,1,1,1,1,1,1,1,1,1,1
756,"100",447,"TRUE","UNI52","Full-time","No","","3","Year 1","","","Psychology ","No","Female ",1,0,1,1,1,1,2,0,2,-1,1,1,-1,1,-1,0,1,1,0,1,1,1,1,0,0,0,1,0,0,0,0,1,1,-1,1,0,0,1,-1,1,1,1,"That many studies cant be replicated which means they are wrong  ",0,0,1,"",1,"Non-UKRN",1,1,9,0.5625,2,0.25,6,2,1,1,1,1,1,1,1,1,1,1
757,"100",417,"TRUE","UNI52","Full-time","No","","3","Year 2","","","Childhood youth studies and psychology ","Yes","Female ",0,1,1,-1,1,1,2,0,1,-1,2,2,1,1,-1,-1,1,1,0,1,1,0,0,1,0,0,1,0,0,1,1,0,1,-1,1,-2,0,1,1,1,1,0,"",0,0,1,"",1,"Non-UKRN",1,9999,9,0.5625,2,0.25,5,3,1,1,1,1,1,1,1,1,1,0
758,"100",1224,"TRUE","UNI52","Full-time","No","","3","Year 2","","","BSc Psychology","Yes","Female",1,2,2,2,1,1,-1,-1,-1,-2,1,2,0,1,-1,0,0,1,1,0,1,1,0,1,0,1,1,0,0,1,0,1,1,1,0,-1,-1,-1,1,1,0,NA,"",0,0,1,"",1,"Non-UKRN",1,9999,7,0.4375,1,0.125,5,4,1,1,1,1,1,0,1,1,1,0
759,"100",585,"TRUE","UKRN08","Full-time","Yes","","3","Year 2","","","Psychology with Criminology","Yes","Female",1,1,1,1,1,-1,2,2,-1,-2,1,2,1,0,0,-1,0,0,0,0,1,0,0,0,1,1,1,1,0,1,1,1,1,1,1,-1,-2,-2,1,0,1,0,"I think it is a crisis in which many studied have been replicated but the results have not be reproduced. ",0,0,1,"",1,"UKRN",1,1,8,0.5,-1,-0.125,1,7,1,1,1,1,1,1,1,1,1,1
760,"100",296,"TRUE","UNI52","Full-time","No","","3","Year 2","","","Psychology and Creative Writing ","No","Female",2,2,1,0,0,0,2,1,0,-2,1,0,1,-2,0,-1,0,0,0,0,0,0,0,1,0,1,1,0,0,1,0,0,0,0,2,2,0,2,1,1,0,NA,"",0,0,1,"",1,"Non-UKRN",1,9999,5,0.3125,8,1,1,3,1,1,1,1,1,0,1,1,1,0
761,"100",344,"TRUE","UKRN08","Full-time","No","","3","Year 1","","","Psychology ","Yes","Female",1,2,0,1,2,2,2,1,2,0,1,2,0,1,-1,-2,1,1,1,1,1,1,0,1,0,0,0,0,0,0,0,0,2,1,1,1,-2,1,0,1,1,1,"Studies that haven’t been replicated and often have made up results ",0,0,1,"",1,"UKRN",1,0,14,0.875,5,0.625,7,0,1,1,1,1,1,1,1,1,1,1
762,"100",419,"TRUE","UNI52","Full-time","No","","3","Year 2","","","Psychology","No","Female",1,2,0,1,1,1,1,0,0,2,1,2,-1,0,-1,0,1,0,1,1,1,1,0,1,0,1,0,0,0,0,1,0,-1,-1,1,-1,1,-1,1,0,1,1,"When it is impossible to recreate the findings of an experiment",0,0,1,"",1,"Non-UKRN",1,1,10,0.625,-1,-0.125,6,2,1,1,1,1,1,1,1,1,1,1
763,"100",644,"TRUE","UNI52","Full-time","No","","3","Year 2","","","Psychology","Yes","female ",1,0,0,2,2,2,2,2,0,0,1,2,-1,0,-1,0,0,0,0,1,1,0,0,0,1,1,1,0,0,1,1,1,1,1,1,0,1,1,-1,0,0,NA,"",0,0,1,"",1,"Non-UKRN",1,9999,12,0.75,4,0.5,2,6,1,1,1,1,1,0,1,1,1,0
764,"100",547,"TRUE","UKRN08","Full-time","Yes","","4","Placement Year","","","BSc Biological Psychology","Yes","Female",0,1,0,1,1,-1,1,1,1,-2,1,-1,1,-1,-1,1,1,1,0,0,1,1,1,1,0,0,1,0,1,1,0,0,1,1,1,-1,-2,-1,1,1,1,1,"",0,0,1,"",1,"UKRN",1,9999,3,0.1875,1,0.125,6,3,1,1,1,1,1,1,1,1,1,0
765,"100",967,"TRUE","UNI52","Full-time","No","","3","Year 2","","","Psychology Bsc","Yes","Female",1,1,1,1,1,1,0,0,1,1,-1,2,0,0,-1,1,0,0,1,0,0,0,0,1,0,0,0,0,0,0,0,0,1,1,1,-1,1,1,-1,1,0,NA,"",0,0,1,"All data should be anonymous before being published",1,"Non-UKRN",1,9999,9,0.5625,4,0.5,2,0,1,1,1,1,1,0,1,1,1,0
766,"100",432,"TRUE","UNI52","Full-time","No","","3","Final Year","","","Psychology ","No","Female",2,2,1,1,1,1,2,2,1,-1,1,2,1,2,-1,-1,1,1,1,0,1,1,1,1,0,0,0,1,0,0,0,0,2,1,-1,-1,-1,1,0,1,1,0,"Hard to make a replication of a study ",1,0,1,"It can be intimidating learning RMS for the first time. I would have found a glossary with meanings a lot of help at the beginning of the course. ",1,"Non-UKRN",1,0,16,1,2,0.25,7,1,1,1,1,1,1,1,1,1,1,1
767,"100",437,"TRUE","UNI52","Full-time","No","","3","Year 1","","","Psychology Hons BSC","No","Female ",2,2,2,2,2,2,2,2,2,2,2,2,0,-2,2,0,1,1,1,0,0,1,0,1,0,0,0,1,1,0,1,0,2,2,2,2,2,2,2,2,1,0,"Studies are difficult to replicate ",0,0,1,"",1,"Non-UKRN",1,0,24,1.5,16,2,5,3,1,1,1,1,1,1,1,1,1,1
768,"100",5876,"TRUE","UNI52","Full-time","No","","3","Year 1","","","Psychology with English Language","Yes","Female",1,1,-1,1,-1,1,0,-1,1,1,1,2,0,0,-1,1,0,0,1,1,0,1,1,1,0,0,0,0,0,0,0,0,1,1,1,-1,-1,1,1,1,1,1,"The issue of whether published studies are reliable/accurate ",0,0,1,"",1,"Non-UKRN",1,0,6,0.375,4,0.5,5,0,1,1,1,1,1,1,1,1,1,1
769,"100",447,"TRUE","UNI52","Full-time","No","","3","Year 2","","","Psychology","No","Female",1,1,1,1,-1,0,2,1,1,1,1,1,1,0,1,0,0,0,0,0,0,0,0,1,0,0,1,0,0,0,0,0,1,-1,-1,-1,-1,0,1,1,0,NA,"",0,1,1,"",1,"Non-UKRN",1,9999,12,0.75,-1,-0.125,1,1,1,1,1,1,1,0,1,1,1,0
770,"100",689,"TRUE","UNI52","Full-time","No","","3","Year 2","","","Psychology BSc ","No","Female",1,1,1,1,1,1,2,-1,1,1,1,2,0,2,1,-1,1,0,0,0,0,0,1,0,0,1,1,0,0,0,0,1,1,1,1,2,-1,1,1,1,0,NA,"",0,0,1,"",1,"Non-UKRN",1,9999,14,0.875,7,0.875,2,3,1,1,1,1,1,0,1,1,1,0
771,"100",1709,"TRUE","UKRN08","Full-time","Yes","","4","Placement Year","","","BSc Psychology","Yes","male",1,2,1,2,2,2,2,1,2,2,1,2,1,0,-2,-2,1,1,1,0,0,1,0,1,0,0,1,0,0,1,0,0,2,2,1,0,-2,-1,0,1,1,1,"A drive to replicate research that found many pieces of research did not have their results reproduced",0,0,1,"",1,"UKRN",1,1,17,1.0625,3,0.375,5,2,1,1,1,1,1,1,1,1,1,1
772,"100",734,"TRUE","UNI52","Full-time","Other (Please specify)","Optional","3","Year 1","","","Bachelor Of Arts With Honours (Combined) - Accounting & Finance And Psychology","No","Female",1,0,1,0,0,2,1,1,0,2,1,2,1,1,-1,-1,0,1,1,0,1,1,0,1,1,0,0,1,0,0,1,0,1,0,2,1,-1,-1,0,0,1,1,"The crisis involving lack of reproducibility of studies, even those published in the journal articles.",0,0,1,"No",1,"Non-UKRN",1,0,11,0.6875,2,0.25,5,3,1,1,1,1,1,1,1,1,1,1
773,"100",427,"TRUE","UNI52","Full-time","No","","3","Year 2","","","Psychology","Yes","Female",1,0,0,1,1,-1,1,0,0,1,1,1,0,-1,0,-1,0,0,1,0,0,1,1,1,0,0,1,0,0,1,0,1,-1,-1,1,-1,-1,0,1,1,1,0,"Many studies impossible to reproduce ",1,0,1,"",1,"Non-UKRN",1,0,4,0.25,-1,-0.125,4,3,1,1,1,1,1,1,1,1,1,1
774,"100",348,"TRUE","UNI69","Full-time","No","","4","Final Year","","","Psychology ","No","Female",1,1,1,0,1,1,1,1,1,1,1,1,1,-1,-1,0,0,0,1,0,0,0,0,1,1,1,0,1,1,1,1,0,-1,-1,1,1,-1,-1,1,1,0,NA,"",0,0,0,"",1,"Non-UKRN",1,9999,10,0.625,0,0,2,6,1,1,1,1,1,0,1,1,1,0
775,"100",510,"TRUE","UNI52","Full-time","No","","3","Year 2","","","Psychology and Criminology","Yes","Non-Binary",2,2,1,2,2,2,2,2,2,2,-1,1,0,-1,0,-1,1,0,0,0,1,1,1,0,0,1,1,1,0,0,0,1,2,2,2,-1,0,1,0,1,1,0,"Too many studies repeating the same thing rather than researching new areas because so much research is paywalled people dont know what has already been covered",0,0,1,"Paywalled journals literally slow down the advancement of human knowledge as a whole. If journals were rightfully made free and knowledge was not capitalised we would be years ahead of where we are today",1,"Non-UKRN",1,0,17,1.0625,7,0.875,4,4,1,1,1,1,1,1,1,1,1,1
776,"100",542,"TRUE","UNI52","Full-time","No","","3","Final Year","","","Biology and Psychology","Yes","Female",2,1,-1,1,-1,1,2,1,-1,-1,1,2,-1,0,-2,-1,0,0,1,0,0,1,0,1,1,1,0,1,1,0,1,0,1,0,1,-1,-1,0,0,1,1,0,"The lack of replication studies, everyone wants to research something new. Findings are not often reconfirmed",0,0,1,"",1,"Non-UKRN",1,0,3,0.1875,1,0.125,3,5,1,1,1,1,1,1,1,1,1,1
777,"100",860,"TRUE","UKRN08","Full-time","No","","3","Year 2","","","Psychology (BSc)","Yes","Female",2,2,2,2,1,2,0,2,2,0,2,2,2,0,-1,-1,1,1,1,1,0,1,1,1,0,0,1,0,0,1,0,1,2,2,2,2,0,1,2,2,1,1,"It relates to the methodology of studies, where it is hard to replicate or cannot be replicated at all.",0,0,1,"I think it is important to share and debate all aspects of the methodology with other professionals",1,"UKRN",1,1,19,1.1875,13,1.625,7,3,1,1,1,1,1,1,1,1,1,1
778,"100",367,"TRUE","UKRN08","Full-time","Yes","","3","Year 2","","","Psychology","No","Female",1,2,1,1,1,1,2,2,1,0,2,1,2,2,-1,-1,1,0,1,1,0,1,1,1,0,1,0,0,1,0,0,0,2,1,2,2,-1,1,2,1,1,1,"Where past studies are not replicated leading to a mistrust of science",1,1,1,"",1,"UKRN",1,0,17,1.0625,10,1.25,6,2,1,1,1,1,1,1,1,1,1,1
779,"100",688,"TRUE","UNI52","Full-time","No","","3","Final Year","","","Psychology ","No","Male",2,2,0,1,0,1,-1,-1,1,-1,1,2,1,2,-1,-1,0,0,1,0,0,0,0,1,1,1,0,1,1,1,1,0,2,1,-1,-2,-1,-1,0,1,1,1,"Unable to replicate previous studies reulting in the validity of the findings ",0,0,1,"",1,"Non-UKRN",1,0,8,0.5,-1,-0.125,2,6,1,1,1,1,1,1,1,1,1,1
780,"100",693,"TRUE","UKRN08","Full-time","No","","3","Year 1","","","BSC (Hons) Psychology","Yes","Female ",2,2,1,1,1,1,2,1,1,-2,2,2,1,1,0,-2,0,0,1,1,0,0,1,1,0,0,1,0,0,0,0,0,2,1,1,1,-1,0,1,1,1,1,"Multiple studies are not being replicated and are giving insignificant results. This suggests that the results of the original studies are not reliable/the results were tampered with.  ",0,1,1,"",1,"UKRN",1,1,14,0.875,6,0.75,4,1,1,1,1,1,1,1,1,1,1,1
781,"100",361,"TRUE","UNI52","Full-time","No","","3","Year 2","","","Psychology ","Yes","Female ",1,1,0,1,1,1,1,1,1,-1,1,1,0,1,-1,0,1,1,1,0,0,1,0,1,0,1,1,0,0,0,0,1,1,1,1,0,-1,0,1,0,0,NA,"",1,0,1,"",1,"Non-UKRN",1,9999,9,0.5625,3,0.375,5,3,1,1,1,1,1,0,1,1,1,0
782,"100",725,"TRUE","UNI52","Full-time","No","","3","Year 2","","","Bachelor Of Arts With Honours (Combined) - Criminology And Psychology","Yes","female",1,2,0,0,2,1,2,2,2,-2,1,1,-1,-1,0,-2,1,1,1,0,0,1,0,1,0,1,1,0,0,0,0,0,-1,-1,1,-2,-2,-2,1,1,1,0,"the inability to replicate certain studies to test the results",0,0,1,"",1,"Non-UKRN",1,0,8,0.5,-5,-0.625,5,2,1,1,1,1,1,1,1,1,1,1
784,"100",772,"TRUE","UKRN08","Full-time","No","","3","Year 2","","","Psychology with Sociology ","No","Female ",2,1,1,1,1,0,0,0,1,0,2,2,2,2,0,-1,1,0,1,1,0,0,1,1,0,0,0,0,0,0,0,0,1,2,1,2,0,0,1,0,1,1,"Problem of insufficient methodological information and questionable analyses making exps unreplicable and results untrustworthy ",0,1,1,"",1,"UKRN",1,1,14,0.875,7,0.875,5,0,1,1,1,1,1,1,1,1,1,1
785,"100",630,"TRUE","UNI52","Full-time","No","","3","Year 2","","","Psychology ","Yes","Female ",1,1,0,1,1,0,1,0,1,0,1,2,0,0,-1,-1,1,1,1,0,1,1,1,0,0,0,0,1,0,0,0,1,2,0,1,0,-1,1,0,1,0,NA,"",0,0,1,"",1,"Non-UKRN",1,9999,7,0.4375,4,0.5,6,2,1,1,1,1,1,0,1,1,1,0
786,"100",536,"TRUE","UNI52","Full-time","No","","3","Year 1","","","Psychology ","Yes","Female ",2,1,0,0,1,1,1,1,0,-2,-1,2,1,1,-1,-1,0,1,1,0,0,1,0,1,0,1,1,0,0,1,0,1,1,1,1,-1,-1,1,0,1,1,1,"Psychology and other sciences found that a lot of studies weren’t actually replicated successfully. This means studies have questionable reliability within science. ",0,0,1,"",1,"Non-UKRN",1,1,6,0.375,3,0.375,4,4,1,1,1,1,1,1,1,1,1,1
787,"100",802,"TRUE","UNI52","Full-time","No","","3","Year 1","","","Sports Psychology","Yes","Male",1,0,1,-1,1,1,1,1,1,1,0,1,-1,-1,-1,-1,1,1,0,1,1,1,1,1,0,0,1,0,0,0,0,0,1,1,1,-1,-1,1,1,1,1,1,"Researchers don't stick to scientific criteria when replicating other researchers studies.",0,0,1,"",1,"Non-UKRN",1,0,4,0.25,4,0.5,7,1,1,1,1,1,1,1,1,1,1,1
788,"100",391,"TRUE","UNI69","Full-time","No","","3","Final Year","","","PSYCHOLOGY ","No","Female",-1,-1,-1,0,1,1,1,0,0,-1,0,0,0,-1,-1,-1,1,0,1,0,0,1,1,1,0,1,0,1,1,0,0,0,1,-1,0,0,-1,-1,-1,1,0,NA,"",0,0,0,"",1,"Non-UKRN",1,9999,-4,-0.25,-2,-0.25,5,3,1,1,1,1,1,0,1,1,1,0
789,"100",1485,"TRUE","UNI52","Full-time","No","","3","Year 1","","","Bachelor Of Arts With Honours (Combined) - Psychology And Special Educational Needs","No","Female",2,1,2,2,1,1,2,1,2,-2,1,2,1,2,1,-1,1,0,1,0,0,0,1,1,0,0,0,0,0,0,0,0,2,2,-1,-2,-2,-2,1,1,1,1,"The replication crisis refers to the inability of a large portion of scientific studies to be replicated and attain the same finidings as the original study.This can have a great impact upon the reliability of the findings and undermine the field within which the crisis is prevalent. ",1,1,1,"",1,"Non-UKRN",1,1,18,1.125,-1,-0.125,4,0,1,1,1,1,1,1,1,1,1,1
790,"100",421,"TRUE","UNI01","Full-time","No","","3","Year 2","","","psychology","Yes","female ",2,1,2,1,1,1,2,0,2,1,0,1,1,-1,-1,0,0,0,1,1,0,0,0,1,0,0,1,0,0,0,0,0,1,1,1,0,-1,-1,-1,1,1,1,"when there is a problem with reproducing a study ",0,0,1,"",1,"Non-UKRN",1,0,13,0.8125,1,0.125,3,1,1,1,1,1,1,1,1,1,1,1
791,"100",758,"TRUE","UKRN08","Full-time","No","","3","Year 2","","","Psychology with Criminology ","Yes","Female",1,-1,1,-1,0,1,0,-1,1,-2,2,1,1,-2,0,-2,0,1,1,0,1,0,0,0,1,0,0,1,0,1,1,1,2,1,0,1,-2,-2,1,1,1,1,"Replicating results where they may not be highly valid",0,0,1,"",1,"UKRN",1,0,-1,-0.0625,2,0.25,3,5,1,1,1,1,1,1,1,1,1,1
792,"100",985,"TRUE","UNI20","Full-time","Yes","","3","Placement Year","","","Bsc Psychology ","Yes","Female",0,0,1,-2,-2,1,-1,1,1,-2,2,1,1,0,0,-1,1,1,1,0,0,0,0,0,0,0,0,1,1,1,1,1,1,-2,-1,-1,-1,-1,-1,1,0,NA,"",0,0,1,"",1,"Non-UKRN",1,9999,0,0,-5,-0.625,3,5,1,1,1,1,1,0,1,1,1,0
793,"100",271,"TRUE","UNI20","Full-time","No","","3","Year 2","","","Psychology","No","Female",-1,1,1,0,1,1,1,-2,1,1,-1,2,1,1,-1,1,1,1,0,1,1,0,0,1,0,0,1,0,0,1,0,0,-1,-1,0,1,-1,1,1,0,1,0,"",1,1,1,"",1,"Non-UKRN",1,9999,7,0.4375,0,0,5,2,1,1,1,1,1,1,1,1,1,0
795,"100",297,"TRUE","UNI52","Full-time","No","","3","Year 1","","","BSc Psychology ","No","Female",2,2,-2,-2,2,2,2,2,2,-2,2,2,2,-2,2,0,1,1,0,1,1,1,1,1,0,0,1,0,0,0,0,0,0,-1,2,-2,-2,0,1,0,1,0,"Unsure",0,0,1,"",1,"Non-UKRN",1,0,14,0.875,-2,-0.25,7,1,1,1,1,1,1,1,1,1,1,1
796,"100",509,"TRUE","UKRN08","Full-time","Yes","","4","Year 1","","","Psychology Bsc with foundation year","No","Male",2,1,1,1,-1,-1,1,-1,1,2,-1,2,1,-1,-1,-1,1,1,1,1,0,0,0,0,0,0,0,0,0,1,0,1,-1,0,1,2,-1,1,1,1,1,1,"",0,0,1,"",1,"UKRN",1,9999,5,0.3125,4,0.5,4,2,1,1,1,1,1,1,1,1,1,0
797,"100",920,"TRUE","UNI01","Full-time","No","","3","Final Year","","","Psychology Bsc Single Hons","No","Female",1,2,2,2,1,0,-1,-1,2,-2,1,2,1,1,1,-2,1,1,0,1,1,0,1,0,0,0,1,0,0,1,0,1,1,1,1,-1,-1,-1,-1,2,1,1,"the findings of many studies in psychology have been found to not able to be replicated",1,1,1,"",1,"Non-UKRN",1,1,10,0.625,1,0.125,5,3,1,1,1,1,1,1,1,1,1,1
798,"100",365,"TRUE","UNI52","Full-time","No","","3","Final Year","","","Psychology","No","Female",1,1,1,-1,1,1,1,1,1,-1,1,2,1,1,1,-1,1,1,0,1,1,0,1,0,0,0,1,0,0,1,0,1,2,1,-1,-1,-1,-1,1,1,1,0,"Replicating a study and finding problems, such as a researcher using a different method.",1,1,1,"",1,"Non-UKRN",1,0,11,0.6875,1,0.125,5,3,1,1,1,1,1,1,1,1,1,1
799,"100",3677,"TRUE","UKRN08","Full-time","Yes","","3","Year 2","","","Psychology BSc (Hons)","Yes","Female",2,2,2,1,1,2,1,0,-1,-2,1,2,2,-1,-2,-1,1,0,0,1,1,1,1,0,0,1,1,0,0,0,0,1,2,2,-2,-1,-2,-1,-1,2,1,1,"The replication crisis is related to issues regarding how credible a studies research methods are for collecting data",1,1,0,"I think this may be more applicable to post graduate students such as those completing PhDs. However, I think it is important to be taught about these issues during an undergraduate degree, especially for those looking to further their education or go into research.",1,"UKRN",1,0,9,0.5625,-1,-0.125,5,3,1,1,1,1,1,1,1,1,1,1
800,"100",474,"TRUE","UKRN08","Full-time","Yes","","4","Year 2","","","Psychology with Criminology","No","Female",2,0,1,-1,1,0,-1,0,1,-1,1,0,1,-2,2,-1,0,0,0,1,1,1,1,0,1,1,1,0,0,0,1,1,1,0,1,-1,0,1,1,0,1,1,"where it is harder or near impossible to replicate",0,0,1,"",1,"UKRN",1,0,3,0.1875,3,0.375,4,5,1,1,1,1,1,1,1,1,1,1
801,"100",800,"TRUE","UNI52","Full-time","No","","3","Year 2","","","BSc Psychology","No","Female",1,1,0,1,1,0,2,1,1,-1,1,2,1,1,0,-1,1,1,0,0,1,0,1,0,0,0,1,1,0,1,0,1,2,1,1,-1,-2,1,1,1,1,1,"It is hard to replicate/reproduce studies due to biases etc. ",0,0,1,"",1,"Non-UKRN",1,0,11,0.6875,4,0.5,4,4,1,1,1,1,1,1,1,1,1,1
802,"100",331,"TRUE","UNI68","Full-time","Yes","","4","Placement Year","","","Psychology with a professional placement year ","Yes","Female ",2,2,2,1,0,1,2,1,1,-2,2,2,1,2,-2,-1,1,1,0,1,1,0,1,1,0,0,1,0,0,1,0,0,1,0,1,-1,2,1,2,0,1,1,"The issue with research studies being copied to the letter to produce supporting results without actually investigating the rigour and appropriateness of the tests applied/meaning of the results ",0,0,0,"",1,"Non-UKRN",1,0,14,0.875,6,0.75,6,2,1,1,1,1,1,1,1,1,1,1
803,"100",337,"TRUE","UNI68","Full-time","No","","3","Year 1","","","Psychology with Business Management","Yes","Female",2,2,1,-1,1,1,-1,-1,1,-1,2,1,0,-2,-1,-1,1,1,0,0,0,1,0,0,0,0,1,0,0,0,0,1,1,1,-1,-1,-2,1,-1,-1,1,1,"Widely cited papers that are very influential that cant be replicated which questions its reliability",0,0,1,"",1,"Non-UKRN",1,1,3,0.1875,-3,-0.375,3,2,1,1,1,1,1,1,1,1,1,1
804,"100",267,"TRUE","UNI68","Full-time","No","","3","Year 2","","","Psychology","Yes","Female",2,2,-1,1,-1,1,-1,-1,-1,1,2,1,0,1,-2,0,0,0,0,0,0,0,1,0,0,0,0,0,0,0,0,1,2,1,1,-2,-1,-1,1,1,1,1,"Everyone’s trying to replicate old research ",0,0,0,"",1,"Non-UKRN",1,0,4,0.25,2,0.25,1,1,1,1,1,1,1,1,1,1,1,1
805,"100",451,"TRUE","UNI68","Full-time","No","","3","Year 2","","","Psychology with Clinical Approaches ","Yes","Female",2,2,1,1,1,1,1,0,1,-1,1,2,0,1,-1,-1,1,1,1,0,0,1,0,1,0,0,0,1,1,0,1,0,2,1,1,-1,-1,-1,1,1,1,1,"When a replication study does not produce the same results as the original study said ",1,1,1,"",1,"Non-UKRN",1,1,11,0.6875,3,0.375,5,3,1,1,1,1,1,1,1,1,1,1
806,"100",628,"TRUE","UNI68","Full-time","Yes","","4","Year 2","","","Psychology BSc","Yes","Female",2,2,1,1,2,1,1,1,2,1,1,2,1,0,1,1,1,1,1,1,1,1,0,1,0,0,0,0,0,0,0,0,2,1,1,2,2,2,2,1,1,0,"Where researchers who attempt to replicate older studies(sometimes famous studies that have entered folk psychology consciousness) find that they do not get significant results. But then the researchers steuggle to get their work published in a journal so it doesnt look like the original study has been disproven",1,0,1,"",1,"Non-UKRN",1,1,20,1.25,13,1.625,7,0,1,1,1,1,1,1,1,1,1,1
807,"100",797,"TRUE","UNI68","Full-time","Yes","","4","Final Year","","","Psychology with a Professional Placement","Yes","female",1,2,1,2,1,2,2,1,2,1,1,2,1,1,1,1,1,1,1,1,1,1,1,1,1,0,1,1,0,1,0,1,1,1,1,1,1,1,1,2,1,1,"Many classic social science studies which found sig. findings were not supported by findings of replication studies, calling into question the statistical procedures and other methodology issues used and validity of findings.",1,1,1,"We never learnt about these topics in relation to qualitative research. I did a qual. dissertation and found it difficult to self-teach what these meant for me in relation to my project.",1,"Non-UKRN",1,1,22,1.375,9,1.125,8,5,1,1,1,1,1,1,1,1,1,1
808,"100",336,"TRUE","UNI68","Full-time","No","","3","Final Year","","","Psychology ","Yes","Female",1,1,1,1,0,1,2,2,1,1,-1,2,1,1,0,-1,1,1,1,1,0,1,1,1,0,0,0,0,0,0,0,0,1,1,1,1,2,1,0,2,0,NA,"",0,0,0,"",1,"Non-UKRN",1,9999,13,0.8125,9,1.125,7,0,1,1,1,1,1,0,1,1,1,0
809,"100",447,"TRUE","UNI68","Full-time","Yes","","3","Year 1","","","Psychology with Neuroscience","Yes","Female",2,2,-1,1,1,2,-1,-1,1,-1,1,2,1,2,-1,1,1,1,1,1,0,0,0,1,0,1,1,0,0,0,0,0,2,1,2,1,-2,-2,2,1,1,1,"When previously done, well-known experiments are replicated and the same results are not found ",0,0,1,"",1,"Non-UKRN",1,1,11,0.6875,5,0.625,5,2,1,1,1,1,1,1,1,1,1,1
810,"100",386,"TRUE","UNI68","Full-time","Yes","","4","Final Year","","","Psychology","Yes","Female",2,1,1,1,1,1,2,2,2,-2,1,2,1,2,-1,1,0,1,1,0,0,0,0,1,0,0,0,0,0,0,0,1,2,1,2,0,1,1,1,1,0,NA,"",0,0,1,"",1,"Non-UKRN",1,9999,17,1.0625,9,1.125,3,1,1,1,1,1,1,0,1,1,1,0
811,"100",289,"TRUE","UNI68","Full-time","No","","4","Final Year","","","Psychology with Neuroscience ","Yes","Female",1,2,1,2,0,0,1,1,1,-1,-1,1,0,-1,-1,-1,1,0,1,0,0,0,0,1,1,0,1,0,0,0,0,0,1,1,1,-1,-2,-1,1,1,0,NA,"",0,0,1,"",1,"Non-UKRN",1,9999,5,0.3125,1,0.125,3,2,1,1,1,1,1,0,1,1,1,0
812,"100",255,"TRUE","UNI68","Full-time","No","","3","Final Year","","","BSc Psychology","Yes","M",2,-1,2,0,2,-1,2,0,2,1,1,2,1,2,-1,-2,1,1,1,1,1,1,1,1,1,1,1,1,0,1,0,1,0,0,1,-1,0,0,1,-1,1,0,"",1,0,1,"",1,"Non-UKRN",1,9999,12,0.75,0,0,8,6,1,1,1,1,1,1,1,1,1,0
813,"100",412,"TRUE","UNI68","Full-time","No","","3","Final Year","","","BSc Psychology","Yes","Female",1,0,1,0,1,1,1,1,2,1,0,1,0,-1,-1,-1,1,1,1,0,0,1,1,1,0,0,0,1,1,0,0,0,1,1,1,0,-1,1,-1,1,0,NA,"",0,0,0,"",1,"Non-UKRN",1,9999,7,0.4375,3,0.375,6,2,1,1,1,1,1,0,1,1,1,0
814,"100",431,"TRUE","UNI68","Full-time","No","","3","Year 2","","","Bcs Psychology","Yes","Female",1,1,-1,1,0,1,1,-1,1,1,1,2,1,-2,-1,-2,0,0,0,0,0,1,0,1,0,0,1,0,0,0,0,0,2,-1,1,-1,-1,1,1,-1,0,NA,"",0,0,1,"",1,"Non-UKRN",1,9999,4,0.25,1,0.125,2,1,1,1,1,1,1,0,1,1,1,0
815,"100",792,"TRUE","UNI68","Full-time","No","","3","Final Year","","","Psychology with Neuroscience","Yes","Female",2,2,-1,1,1,0,-1,-1,-2,-2,1,2,1,2,-1,-1,0,0,1,0,0,1,0,1,0,0,0,0,0,0,0,1,1,0,1,1,-2,1,1,1,0,NA,"",0,0,1,"",1,"Non-UKRN",1,9999,3,0.1875,4,0.5,3,1,1,1,1,1,1,0,1,1,1,0
816,"100",359,"TRUE","UNI68","Full-time","No","","4","Year 2","","","Psychology with economics","No","Female",1,1,1,1,2,2,2,1,2,1,1,2,-1,0,-1,0,0,0,0,0,0,0,1,0,0,0,1,0,0,0,0,1,2,2,1,-1,-1,2,-1,2,0,NA,"",0,0,0,"",1,"Non-UKRN",1,9999,15,0.9375,6,0.75,1,2,1,1,1,1,1,0,1,1,1,0
817,"100",539,"TRUE","UNI68","Full-time","Yes","","4","Year 2","","","BSc Psychology","Yes","Female",2,2,1,2,1,2,1,0,1,1,0,1,0,-1,0,0,1,1,1,0,0,1,0,1,0,0,0,1,1,0,1,0,1,2,2,1,-1,1,0,2,0,NA,"",0,0,0,"",1,"Non-UKRN",1,9999,13,0.8125,8,1,5,3,1,1,1,1,1,0,1,1,1,0
818,"100",514,"TRUE","UKRN08","Full-time","Yes","","4","Placement Year","","","Psychology","No","Female ",1,2,2,-1,1,2,2,1,2,1,2,2,2,2,1,-2,1,1,1,1,0,0,1,1,0,1,1,1,0,0,1,1,2,2,2,2,-1,0,2,-2,1,1,"The realisation that much of psychological research does not follow good scientific practice, resulting in many studies not being reproducible ",1,1,1,"",1,"UKRN",1,1,20,1.25,7,0.875,6,5,1,1,1,1,1,1,1,1,1,1
819,"100",298,"TRUE","UNI68","Full-time","No","","3","Year 2","","","Psychology with criminology ","Yes","Female ",1,1,0,1,0,1,2,1,0,-2,1,2,1,-1,-1,0,1,1,1,0,1,1,1,1,0,0,0,0,0,0,0,1,1,1,0,-1,-1,1,-1,1,0,NA,"",0,0,1,"",1,"Non-UKRN",1,9999,7,0.4375,1,0.125,7,1,1,1,1,1,1,0,1,1,1,0
820,"100",312,"TRUE","UNI68","Full-time","No","","4","Final Year","","","Psychology and criminology ","Yes","Female",2,2,1,-1,2,1,1,1,2,1,1,2,1,-1,1,0,1,1,1,1,0,1,1,1,0,0,0,0,1,0,0,0,1,1,1,-2,-1,-1,0,1,1,1,"The ability to replicate an experiment ",0,0,1,"",1,"Non-UKRN",1,0,16,1,0,0,7,1,1,1,1,1,1,1,1,1,1,1
821,"100",699,"TRUE","UNI68","Full-time","No","","3","Year 1","","","Psychology BSc ","No","Male (ftm)",2,1,-1,2,2,1,2,1,1,-1,1,2,0,1,1,1,1,1,1,1,0,0,0,1,0,0,1,0,0,0,0,0,1,2,2,1,1,1,1,1,1,1,"Frequently cited studies, when replicated do not yield the same results",0,0,1,"",1,"Non-UKRN",1,1,16,1,10,1.25,5,1,1,1,1,1,1,1,1,1,1,1
822,"100",547,"TRUE","UNI68","Full-time","No","","4","Final Year","","","psychology with clinical approaches ","No","Male",0,2,0,1,0,2,-1,-1,-1,1,1,2,0,-1,1,0,1,0,1,0,0,1,1,1,0,0,1,0,0,0,0,1,2,1,0,-1,-1,0,1,0,0,NA,"",0,0,1,"",1,"Non-UKRN",1,9999,6,0.375,2,0.25,5,2,1,1,1,1,1,0,1,1,1,0
823,"100",577,"TRUE","UNI68","Full-time","Yes","","3","Year 2","","","psychology with criminology","Yes","Female",2,1,1,-2,0,1,0,1,1,-2,2,1,1,-1,1,0,1,1,0,1,1,1,1,0,0,0,1,0,0,0,0,1,0,0,-2,-1,0,-1,1,0,0,NA,"",0,0,1,"",1,"Non-UKRN",1,9999,7,0.4375,-3,-0.375,6,2,1,1,1,1,1,0,1,1,1,0
824,"100",398,"TRUE","UNI68","Full-time","No","","3","Final Year","","","Psychology with Clinical Approaches","No","CisFemale",1,2,0,1,2,1,2,1,-1,-1,2,1,1,2,-1,-1,1,1,1,1,0,1,1,1,0,0,1,0,0,1,1,1,1,1,1,-2,-2,-2,1,1,0,NA,"",1,0,1,"Regarding journal access - Prices of access are a real barrier to students, especially during corona virus where we had no access t library materials so relied completely on those accessible by open Athens/shibboleth",1,"Non-UKRN",1,9999,12,0.75,-1,-0.125,7,4,1,1,1,1,1,0,1,1,1,0
825,"100",556,"TRUE","UNI68","Full-time","No","","3","Year 2","","","Bsc Psychology","Yes","Female",1,1,1,1,-1,-1,1,1,1,1,1,2,-1,1,-1,-1,1,1,1,1,1,1,1,1,0,0,0,0,0,0,0,0,1,1,1,1,-1,1,1,1,1,1,"Psychological studies are not being replicated thus studies may have faulse positive type 1 error ",0,0,1,"",1,"Non-UKRN",1,0,7,0.4375,6,0.75,8,0,1,1,1,1,1,1,1,1,1,1
826,"100",359,"TRUE","UKRN08","Full-time","Yes","","3","Year 2","","","Psychology","No","Female ",2,1,0,-2,2,-1,2,1,1,-1,1,-1,2,-1,0,-2,1,0,1,1,0,0,0,1,0,1,0,1,1,1,1,1,1,-1,2,1,-1,1,1,1,1,1,"Where psychologists are finding our that apparent credible psychological studies are not in fact true as classic studeis have been replicated and been found to not show similar results to the original experiment, despite using the same method/ apparatus etc.",0,0,1,"",1,"UKRN",1,1,4,0.25,5,0.625,4,6,1,1,1,1,1,1,1,1,1,1
827,"100",5645,"TRUE","UKRN08","Full-time","Yes","","3","Placement Year","","","Psychology ","Yes","Female ",1,1,0,1,1,1,1,0,1,1,2,2,2,2,-1,-1,0,0,0,0,0,0,0,0,1,1,1,1,1,1,1,1,1,1,1,1,1,1,1,1,1,1,"Difficultly in replication of studies due to Insufficient methodological materials supplied by researcher, inconsistent findings in research due to crisis and type II errors eyc.",1,1,1,"Used in dissertation consortium project, worked well realised the importance of pre-reg and open science ",1,"UKRN",1,1,14,0.875,8,1,0,8,1,1,1,1,1,1,1,1,1,1
828,"100",475,"TRUE","UNI68","Full-time","Yes","","4","Final Year","","","Psychology (with a professional placement year) ","Yes","Female ",2,1,1,-1,1,0,-1,-1,0,0,1,1,1,-1,-1,-1,0,1,1,1,0,1,0,1,0,0,0,0,0,0,0,0,1,1,1,-1,-2,-1,1,0,1,1,"When studies are not able to be replicated successfully",0,0,1,"",1,"Non-UKRN",1,1,2,0.125,0,0,5,0,1,1,1,1,1,1,1,1,1,1
829,"100",723,"TRUE","UNI68","Full-time","No","","3","Year 2","","","Psychology","Yes","Female",1,0,1,1,1,1,2,1,2,1,0,2,0,0,-1,-1,0,0,1,0,1,0,0,1,0,0,0,0,0,0,0,1,1,1,2,-1,-1,-1,1,1,1,0,"Old established study findings are not being reproduced when researcher replicate the studies today",0,0,0,"",1,"Non-UKRN",1,1,11,0.6875,3,0.375,3,1,1,1,1,1,1,1,1,1,1,1
830,"100",459,"TRUE","UNI68","Full-time","Yes","","4","Placement Year","","","Psychology with Criminology (with professional placement year)","Yes","Female ",1,1,0,-1,1,0,2,1,0,0,0,1,0,-1,-1,0,1,0,1,1,0,0,0,1,0,0,0,0,0,0,0,0,0,-1,1,-1,-1,-1,0,1,0,NA,"",0,0,1,"",1,"Non-UKRN",1,9999,4,0.25,-2,-0.25,4,0,1,1,1,1,1,0,1,1,1,0
831,"100",4318,"TRUE","UNI68","Full-time","No","","3","Year 1","","","Psychology BSc","Yes","Female",1,1,1,1,1,1,1,1,2,1,1,2,1,1,-1,0,1,1,1,0,0,1,0,0,0,0,1,0,0,1,0,1,1,1,2,-1,0,2,0,1,1,1,"The inability to replicate studies and find the same results as the original study produced",0,0,1,"",1,"Non-UKRN",1,1,15,0.9375,6,0.75,4,3,1,1,1,1,1,1,1,1,1,1
832,"100",561,"TRUE","UNI68","Full-time","No","","4","Final Year","","","Psychology","Yes","Female",1,1,1,1,0,0,1,1,1,-2,1,1,1,1,-2,-2,0,0,1,0,0,0,0,1,0,0,1,0,0,0,0,1,1,0,2,0,-1,0,1,2,1,0,"The inability to replicate methods of studies making it hard to determine reliability of the results of classic studies/theories",0,0,0,"",1,"Non-UKRN",1,0,5,0.3125,5,0.625,2,2,1,1,1,1,1,1,1,1,1,1
833,"100",366,"TRUE","UNI68","Full-time","No","","3","Year 2","","","BSc Psychology","No","Female",1,2,1,1,1,1,2,0,1,-1,1,1,1,-1,-1,-1,1,1,1,0,1,1,0,1,0,0,1,0,0,0,0,1,1,1,1,-1,-1,1,0,1,1,1,"Crisis of trying to replicate findings while ignoring different external factors involved in the first study",0,0,1,"",1,"Non-UKRN",1,0,9,0.5625,3,0.375,6,2,1,1,1,1,1,1,1,1,1,1
834,"100",483,"TRUE","UNI68","Full-time","No","","3","Year 2","","","Psychology with clinical approaches","No","Female",2,1,1,1,2,1,1,1,1,1,0,2,0,-1,-1,-1,1,1,0,1,1,1,0,0,0,0,1,0,0,0,1,1,1,0,1,1,-1,1,1,1,0,NA,"",0,0,1,"Would make data collection easier and perhaps expand data sets already available making it more similar to the global population",1,"Non-UKRN",1,9999,11,0.6875,5,0.625,5,3,1,1,1,1,1,0,1,1,1,0
835,"100",318,"TRUE","UNI68","Full-time","No","","3","Year 2","","","Psychology","Yes","Female ",2,1,1,1,1,0,2,1,1,1,2,2,0,1,-1,-1,0,0,1,0,0,0,0,1,0,0,0,0,0,0,0,1,1,1,-1,-1,-1,1,1,0,1,1,"Most psychological studies and their results are not replicable ",0,0,1,"",1,"Non-UKRN",1,1,14,0.875,1,0.125,2,1,1,1,1,1,1,1,1,1,1,1
836,"100",361,"TRUE","UNI68","Full-time","No","","3","Final Year","","","Psychology","Yes","Female",1,1,1,0,1,1,1,0,1,-1,1,1,0,1,0,-1,1,0,1,1,0,0,0,1,0,0,1,0,0,0,0,0,1,1,1,0,-1,0,0,1,0,NA,"",0,0,1,"",1,"Non-UKRN",1,9999,8,0.5,3,0.375,4,1,1,1,1,1,1,0,1,1,1,0
837,"100",503,"TRUE","UNI69","Full-time","No","","4","Year 1","","","Psychology ","No","Female ",2,1,1,-1,0,0,2,0,-1,-2,2,1,1,-2,0,-1,1,1,1,1,1,1,1,1,0,0,1,0,0,0,0,0,1,1,-1,-2,-2,-1,1,0,0,NA,"",0,0,1,"",1,"Non-UKRN",1,9999,3,0.1875,-3,-0.375,8,1,1,1,1,1,1,0,1,1,1,0
838,"100",514,"TRUE","UNI68","Full-time","Yes","","4","Placement Year","","","Bsc Pcyhology with a placement year","Yes","female",1,1,1,1,1,1,2,-1,1,-1,0,1,-1,1,1,-1,0,1,0,0,0,0,1,1,0,0,1,1,0,1,0,1,1,1,2,0,-1,1,0,1,1,0,"That classical studies are being replicated but do not yield the same results.",1,0,1,"",1,"Non-UKRN",1,1,8,0.5,5,0.625,3,4,1,1,1,1,1,1,1,1,1,1
839,"100",431,"TRUE","UNI68","Full-time","Yes","","4","Final Year","","","Psychology with Neuroscience ","Yes","Female ",2,2,-1,-2,-1,-1,1,0,-2,-2,-2,2,0,2,-2,1,0,0,1,0,0,0,0,1,0,0,1,0,0,0,0,0,-1,-1,-1,-1,-1,-2,-1,-1,0,NA,"",0,0,1,"",1,"Non-UKRN",1,9999,-3,-0.1875,-9,-1.125,2,1,1,1,1,1,1,0,1,1,1,0
840,"100",480,"TRUE","UNI68","Full-time","Yes","","4","Placement Year","","","Psychology BSc","Yes","Female",2,1,0,0,0,2,1,0,1,1,-1,1,0,1,-1,-1,0,0,1,0,1,1,0,1,0,0,1,0,0,0,0,0,1,1,1,-1,-1,0,-1,1,0,NA,"",1,0,0,"",1,"Non-UKRN",1,9999,7,0.4375,1,0.125,4,1,1,1,1,1,1,0,1,1,1,0
841,"100",772,"TRUE","UNI68","Full-time","No","","3","Year 1","","","Psychology with criminology ","Yes","Female",2,1,1,-1,0,1,1,0,1,1,0,1,0,-1,-1,-1,1,1,1,1,1,1,1,1,1,0,1,1,0,1,0,1,1,0,1,0,-1,1,1,1,1,1,"Where other researchers do not find the same results from the original study when using the same methods suggesting there may be issues with accuracy ",0,0,1,"",1,"Non-UKRN",1,1,5,0.3125,4,0.5,8,5,1,1,1,1,1,1,1,1,1,1
842,"100",264,"TRUE","UNI68","Full-time","No","","4","Final Year","","","Psychology (with foundation year)","Yes","Female",2,1,0,0,2,0,2,1,2,1,2,2,1,0,0,-1,1,1,1,1,1,1,1,1,0,0,0,0,0,0,0,1,1,0,0,0,1,1,2,-2,0,NA,"",0,0,1,"",1,"Non-UKRN",1,9999,15,0.9375,3,0.375,8,1,1,1,1,1,1,0,1,1,1,0
843,"100",544,"TRUE","UNI52","Full-time","Other (Please specify)","Optional ","3","Year 1","","","BSc Psychology ","Yes","Female ",2,2,1,1,0,0,1,1,2,-1,2,1,0,1,-1,-1,0,0,1,0,0,1,0,1,0,0,1,0,0,0,0,0,2,1,1,-1,-2,0,2,1,1,1,"Psychology studies are near impossible to replicate ",0,1,1,"",1,"Non-UKRN",1,0,11,0.6875,4,0.5,3,1,1,1,1,1,1,1,1,1,1,1
844,"100",590,"TRUE","UNI68","Full-time","No","","3","Year 1","","","BSc Psychology with Criminology","Yes","Female",2,2,2,0,2,2,2,0,2,-2,2,1,1,0,-2,-2,1,1,1,1,0,0,1,1,0,0,0,0,0,0,0,0,2,1,1,-1,-2,-2,1,0,1,1,"When a researcher copies someone´s research and gets different results that do not match with the original ones. ",0,1,1,"",1,"Non-UKRN",1,1,12,0.75,0,0,6,0,1,1,1,1,1,1,1,1,1,1
845,"100",76959,"TRUE","UNI68","Full-time","No","","3","Year 1","","","psychology bsc","Yes","female",2,2,0,-1,-1,-1,2,-1,2,-1,1,1,-1,1,-1,1,0,0,0,1,0,1,0,1,0,0,1,0,0,0,0,0,2,0,1,1,-1,1,1,0,1,1,"widely cited studies not being replicated by other researchers",0,0,1,"",1,"Non-UKRN",1,0,5,0.3125,5,0.625,3,1,1,1,1,1,1,1,1,1,1,1
846,"100",428,"TRUE","UNI68","Full-time","Other (Please specify)","Study abroad year","4","Final Year","","","Psychology Bsc","Yes","male",2,1,1,2,2,1,1,-1,2,-2,1,2,0,-1,-2,-1,1,0,0,0,0,0,0,0,0,0,1,0,0,1,0,1,2,2,1,-1,1,2,2,0,1,1,"The results of studies are not reproduced in replications, hence tarnishing the credibility of the original findings",0,0,1,"",1,"Non-UKRN",1,1,8,0.5,9,1.125,1,3,1,1,1,1,1,1,1,1,1,1
847,"100",752,"TRUE","UNI68","Full-time","Yes","","4","Year 1","","","Psychology","No","Female ",1,1,2,1,0,0,1,0,1,1,1,2,1,2,0,0,1,1,1,1,1,1,0,1,0,0,1,0,0,1,0,0,1,1,1,2,1,2,2,0,1,1,"Where findings from many studies have not been reproduced when replicated",1,0,1,"",1,"Non-UKRN",1,1,14,0.875,10,1.25,7,2,1,1,1,1,1,1,1,1,1,1
848,"100",662,"TRUE","UNI68","Full-time","Yes","","4","Placement Year","","","Bsc Psychology ","Yes","Female ",2,2,1,-1,1,1,2,1,2,1,2,1,0,1,-1,1,1,0,0,1,0,1,1,1,0,1,1,0,0,1,1,1,1,1,1,-1,-1,-1,2,1,0,NA,"",1,0,1,"",1,"Non-UKRN",1,9999,16,1,3,0.375,5,5,1,1,1,1,1,0,1,1,1,0
849,"100",512,"TRUE","UNI68","Full-time","No","","3","Year 1","","","psychology","No","male",2,1,1,0,2,1,1,0,2,1,1,-1,-1,-2,1,-1,1,1,1,1,1,1,0,1,1,0,1,1,0,1,0,1,0,0,0,-1,0,0,0,0,1,1,"that it is impossible to reproduce experiments",0,0,1,"",1,"Non-UKRN",1,0,8,0.5,-1,-0.125,7,5,1,1,1,1,1,1,1,1,1,1
850,"100",437,"TRUE","UNI68","Full-time","Other (Please specify)","Study abroad","4","Placement Year","","","Psychology with business and management (with a year abroad in year 3)","Yes","Female",2,2,2,2,1,0,2,2,2,0,2,2,2,2,0,-2,0,0,1,0,0,0,0,1,0,0,1,0,0,0,0,1,1,1,2,1,-2,0,2,2,1,0,"Can’t remember ",0,0,1,"",1,"Non-UKRN",1,0,21,1.3125,7,0.875,2,2,1,1,1,1,1,1,1,1,1,1
851,"100",530,"TRUE","UNI68","Full-time","Yes","","4","Year 1","","","Psychology ","No","Female ",2,1,1,1,1,1,2,1,2,-2,1,1,2,-1,0,-1,1,0,0,1,1,0,1,0,0,1,1,0,0,1,0,1,2,1,2,2,-1,0,1,2,1,1,"Famous well known studies being replicated and not producing the same results",1,0,1,"",1,"Non-UKRN",1,1,12,0.75,9,1.125,4,4,1,1,1,1,1,1,1,1,1,1
852,"100",25573,"TRUE","UNI68","Full-time","No","","3","Year 1","","","BSc Psychology with Neuroscience","No","female",2,2,1,2,1,2,1,1,1,-2,2,2,0,-2,0,-1,1,1,0,1,1,0,0,0,0,0,1,0,0,1,0,1,2,2,2,0,1,2,2,1,1,1,"The lack of replication studies leading to false results being widely cited",1,1,1,"",1,"Non-UKRN",1,0,12,0.75,12,1.5,4,3,1,1,1,1,1,1,1,1,1,1
853,"100",339,"TRUE","UNI68","Full-time","No","","3","Year 2","","","Bsc Psychology ","Yes","Male",2,1,1,1,2,1,2,1,1,-1,2,1,2,-2,0,1,0,0,0,0,1,0,1,0,1,1,1,1,1,1,1,1,2,0,2,1,-1,1,1,1,1,1,"Confirmation bias",0,0,1,"",1,"Non-UKRN",1,0,15,0.9375,7,0.875,2,8,1,1,1,1,1,1,1,1,1,1
854,"100",526,"TRUE","UNI68","Full-time","Yes","","3","Placement Year","","","Psychology","Yes","Female",1,2,1,1,-1,-1,1,-1,1,-2,1,2,1,2,1,1,1,1,1,1,0,0,0,1,0,0,0,0,0,0,0,0,2,2,2,1,1,1,1,-1,1,1,"Research doesn't find out new things anymore. There's just a focus on replicated the past ",1,1,1,"",1,"Non-UKRN",1,0,10,0.625,9,1.125,5,0,1,1,1,1,1,1,1,1,1,1
855,"100",1028,"TRUE","UNI68","Full-time","No","","4","Year 1","","","Psychology with clinical approaches ","Yes","Female",2,1,1,1,1,1,1,1,1,1,1,2,1,1,-1,-2,1,0,0,1,1,0,1,1,0,1,1,0,0,1,0,0,2,1,1,1,-2,-1,1,1,1,1,"Where a lot of the famously quoted findings in psychology, after being replicated, do not find the same results.",0,0,1,"",1,"Non-UKRN",1,1,13,0.8125,4,0.5,5,3,1,1,1,1,1,1,1,1,1,1
856,"100",677,"TRUE","UNI68","Full-time","No","","3","Year 1","","","Psychology","No","female",2,2,2,1,0,1,1,-1,1,1,1,2,2,-2,-1,0,1,0,0,1,1,1,1,1,0,1,1,0,0,0,0,0,2,1,2,-1,-1,1,2,1,1,1,"The replication crisis refers to a substantial problem in psychological research. It is when famous studies won't give us the same result when replicated. This makes the original study lose all, or most, of its validity and credibility. Studies can't be reliable If they aren't replicable",0,0,1,"",1,"Non-UKRN",1,1,12,0.75,7,0.875,6,2,1,1,1,1,1,1,1,1,1,1
857,"100",383,"TRUE","UNI01","Full-time","No","","3","Year 2","","","Psychology with Criminology BSc (Hons)","Yes","Female ",1,1,1,1,1,1,1,1,1,-2,1,1,1,1,-1,-1,1,0,1,0,0,0,0,1,0,0,1,0,0,0,0,0,1,1,1,0,-1,1,1,0,0,NA,"",0,0,1,"",1,"Non-UKRN",1,9999,9,0.5625,4,0.5,3,1,1,1,1,1,1,0,1,1,1,0
859,"100",214270,"TRUE","UNI68","Full-time","No","","3","Final Year","","","Psychology","Yes","Female",1,1,2,1,1,1,1,-1,1,-1,0,2,0,2,0,1,0,0,0,0,0,0,1,0,0,1,1,0,0,0,0,1,1,1,2,-1,1,1,0,1,1,1,"new research and journal articles all started to be based on replicating original studies over and over until disproved",0,0,1,"",1,"Non-UKRN",1,0,12,0.75,6,0.75,1,3,1,1,1,1,1,1,1,1,1,1
860,"100",692,"TRUE","UNI52","Full-time","No","","3","Year 1","","","Music and Psychology BA (hons)","No","female",2,2,2,-1,2,2,2,2,1,2,2,2,0,-2,-2,0,1,1,0,0,0,0,0,0,0,0,1,1,0,1,0,1,2,0,2,0,1,2,2,2,1,1,"I believe it does exist, and is a problem. However, we must also accept that humans desire certainty, and science infrequently provides it, therefore in some cases it is natural for there to be inconsistencies.",1,1,1,"",1,"Non-UKRN",1,0,16,1,11,1.375,2,4,1,1,1,1,1,1,1,1,1,1
861,"100",420,"TRUE","UNI69","Full-time","No","","4","Final Year","","","Psychology ","No","Female ",2,2,1,2,2,2,1,2,2,-2,1,2,1,2,-1,-2,0,0,1,0,0,1,1,1,0,0,1,0,0,1,1,1,2,2,2,2,-1,-1,-1,2,1,NA,"Many researchers investigating the same subject areas.",0,1,1,"",1,"Non-UKRN",1,0,17,1.0625,7,0.875,4,4,1,1,1,1,1,0,1,1,1,1
862,"100",305,"TRUE","UKRN08","Full-time","Yes","","3","Year 2","","","Psychology ","Yes","Female",2,2,2,2,1,1,2,2,2,1,2,2,2,2,-1,-1,1,1,0,0,0,0,0,0,0,0,1,0,0,0,0,1,2,2,2,-1,-2,-1,1,0,1,1,"Where key/famous studies were replicated without finding the same results (discounting lots of widely accepted findings)",1,1,1,"",1,"UKRN",1,1,23,1.4375,3,0.375,2,2,1,1,1,1,1,1,1,1,1,1
863,"81",663,"FALSE","UKRN08","Full-time","No","","3","Year 2","","","Psychology ","Yes","male",1,1,1,-1,-1,1,1,-1,1,-1,1,2,0,-2,-2,-2,0,0,1,0,0,1,0,1,0,0,1,0,0,1,0,0,2,2,2,-1,-2,-1,0,0,1,NA,"",NA,NA,NA,"",1,"UKRN",1,9999,-1,-0.0625,2,0.25,3,2,1,1,1,1,1,0,0,0,0,0
864,"46",544,"FALSE","UKRN08","Full-time","Yes","","4","Year 1","","","Psychology Bsc","Yes","Female",NA,NA,NA,NA,NA,NA,NA,NA,NA,NA,NA,NA,NA,NA,NA,NA,0,0,0,0,0,0,0,0,0,0,0,0,0,0,0,0,NA,NA,NA,NA,NA,NA,NA,NA,NA,NA,"",NA,NA,NA,"",1,"UKRN",1,9999,NA,NA,NA,NA,0,0,0,1,1,0,0,0,0,0,0,0
865,"59",369,"FALSE","UNI69","Full-time","No","","4","Year 1","","","Foundation year psychology ","No","Female",2,0,1,0,1,1,1,1,2,-1,1,-2,0,-1,2,-1,1,1,1,0,0,0,0,1,0,0,0,1,1,1,0,0,1,1,NA,NA,NA,NA,NA,NA,NA,NA,"",NA,NA,NA,"",1,"Non-UKRN",1,9999,7,0.4375,NA,1,4,3,1,1,1,0,0,0,0,0,0,0
866,"70",363,"FALSE","UNI52","Full-time","No","","3","Final Year","","","Psychology Bsc","No","Female",1,1,-1,-2,1,-1,1,2,1,0,1,1,1,-1,1,0,1,1,1,0,0,1,0,1,0,0,0,1,1,0,1,0,-1,-1,0,0,-1,-1,NA,NA,NA,NA,"",NA,NA,NA,"",1,"Non-UKRN",1,9999,6,0.375,NA,-0.666666666666667,5,3,1,1,1,0,0,0,0,0,0,0
867,"51",246,"FALSE","UNI52","Full-time","No","","3","Year 1","","","Psychology ","Yes","Female",2,1,1,1,1,1,0,0,1,1,1,2,-2,1,-1,-1,1,1,0,1,1,0,1,0,0,0,1,0,0,1,0,1,NA,NA,NA,NA,NA,NA,NA,NA,NA,NA,"",NA,NA,NA,"",1,"Non-UKRN",1,9999,9,0.5625,NA,NA,5,3,1,1,1,0,0,0,0,0,0,0
868,"59",342,"FALSE","UNI52","Full-time","No","","3","Year 1","","","Psychology","Yes","Female",1,2,0,0,1,1,1,1,1,1,1,2,0,-1,-1,0,1,0,1,0,0,0,0,1,0,0,0,0,0,0,0,0,2,1,NA,NA,NA,NA,NA,NA,NA,NA,"",NA,NA,NA,"",1,"Non-UKRN",1,9999,10,0.625,NA,1.5,3,0,1,1,1,0,0,0,0,0,0,0
869,"65",313,"FALSE","UKRN08","Full-time","No","","3","Final Year","","","Psychology","Yes","",1,1,0,2,1,1,0,0,1,2,0,2,1,1,-2,-1,0,0,1,1,1,0,1,1,0,0,1,0,0,0,0,0,1,2,0,2,NA,NA,NA,NA,NA,NA,"",NA,NA,NA,"",1,"UKRN",1,9999,10,0.625,NA,1.25,5,1,1,1,1,0,0,0,0,0,0,0
870,"51",322,"FALSE","UNI52","Full-time","No","","3","Final Year","","","Psychology ","Yes","Female",1,2,0,2,0,1,2,1,-1,-2,1,2,1,1,-2,-2,1,1,1,1,1,1,1,1,1,1,1,0,0,0,0,0,NA,NA,NA,NA,NA,NA,NA,NA,NA,NA,"",NA,NA,NA,"",1,"Non-UKRN",1,9999,7,0.4375,NA,NA,8,3,1,1,1,0,0,0,0,0,0,0
871,"59",1301,"FALSE","UNI52","Full-time","No","","3","Year 2","","","Psychology ","Yes","female ",1,1,1,-1,0,1,0,-1,0,1,-1,2,0,-1,0,-1,0,0,1,0,1,1,0,1,0,0,0,0,0,0,0,1,1,0,NA,NA,NA,NA,NA,NA,NA,NA,"",NA,NA,NA,"",1,"Non-UKRN",1,9999,2,0.125,NA,0.5,4,1,1,1,1,0,0,0,0,0,0,0
872,"100",10891,"TRUE","UNI68","Full-time","No","","3","Year 1","","","Psychology with Neuroscience","Yes","Male",-1,-2,2,2,2,2,2,2,2,2,2,2,2,0,-2,-2,1,1,1,1,1,1,0,1,0,0,0,0,0,0,0,0,2,2,2,2,-2,-2,2,2,1,1,"Many published studies before 2011 cannot be replicated because samples are too small and the research methods are problematic.",1,0,1,"Every undergrad and postgrad student should be aware of Open Science and the replicability crisis. ",1,"Non-UKRN",1,1,15,0.9375,8,1,7,0,1,1,1,1,1,1,1,1,1,1
873,"100",445,"TRUE","UNI68","Full-time","No","","3","Year 1","","","Psychology ","Yes","Female",1,1,2,1,2,0,2,1,1,1,1,1,1,-1,0,-1,0,1,0,1,1,0,1,0,1,0,1,0,0,1,0,1,1,1,2,1,-1,0,1,1,1,1,"a problem where many studies cannot be replicated",1,0,1,"",1,"Non-UKRN",1,0,13,0.8125,6,0.75,4,4,1,1,1,1,1,1,1,1,1,1
874,"59",854,"FALSE","UKRN08","Full-time","Yes","","4","Placement Year","","","Psychology","Yes","Female",0,-1,0,1,1,1,2,-1,1,-1,1,1,0,1,1,-1,1,1,1,1,1,1,1,1,0,0,1,0,1,1,0,1,1,-1,NA,NA,NA,NA,NA,NA,NA,NA,"",NA,NA,NA,"",1,"UKRN",1,9999,6,0.375,NA,0,8,4,1,1,1,0,0,0,0,0,0,0
875,"81",603,"FALSE","UNI69","Full-time","No","","3","Year 1","","","Psychology ","Yes","Female ",2,1,-1,-1,0,0,2,2,1,0,1,1,1,-1,0,0,1,1,1,0,0,0,1,1,0,0,0,1,1,1,0,0,-1,-1,2,-1,-1,-1,1,-1,1,NA,"",NA,NA,NA,"",1,"Non-UKRN",1,9999,8,0.5,-3,-0.375,5,3,1,1,1,1,1,0,0,0,0,0
876,"100",461,"TRUE","UNI68","Full-time","No","","3","Year 1","","","Psychology","Yes","Female",2,2,-1,1,1,1,0,-1,2,-1,2,2,1,-2,-1,-2,0,0,1,1,0,0,0,1,0,0,1,0,0,0,0,0,1,-1,-1,-2,-2,0,2,1,1,1,"where attempts to replicate findings in published research are unsuccessful meaning they could be incorrect",0,0,1,"",1,"Non-UKRN",1,1,6,0.375,-2,-0.25,3,1,1,1,1,1,1,1,1,1,1,1
877,"100",924,"TRUE","UNI68","Full-time","No","","3","Year 2","","","Psychology","No","Female",2,2,1,1,1,1,0,-1,1,0,2,2,1,-2,0,0,0,0,0,1,1,0,1,0,1,1,1,0,0,1,0,1,0,-1,1,-1,1,1,1,0,1,0,"inappropriately replicating other people's work",0,0,1,"",1,"Non-UKRN",1,0,11,0.6875,2,0.25,3,5,1,1,1,1,1,1,1,1,1,1
878,"46",180256,"FALSE","UNI52","Full-time","No","","3","Year 2","","","Psychology and Childhood and Youth (combined)","Yes","Female",NA,NA,NA,NA,NA,NA,NA,NA,NA,NA,NA,NA,NA,NA,NA,NA,0,0,0,0,0,0,0,0,0,0,0,0,0,0,0,0,NA,NA,NA,NA,NA,NA,NA,NA,NA,NA,"",NA,NA,NA,"",1,"Non-UKRN",1,9999,NA,NA,NA,NA,0,0,0,1,1,0,0,0,0,0,0,0
879,"100",908,"TRUE","UKRN08","Full-time","No","","4","Year 1","","","Psychology","No","female",1,1,-1,2,1,2,2,1,1,1,2,2,0,-1,-1,-1,0,0,0,1,0,0,0,1,1,0,1,0,0,0,0,0,2,2,2,1,1,1,1,2,1,1,"Psychology researchers trying to replicate studies from years ago and not getting the same results.",1,1,1,"",1,"UKRN",1,1,12,0.75,12,1.5,2,2,1,1,1,1,1,1,1,1,1,1
880,"100",916,"TRUE","UNI68","Full-time","Yes","","4","Year 1","","","Psychology With A Professional Placement Year","Yes","Female",2,2,2,2,1,2,1,1,2,-1,1,1,1,0,-1,-2,1,0,1,1,0,1,0,1,0,0,1,0,0,1,0,1,1,1,1,2,-1,-1,2,1,1,1,"Where well known studies cannot get the same results for various reasons including manipulation of data, bad analysis etc.",0,0,1,"",1,"Non-UKRN",1,1,14,0.875,6,0.75,5,3,1,1,1,1,1,1,1,1,1,1
881,"100",826,"TRUE","UNI68","Full-time","No","","3","Final Year","","","Psychology with Clinical Approaches","Yes","Female",1,2,1,1,1,1,2,0,0,-1,0,2,1,1,-1,0,1,0,1,1,0,0,0,1,0,0,1,1,0,0,0,1,2,-1,2,0,-1,1,0,0,0,NA,"",0,0,1,"",1,"Non-UKRN",1,9999,11,0.6875,3,0.375,4,3,1,1,1,1,1,0,1,1,1,0
882,"100",686,"TRUE","UNI52","Full-time","No","","3","Year 1","","","Film and Visual Culture and Psychology","Yes","Female",2,2,1,1,2,2,2,2,2,1,1,1,1,-1,-1,-1,1,1,0,0,0,0,0,1,0,0,1,0,0,1,0,0,2,1,2,2,-1,1,1,2,1,1,"It is encouraged to extend research rather than directly replicate it to move science forward. Recent direct replications show that around half of all research does no replicate, reducing reliability, and causing many other issues.",1,1,1,"No",1,"Non-UKRN",1,1,17,1.0625,10,1.25,3,2,1,1,1,1,1,1,1,1,1,1
883,"100",826,"TRUE","UNI52","Full-time","No","","3","Year 2","","","Psychology","No","M",2,2,2,2,2,1,2,2,0,-2,0,1,0,-1,-2,0,1,1,0,0,1,1,1,1,0,0,1,0,0,0,0,0,2,0,2,1,0,0,0,0,0,NA,"",0,1,1,"Scientific publishing is a FUCKING racket.",1,"Non-UKRN",1,9999,11,0.6875,5,0.625,6,1,1,1,1,1,1,0,1,1,1,0
884,"100",437,"TRUE","UNI01","Full-time","No","","3","Final Year","","","Psychology with Criminology","No","",1,1,1,1,2,1,2,2,1,0,1,1,-1,-1,0,1,1,0,1,0,0,0,0,1,0,0,1,0,0,0,0,0,2,1,0,-1,-1,0,1,2,0,NA,"",0,1,1,"",1,"Non-UKRN",1,9999,13,0.8125,4,0.5,3,1,1,1,1,1,1,0,1,1,1,0
885,"100",904,"TRUE","UNI69","Full-time","No","","3","Year 1","","","BSc Psychology","No","",1,1,1,1,0,0,1,-1,1,1,1,2,0,2,-1,-1,0,0,1,0,0,1,0,1,0,0,1,0,0,1,0,1,1,1,1,-1,-1,1,1,0,1,0,"Reliability and generalisation problems ",1,0,1,"",1,"Non-UKRN",1,0,9,0.5625,3,0.375,3,3,1,1,1,1,1,1,1,1,1,1
886,"100",967,"TRUE","UNI69","Full-time","No","","3","Final Year","","","Psychology Honours","Yes","F",1,1,1,1,1,1,1,1,1,1,1,1,1,1,-1,1,0,0,0,1,0,0,0,0,1,1,1,0,1,1,1,1,1,1,1,-1,1,0,-1,1,1,1,"The study that looks at how difficult studies are to reproduce. ",1,1,1,"To be prepared for a psychology degree I think it important to have a better understanding of statistics, statistics are barely touched upon in college. ",1,"Non-UKRN",1,0,14,0.875,3,0.375,1,7,1,1,1,1,1,1,1,1,1,1
887,"100",1019,"TRUE","UKRN08","Full-time","Other (Please specify)","Optional","3","Year 1","","","BsC Psychology","Yes","Female",2,2,1,2,1,-1,2,2,1,1,2,2,2,-1,-2,-2,0,0,0,0,1,0,1,0,1,1,1,1,0,1,0,1,1,-1,1,-1,-2,-1,2,1,1,1,"Journals are only publishing research showing significant results, meaning that studies that have negative findings don't get published and therefore we don't find out their results and end up reproducing the same study unknowingly, or even thinking that a certain study is reliable or valid when it really isn't.",1,1,1,"",1,"UKRN",1,1,14,0.875,0,0,2,6,1,1,1,1,1,1,1,1,1,1
888,"59",290,"FALSE","UNI69","Full-time","No","","3","Final Year","","","Psychology with Honours","Yes","Female ",1,1,1,1,2,1,2,1,2,-1,1,1,1,1,-1,-2,0,0,0,1,0,1,0,0,1,1,1,0,1,0,1,1,2,1,NA,NA,NA,NA,NA,NA,NA,NA,"",NA,NA,NA,"",1,"Non-UKRN",1,9999,12,0.75,NA,1.5,2,6,1,1,1,0,0,0,0,0,0,0
889,"51",247,"FALSE","UKRN08","Full-time","Yes","","4","Year 2","","","Foundation psychology with criminology ","No","F",2,2,1,0,1,1,2,1,1,1,2,1,0,-1,0,-1,1,1,1,1,1,1,1,1,1,0,1,0,1,1,0,1,NA,NA,NA,NA,NA,NA,NA,NA,NA,NA,"",NA,NA,NA,"",1,"UKRN",1,9999,13,0.8125,NA,NA,8,5,1,1,1,0,0,0,0,0,0,0
