"","StartDate","EndDate","Status","Progress","Duration..in.seconds.","Finished","RecordedDate","ResponseId","DistributionChannel","UserLanguage","Q1","Q5","Q6","Q26","Q14","Q9","Q9_3_TEXT","Q15","Q2nd.Year9","Q8","Q17","Q11","Q12","Q13","Q28_1","Q28_2","Q28_3","Q28_4","Q28_5","Q28_6","Q28_7","Q28_8","Q28_9","Q28_10","Q28_11","Q28_12","Q28_13","Q28_14","Q28_15","Q28_16","Q18.1_1","Q18.1_2","Q18.1_3","Q18.1_4","Q18.1_5","Q18.1_6","Q18.1_7","Q18.1_8","Q18.2_1","Q18.2_2","Q18.2_3","Q18.2_4","Q18.2_5","Q18.2_6","Q18.2_7","Q18.2_8","Q22","Q23","Q31","Q32","Q34","Q35","Q36","Q37","Q38","Q39","Q40","Q41","Q42","Q48","Q47"
"1","Start Date","End Date","Response Type","Progress","Duration (in seconds)","Finished","Recorded Date","Response ID","Distribution Channel","User Language","Have you read and understood the Information Sheet?","Do you agree to take part in the study?","","If other, please name:","Is your course full-time or part-time?","Does your course include a placement year? - Selected Choice","Does your course include a placement year? - Other (Please specify) - Text","How many years is your course?","What is your current year of study (not including a placement year)?","How many years is your course?","What year of study are you in?","What is the name of your course?","Did you complete any psychology subjects in secondary school/college?","What is your Gender?","For each of the following statements, select whether you strongly disagree, disagree, have no opinion, agree or strongly agree by ticking the box. - It is important to repeat studies with a different sample of participants to see if you get the same results","For each of the following statements, select whether you strongly disagree, disagree, have no opinion, agree or strongly agree by ticking the box. - It is a waste of time and money for researchers to repeat a successful study twice","For each of the following statements, select whether you strongly disagree, disagree, have no opinion, agree or strongly agree by ticking the box. - It is important for researchers to share the code they have used to analyse the data in their study","For each of the following statements, select whether you strongly disagree, disagree, have no opinion, agree or strongly agree by ticking the box. - Researchers should keep all of the questionnaires and tasks that they use protected so that other researchers do not copy their work","For each of the following statements, select whether you strongly disagree, disagree, have no opinion, agree or strongly agree by ticking the box. - Researchers should make their teaching materials freely available for other researchers to use","For each of the following statements, select whether you strongly disagree, disagree, have no opinion, agree or strongly agree by ticking the box. - Researchers should not share their teaching materials because they belong to the university","For each of the following statements, select whether you strongly disagree, disagree, have no opinion, agree or strongly agree by ticking the box. - Everyone should have free access to journal articles","For each of the following statements, select whether you strongly disagree, disagree, have no opinion, agree or strongly agree by ticking the box. - It is fair that journals charge people and universities a fee to access journal articles","For each of the following statements, select whether you strongly disagree, disagree, have no opinion, agree or strongly agree by ticking the box. - After a study, it is important that data from the study are freely available and easy to understand, for anyone who wants to view it","For each of the following statements, select whether you strongly disagree, disagree, have no opinion, agree or strongly agree by ticking the box. - Researchers should keep all data from their studies protected, so only their research team can access them","For each of the following statements, select whether you strongly disagree, disagree, have no opinion, agree or strongly agree by ticking the box. - It is important to decide how many participants you will test before starting a study","For each of the following statements, select whether you strongly disagree, disagree, have no opinion, agree or strongly agree by ticking the box. - It is good research practice to keep testing participants until you find the result you are hoping for","For each of the following statements, select whether you strongly disagree, disagree, have no opinion, agree or strongly agree by ticking the box. - Before they start to collect data, researchers should state their plans for the study in a time-stamped file online","For each of the following statements, select whether you strongly disagree, disagree, have no opinion, agree or strongly agree by ticking the box. - After you have collected your data, it is important to try lots of different analyses and report those that produce interesting findings","For each of the following statements, select whether you strongly disagree, disagree, have no opinion, agree or strongly agree by ticking the box. - You should report the results of your study online as soon as your study has been completed","For each of the following statements, select whether you strongly disagree, disagree, have no opinion, agree or strongly agree by ticking the box. - You shouldnÇƒÙt report the results of a study online until a journal has reviewed them","Please tick which of the following research practices you have heard of, and which of the followi... - For each practice: - Open data","Please tick which of the following research practices you have heard of, and which of the followi... - For each practice: - Open materials/code","Please tick which of the following research practices you have heard of, and which of the followi... - For each practice: - Open access journals","Please tick which of the following research practices you have heard of, and which of the followi... - For each practice: - Study preregistration","Please tick which of the following research practices you have heard of, and which of the followi... - For each practice: - Print archiving/Preprints","Please tick which of the following research practices you have heard of, and which of the followi... - For each practice: - Open educational materials","Please tick which of the following research practices you have heard of, and which of the followi... - For each practice: - Power analysis","Please tick which of the following research practices you have heard of, and which of the followi... - For each practice: - Replication studies","Please tick all of the following research practices you have heard of, and which of the following... - Q18#2 - Open data","Please tick all of the following research practices you have heard of, and which of the following... - Q18#2 - Open materials/code","Please tick all of the following research practices you have heard of, and which of the following... - Q18#2 - Open access journals","Please tick all of the following research practices you have heard of, and which of the following... - Q18#2 - Study preregistration","Please tick all of the following research practices you have heard of, and which of the following... - Q18#2 - Print archiving/Preprints","Please tick all of the following research practices you have heard of, and which of the following... - Q18#2 - Open educational materials","Please tick all of the following research practices you have heard of, and which of the following... - Q18#2 - Power analysis","Please tick all of the following research practices you have heard of, and which of the following... - Q18#2 - Replication studies","In 2014, Ifrah published research claiming people who drink more caffeine sleep less. Jane is now researching the same question and copies Ifrah‚Äôs method exactly. She contacted Ifrah to get a copy of her original questionnaires but couldn‚Äôt get access to them.

 

Jane is right to replicate Ifrah‚Äôs study to see if her results are reliable","Ifrah was correct to not share all of the materials (e.g., questionnaires) she used","Samad was investigating if listening to classical music increases IQ.
Before he collected his data, he shared his hypothesis, method, analysis plan and
all the materials he was going to use online. He then went on to collect his
data and later published his results in a journal that was free for anyone to
access.

Samad
was correct to publish his work in a journal that anyone could freely access including
members of the public","It was not sensible for Samad to share details of his study before
collecting data","Sadia
completed a study showing that eating cabbage made people less happy. She wrote
a paper and made it available online, before it was reviewed by a journal. She also
put her raw data online (anonymised) and anyone could access it.
Sadia
should not have shared her paper until an academic journal had reviewed it","It
is ok for Sadia to make her data available online","Glen
is a researcher investigating the effect of eating sugar on how well people concentrate.
His initial results did not show a significant effect (no significant p-value).
He then added some more participants to the study. This time Glen‚Äôs results did
have a significant p-value. From his research, he developed a new lecture for undergraduates,
but would not share it with other lecturers. 

Glen
was correct to not decide on the number of participants before he started collecting
data for his study","Glen
should share his lecture slides with other lecturers","Have you heard or something called ""the replication / reproducibility crisis""?","Did you learn about ‚Äúthe replication / reproducibility crisis‚Äù on your course?","What do you think ‚Äúthe replication /
reproducibility crisis‚Äù is?","Could you explain what ""Open Research"" is to
another student?","Do you learn about ‚ÄúOpen Research‚Äù or ‚ÄúOpen
Science‚Äù on your course?","Do you think the issues raised in this questionnaire are applicable to undergraduate students?","Any additional comments?"
"2","{""ImportId"":""startDate"",""timeZone"":""America/Denver""}","{""ImportId"":""endDate"",""timeZone"":""America/Denver""}","{""ImportId"":""status""}","{""ImportId"":""progress""}","{""ImportId"":""duration""}","{""ImportId"":""finished""}","{""ImportId"":""recordedDate"",""timeZone"":""America/Denver""}","{""ImportId"":""_recordId""}","{""ImportId"":""distributionChannel""}","{""ImportId"":""userLanguage""}","{""ImportId"":""QID2""}","","","{""ImportId"":""QID26_TEXT""}","","","","","{""ImportId"":""QID2nd Year5""}","","","","","{""ImportId"":""QID6""}","{""ImportId"":""QID7_1""}","{""ImportId"":""QID7_4""}","{""ImportId"":""QID7_5""}","{""ImportId"":""QID7_6""}","{""ImportId"":""QID7_7""}","{""ImportId"":""QID7_8""}","{""ImportId"":""QID7_9""}","{""ImportId"":""QID7_10""}","{""ImportId"":""QID7_11""}","{""ImportId"":""QID7_12""}","{""ImportId"":""QID7_13""}","{""ImportId"":""QID7_14""}","{""ImportId"":""QID7_15""}","{""ImportId"":""QID7_16""}","{""ImportId"":""QID7_17""}","{""ImportId"":""QID7_19""}","{""ImportId"":""QID10#1_1""}","{""ImportId"":""QID10#1_4""}","{""ImportId"":""QID10#1_5""}","{""ImportId"":""QID10#1_6""}","{""ImportId"":""QID10#1_7""}","{""ImportId"":""QID10#1_8""}","{""ImportId"":""QID10#1_9""}","{""ImportId"":""QID10#1_10""}","{""ImportId"":""QID18#2_1""}","{""ImportId"":""QID18#2_2""}","{""ImportId"":""QID18#2_3""}","{""ImportId"":""QID18#2_4""}","{""ImportId"":""QID18#2_5""}","{""ImportId"":""QID18#2_6""}","{""ImportId"":""QID18#2_7""}","{""ImportId"":""QID18#2_8""}","{""ImportId"":""QID19""}","{""ImportId"":""QID67""}","{""ImportId"":""QID20""}","{""ImportId"":""QID68""}","{""ImportId"":""QID21""}","{""ImportId"":""QID69""}","{""ImportId"":""QID22""}","{""ImportId"":""QID70""}","{""ImportId"":""QID12""}","{""ImportId"":""QID13""}","{""ImportId"":""QID14_TEXT""}","{""ImportId"":""QID15""}","{""ImportId"":""QID16""}","{""ImportId"":""QID17""}","{""ImportId"":""QID18_TEXT""}"
"3","07/03/2022 08:27","07/03/2022 08:49","0","100","1310","1","07/03/2022 08:49","R_1f1b1MVvYnkhKUI","anonymous","EN","1","","UKRN09","","","","","","1st Year","","","","","2","5","2","4","2","4","2","5","2","5","2","5","2","3","2","2","3","1","1","1","1","1","1","1","1","0","0","0","1","0","0","1","0","4","2","4","2","2","4","2","4","1","1","the results of classic studies cannot be replicated so their reliability is questioned","3","3","1",""
"4","07/03/2022 13:34","07/03/2022 15:15","0","100","6061","1","07/03/2022 15:15","R_29p5tutPRx4oBjP","anonymous","EN","1","","UKRN09","","","","","","2nd Year","","","","","2","5","1","3","2","3","4","4","2","4","2","5","2","3","4","2","5","1","1","1","1","1","1","1","1","1","1","1","1","1","1","0","1","4","2","5","2","5","2","2","4","3","","","1","3","2",""
"5","07/03/2022 16:56","07/03/2022 17:18","0","100","1313","1","07/03/2022 17:18","R_3gF1HkL9OJ1FLHz","anonymous","EN","1","","UKRN09","","","","","","2nd Year","","","","","2","4","2","4","4","3","1","4","4","5","3","5","5","5","4","4","3","1","1","1","1","1","1","1","1","0","0","0","0","0","0","0","1","3","4","4","2","4","3","2","4","3","","","1","1","1",""
"6","07/03/2022 17:34","07/03/2022 18:20","0","100","2754","1","07/03/2022 18:20","R_3hzQLhCRHS6n8Zo","anonymous","EN","1","","UKRN09","","","","","","2nd Year","","","","","2","5","2","4","2","4","2","5","1","5","4","3","1","4","3","3","4","1","1","1","1","1","1","1","1","0","0","1","0","0","1","0","1","4","2","4","3","4","2","1","5","1","1","It refers to the concern of how accurate findings would be when replicating a study; whether or not it would give similar results when using the same exact methods and procedures","3","1","1",""
"7","07/03/2022 16:04","07/03/2022 20:16","0","100","15076","1","07/03/2022 20:16","R_32XVqlXtaNDTEMc","anonymous","EN","1","","UKRN09","","","","","","1st Year","","","","","1","5","2","2","2","2","2","5","1","5","2","4","4","3","4","3","4","1","","1","1","","1","","1","0","0","1","0","0","1","0","1","4","4","4","2","2","4","4","4","2","","","1","1","1",""
"8","08/03/2022 02:22","08/03/2022 02:41","0","100","1166","1","08/03/2022 02:41","R_3GcUAxP2ylrrdL2","anonymous","EN","1","","UKRN09","","","","","","2nd Year","","","","","2","3","2","3","2","4","2","2","4","4","2","4","1","4","2","2","3","1","1","1","1","1","1","1","1","0","0","1","1","0","0","0","0","4","2","4","3","3","4","2","4","1","3","belief that results of studies can't be reproduced and are wrong","3","2","1",""
"9","08/03/2022 03:24","08/03/2022 03:40","0","100","938","1","08/03/2022 03:40","R_bNukOLEulSBcNy1","anonymous","EN","1","","UKRN09","","","","","","2nd Year","","","","","2","4","2","2","3","4","3","5","2","4","2","4","4","4","2","2","4","1","1","1","1","1","1","1","1","0","0","1","0","1","0","0","0","4","4","4","5","4","3","2","2","3","","","2","2","1",""
"10","08/03/2022 03:38","08/03/2022 03:44","0","100","379","1","08/03/2022 03:44","R_1i3bvn83BG6V8kD","anonymous","EN","1","","UKRN09","","","","","","2nd Year","","","","","2","1","3","2","3","2","3","4","4","3","3","3","2","3","4","5","4","1","1","1","1","1","1","1","1","0","0","0","0","0","0","0","1","5","3","4","3","1","4","2","4","2","","","1","1","1",""
"11","08/03/2022 03:50","08/03/2022 04:29","0","100","2352","1","08/03/2022 04:29","R_3O2BwpPMWxXU70C","anonymous","EN","1","","UKRN09","","","","","","1st Year","","","","","2","4","2","5","1","5","2","4","3","4","1","4","1","4","3","3","4","1","","1","1","","1","","1","0","0","1","0","0","0","0","0","5","1","5","1","4","4","1","1","1","1","the crisis within psychological research concerning the credibility of research","2","3","3",""
"12","08/03/2022 03:37","08/03/2022 04:32","0","100","3301","1","08/03/2022 04:32","R_3384bf0PCPOyy5I","anonymous","EN","1","","UKRN09","","","","","","2nd Year","","","","","2","5","2","5","1","5","1","5","4","5","1","5","1","3","1","2","5","1","1","1","1","1","1","1","1","1","1","1","1","0","1","1","1","5","4","4","5","5","2","1","5","1","1","An issue where a lot of published research has issues with replication, meaning a lot of studies actually cannot be 'redone' by other researchers and produce similar results to the original. It is heavily emphasised today, due to the scientific method, that research should be designed in a manner where it can be reproduced by others (both experiment layout and results). This has made a lot of conventional studies invalid. ","1","1","1",""
"13","08/03/2022 05:18","08/03/2022 05:37","0","100","1136","1","08/03/2022 05:37","R_wLj4T7wrsM4RsNb","anonymous","EN","1","","UKRN09","","","","","","1st Year","","","","","2","4","2","4","2","5","1","5","1","4","4","3","1","2","4","2","3","1","1","1","1","1","1","1","1","1","0","1","0","0","1","0","0","3","2","5","4","3","5","3","5","3","","","2","2","1",""
"14","08/03/2022 05:08","08/03/2022 05:42","0","100","2018","1","08/03/2022 05:42","R_2YqO15kjWUQsGMY","anonymous","EN","1","","UKRN09","","","","","","2nd Year","","","","","2","4","2","4","4","2","2","5","3","4","4","4","4","4","4","2","4","1","1","1","1","1","1","1","1","0","1","0","1","1","0","1","0","4","2","4","4","2","2","3","3","1","1","Certain studies having a problem of reproducibility","1","1","2",""
"15","08/03/2022 06:12","08/03/2022 06:41","0","100","1762","1","08/03/2022 06:41","R_2dSbGr13bp3g63p","anonymous","EN","1","","UKRN09","","","","","","2nd Year","","","","","1","5","1","5","1","4","2","5","2","5","1","5","2","5","2","2","5","1","1","1","1","1","1","1","1","0","0","1","0","1","1","1","1","4","2","5","3","4","3","1","5","1","1","Previous scientific research cannot be replicated","3","3","1",""
"16","08/03/2022 05:10","08/03/2022 06:44","0","100","5619","1","08/03/2022 06:44","R_24hCC4cim3jm0GV","anonymous","EN","1","","UKRN09","","","","","","2nd Year","","","","","2","5","2","4","2","4","2","4","3","4","1","5","2","3","3","4","1","1","1","1","1","1","1","1","1","0","1","0","0","1","0","1","0","4","3","4","3","4","4","2","4","2","","","1","2","1",""
"17","08/03/2022 06:58","08/03/2022 08:20","0","100","4916","1","08/03/2022 08:20","R_3RdNdnzRKqznkSn","anonymous","EN","1","","UKRN09","","","","","","1st Year","","","","","2","5","1","4","4","4","2","4","2","5","2","4","1","4","2","3","3","1","1","1","1","1","1","1","1","0","0","0","0","0","1","0","1","3","3","4","4","4","2","2","4","1","1","when data from a study cannot be repeated so therefore the results aren't reproducible","1","1","1",""
"18","08/03/2022 08:03","08/03/2022 08:36","0","100","2029","1","08/03/2022 08:36","R_3Opt39tOPzbrmlK","anonymous","EN","1","","UKRN09","","","","","","1st Year","","","","","2","4","4","2","3","4","3","3","2","3","4","3","3","3","3","4","4","1","1","1","1","1","1","1","1","0","1","1","1","1","0","0","1","4","3","3","4","3","4","3","4","1","1","Problems in replicating studies ","1","1","1",""
"19","08/03/2022 08:23","08/03/2022 09:04","0","100","2428","1","08/03/2022 09:04","R_2mWOri93yfHNms9","anonymous","EN","1","","UKRN09","","","","","","2nd Year","","","","","2","5","2","4","4","4","2","4","4","2","4","5","1","4","2","2","4","1","1","1","1","1","1","1","1","0","0","1","0","0","0","0","0","4","3","4","5","5","4","2","4","1","3","i am honestly not sure but if i was to guess it would be to do with researchers copying other researchersÇƒÙ research and claiming their results are the same/ different without having consent from the original researcher about whether they could replicate or reproduce their study ","2","3","3",""
"20","08/03/2022 08:51","08/03/2022 09:20","0","100","1700","1","08/03/2022 09:20","R_1TD3ray5APE1NNT","anonymous","EN","1","","UKRN09","","","","","","2nd Year","","","","","2","4","2","5","3","2","3","5","3","4","3","5","2","3","4","2","4","1","1","1","1","1","1","1","1","0","0","1","0","0","1","1","1","4","2","4","3","4","3","2","5","1","1","the replication crisis is where researchers would replicate studies that had been previously published but there would be methodological concerns and the replicability of the study wouldn't match the prior research","3","1","1",""
"21","08/03/2022 09:55","08/03/2022 10:45","0","100","3038","1","08/03/2022 10:45","R_1OralRh5sJ0bX65","anonymous","EN","1","","UKRN09","","","","","","2nd Year","","","","","2","4","1","5","1","3","3","3","3","4","5","5","1","3","1","2","5","1","1","1","1","1","1","1","1","0","0","0","0","0","0","0","1","5","1","3","4","5","2","1","3","3","","","1","3","1",""
"22","08/03/2022 10:51","08/03/2022 11:40","0","100","2920","1","08/03/2022 11:40","R_3CDD6F8wjQiLQTc","anonymous","EN","1","","UKRN09","","","","","","2nd Year","","","","","2","4","2","4","4","3","3","4","3","2","4","3","2","3","2","2","4","1","","1","","","1","1","1","0","0","1","0","0","1","0","0","4","2","3","4","4","3","3","2","3","","","2","2","1",""
"23","08/03/2022 11:49","08/03/2022 12:21","0","100","1935","1","08/03/2022 12:21","R_3phGIvHrbzlQhWS","anonymous","EN","1","","UKRN09","","","","","","2nd Year","","","","","2","5","4","4","4","5","3","5","3","5","4","4","4","4","4","2","3","1","1","1","1","1","1","1","1","0","0","0","0","0","0","0","1","4","4","4","4","2","4","2","4","2","","","1","2","1",""
"24","08/03/2022 12:32","08/03/2022 12:50","0","100","1075","1","08/03/2022 12:50","R_2TIgjpnfCzNrG95","anonymous","EN","1","","UKRN09","","","","","","2nd Year","","","","","2","4","2","4","2","4","2","3","3","4","2","3","3","4","2","4","2","1","1","1","1","1","1","1","1","0","0","0","1","1","0","0","0","4","4","2","4","4","2","4","4","1","2","the belief that results of many scientific studies can not be reproduced and so are likely to be wrong. ","1","2","1",""
"25","08/03/2022 11:58","08/03/2022 13:04","0","100","3980","1","08/03/2022 13:04","R_3EaupDzSZP05ctU","anonymous","EN","1","","UKRN09","","","","","","2nd Year","","","","","1","4","2","4","4","4","2","4","3","4","5","4","1","2","4","2","5","1","1","1","","","1","1","1","1","0","1","0","0","0","0","1","4","1","4","4","5","1","2","5","1","1","how previously carried out studies can't be verified to test if their results are actually reliable and applicable to modern day society.","3","1","1",""
"26","08/03/2022 12:16","08/03/2022 13:15","0","100","3553","1","08/03/2022 13:15","R_2pXG4DOtg6sDE7F","anonymous","EN","1","","UKRN09","","","","","","1st Year","","","","","2","4","2","4","5","2","4","4","3","2","4","4","3","4","4","2","3","1","1","1","","","1","","1","0","0","0","0","0","0","0","0","4","3","2","5","4","3","2","3","1","1","When a study is replicated in hope of finding the same results the second time round.","1","1","1",""
"27","08/03/2022 12:03","08/03/2022 13:24","0","100","4821","1","08/03/2022 13:24","R_plpnLlwje0tn1Xb","anonymous","EN","1","","UKRN09","","","","","","2nd Year","","","","","2","5","1","1","5","3","1","3","1","5","2","2","4","3","4","5","5","1","1","1","1","1","1","1","1","0","1","0","1","1","0","1","0","3","4","4","2","4","3","2","4","1","1","Refers to a recent concern in psychology in which studies and results were falsifyde to achieve significant outcomes cohesive with predictions.","1","1","1",""
"28","08/03/2022 13:27","08/03/2022 13:59","0","100","1969","1","08/03/2022 13:59","R_2yfuudmXaMvszwd","anonymous","EN","1","","UKRN09","","","","","","2nd Year","","","","","1","4","4","3","2","3","2","2","3","4","2","3","1","3","3","3","1","1","1","1","1","1","1","1","1","1","0","1","0","0","0","0","1","3","3","4","3","3","4","4","3","2","","","1","3","3",""
"29","08/03/2022 14:05","08/03/2022 14:28","0","100","1379","1","08/03/2022 14:28","R_OiGmqTihMW7Lm3D","anonymous","EN","1","","UKRN09","","","","","","1st Year","","","","","1","2","2","4","2","4","2","5","2","4","2","3","2","4","3","3","4","1","1","1","1","1","1","1","1","0","0","1","0","0","1","0","0","4","2","4","2","4","2","2","4","1","1","Some researchers are finding that their studies do not show the same results as prior studies","3","1","1","No"
"30","08/03/2022 15:48","08/03/2022 15:58","0","100","628","1","08/03/2022 15:58","R_2BhbzgtB5T4oLNk","anonymous","EN","1","","UKRN09","","","","","","1st Year","","","","","1","4","4","2","4","2","4","4","4","4","4","2","2","4","3","3","3","1","1","1","1","1","1","1","1","0","0","0","0","1","1","1","0","4","2","4","2","3","2","4","4","2","","","2","1","1",""
"31","08/03/2022 13:59","08/03/2022 16:11","0","100","7902","1","08/03/2022 16:11","R_3PYLRMdQV9VYKDk","anonymous","EN","1","","UKRN09","","","","","","2nd Year","","","","","2","2","4","4","1","3","3","4","2","3","3","4","1","3","2","2","2","1","1","1","1","1","1","1","1","0","0","0","0","0","1","1","0","2","2","2","4","4","2","2","3","2","","","2","2","1",""
"32","08/03/2022 13:55","08/03/2022 16:26","0","100","9041","1","08/03/2022 16:26","R_3qe6Hk6cpSp2mrY","anonymous","EN","1","","UKRN09","","","","","","2nd Year","","","","","2","5","1","5","1","5","2","5","1","5","2","5","1","5","4","5","5","1","1","1","1","1","1","1","1","0","0","0","0","0","0","0","0","5","2","5","2","4","4","2","5","1","1","results of many scientific studies cannot be reproduced and are thus likely to be wrong","1","1","1",""
"33","08/03/2022 04:32","09/03/2022 04:20","0","100","85719","1","09/03/2022 04:20","R_1eFWA7ryTPs7xVu","anonymous","EN","1","","UKRN09","","","","","","1st Year","","","","","1","4","2","4","4","4","2","4","1","4","2","4","2","3","3","2","4","1","1","","","1","1","","1","0","1","0","0","0","0","0","0","1","1","2","4","4","2","3","4","2","","","2","3","3",""
"34","09/03/2022 03:38","09/03/2022 05:06","0","100","5327","1","09/03/2022 05:06","R_V4tc4cAtQyK1Veh","anonymous","EN","1","","UKRN09","","","","","","1st Year","","","","","2","5","2","4","3","4","3","5","2","5","2","4","4","4","5","2","5","1","1","1","1","1","1","1","1","0","0","1","0","1","1","0","1","4","2","2","4","5","3","2","3","3","","","1","3","1",""
"35","09/03/2022 04:24","09/03/2022 05:50","0","100","5140","1","09/03/2022 05:50","R_cvZrzFXgX2vKbOF","anonymous","EN","1","","UKRN09","","","","","","2nd Year","","","","","2","4","1","5","1","5","3","4","3","4","3","5","1","3","4","3","3","1","","1","1","1","1","1","1","1","0","0","0","0","0","0","0","4","3","1","1","1","2","4","3","2","","","3","3","2",""
"36","09/03/2022 05:48","09/03/2022 06:02","0","100","844","1","09/03/2022 06:02","R_QgYlmC1UXUfZ3eV","anonymous","EN","1","","UKRN09","","","","","","2nd Year","","","","","2","4","2","4","1","4","2","3","4","3","3","3","1","3","3","2","4","1","1","1","1","","1","","1","1","1","0","0","0","0","0","0","5","2","4","4","4","4","3","4","2","","","1","1","1","no"
"37","09/03/2022 06:46","09/03/2022 07:01","0","100","894","1","09/03/2022 07:01","R_3GlA3cPLlKZlJED","anonymous","EN","1","","UKRN09","","","","","","1st Year","","","","","2","3","4","3","4","4","4","3","2","4","4","4","4","4","4","4","4","1","1","1","1","1","1","1","1","0","0","0","0","1","0","0","1","4","4","2","4","3","2","3","4","1","1","the crisis is an ongoing methodological crisis in which has been found that the results of many scientific studies are hard to reproduce","2","2","1",""
"38","09/03/2022 06:56","09/03/2022 07:17","0","100","1282","1","09/03/2022 07:17","R_pop40R5fNXCXqcV","anonymous","EN","1","","UKRN09","","","","","","1st Year","","","","","2","4","1","4","3","4","3","4","4","4","2","4","2","5","4","2","4","","","1","1","","","","1","0","0","1","0","0","0","0","0","4","2","3","2","4","2","2","1","1","1","Lack of studies being replicated effectively, as in not being replicated exactly or failing to reproduce original results","1","1","1","N/A"
"39","09/03/2022 09:52","09/03/2022 10:11","0","100","1122","1","09/03/2022 10:11","R_1jdYCNAm3vXNt2d","anonymous","EN","1","","UKRN09","","","","","","1st Year","","","","","2","5","2","4","1","5","3","5","2","5","1","5","3","5","2","2","4","1","1","1","1","1","1","1","1","0","0","0","0","0","0","0","0","5","1","5","1","4","4","1","2","1","1","Inability to replicate studies to produce the same findings as the originals ","1","1","1",""
"40","09/03/2022 10:14","09/03/2022 10:24","0","100","560","1","09/03/2022 10:24","R_0d4cu7KYvMLwE4F","anonymous","EN","1","","UKRN09","","","","","","2nd Year","","","","","2","1","2","2","2","2","1","1","2","2","2","2","2","2","2","2","4","1","1","1","1","1","1","1","1","0","0","0","0","0","0","0","0","2","2","4","4","3","1","2","4","2","","","2","2","2",""
"41","09/03/2022 10:30","09/03/2022 11:05","0","100","2119","1","09/03/2022 11:05","R_3PZ6A1N3SI30Z4U","anonymous","EN","1","","UKRN09","","","","","","2nd Year","","","","","2","4","1","5","1","4","2","4","2","5","1","5","1","4","1","3","5","1","","1","1","","","1","1","0","0","0","0","0","0","0","0","5","2","4","3","4","4","1","5","1","1","Older research findings being difficult to reproduce","1","1","1",""
"42","09/03/2022 10:24","09/03/2022 11:20","0","100","3387","1","09/03/2022 11:20","R_2samRfZUcs5va7y","anonymous","EN","1","","UKRN09","","","","","","1st Year","","","","","1","5","1","5","1","5","1","5","3","5","1","5","1","3","5","3","4","1","1","1","1","","","","1","1","1","1","0","0","0","0","0","4","2","5","2","4","2","3","4","2","","","1","3","1",""
"43","09/03/2022 11:37","09/03/2022 12:09","0","100","1910","1","09/03/2022 12:09","R_3hoPhUfv5pdyoJd","anonymous","EN","1","","UKRN09","","","","","","2nd Year","","","","","2","2","2","4","2","3","2","5","4","4","4","4","1","3","2","2","4","1","1","1","1","1","1","1","1","1","1","1","1","0","1","1","1","4","4","3","5","4","4","2","3","1","3","That you canÇƒÙt scientifically replicate specific findings and you can get different ones in the replication ","3","1","1",""
"44","09/03/2022 13:20","09/03/2022 13:44","0","100","1431","1","09/03/2022 13:44","R_07mUz1luiNsTSSt","anonymous","EN","1","","UKRN09","","","","","","1st Year","","","","","2","2","3","3","2","4","2","4","3","4","2","4","2","3","2","3","3","","","1","","","1","","1","0","0","1","0","0","0","0","0","4","2","4","4","3","3","2","3","3","","","3","1","3",""
"45","09/03/2022 13:40","09/03/2022 14:27","0","100","2858","1","09/03/2022 14:27","R_2yehQmnChUTczzY","anonymous","EN","1","","UKRN09","","","","","","1st Year","","","","","2","5","1","3","2","5","3","5","2","5","2","5","3","5","5","4","2","1","1","1","1","1","1","1","1","0","0","1","0","0","0","1","1","5","1","3","2","1","5","3","5","3","","","3","3","1",""
"46","09/03/2022 22:32","09/03/2022 23:00","0","100","1685","1","09/03/2022 23:00","R_3iC54Kd0HMER39i","anonymous","EN","1","","UKRN09","","","","","","1st Year","","","","","1","5","1","2","1","4","1","4","2","5","3","4","1","4","4","3","5","1","1","1","1","1","1","1","1","0","0","1","1","0","1","0","1","5","1","4","4","4","4","2","4","3","","","3","2","1",""
"47","10/03/2022 05:02","10/03/2022 05:43","0","100","2456","1","10/03/2022 05:43","R_bBYC5lUQ5tzMGqJ","anonymous","EN","1","","UKRN09","","","","","","2nd Year","","","","","2","4","3","4","4","4","3","4","3","4","4","2","3","4","3","2","4","1","1","1","1","1","1","1","1","0","0","0","0","0","0","0","0","4","2","3","4","5","4","4","4","2","","","1","3","1",""
"48","10/03/2022 06:45","10/03/2022 07:11","0","100","1585","1","10/03/2022 07:11","R_V55azZyVFzOfH33","anonymous","EN","1","","UKRN09","","","","","","1st Year","","","","","1","5","4","5","2","4","2","4","3","4","2","4","1","5","5","4","4","1","1","1","1","1","1","1","1","0","0","1","1","0","0","0","0","5","1","5","4","3","4","2","4","1","2","when researchers can't replicate previous studies due to inadequate info/false statistics ","2","2","1","nope"
"49","10/03/2022 09:44","10/03/2022 10:28","0","100","2641","1","10/03/2022 10:28","R_3jVQjeo8eTLcF7s","anonymous","EN","1","","UKRN09","","","","","","2nd Year","","","","","2","4","4","4","2","4","3","4","2","4","4","4","4","4","4","4","3","1","1","1","","","1","","1","0","0","0","0","1","0","0","1","4","2","4","4","4","3","2","3","1","1","When results of many scientific studies are difficult or impossible to reproduce","2","2","3",""
"50","10/03/2022 10:12","10/03/2022 10:38","0","100","1532","1","10/03/2022 10:38","R_2YDF8AxUjcBMMUp","anonymous","EN","1","","UKRN09","","","","","","1st Year","","","","","1","4","2","4","2","4","2","3","3","4","2","5","2","4","4","3","4","1","1","1","1","1","1","1","1","0","0","0","0","0","0","0","0","4","2","4","2","2","4","2","4","1","1","That the results of many studies have been done again and have not found the same results. ","3","1","1",""
"51","10/03/2022 13:03","10/03/2022 13:35","0","100","1928","1","10/03/2022 13:35","R_AFFNJGIwhbczPpf","anonymous","EN","1","","UKRN09","","","","","","1st Year","","","","","2","5","1","5","1","2","4","5","1","5","1","3","2","3","3","1","5","1","1","1","1","1","1","1","1","0","0","1","0","1","1","0","1","5","2","1","5","5","2","3","3","1","1","The problem where scientific studies are difficult to replicate.","2","2","1",""
"52","10/03/2022 13:56","10/03/2022 14:27","0","100","1871","1","10/03/2022 14:27","R_25L2Mjq6dLjjQXB","anonymous","EN","1","","UKRN09","","","","","","1st Year","","","","","2","5","3","4","1","5","1","5","1","5","1","3","1","3","5","3","3","1","1","1","","","","","1","0","0","0","0","0","0","0","0","5","1","2","4","3","4","3","5","1","1","Lots of results from previous scientific studies cant be reached again meaning they may be wrong","3","1","1",""
"53","09/03/2022 11:40","10/03/2022 18:34","0","100","111239","1","10/03/2022 18:34","R_22Y6NHCBUj0KuhX","anonymous","EN","1","","UKRN09","","","","","","1st Year","","","","","1","5","1","5","3","3","3","5","1","5","2","3","2","4","2","3","3","1","1","1","1","1","1","1","1","0","0","1","0","1","1","0","1","4","3","5","4","3","4","3","5","1","3","many scientific studies may not be able to be replicated so they could be likely to be wrong","3","3","1",""
"54","10/03/2022 18:23","10/03/2022 19:18","0","100","3315","1","10/03/2022 19:18","R_r2xs9FQrIYg602B","anonymous","EN","1","","UKRN09","","","","","","1st Year","","","","","2","4","2","3","3","3","3","4","3","3","4","4","4","4","3","3","3","1","1","1","1","1","1","1","1","0","1","0","1","0","0","1","0","4","3","3","4","3","3","3","4","1","1","the results of many scientific studies are almost impossible to reproduce ","1","1","1",""
"55","11/03/2022 04:27","11/03/2022 05:40","0","100","4376","1","11/03/2022 05:40","R_2OPkNcCrdZ3k5zq","anonymous","EN","1","","UKRN09","","","","","","1st Year","","","","","1","5","2","3","2","4","2","4","3","4","2","4","3","4","3","3","3","1","1","1","1","1","1","1","1","0","0","1","0","1","1","0","1","5","3","5","3","4","4","2","3","1","1","When studies findings are hard to replicate ","3","1","1",""
"56","11/03/2022 05:03","11/03/2022 05:57","0","100","3287","1","11/03/2022 05:57","R_2ux61iZFRXecNHW","anonymous","EN","1","","UKRN09","","","","","","1st Year","","","","","2","5","2","5","1","5","2","5","2","5","1","4","1","5","1","4","3","1","1","1","1","1","1","1","1","1","0","0","0","0","0","0","0","5","1","5","1","3","4","1","2","1","1","Low amount of studies being successfully replicated, meaning that results may be invalid.","1","1","1",""
"57","11/03/2022 05:49","11/03/2022 06:32","0","100","2598","1","11/03/2022 06:32","R_e3QmHm4miSKgIDL","anonymous","EN","1","","UKRN09","","","","","","2nd Year","","","","","1","4","2","4","2","4","2","4","4","4","2","5","1","5","1","3","3","1","1","1","","","1","1","1","1","0","1","0","0","1","0","0","4","2","2","5","3","4","2","4","1","1","many past studies are hard to recreate and find the same results for","2","3","1",""
"58","11/03/2022 07:29","11/03/2022 07:54","0","100","1500","1","11/03/2022 07:54","R_1NxGc2mcWXSbwC8","anonymous","EN","1","","UKRN09","","","","","","1st Year","","","","","3","5","2","4","1","5","2","5","3","5","4","3","3","2","3","2","4","1","1","1","1","1","1","1","1","0","0","1","0","1","1","0","1","5","2","3","4","4","2","3","5","1","1","many studies not being able to replicate each others results","3","3","1",""
"59","11/03/2022 07:31","11/03/2022 08:08","0","100","2194","1","11/03/2022 08:08","R_1Cm5UXNzC2O5RZD","anonymous","EN","1","","UKRN09","","","","","","2nd Year","","","","","1","4","2","4","3","4","3","4","4","4","2","4","1","4","3","2","4","1","1","1","1","1","1","1","1","0","1","1","0","1","1","0","1","4","2","4","3","5","2","3","4","2","","","1","1","1",""
"60","11/03/2022 10:21","11/03/2022 10:48","0","100","1610","1","11/03/2022 10:48","R_2B2Sgb0A7rOjQEW","anonymous","EN","1","","UKRN09","","","","","","2nd Year","","","","","2","4","3","4","2","4","3","4","2","4","2","5","3","3","3","3","4","1","1","1","1","1","1","1","1","0","1","1","0","0","0","0","0","4","2","4","2","4","2","3","3","2","","","1","3","1",""
"61","11/03/2022 20:06","11/03/2022 20:44","0","100","2302","1","11/03/2022 20:44","R_2trAClQyqL29fnH","anonymous","EN","1","","UKRN09","","","","","","1st Year","","","","","1","4","1","4","3","3","3","4","4","3","3","5","3","4","5","1","5","","","1","","1","1","1","1","0","0","1","1","1","1","1","1","4","2","3","5","5","4","3","4","3","","","2","3","3",""
"62","11/03/2022 22:31","11/03/2022 23:00","0","100","1705","1","11/03/2022 23:00","R_1HkTolWZdzPovEi","anonymous","EN","1","","UKRN09","","","","","","2nd Year","","","","","2","5","2","4","5","3","2","4","4","4","1","4","1","3","2","2","4","1","1","1","","","1","","1","1","1","1","0","0","1","0","0","4","3","4","4","5","4","3","4","2","","","1","3","1",""
"63","12/03/2022 05:47","12/03/2022 06:26","0","100","2348","1","12/03/2022 06:26","R_2Tq0udejJfrTyfR","anonymous","EN","1","","UKRN09","","","","","","1st Year","","","","","2","4","2","5","2","3","3","5","2","3","4","3","2","3","2","2","4","1","1","1","1","1","1","1","1","0","0","1","0","0","1","0","0","4","2","4","5","5","3","3","3","2","","","3","1","1",""
"64","12/03/2022 06:25","12/03/2022 06:57","0","100","1937","1","12/03/2022 06:57","R_3nH6WZXtAlIh4yd","anonymous","EN","1","","UKRN09","","","","","","1st Year","","","","","2","5","2","5","1","4","1","5","3","4","2","4","2","5","1","2","5","1","1","1","1","1","1","1","1","1","0","0","1","0","0","1","0","4","2","5","2","5","4","2","5","1","1","replication crisis is when past research findings can't be reproduced due to various factors","1","3","1","no"
"65","12/03/2022 09:43","12/03/2022 09:47","0","100","245","1","12/03/2022 09:47","R_3O2hAIJihjI4yn8","anonymous","EN","1","","UKRN09","","","","","","2nd Year","","","","","2","3","3","2","3","3","2","3","3","3","3","2","3","3","3","2","3","1","1","1","1","1","1","1","1","0","0","0","0","0","0","0","0","2","3","2","4","3","2","2","2","2","","","2","2","2",""
"66","12/03/2022 11:19","12/03/2022 11:34","0","100","938","1","12/03/2022 11:34","R_1CinUkSIeeuYKZP","anonymous","EN","1","","UKRN09","","","","","","1st Year","","","","","2","4","2","4","3","4","3","4","3","4","3","4","2","3","3","2","3","1","1","1","1","1","1","1","1","0","0","1","0","0","1","0","0","1","5","4","4","3","4","3","4","2","","","2","3","1",""
"67","13/03/2022 15:30","13/03/2022 15:55","0","100","1527","1","13/03/2022 15:56","R_3NPyBSec0pg7fH2","anonymous","EN","1","","UKRN09","","","","","","1st Year","","","","","1","5","2","3","3","4","2","4","2","3","3","4","2","3","4","2","4","1","1","1","1","1","1","","1","1","0","1","0","1","1","0","1","1","4","3","4","5","4","2","3","3","","","3","3","1",""
"68","14/03/2022 05:17","14/03/2022 05:42","0","100","1474","1","14/03/2022 05:42","R_3nuXAdd5zJWxvHG","anonymous","EN","1","","UKRN09","","","","","","1st Year","","","","","2","4","2","4","4","4","2","4","2","4","2","4","2","4","4","4","4","1","1","1","1","1","1","1","1","0","0","0","0","0","0","0","0","4","2","4","2","5","2","2","4","1","1","not being able to replicate famous studies ","2","1","1",""
"69","14/03/2022 07:58","14/03/2022 08:23","0","100","1533","1","14/03/2022 08:23","R_1MS7QuSKxxOLjyF","anonymous","EN","1","","UKRN09","","","","","","1st Year","","","","","2","4","2","4","2","4","2","4","4","4","2","4","2","4","4","4","3","","","1","","","","","1","0","0","0","0","0","0","0","0","4","2","3","4","4","4","2","4","2","","","1","1","1",""
"70","14/03/2022 10:52","14/03/2022 11:26","0","100","2033","1","14/03/2022 11:26","R_6X3xxg57EWXhCXD","anonymous","EN","1","","UKRN09","","","","","","1st Year","","","","","1","5","4","4","3","2","4","4","2","4","2","5","1","5","1","5","1","1","1","1","1","1","1","1","1","0","0","1","0","1","1","0","1","5","2","5","1","5","2","1","5","1","1","crisis regarding methodological issues in psychology or science more broadly where studies are failing to be replicated  or reproduced.","1","1","1",""
"71","14/03/2022 11:16","14/03/2022 12:09","0","100","3174","1","14/03/2022 12:09","R_OvQZTDn2KuL8ozD","anonymous","EN","1","","UKRN09","","","","","","1st Year","","","","","2","4","2","4","2","4","3","4","3","4","4","3","1","3","3","3","3","1","1","1","1","1","1","1","1","0","0","1","0","0","1","0","0","4","2","4","4","4","4","3","3","1","1","when a study cannot be replicated because the results were changed to fit the hypothesis.","3","3","1",""
"72","14/03/2022 11:45","14/03/2022 12:19","0","100","2046","1","14/03/2022 12:19","R_phBk6zlgnU49oXf","anonymous","EN","1","","UKRN09","","","","","","1st Year","","","","","2","4","2","3","3","4","3","5","2","4","3","4","3","3","3","3","3","1","","1","","","","","","1","0","0","0","0","0","0","0","4","4","3","3","2","4","2","3","2","","","2","3","3",""
"73","14/03/2022 12:05","14/03/2022 13:09","0","100","3838","1","14/03/2022 13:09","R_1LLhTF6mw4uuB8O","anonymous","EN","1","","UKRN09","","","","","","1st Year","","","","","2","4","1","5","1","3","3","3","4","4","1","3","1","5","1","3","4","1","1","1","1","1","1","1","1","0","1","1","0","1","1","0","1","5","2","5","1","3","4","2","3","1","1","I think it was the crisis where the a larg protion of studies that had been taken at face value were found to not have been repliacted or were hard to replicate. Which made findings highly unreliable. ","1","1","3",""
"74","14/03/2022 13:24","14/03/2022 14:30","0","100","3954","1","14/03/2022 14:30","R_eSeYoV9XQweHk0p","anonymous","EN","1","","UKRN09","","","","","","1st Year","","","","","2","4","2","4","2","3","3","4","3","4","2","4","3","3","4","3","4","1","","1","","","1","","1","0","0","0","0","0","0","0","0","4","2","4","3","4","4","2","3","1","3","I thinking it is about replicating studies to find results that either support or contradict the findings of previous study.  ","2","3","3",""
"75","14/03/2022 13:15","14/03/2022 15:00","0","100","6275","1","14/03/2022 15:00","R_1mqM6jEECAzlYlt","anonymous","EN","1","","UKRN09","","","","","","1st Year","","","","","3","4","2","5","3","4","2","5","1","5","1","3","1","2","1","2","5","1","","1","","","1","","1","0","0","0","0","0","0","0","0","2","4","1","4","5","3","2","5","3","","","1","1","3",""
"76","15/03/2022 04:49","15/03/2022 05:33","0","100","2639","1","15/03/2022 05:33","R_31zOQW6mBe9vEPJ","anonymous","EN","1","","UKRN09","","","","","","1st Year","","","","","2","5","2","5","1","5","1","4","2","4","1","3","1","4","5","3","3","1","1","1","1","1","1","1","1","0","0","1","0","0","1","0","0","5","1","4","3","4","4","2","5","1","1","when a study can't be replicated with the same results by different researchers","1","1","1",""
"77","08/03/2022 04:29","08/03/2022 04:42","0","50","768","0","15/03/2022 05:42","R_3qJOWX0SrJnl3t3","anonymous","EN","1","","UKRN09","","","","","","0","","","","","1","4","2","4","2","4","1","5","1","5","1","4","2","3","4","2","5","1","1","1","1","","1","","1","0","0","0","0","0","0","0","0","4","2","4","3","5","4","2","4","2","","","3","1","1",""
"78","15/03/2022 05:33","15/03/2022 05:56","0","100","1359","1","15/03/2022 05:56","R_2b1tdoPbhHPe3g2","anonymous","EN","1","","UKRN09","","","","","","1st Year","","","","","2","4","2","4","3","3","3","3","3","4","4","4","4","3","4","4","3","","","","","","","","","0","0","0","0","0","0","0","0","1","3","3","4","3","3","3","4","3","","","3","3","1",""
"79","15/03/2022 08:04","15/03/2022 08:22","0","100","1093","1","15/03/2022 08:22","R_3iEiYWpBw7yagQ8","anonymous","EN","1","","UKRN09","","","","","","2nd Year","","","","","1","5","1","3","3","4","3","4","5","4","5","4","4","5","3","1","5","1","1","1","","","1","","1","0","0","0","0","0","0","0","0","5","1","5","5","5","3","3","4","3","","","3","2","1",""
"80","08/03/2022 07:54","08/03/2022 07:55","0","11","73","0","15/03/2022 08:55","R_1H8gewxSTvh8yhz","anonymous","EN","1","","UKRN09","","","","","","0","","","","","2","","","","","","","","","","","","","","","","","1","1","1","1","1","1","1","1","0","1","0","0","0","0","0","1","","","","","","","","","1","","","","","",""
"81","09/03/2022 15:04","09/03/2022 15:05","0","8","29","0","16/03/2022 16:05","R_oYIUKD11GBCvdD3","anonymous","EN","1","","UKRN09","","","","","","0","","","","","2","","","","","","","","","","","","","","","","","","","","","","","","","0","0","0","0","0","0","0","0","","","","","","","","","","","","","","",""
"82","17/03/2022 07:11","17/03/2022 07:40","0","100","1729","1","17/03/2022 07:40","R_2qBN889YiCsXPUP","anonymous","EN","1","","UKRN09","","","","","","2nd Year","","","","","2","5","2","3","2","4","3","5","2","4","2","4","2","4","4","4","4","1","1","1","1","1","1","1","1","0","1","0","1","0","0","0","0","5","2","4","4","5","2","3","4","1","1","the lack of ability to replicate research studies","2","3","1",""
"83","17/03/2022 11:02","17/03/2022 11:18","0","100","925","1","17/03/2022 11:18","R_30tU5jDLl4u7PP8","anonymous","EN","1","","UKRN09","","","","","","1st Year","","","","","2","3","1","3","4","2","3","3","2","4","4","3","3","3","5","1","4","1","1","1","1","1","1","1","1","0","1","1","0","1","0","1","0","3","2","3","2","3","2","5","4","1","2","When people copy studies.","2","3","2",""
"84","17/03/2022 13:30","17/03/2022 13:46","0","100","949","1","17/03/2022 13:46","R_3ett2zWcEnTPYUX","anonymous","EN","1","","UKRN09","","","","","","1st Year","","","","","2","4","1","4","1","4","2","5","3","4","2","3","2","3","2","2","3","1","1","1","1","1","1","","1","1","0","1","1","0","1","1","1","4","2","5","3","3","4","2","4","1","3","the inability to replicate results/repeat.","2","2","1",""
"85","10/03/2022 12:12","10/03/2022 13:31","0","97","4748","0","17/03/2022 14:31","R_a4xFqDfIPnla2Dn","anonymous","EN","1","","UKRN09","","","","","","2nd Year","","","","","2","4","4","3","2","3","3","2","4","4","4","4","4","4","3","3","4","1","1","1","1","1","1","1","1","0","0","0","0","0","0","0","0","4","4","2","4","4","3","2","4","1","3","that the results cannot be produced again and they are most likely wrong","1","3","1","n/a"
"86","10/03/2022 13:44","10/03/2022 14:16","0","47","1900","0","17/03/2022 15:16","R_9WTgSBCYLVgHx2F","anonymous","EN","1","","UKRN09","","","","","","0","","","","","2","4","4","4","4","4","4","4","4","4","4","4","4","4","4","4","4","1","1","1","","","","1","","0","1","1","0","0","0","0","0","1","2","4","5","4","2","2","4","2","","","1","1","1",""
"87","07/03/2022 14:10","10/03/2022 15:31","0","10","264008","0","17/03/2022 16:31","R_3IblISQ6IEyazIi","anonymous","EN","1","","UKRN09","","","","","","0","","","","","2","","","","","","","","","","","","","","","","","1","1","1","1","1","1","1","1","0","0","1","0","0","1","0","1","","","","","","","","","","","","","","",""
"88","11/03/2022 02:02","11/03/2022 02:02","0","8","47","0","18/03/2022 03:02","R_ZF8f6kLmEnkbNYt","anonymous","EN","1","","UKRN09","","","","","","0","","","","","1","","","","","","","","","","","","","","","","","","","","","","","","","0","0","0","0","0","0","0","0","","","","","","","","","","","","","","",""
"89","12/03/2022 06:00","12/03/2022 11:01","0","36","18052","0","19/03/2022 12:01","R_z99M7EW6bFWoHGp","anonymous","EN","1","","UKRN09","","","","","","0","","","","","2","4","2","5","3","3","4","3","3","4","3","5","1","3","4","4","4","","","1","","","","","1","0","0","0","0","0","0","0","0","2","2","3","4","4","2","2","3","1","1","The inability to replicate a study that has already been done ","2","3","1",""
"90","20/03/2022 09:58","20/03/2022 10:15","0","100","1053","1","20/03/2022 10:15","R_1jcszhUqOby2EZ4","anonymous","EN","1","","UKRN09","","","","","","1st Year","","","","","2","3","4","3","3","2","3","4","3","2","3","5","3","2","3","3","3","1","1","1","","1","1","1","1","1","0","0","0","1","0","0","0","4","3","3","3","3","3","3","3","2","","","3","3","2",""
"91","20/03/2022 13:19","20/03/2022 13:37","0","100","1083","1","20/03/2022 13:37","R_33Drostce8bIgI3","anonymous","EN","1","","UKRN09","","","","","","1st Year","","","","","2","4","3","4","2","4","2","4","3","4","2","4","1","4","3","2","3","1","1","1","1","1","1","1","1","0","0","0","1","1","0","0","0","4","2","4","3","4","4","2","3","2","","","1","3","1",""
"92","20/03/2022 16:31","20/03/2022 17:01","0","100","1825","1","20/03/2022 17:01","R_2xWu69qtCtdX1gR","anonymous","EN","1","","UKRN09","","","","","","2nd Year","","","","","1","3","3","3","3","3","3","3","3","3","3","3","3","3","3","3","3","","","","","","","","","0","0","0","0","0","0","0","0","3","3","3","3","3","3","3","3","2","","","2","2","1",""
"93","20/03/2022 16:44","20/03/2022 17:17","0","100","2005","1","20/03/2022 17:17","R_1GChSs2W6Y2q2eN","anonymous","EN","1","","UKRN09","","","","","","1st Year","","","","","2","5","2","5","2","4","2","4","2","5","4","5","4","4","5","2","4","1","1","1","1","1","1","1","1","0","0","0","0","0","0","0","0","4","4","4","5","4","4","2","4","2","","","2","2","1",""
"94","20/03/2022 17:41","20/03/2022 18:17","0","100","2130","1","20/03/2022 18:17","R_2oEnviPk3lnGz2F","anonymous","EN","1","","UKRN09","","","","","","1st Year","","","","","2","4","2","3","2","4","2","4","2","4","2","4","2","3","3","3","4","","","","","","","","","0","0","0","0","0","0","0","0","4","3","3","4","4","4","2","3","1","2","Researchers not replicating studies in the same ways and therefore not producing reliable results.","2","3","1",""
"95","21/03/2022 07:57","21/03/2022 08:38","0","100","2453","1","21/03/2022 08:38","R_2TyGKPeKydWJyy0","anonymous","EN","1","","UKRN09","","","","","","1st Year","","","","","1","5","1","4","2","3","1","5","4","5","2","5","2","1","4","2","2","1","1","1","1","1","1","","1","0","0","1","1","0","0","0","1","4","2","2","4","3","2","2","3","3","","","3","2","1",""
"96","21/03/2022 11:22","21/03/2022 11:42","0","100","1152","1","21/03/2022 11:42","R_XjL3htBP26rdLxL","anonymous","EN","1","","UKRN09","","","","","","1st Year","","","","","2","4","2","5","4","4","2","2","4","4","3","4","1","4","4","2","4","1","1","1","1","","1","","1","0","1","1","0","0","1","0","0","4","2","4","2","4","4","2","4","1","1","It is about replicating studies and seeing if the results of the study will be replicated and the same. If the results aren't reproduced, it can be argued that it brings into question the validity of the results.","3","1","1",""
"97","21/03/2022 15:54","21/03/2022 16:24","0","100","1794","1","21/03/2022 16:24","R_1q7InQ6gLYufTHn","anonymous","EN","1","","UKRN09","","","","","","1st Year","","","","","2","5","2","5","2","5","1","4","2","4","2","5","2","4","4","2","4","1","1","1","1","1","1","1","1","0","0","0","0","0","0","0","0","4","2","2","4","4","2","2","4","1","1","a crisis whereby researchers find that replicating some scientific studies is difficult or impossible","2","1","1",""
"98","21/03/2022 17:41","21/03/2022 18:07","0","100","1566","1","21/03/2022 18:07","R_2PdODqPuci02ei4","anonymous","EN","1","","UKRN09","","","","","","1st Year","","","","","2","5","1","5","2","3","2","3","4","4","2","5","2","5","4","4","4","","","1","1","","","","1","0","0","1","1","0","0","0","0","5","1","5","3","5","2","1","4","1","1","Where the results of a study or methodology are unable to be produced ","3","1","1",""
"99","22/03/2022 04:19","22/03/2022 04:40","0","100","1254","1","22/03/2022 04:40","R_1qTUXcjlgP3PPys","anonymous","EN","1","","UKRN09","","","","","","1st Year","","","","","2","5","2","4","2","4","3","5","1","4","3","4","1","4","4","2","4","1","1","1","","","","","1","0","0","0","0","0","0","0","0","4","2","2","4","5","3","4","2","2","","","1","2","1",""
"100","15/03/2022 06:55","15/03/2022 07:18","0","71","1339","0","22/03/2022 07:18","R_2BghoZ9fGgyVBYT","anonymous","EN","1","","UKRN09","","","","","","2nd Year","","","","","2","5","2","5","1","5","2","2","2","4","2","4","2","5","4","2","5","1","1","1","1","1","1","1","1","0","1","0","1","1","0","1","0","5","2","2","4","2","2","1","5","2","","","2","2","1",""
"101","22/03/2022 08:15","22/03/2022 08:34","0","100","1152","1","22/03/2022 08:34","R_3HtCh1EFyn5kp3E","anonymous","EN","1","","UKRN09","","","","","","1st Year","","","","","2","5","1","4","4","3","3","4","2","3","4","2","2","5","5","3","4","1","1","1","1","1","1","1","1","0","0","0","0","0","0","0","0","5","1","5","5","5","4","4","2","1","1","Experiments not being able to be replicated with the same results making them unreliable ","1","1","1",""
"102","22/03/2022 15:17","22/03/2022 15:32","0","100","928","1","22/03/2022 15:32","R_2vZmhwUc61QsJ7h","anonymous","EN","1","","UKRN09","","","","","","1st Year","","","","","2","5","2","4","5","4","2","5","2","2","3","2","4","4","3","4","4","1","","","","","","","1","0","0","0","0","0","0","0","0","4","3","2","4","2","4","2","4","1","1","well established findings have failed to be replicated","2","2","2",""
"103","16/03/2022 05:07","16/03/2022 05:12","0","46","278","0","23/03/2022 05:12","R_27OoQuqS2oAe4OC","anonymous","EN","1","","UKRN09","","","","","","0","","","","","2","3","3","3","3","3","3","3","3","3","3","3","3","3","3","3","3","1","1","1","1","1","1","1","1","0","1","0","1","1","1","0","1","3","3","3","3","3","3","3","3","2","","","3","3","1",""
"104","25/03/2022 09:03","25/03/2022 11:53","0","100","10192","1","25/03/2022 11:53","R_XLDIQNEG5usqbjX","anonymous","EN","1","","UKRN09","","","","","","1st Year","","","","","2","4","2","3","2","4","2","4","1","3","3","4","2","3","3","3","3","","","","","","","","","0","0","0","0","0","0","0","0","4","2","4","3","3","4","3","2","2","","","2","2","2",""
"105","19/03/2022 05:05","19/03/2022 05:06","0","8","34","0","26/03/2022 05:06","R_bNHkscrEgCpZai5","anonymous","EN","1","","UKRN09","","","","","","0","","","","","2","","","","","","","","","","","","","","","","","","","","","","","","","0","0","0","0","0","0","0","0","","","","","","","","","","","","","","",""
"106","07/03/2022 08:50","07/03/2022 09:01","0","100","630","1","07/03/2022 09:01","R_1dAJLUJ62lIwX1P","anonymous","EN","1","","UKRN09","","","","","","2nd Year","","","","","2","4","2","4","4","4","3","3","4","4","4","4","3","4","4","3","1","1","1","1","1","1","1","1","1","0","0","1","0","1","1","0","1","4","2","4","4","3","2","2","4","3","","","1","1","1",""
"107","07/03/2022 08:46","07/03/2022 09:03","0","100","968","1","07/03/2022 09:03","R_322qTM4gluVhRUp","anonymous","EN","1","","UKRN09","","","","","","2nd Year","","","","","2","4","2","3","4","2","4","3","2","4","4","4","2","4","4","2","4","1","1","1","1","1","1","1","1","0","0","0","0","1","0","0","0","4","2","2","4","4","2","2","4","1","1","studies cannot be reproduced and therefore are wrong","1","1","1","no"
"108","07/03/2022 08:56","07/03/2022 09:15","0","100","1126","1","07/03/2022 09:15","R_2eW1COme3SBrC3a","anonymous","EN","1","","UKRN09","","","","","","1st Year","","","","","2","4","1","4","2","4","1","5","1","5","2","4","2","3","1","2","4","1","","1","","1","1","1","1","0","0","1","0","0","0","0","0","4","1","5","3","5","4","1","4","1","1","Issues involving studies not being replicable","3","3","1","N/A"
"109","07/03/2022 09:10","07/03/2022 09:24","0","100","881","1","07/03/2022 09:24","R_3n3nBukGfvADiXN","anonymous","EN","1","","UKRN09","","","","","","2nd Year","","","","","2","2","4","3","2","4","4","4","2","4","2","3","3","4","3","4","4","1","1","1","1","1","1","1","1","0","1","1","0","0","0","0","1","4","3","5","4","4","4","4","2","1","3","many studies unable to be reproduced","1","3","1",""
"110","07/03/2022 09:29","07/03/2022 09:36","0","100","422","1","07/03/2022 09:36","R_27VgWjfwtbMuPcn","anonymous","EN","1","","UKRN09","","","","","","2nd Year","","","","","1","1","3","2","3","2","3","3","3","4","3","4","4","4","4","5","4","1","1","1","1","1","1","1","1","0","0","1","1","1","0","0","1","4","2","2","5","2","2","1","2","1","1","When it is difficult to generalise findings","2","2","2","No"
"111","07/03/2022 08:32","07/03/2022 09:56","0","100","5023","1","07/03/2022 09:56","R_1gUEym1AZgAw3Gb","anonymous","EN","1","","UKRN09","","","","","","1st Year","","","","","1","4","2","3","3","4","3","4","3","4","3","4","2","4","3","3","3","1","1","1","1","1","1","1","1","0","0","1","0","0","1","0","0","4","3","4","3","3","4","1","3","1","1","The inability to replicate specific studies for specific findings, which is an issue as replicability can be essential for the validity of many studies.","1","1","3","Objectively speaking, it can be a question mark when a significant study is not able to be replicated. However, I believe in a positive progress from Open Science's purpose and intentions. I may not have enough context or qualifications to pose a valid and authentic opinion, but I believe that the more detailedly transparent studies continue to be, whether they are significant or not, the easier it could become for them to be replicated in their intricacies or to find motives behind the impossibility of reproducibility. "
"112","07/03/2022 09:21","07/03/2022 09:57","0","100","2199","1","07/03/2022 09:57","R_2s0guWTolNYAfxk","anonymous","EN","1","","UKRN09","","","","","","2nd Year","","","","","2","5","2","3","4","3","3","2","4","4","2","4","2","4","3","3","3","1","1","1","1","1","1","1","1","0","0","1","0","1","1","0","1","4","4","4","5","4","3","4","4","2","","","1","1","1",""
"113","07/03/2022 09:45","07/03/2022 09:59","0","100","889","1","07/03/2022 09:59","R_1I5BDXrlvzIWNRw","anonymous","EN","1","","UKRN09","","","","","","2nd Year","","","","","2","5","2","3","3","4","2","5","3","3","3","4","4","4","4","2","4","1","1","1","1","1","1","1","1","0","0","1","0","1","1","0","0","4","3","4","3","4","3","3","4","2","","","3","3","1",""
"114","07/03/2022 09:24","07/03/2022 10:00","0","100","2155","1","07/03/2022 10:00","R_uaHhZ603GB49JyF","anonymous","EN","1","","UKRN09","","","","","","2nd Year","","","","","2","4","2","4","1","1","5","1","5","1","5","1","5","3","5","1","1","1","1","1","1","1","1","1","1","0","0","1","1","1","0","0","0","4","2","2","4","5","2","2","4","1","1","replicating studies and not getting similar results","3","3","1",""
"115","07/03/2022 09:22","07/03/2022 10:07","0","100","2700","1","07/03/2022 10:07","R_3qKi3gUEHqsAJrj","anonymous","EN","1","","UKRN09","","","","","","2nd Year","","","","","2","3","2","3","1","2","3","4","2","1","2","4","1","5","1","4","5","1","1","1","","1","","1","1","0","0","1","0","0","0","0","1","4","1","4","4","5","2","1","4","1","1","The replication crisis is a concern in the field of research in which many studies which have been historically perceived as valid and reliable were found to be invalid due to issues such as falsification of data.","3","1","1","no"
"116","07/03/2022 09:08","07/03/2022 10:08","0","100","3622","1","07/03/2022 10:08","R_2QQloMH4FCa4dXA","anonymous","EN","1","","UKRN09","","","","","","2nd Year","","","","","1","5","1","4","2","4","2","4","3","4","3","4","3","3","4","3","5","","","1","","","1","","1","0","0","1","0","0","0","0","1","4","2","4","4","3","4","4","4","3","","","1","3","1",""
"117","07/03/2022 09:59","07/03/2022 10:21","0","100","1316","1","07/03/2022 10:21","R_25uLBsTtdyZ4T5L","anonymous","EN","1","","UKRN09","","","","","","2nd Year","","","","","2","4","3","3","4","2","3","4","3","4","4","4","4","3","3","4","4","1","1","1","1","","","1","1","0","0","1","0","0","0","0","1","4","3","4","4","4","4","3","3","3","","","3","3","1",""
"118","07/03/2022 10:40","07/03/2022 10:44","0","100","233","1","07/03/2022 10:44","R_paqDzJSRIaRYJt7","anonymous","EN","1","","UKRN09","","","","","","2nd Year","","","","","2","2","3","2","4","3","2","2","3","3","4","3","3","2","3","3","4","1","1","1","1","1","1","1","1","0","0","0","0","0","0","0","0","3","3","3","3","3","3","3","3","2","","","2","3","2",""
"119","07/03/2022 09:42","07/03/2022 10:49","0","100","3982","1","07/03/2022 10:49","R_3iHUN9iZreiK2c6","anonymous","EN","1","","UKRN09","","","","","","1st Year","","","","","2","5","1","4","5","4","2","4","4","4","4","4","4","3","4","2","4","1","1","1","1","","1","","1","0","0","0","0","0","0","0","0","4","2","2","4","5","4","2","4","1","1","Repeating research to examine the extent to which original research findings generalise across time and situations","1","1","1",""
"120","07/03/2022 10:22","07/03/2022 10:54","0","100","1928","1","07/03/2022 10:54","R_20Vz3JdFrVM0CF5","anonymous","EN","1","","UKRN09","","","","","","1st Year","","","","","2","4","1","3","2","1","2","4","2","4","2","4","2","3","4","1","5","1","","1","","","","","1","0","0","1","0","0","0","0","0","4","2","4","4","4","2","2","4","1","1","when results cannot be reproduced ","2","1","1",""
"121","07/03/2022 10:28","07/03/2022 11:01","0","100","1995","1","07/03/2022 11:01","R_1gwEMlZIvWFeiub","anonymous","EN","1","","UKRN09","","","","","","2nd Year","","","","","2","5","1","5","1","5","1","5","1","5","2","3","1","5","1","2","5","1","1","1","1","1","","","1","1","0","0","0","0","0","0","1","5","1","5","1","5","2","2","3","1","1","part of psychology being taken seriously comes from its reliability and replicability in its results, much past research does not meet the criteria for being replicable and undermines the research validity","1","1","1",""
"122","07/03/2022 10:37","07/03/2022 11:36","0","100","3523","1","07/03/2022 11:36","R_301pgInKVIFnlah","anonymous","EN","1","","UKRN09","","","","","","2nd Year","","","","","2","5","2","5","2","5","1","3","3","4","2","4","3","4","3","1","5","1","1","1","1","1","1","1","1","0","1","0","1","1","1","0","0","4","2","3","4","5","2","3","4","1","2","the inability to reproduce the findings of studies, which implies the results might be wrong","3","1","1",""
"123","07/03/2022 10:26","07/03/2022 11:36","0","100","4162","1","07/03/2022 11:36","R_3HHRlG8hJpiMig1","anonymous","EN","1","","UKRN09","","","","","","2nd Year","","","","","2","4","1","4","2","4","2","4","2","4","2","4","1","3","2","2","4","1","1","1","1","1","1","1","1","0","0","1","0","0","1","1","1","5","2","2","4","5","2","4","4","1","1","Studies conducted by researchers that are very difficult to replicate or reproduce similar findings.","1","1","1",""
"124","07/03/2022 11:19","07/03/2022 12:01","0","100","2551","1","07/03/2022 12:01","R_3PKNmTjrbJnDa2C","anonymous","EN","1","","UKRN09","","","","","","2nd Year","","","","","2","4","2","4","2","4","2","5","1","4","4","5","2","3","2","1","5","1","1","1","1","1","1","1","1","1","0","1","0","0","1","0","1","4","2","5","3","5","2","2","4","1","1","when studies are replicated and the same/similar results are not produced","1","1","1",""
"125","07/03/2022 11:13","07/03/2022 12:09","0","100","3367","1","07/03/2022 12:09","R_1HboNFp3c7u5RYw","anonymous","EN","1","","UKRN09","","","","","","2nd Year","","","","","2","4","2","1","3","4","2","5","2","4","3","4","2","4","4","3","3","1","1","1","1","1","1","1","1","1","0","1","0","0","0","0","0","5","3","5","2","3","5","3","3","1","1","Journels focus on findings that will attract attention and thus positive findings leads to Publication Bias = that significant results have a better chance of being published/ published earlier & w/ more prestige when theyÇƒÙre 'attractive positive results'","3","2","1",""
"126","07/03/2022 08:57","07/03/2022 12:24","0","100","12391","1","07/03/2022 12:24","R_TnkKn26jZlP9K6Z","anonymous","EN","1","","UKRN09","","","","","","1st Year","","","","","2","5","2","4","2","4","2","4","2","4","2","3","1","4","2","2","4","1","1","1","1","1","1","1","1","0","0","0","0","1","0","0","0","4","2","4","2","4","2","4","4","1","1","When they found that almost all of the academic journals and their findings were not replicable when it was repeated thus making it unreliable, and making science (social sciences, especially) and academic journal companies that allowed the journals to be posted lose credibility.","1","1","1",""
"127","07/03/2022 12:09","07/03/2022 12:34","0","100","1492","1","07/03/2022 12:34","R_3sb3iQIHnG8znkf","anonymous","EN","1","","UKRN09","","","","","","2nd Year","","","","","2","5","1","2","2","4","2","4","3","3","2","5","1","3","2","2","5","1","","1","","","","","1","0","0","0","0","0","0","0","0","2","5","2","4","3","3","2","4","2","","","1","1","1",""
"128","07/03/2022 12:08","07/03/2022 12:50","0","100","2536","1","07/03/2022 12:50","R_3HLyXNMv2JK2Yzx","anonymous","EN","1","","UKRN09","","","","","","2nd Year","","","","","2","4","2","5","2","4","3","4","4","4","4","4","1","4","1","2","4","1","1","1","1","1","1","1","1","0","0","1","0","0","1","0","0","5","2","3","4","4","2","2","4","1","1","The results from studies are not able to be reproduced so are seen to be wrong ","3","1","1",""
"129","07/03/2022 12:33","07/03/2022 12:55","0","100","1315","1","07/03/2022 12:55","R_1CsyqCs4IXaeY97","anonymous","EN","1","","UKRN09","","","","","","2nd Year","","","","","2","5","2","4","3","4","3","2","4","3","3","5","2","3","5","3","4","1","1","1","1","1","1","1","1","0","0","0","0","0","0","0","0","5","3","4","4","4","3","3","4","3","","","1","2","3",""
"130","07/03/2022 12:59","07/03/2022 13:15","0","100","1000","1","07/03/2022 13:15","R_ypxVDDW5TXKnuox","anonymous","EN","1","","UKRN09","","","","","","1st Year","","","","","2","2","4","4","2","5","2","5","1","5","2","4","2","4","4","3","4","1","","1","","","","","1","0","0","0","0","0","0","0","1","5","2","5","2","4","4","2","4","2","","","1","3","1",""
"131","07/03/2022 12:48","07/03/2022 13:17","0","100","1766","1","07/03/2022 13:17","R_DcnPAQg3bacH1x7","anonymous","EN","1","","UKRN09","","","","","","2nd Year","","","","","2","5","1","4","2","4","2","3","2","4","2","5","1","4","1","1","5","1","","","","","","1","1","0","0","0","0","0","1","0","0","4","2","2","4","4","2","2","4","1","1","Not being able to reproduce the same result due to researchers manipulating method and analyses and only including positive results and.","2","3","1","no"
"132","07/03/2022 12:43","07/03/2022 13:33","0","100","3054","1","07/03/2022 13:33","R_3R7nMsKFjtDhW1C","anonymous","EN","1","","UKRN09","","","","","","1st Year","","","","","2","4","2","4","3","3","4","5","4","4","4","4","3","5","2","3","4","1","1","1","1","1","1","1","1","0","0","1","0","0","1","0","0","5","2","4","3","4","4","3","2","1","1","a time when poorly designed experiments were carried out and did not provide reliable or replicable results.","1","1","1","N/A"
"133","07/03/2022 14:01","07/03/2022 14:26","0","100","1516","1","07/03/2022 14:26","R_892KbsT95FCFar7","anonymous","EN","1","","UKRN09","","","","","","2nd Year","","","","","2","4","2","4","4","4","2","4","4","4","2","4","2","4","4","3","4","1","1","1","1","","1","","1","1","0","1","0","0","1","0","0","2","4","3","4","4","2","2","4","2","","","1","1","1",""
"134","08/03/2022 02:31","08/03/2022 02:51","0","100","1168","1","08/03/2022 02:51","R_2VPZAT3PTYmN1P7","anonymous","EN","1","","UKRN09","","","","","","2nd Year","","","","","2","5","2","4","3","2","4","4","2","3","3","4","2","3","2","2","4","1","","1","1","","1","","1","0","0","0","0","0","0","0","0","4","2","4","4","2","3","1","2","2","","","2","2","1",""
"135","08/03/2022 05:23","08/03/2022 05:38","0","100","887","1","08/03/2022 05:38","R_1g8ef5IhFOoCxGH","anonymous","EN","1","","UKRN09","","","","","","2nd Year","","","","","2","4","2","4","2","4","2","5","1","5","1","4","1","4","5","3","2","1","1","1","1","1","1","1","1","0","0","0","1","1","0","0","0","4","2","1","5","2","4","4","3","3","","","1","1","1",""
"136","08/03/2022 05:03","08/03/2022 05:48","0","100","2662","1","08/03/2022 05:48","R_1Nf8TZdflC4ibdJ","anonymous","EN","1","","UKRN09","","","","","","2nd Year","","","","","2","4","1","4","2","4","2","5","1","3","2","4","1","3","2","2","4","1","1","1","1","","","","1","0","0","1","0","0","0","0","0","5","2","4","5","4","3","3","4","1","1","when result sof studies are difficult or impossible to reproduce ","1","1","1",""
"137","08/03/2022 06:42","08/03/2022 07:25","0","100","2581","1","08/03/2022 07:25","R_1KxvK0XWsQ2dzGS","anonymous","EN","1","","UKRN09","","","","","","1st Year","","","","","2","5","1","4","3","4","3","5","1","4","3","4","1","4","3","2","3","1","1","1","1","1","1","1","1","0","0","0","1","1","1","0","0","5","2","4","4","5","2","4","3","1","1","That you cant replicate a study ","3","3","1",""
"138","08/03/2022 08:02","08/03/2022 08:11","0","100","512","1","08/03/2022 08:11","R_4HkpMKJK7jKDbpL","anonymous","EN","1","","UKRN09","","","","","","2nd Year","","","","","2","3","2","4","1","5","4","3","4","2","4","3","3","3","2","4","3","1","1","1","1","1","1","1","1","1","1","0","1","1","1","0","0","2","4","3","1","5","2","3","2","3","","","1","3","1",""
"139","08/03/2022 07:59","08/03/2022 08:16","0","100","1043","1","08/03/2022 08:16","R_3MiKjVY3VEizF3h","anonymous","EN","1","","UKRN09","","","","","","1st Year","","","","","2","4","2","4","2","5","2","4","4","5","3","4","4","4","4","4","4","1","1","1","1","1","1","1","1","0","0","1","0","0","0","0","1","4","3","4","4","4","2","2","2","1","1","Problems in studies that is hard to replicate ","2","1","1",""
"140","08/03/2022 08:08","08/03/2022 08:39","0","100","1887","1","08/03/2022 08:39","R_b8TUCEGCG0x0nap","anonymous","EN","1","","UKRN09","","","","","","1st Year","","","","","2","3","4","3","2","5","3","5","3","4","4","4","4","2","3","3","4","","1","1","","","1","","1","0","0","0","0","0","0","0","1","5","4","4","4","5","3","2","4","1","1","problems in replicating studies","1","3","1",""
"141","08/03/2022 09:23","08/03/2022 09:39","0","100","948","1","08/03/2022 09:39","R_2ypBCnlTWmuxG9M","anonymous","EN","1","","UKRN09","","","","","","1st Year","","","","","2","4","2","2","3","3","2","2","4","4","3","3","4","4","4","4","3","1","1","1","1","1","1","1","1","0","0","0","0","0","0","1","0","2","4","2","4","4","2","2","2","1","3","Studies are impossible to reproduce ","3","3","1",""
"142","09/03/2022 11:27","09/03/2022 13:30","0","100","7406","1","09/03/2022 13:30","R_2pYmOAo9N8fJXuq","anonymous","EN","1","","UKRN09","","","","","","1st Year","","","","","2","5","1","5","3","3","3","5","3","5","3","4","2","5","5","5","3","1","1","1","1","","","","1","0","0","1","0","0","0","0","0","5","2","5","2","4","4","3","3","1","1","research findings that are seen as not credible as you cannot reproduce the results","3","3","1",""
"143","09/03/2022 17:12","09/03/2022 17:40","0","100","1675","1","09/03/2022 17:40","R_3Rz5ggOTnR1rw8o","anonymous","EN","1","","UKRN09","","","","","","1st Year","","","","","2","2","2","3","3","4","3","4","3","4","4","4","3","3","3","2","4","1","1","1","1","1","1","1","1","0","0","1","0","0","1","0","0","3","2","4","2","3","4","2","4","2","","","3","3","1",""
"144","10/03/2022 07:46","10/03/2022 08:38","0","100","3102","1","10/03/2022 08:38","R_2sc2X5rhaMX0ZSR","anonymous","EN","1","","UKRN09","","","","","","1st Year","","","","","2","4","2","4","2","4","2","2","4","4","4","4","2","4","2","2","4","","","1","","","","1","1","0","0","0","0","0","0","0","0","5","2","3","4","5","3","2","4","1","1","Researchers and scientist in psychology replicating past studies to check the relibility  of the research and how it was conducted.","3","1","1",""
"145","13/03/2022 09:18","13/03/2022 09:51","0","100","1929","1","13/03/2022 09:51","R_RCb4N7KGGepAss9","anonymous","EN","1","","UKRN09","","","","","","2nd Year","","","","","2","4","2","4","2","5","2","3","4","4","2","4","1","3","1","1","4","1","1","1","1","1","1","1","1","0","0","1","0","0","1","0","0","4","2","4","2","1","1","2","4","1","1","The reproducibility crisis encompasses the difficulty for studies of the past to be reproduced. Reproducibility is a key factor to assess validity and reliability of a study.","1","1","1",""
"146","20/03/2022 15:01","20/03/2022 15:23","0","100","1334","1","20/03/2022 15:23","R_12Kn4DiMoSlHki0","anonymous","EN","1","","UKRN09","","","","","","1st Year","","","","","2","4","3","4","4","2","3","3","4","1","5","4","2","4","4","2","1","1","1","1","1","1","1","1","1","1","0","1","0","0","1","0","1","2","3","2","4","3","2","2","3","2","","","3","3","1",""
"147","20/03/2022 16:25","20/03/2022 16:45","0","100","1212","1","20/03/2022 16:45","R_3GCI4ooE0KYYh7g","anonymous","EN","1","","UKRN09","","","","","","1st Year","","","","","2","4","1","5","3","4","1","5","1","5","2","3","3","5","3","3","3","1","1","1","1","","1","","1","0","0","1","0","0","0","0","0","5","2","5","1","3","3","2","4","1","3","the inability to reproduce previous results ","3","3","1",""
"148","02/03/2022 19:44","02/03/2022 19:49","0","11","309","0","09/03/2022 19:49","R_sjIKf5EJhMhUP2p","anonymous","EN","1","","UNI81","","","","","","0","","","","","2","4","2","4","2","5","3","4","2","3","4","5","1","1","5","3","5","1","1","1","1","1","1","1","1","1","1","1","1","1","1","1","0","","","","","","","","","","","","","","",""
"149","17/03/2022 04:23","17/03/2022 05:09","0","100","2744","1","17/03/2022 05:09","R_1rNVil9tUd0kcwf","anonymous","EN","1","","UNI10","","","","","","3rd Year","","","","","2","4","2","4","2","4","2","5","1","2","4","4","1","5","2","2","4","","","1","","","","","1","0","0","0","0","0","0","0","0","4","2","4","3","4","3","2","4","2","","","2","2","2","Research at an undergraduate level is rarely published in any academic journals prior to dissertation hand in, questions apply more to funded research for journal articles etc. "
"150","17/03/2022 04:28","17/03/2022 07:42","0","100","11658","1","17/03/2022 07:42","R_W7CBSnoCLXyYd2x","anonymous","EN","1","","UNI10","","","","","","1st Year","","","","","2","4","1","3","3","3","2","4","4","3","3","5","2","4","3","5","4","1","1","1","1","1","1","1","1","1","1","0","0","0","0","0","0","2","4","3","3","5","3","1","4","1","1","Not being able to reproduce studies","1","3","1",""
"151","17/03/2022 08:41","17/03/2022 09:10","0","100","1738","1","17/03/2022 09:10","R_3rM41pPqcQx2VP5","anonymous","EN","1","","UNI10","","","","","","1st Year","","","","","2","4","2","3","2","2","2","4","4","2","2","5","4","5","4","2","4","1","1","1","","","","","1","0","0","1","0","0","0","0","0","2","4","4","2","5","2","3","4","1","1","other researchers using results from the orginal researcher and creating different results that prove the orginal is incorrect","1","3","1",""
"152","17/03/2022 05:01","18/03/2022 09:16","0","100","101717","1","18/03/2022 09:16","R_3P7e4Hj7PQPtYNU","anonymous","EN","1","","UNI10","","","","","","3rd Year","","","","","2","4","2","3","2","4","2","3","4","4","4","4","1","4","3","3","4","1","1","1","1","","","1","1","1","1","1","1","0","0","1","0","2","3","4","3","4","3","2","3","2","","","3","3","1",""
"153","21/03/2022 04:45","21/03/2022 05:11","0","100","1526","1","21/03/2022 05:11","R_TjVc0O0r9GT92w1","anonymous","EN","1","","UNI10","","","","","","1st Year","","","","","3","4","2","5","2","5","1","5","2","5","1","2","1","3","2","4","2","1","1","1","1","1","1","1","1","0","0","0","0","0","0","0","0","5","1","5","4","1","5","3","4","2","","","2","3","3",""
"154","21/03/2022 05:04","21/03/2022 06:06","0","100","3688","1","21/03/2022 06:06","R_21mO5sC7aJtR4NZ","anonymous","EN","1","","UNI10","","","","","","3rd Year","","","","","2","5","2","4","1","5","1","5","4","5","2","4","2","4","2","2","4","1","1","1","1","1","1","1","1","1","0","1","1","0","0","1","1","1","2","2","4","2","4","2","4","1","1","the belief that if results cannot be replicated the original study is wrong ","1","2","1",""
"155","17/03/2022 04:28","17/03/2022 04:39","0","64","645","0","24/03/2022 04:39","R_2tMurF5hWTfWzdb","anonymous","EN","1","","UNI10","","","","","","1st Year","","","","","2","5","1","4","3","4","2","4","3","5","2","4","1","5","4","3","5","1","1","1","1","1","1","1","1","0","0","0","0","0","0","0","0","5","1","5","5","5","2","2","3","1","3","Studies are becoming increasingly difficult to replicate ","2","2","2",""
"156","17/03/2022 04:21","17/03/2022 04:43","0","86","1322","0","24/03/2022 04:43","R_3iwZtDu1SGPlZXR","anonymous","EN","1","","UNI10","","","","","","3rd Year","","","","","2","4","2","5","1","4","1","3","4","2","2","5","1","2","1","2","4","1","1","1","1","1","1","1","1","0","0","1","1","0","0","1","0","5","1","5","3","4","3","2","3","1","2","Not sure but I think itÇƒÙs about the lack of ability to reproduce due to a lack of information provided by the original researchers ","2","2","1",""
"157","17/03/2022 04:45","17/03/2022 04:49","0","11","217","0","24/03/2022 04:49","R_UnFoBrC0rfs4Iy5","anonymous","EN","1","","UNI10","","","","","","0","","","","","2","","","","","","","","","","","","","","","","","1","","1","1","1","","1","1","0","0","0","0","0","0","0","0","","","","","","","","","","","","","","",""
"158","17/03/2022 05:04","17/03/2022 05:29","0","8","1527","0","24/03/2022 05:29","R_3jcAEzftODXZ3gF","anonymous","EN","1","","UNI10","","","","","","0","","","","","2","","","","","","","","","","","","","","","","","","","","","","","","","0","0","0","0","0","0","0","0","","","","","","","","","","","","","","",""
"159","18/03/2022 09:09","18/03/2022 09:43","0","100","2020","1","18/03/2022 09:43","R_W8o594RnSRM2ZG1","anonymous","EN","1","","UNI10","","","","","","2nd Year","","","","","2","4","1","4","2","4","2","4","4","3","3","2","2","4","4","2","5","","","","","","","","","0","0","0","0","0","0","0","0","4","2","2","4","4","2","4","4","1","3","Studies that cant be replicated because data is not made available","3","3","1",""
"160","17/03/2022 05:43","17/03/2022 05:44","0","10","87","0","24/03/2022 05:44","R_WizH2ivPuwz6sFj","anonymous","EN","1","","UNI10","","","","","","0","","","","","2","","","","","","","","","","","","","","","","","1","","1","","1","","1","1","0","0","0","0","0","0","0","0","","","","","","","","","","","","","","",""
"161","19/03/2022 00:27","19/03/2022 00:46","0","79","1159","0","26/03/2022 00:46","R_2DMKXVaXwr6gtPD","anonymous","EN","1","","UNI10","","","","","","2nd Year","","","","","2","4","2","4","2","5","2","5","1","5","2","5","2","3","3","2","5","1","1","1","1","","1","1","1","0","0","1","0","0","0","0","0","4","2","5","4","3","4","2","3","2","","","3","2","1",""
"162","09/03/2022 10:10","09/03/2022 10:23","0","100","769","1","09/03/2022 10:23","R_3mlxwRHdVJG0Pql","anonymous","EN","1","","UNI14","","","","","","1st Year","","","","","2","5","1","5","1","4","2","5","5","5","1","5","1","3","5","1","5","1","1","1","","","1","","1","0","0","1","0","0","1","0","0","5","1","5","3","5","5","3","5","2","","","2","2","3",""
"163","09/03/2022 07:31","09/03/2022 08:01","0","81","1802","0","16/03/2022 09:01","R_3qOvMDenYPj3Q9q","anonymous","EN","1","","UNI14","","","","","","2nd Year","","","","","2","4","4","3","2","4","2","5","1","4","1","4","1","3","2","2","4","","","1","","","","1","1","0","0","0","0","0","0","0","0","5","5","2","4","4","4","2","4","1","1","A replica of a study","3","3","1",""
"164","03/03/2022 08:35","03/03/2022 09:13","0","100","2299","1","03/03/2022 09:13","R_ONiwbBce1qzGaqt","anonymous","EN","1","","UNI77","","","","","","1st Year","","","","","2","5","2","4","2","4","3","4","3","4","4","5","2","3","4","2","5","1","1","1","1","1","1","1","0","0","0","1","0","0","0","0","1","5","1","4","5","4","1","1","3","2","","","3","3","1",""
"165","03/03/2022 17:22","03/03/2022 17:52","0","100","1800","1","03/03/2022 17:52","R_vNN2cOFnykISyXf","anonymous","EN","1","","UNI77","","","","","","1st Year","","","","","2","4","2","3","4","4","3","4","2","5","4","4","2","4","4","2","4","1","1","1","","","1","1","1","1","1","1","0","0","1","1","1","4","4","3","4","5","3","3","3","2","","","1","3","1",""
"166","02/03/2022 08:07","02/03/2022 08:21","0","40","833","0","09/03/2022 08:21","R_2YzFuCY5Bgef0sl","anonymous","EN","1","","UNI77","","","","","","0","","","","","2","5","1","5","1","4","2","5","2","4","2","5","2","5","2","2","5","1","1","1","1","1","1","1","1","1","1","1","0","0","1","0","1","5","2","5","4","5","3","5","4","","","","","","",""
"167","02/03/2022 08:01","02/03/2022 08:29","0","89","1672","0","09/03/2022 08:29","R_11dLYaILzQ9hKIM","anonymous","EN","1","","UNI77","","","","","","2nd Year","","","","","2","3","2","4","1","3","2","5","3","5","3","2","1","3","3","3","3","1","1","1","1","1","1","1","1","0","0","0","0","0","0","0","0","5","2","4","3","3","4","3","3","2","","","3","2","1","Struggled with some of the terminology, perhaps this is worded differently than what I am taught...or perhaps I'm even worse at stats than I thought."
"168","02/03/2022 07:58","02/03/2022 08:46","0","87","2903","0","09/03/2022 08:46","R_31T9Q3paTckPsV0","anonymous","EN","1","","UNI77","","","","","","1st Year","","","","","2","5","1","5","1","5","1","3","4","5","3","4","2","4","3","2","5","","","","","","","","1","0","0","0","0","0","0","0","0","5","2","3","5","5","1","1","5","2","","","3","3","1",""
"169","02/03/2022 08:45","02/03/2022 09:04","0","83","1175","0","09/03/2022 09:04","R_1GEyuUr2EFw5tZZ","anonymous","EN","1","","UNI77","","","","","","3rd Year","","","","","2","5","2","4","2","4","3","4","2","4","2","2","2","3","4","3","3","","1","1","","","1","1","1","0","0","1","0","0","1","1","0","4","2","4","4","4","2","4","3","2","","","2","2","1",""
"170","02/03/2022 11:09","02/03/2022 11:20","0","29","646","0","09/03/2022 11:20","R_bpyG8k6S1YjPpMl","anonymous","EN","1","","UNI77","","","","","","0","","","","","2","4","2","5","3","5","2","5","2","4","2","4","2","2","2","2","5","1","1","1","","","","","1","1","1","1","1","0","0","0","1","4","2","5","3","5","2","4","5","","","","","","",""
"171","02/03/2022 12:06","02/03/2022 12:23","0","8","998","0","09/03/2022 12:23","R_2bQt5OTCKmRMrF3","anonymous","EN","1","","UNI77","","","","","","0","","","","","1","","","","","","","","","","","","","","","","","","","","","","","","","0","0","0","0","0","0","0","0","","","","","","","","","","","","","","",""
"172","02/03/2022 17:55","02/03/2022 18:05","0","25","586","0","09/03/2022 18:05","R_1CwqosrVdgVIhbv","anonymous","EN","1","","UNI77","","","","","","0","","","","","1","4","2","4","4","4","2","4","2","5","4","4","5","4","5","2","5","1","1","1","1","1","1","1","1","0","0","0","0","1","1","0","0","4","2","4","2","4","2","5","5","","","","","","",""
"173","02/03/2022 17:48","02/03/2022 18:06","0","26","1055","0","09/03/2022 18:06","R_3EFia0Wdn8aNDNH","anonymous","EN","1","","UNI77","","","","","","0","","","","","2","4","2","4","3","3","4","2","3","3","3","1","2","4","3","1","5","","","","","","","","","0","0","0","0","0","0","0","0","3","2","2","4","5","4","5","4","","","","","","",""
"174","03/03/2022 02:58","03/03/2022 03:00","0","10","128","0","10/03/2022 03:00","R_2TBpxZc3l20aJbt","anonymous","EN","1","","UNI77","","","","","","0","","","","","2","","","","","","","","","","","","","","","","","1","1","1","1","1","1","1","1","0","0","0","0","0","0","0","1","","","","","","","","","","","","","","",""
"175","13/03/2022 06:25","13/03/2022 06:43","0","53","1057","0","20/03/2022 06:43","R_1hBkExk4SnMhaL9","anonymous","EN","1","","UNI77","","","","","","0","","","","","1","4","2","4","1","5","1","4","1","4","2","4","1","3","4","1","4","","","1","","","","","","0","0","1","0","0","0","0","0","5","1","2","5","4","4","2","5","2","","","2","2","3",""
"176","07/03/2022 05:49","07/03/2022 06:38","0","100","2939","1","07/03/2022 06:38","R_DugKkCdJjs1alaN","anonymous","EN","1","","UNI77","","","","","","1st Year","","","","","2","4","2","4","1","4","3","3","3","3","2","4","2","3","3","2","3","1","1","1","","","","","1","0","0","0","0","0","0","0","0","4","2","4","4","4","2","4","3","3","","","3","3","1",""
"177","02/03/2022 08:39","02/03/2022 08:49","0","13","596","0","09/03/2022 08:49","R_1Ft9zAM7bWcA3dH","anonymous","EN","1","","UNI77","","","","","","0","","","","","2","2","2","3","3","3","3","3","3","3","3","3","3","3","3","3","3","","","","","","","","","0","0","0","0","0","0","0","0","","","","","","","","","","","","","","",""
"178","07/03/2022 06:59","07/03/2022 08:57","0","100","7070","1","07/03/2022 08:57","R_W9dYcoRBtSsSXPr","anonymous","EN","1","","UNI01","","","","","","1st Year","","","","","2","4","2","3","2","5","1","5","3","4","3","4","2","3","4","3","3","1","1","1","1","1","1","1","1","0","0","0","0","0","1","1","0","2","3","4","2","4","3","2","4","3","","","1","1","1",""
"179","07/03/2022 14:01","07/03/2022 14:39","0","100","2275","1","07/03/2022 14:39","R_1ifUtaneA5BgMlo","anonymous","EN","1","","UNI01","","","","","","1st Year","","","","","2","5","1","5","1","3","1","5","1","5","1","3","1","3","3","1","1","1","","","","","","","","0","0","0","0","0","0","0","0","5","2","4","2","3","3","2","4","2","","","2","3","3",""
"180","08/03/2022 14:28","08/03/2022 14:48","0","63","1222","0","15/03/2022 15:48","R_ZJLMAfQyx6WlCXn","qr","EN","1","","UNI01","","","","","","2nd Year","","","","","2","5","2","5","3","3","2","5","1","4","4","4","4","4","3","1","5","1","1","1","","","1","","1","1","1","1","0","0","1","0","1","3","2","5","2","4","3","4","4","1","1","Difficult to replicate studies","3","3","1",""
"181","17/03/2022 04:23","17/03/2022 05:06","0","100","2623","1","17/03/2022 05:06","R_urIw0sDWM0hjWBr","anonymous","EN","1","","UNI78","","","","","","2nd Year","","","","","2","5","1","4","1","3","2","2","4","3","2","4","1","4","1","3","4","1","1","1","1","1","","1","1","1","0","1","1","1","0","0","0","4","2","5","2","4","5","1","4","1","1","Concern for findings, experiments and conclusions not being replicated and worry for the different reasons and what it means for conducting science","1","1","1","Thank you. I think these issues are somehow important even on the UG level, but mostly for anyone who wants to call themselves educated. Yet there's should be ways of communicating this to the general public sensibly"
"182","13/03/2022 05:36","13/03/2022 05:55","0","10","1175","0","20/03/2022 05:55","R_1LIffKGK2YM3ZLP","anonymous","EN","1","","UNI82","","","","","","0","","","","","2","","","","","","","","","","","","","","","","","","","","","","","","","0","0","0","0","0","0","0","0","","","","","","","","","1","","","","","",""
"183","21/03/2022 04:01","21/03/2022 04:47","0","100","2779","1","21/03/2022 04:47","R_1jrYTbbMa9QL9CH","anonymous","EN","1","","UNI82","","","","","","3rd Year","","","","","1","5","2","5","1","5","1","5","2","4","1","5","2","4","3","3","4","1","1","1","1","","","1","1","0","0","1","1","0","0","1","1","4","1","5","2","3","4","1","4","1","1","Many research findings have proven difficult to replicate","3","1","1","I think there should be an effort to make sure we understand this"
"184","15/03/2022 11:53","15/03/2022 12:35","0","100","2551","1","15/03/2022 12:35","R_264oFrT8dvrzv7y","anonymous","EN","1","","UNI52","","","","","","1st Year","","","","","1","4","2","3","2","4","2","4","2","4","2","5","2","2","4","2","4","1","1","1","1","1","1","1","1","0","0","0","0","1","1","1","0","4","3","4","4","4","4","2","3","1","1","Studies are too hard to replicate","3","1","1",""
"185","15/03/2022 12:25","15/03/2022 12:47","0","100","1336","1","15/03/2022 12:47","R_cBBOk3mob1hlGrT","anonymous","EN","1","","UNI52","","","","","","3rd Year","","","","","2","4","1","5","4","3","4","4","1","4","2","5","1","3","1","4","5","1","1","1","1","1","1","1","1","1","1","0","1","1","0","1","1","4","2","5","5","5","1","4","3","2","","","3","1","1",""
"186","15/03/2022 11:57","15/03/2022 12:59","0","100","3765","1","15/03/2022 12:59","R_2qeCQd4lwrRw7mB","anonymous","EN","1","","UNI52","","","","","","2nd Year","","","","","2","4","3","4","4","2","2","2","4","4","4","4","2","4","2","3","3","1","1","1","","","1","","1","1","1","0","0","0","0","0","1","4","4","3","4","3","4","4","3","1","1","Where studies are challenging/impossible to reproduce","1","1","1",""
"187","15/03/2022 13:12","15/03/2022 14:01","0","100","2919","1","15/03/2022 14:01","R_3wRzJxainFslIJz","anonymous","EN","1","","UNI52","","","","","","1st Year","","","","","2","5","2","5","5","5","3","5","1","3","3","2","2","3","2","4","2","1","1","1","1","1","1","1","1","0","1","0","0","0","0","0","0","5","2","5","4","5","5","5","4","1","1","Issue that many studies in psychology are never repeated.","3","1","1",""
"188","15/03/2022 12:18","15/03/2022 14:21","0","100","7380","1","15/03/2022 14:21","R_sOra5b4aSMXSZJn","anonymous","EN","1","","UNI52","","","","","","3rd Year","","","","","2","5","1","5","1","5","1","5","1","5","1","5","1","5","1","4","3","1","1","1","1","","1","1","1","0","0","1","1","0","1","0","0","5","1","5","1","5","5","1","5","1","1","It is very difficult to replicate scientific studies as the original reports often failed to include all the relevant information or changed details after the fact without reporting them","1","1","1",""
"189","15/03/2022 17:39","15/03/2022 17:56","0","100","1058","1","15/03/2022 17:56","R_1dn2C8H9z4RR3LD","anonymous","EN","1","","UNI52","","","","","","2nd Year","","","","","2","4","2","4","2","4","1","1","1","4","1","3","3","3","3","3","3","1","1","1","1","1","1","1","1","0","0","0","0","0","0","0","0","3","5","4","4","3","3","3","3","2","","","1","1","1",""
"190","20/03/2022 18:44","20/03/2022 19:15","0","100","1860","1","20/03/2022 19:15","R_6g6cxu0ruIsgGJz","anonymous","EN","1","","UNI52","","","","","","3rd Year","","","","","2","5","1","4","1","4","2","4","2","4","2","2","2","2","2","2","4","1","1","1","1","1","1","1","1","1","1","0","1","1","1","1","0","4","1","4","5","3","4","4","4","2","","","2","2","1",""
"191","15/03/2022 12:07","15/03/2022 12:08","0","8","50","0","22/03/2022 12:08","R_3luANrRv3qXmaKJ","anonymous","EN","1","","UNI52","","","","","","0","","","","","2","","","","","","","","","","","","","","","","","","","","","","","","","0","0","0","0","0","0","0","0","","","","","","","","","","","","","","",""
"192","15/03/2022 12:55","15/03/2022 13:19","0","75","1460","0","22/03/2022 13:19","R_3dY4cAjJRy1FmyO","anonymous","EN","1","","UNI52","","","","","","1st Year","","","","","2","5","1","4","2","4","2","5","1","5","1","1","1","4","4","2","4","1","1","1","1","1","1","1","1","0","1","0","1","1","0","0","0","5","1","5","5","2","4","2","2","1","1","continuing a study until the desired result is obtained","2","1","1",""
"193","15/03/2022 12:15","15/03/2022 13:29","0","36","4402","0","22/03/2022 13:29","R_2thbMVU34L7kegz","anonymous","EN","1","","UNI52","","","","","","0","","","","","2","5","2","3","3","5","3","5","2","5","5","2","2","3","5","3","3","1","","1","","","1","","","0","0","1","0","0","0","0","0","4","2","1","3","4","3","4","3","2","","","1","3","1",""
"194","15/03/2022 12:21","15/03/2022 16:01","0","8","13256","0","22/03/2022 16:01","R_1dKpwKTll7aW7Zp","anonymous","EN","1","","UNI52","","","","","","0","","","","","2","","","","","","","","","","","","","","","","","","","","","","","","","0","0","0","0","0","0","0","0","","","","","","","","","","","","","","",""
"195","16/03/2022 08:31","16/03/2022 08:48","0","53","1042","0","23/03/2022 08:48","R_2zTGYVp2eiEZZcV","anonymous","EN","1","","UNI52","","","","","","0","","","","","2","5","2","4","3","4","2","5","2","5","3","4","2","3","4","3","2","1","","1","1","","1","","1","0","0","1","1","0","1","0","0","4","3","5","4","2","4","2","3","1","1","where studies are struggling to be replicated properly to prove reliability as people are doing things like falsifying data","1","1","1",""
"196","08/03/2022 00:56","08/03/2022 01:26","0","100","1791","1","08/03/2022 01:26","R_PwyLe31N98Ck47L","anonymous","EN","1","","UNI79","","","","","","2nd Year","","","","","2","5","1","3","1","5","3","3","3","5","1","4","1","4","1","1","5","1","","1","","","","","","0","0","1","0","0","0","0","0","5","2","5","4","5","1","3","3","3","","","2","2","1",""
"197","07/03/2022 13:55","07/03/2022 14:56","0","100","3662","1","07/03/2022 14:56","R_1rCC9QZwCRPsZ9e","anonymous","EN","1","","UNI79","","","","","","1st Year","","","","","1","4","2","4","2","4","2","5","4","4","2","3","2","3","2","3","4","1","1","1","1","1","1","1","1","0","0","1","0","0","1","0","0","2","3","4","3","4","4","2","4","2","","","3","3","1",""
"198","08/03/2022 02:26","08/03/2022 03:05","0","100","2310","1","08/03/2022 03:05","R_1KdmUvfiYCRZ5D9","anonymous","EN","1","","UNI79","","","","","","1st Year","","","","","2","5","1","5","4","5","3","5","2","5","3","5","2","3","5","2","4","1","1","1","1","1","1","1","1","0","0","0","1","0","0","1","0","5","2","4","4","5","4","3","4","2","","","2","2","1","I am only in my second semester, so IÇƒÙm thinking that year 3 students probably have a lot more knowledge and I donÇƒÙt know if my answers would indicate something about the way of teaching in my school. I would know much more if I had studied for a longer period of time. "
"199","08/03/2022 08:18","08/03/2022 08:45","0","100","1653","1","08/03/2022 08:45","R_2fvzPkxfX1LJXLo","anonymous","EN","1","","UNI79","","","","","","2nd Year","","","","","1","5","1","4","2","5","2","5","1","5","1","5","2","4","1","2","5","1","","1","","1","1","","1","1","0","1","0","1","1","0","1","4","4","5","2","4","4","1","4","1","3","Some studies cannot be tested","2","3","3",""
"200","08/03/2022 08:27","08/03/2022 08:48","0","100","1287","1","08/03/2022 08:48","R_cTMEfpP5tPNRIJj","anonymous","EN","1","","UNI79","","","","","","2nd Year","","","","","2","4","4","2","5","2","5","4","2","4","3","5","3","2","2","1","5","1","1","1","1","1","1","1","1","0","0","0","1","1","0","1","0","1","3","3","5","4","2","2","2","3","","","3","3","1",""
"201","08/03/2022 08:18","08/03/2022 09:17","0","100","3528","1","08/03/2022 09:17","R_3EsBbAr1XQIbnjx","anonymous","EN","1","","UNI79","","","","","","3rd Year","","","","","2","4","2","5","1","5","2","5","1","5","1","4","1","4","3","2","4","1","1","1","","1","1","1","1","0","0","0","0","0","0","0","0","4","2","5","4","3","4","2","4","1","2","methodological issue where replciations don't produce the same result as original study","2","2","1","This was very heavily quant-focussed. Some things like adding additional participants for ex is not so problematic for a qual study."
"202","08/03/2022 08:19","08/03/2022 11:18","0","100","10735","1","08/03/2022 11:18","R_33DZM8ItmoFUEeg","anonymous","EN","1","","UNI79","","","","","","1st Year","","","","","2","5","1","5","5","5","5","5","5","1","5","4","1","2","5","1","1","","","","","","","1","1","0","0","0","0","0","0","0","0","5","5","1","5","1","1","4","4","1","1","Difficulty to replicate some scientific studies","3","3","1",""
"203","07/03/2022 13:17","07/03/2022 13:35","0","10","1104","0","14/03/2022 14:35","R_2OZsrw50ybPDCKN","anonymous","EN","1","","UNI79","","","","","","0","","","","","2","","","","","","","","","","","","","","","","","","","","","","","","","0","0","0","0","0","0","0","0","","","","","","","","","3","","","","","",""
"204","08/03/2022 06:23","08/03/2022 06:26","0","19","152","0","15/03/2022 07:26","R_3iL4yS8820K57Qh","anonymous","EN","1","","UNI79","","","","","","0","","","","","2","","","","","","","","","","","","","","","","","","1","1","","","1","","1","0","1","1","0","0","1","0","0","","","","","","","","","2","","","2","2","2",""
"205","08/03/2022 07:51","08/03/2022 08:08","0","63","1066","0","15/03/2022 09:08","R_3qQgn8gK4PlcbgM","anonymous","EN","1","","UNI79","","","","","","0","","","","","2","4","2","4","1","4","1","4","3","4","1","4","1","4","2","2","3","1","","1","","","1","","1","0","0","1","0","0","0","0","1","4","2","4","2","5","4","2","3","2","","","2","2","1",""
"206","08/03/2022 08:17","08/03/2022 08:26","0","36","516","0","15/03/2022 09:26","R_1CJbly3NdB5rMBH","anonymous","EN","1","","UNI79","","","","","","0","","","","","2","4","3","4","2","3","1","5","1","4","4","4","1","4","3","2","3","","","1","1","","1","","1","0","0","1","1","0","1","0","0","4","4","2","4","4","4","4","3","1","1","difficult or impossible to reproduce ","2","2","1","There is a ton of information to be taught to students but information is given on lecture slides without helping us to comprehend or understand and it normally puts us off doing Research Methods "
"207","08/03/2022 08:18","08/03/2022 08:37","0","79","1161","0","15/03/2022 09:37","R_V53g2Zgv66zGTuN","anonymous","EN","1","","UNI79","","","","","","1st Year","","","","","4","4","2","4","2","4","4","4","2","2","4","4","2","4","4","2","4","1","1","1","1","1","1","1","1","0","0","0","0","1","0","0","1","4","4","1","5","5","2","4","4","2","","","2","3","3",""
"208","08/03/2022 11:00","08/03/2022 11:09","0","61","536","0","15/03/2022 12:09","R_12r9B5tOB5VvMnV","anonymous","EN","1","","UNI79","","","","","","2nd Year","","","","","2","4","2","4","2","3","3","4","2","4","3","4","2","3","3","2","4","","","1","1","","1","","1","0","0","0","0","0","0","0","0","2","2","4","4","5","2","2","3","1","1","Scientific studies that are hard to replicate","3","2","1",""
"209","08/03/2022 08:18","08/03/2022 08:34","0","88","973","0","15/03/2022 09:34","R_2zP8Pyq1VrJszZO","anonymous","EN","1","","UNI79","","","","","","3rd Year","","","","","2","4","1","4","4","2","3","4","3","4","4","4","1","3","1","2","4","","","","","","","","1","0","0","0","0","0","0","0","0","4","2","3","4","3","2","2","3","2","","","2","3","1",""
"210","09/03/2022 09:40","09/03/2022 09:43","0","10","174","0","16/03/2022 10:43","R_1FLmA8l50wrPVtN","anonymous","EN","1","","UNI79","","","","","","0","","","","","2","","","","","","","","","","","","","","","","","1","1","1","1","1","1","1","1","0","0","1","0","0","0","0","0","","","","","","","","","","","","","","",""
"211","09/03/2022 04:04","09/03/2022 05:13","0","100","4189","1","09/03/2022 05:13","R_12LOqSui1anY0DA","anonymous","EN","1","","UNI79","","","","","","2nd Year","","","","","2","4","2","4","3","4","3","5","2","4","3","4","2","4","4","2","4","1","","1","","","1","","1","0","0","0","0","0","0","0","0","4","3","5","4","4","2","2","4","2","","","3","2","1",""
"212","09/03/2022 03:15","09/03/2022 03:25","0","51","632","0","16/03/2022 04:25","R_3MbrF7sUprUbl18","anonymous","EN","1","","UNI79","","","","","","0","","","","","2","5","2","4","3","3","2","5","2","4","3","2","1","3","3","3","3","1","1","1","1","1","1","1","1","0","0","1","0","0","0","0","0","3","3","4","2","4","4","3","3","2","","","2","3","3",""
"213","08/03/2022 13:52","08/03/2022 14:23","0","100","1832","1","08/03/2022 14:23","R_2461NuRDjqrtf8X","anonymous","EN","1","","UNI79","","","","","","3rd Year","","","","","2","4","2","2","4","2","2","4","2","4","2","4","2","4","2","2","4","1","1","1","1","1","1","1","1","0","0","0","0","0","0","0","1","4","2","3","4","5","2","3","3","2","","","2","2","2",""
"214","08/03/2022 08:17","08/03/2022 08:32","0","53","911","0","15/03/2022 09:32","R_3QXIvonwchIAVM1","anonymous","EN","1","","UNI79","","","","","","0","","","","","2","5","2","5","2","3","3","5","1","5","1","4","2","4","5","3","4","1","1","1","1","1","1","1","1","0","0","1","0","0","1","0","1","2","4","5","3","4","4","3","4","2","","","2","2","1",""
"215","10/03/2022 08:15","10/03/2022 08:48","0","100","1958","1","10/03/2022 08:48","R_ZBQO3c4Y6bESBJ7","anonymous","EN","1","","UNI19","","","","","","1st Year","","","","","1","5","2","4","3","4","2","5","2","4","2","4","2","4","3","2","4","","1","","","","1","","1","0","0","0","0","0","0","0","0","4","2","4","2","2","4","1","4","1","3","An issue with the inability to replicate research within the field of psychology ","2","3","1",""
"216","12/03/2022 10:22","12/03/2022 10:43","0","100","1269","1","12/03/2022 10:43","R_2uwBmY4rRj5mfqH","anonymous","EN","1","","UNI19","","","","","","1st Year","","","","","2","4","2","3","3","3","3","4","4","4","3","4","3","4","4","3","3","1","1","1","1","1","1","1","1","0","0","0","0","0","0","0","0","3","2","4","4","3","4","1","3","2","","","2","3","1",""
"217","12/03/2022 10:55","12/03/2022 11:33","0","100","2289","1","12/03/2022 11:33","R_Q3zkiCrrZcBzdbr","anonymous","EN","1","","UNI19","","","","","","1st Year","","","","","2","5","1","5","5","4","3","3","5","4","4","5","1","5","5","5","2","1","1","1","1","","","","1","0","0","0","0","0","0","0","0","2","4","5","2","5","4","1","3","1","1","The issue where research is difficult to replicate, leading to poor validity","2","3","2",""
"218","12/03/2022 11:11","12/03/2022 11:50","0","100","2363","1","12/03/2022 11:50","R_3n2fwSQ6QGFhD58","anonymous","EN","1","","UNI19","","","","","","1st Year","","","","","2","2","2","1","2","2","4","2","4","1","2","4","1","3","3","2","4","1","1","1","1","1","1","1","1","0","0","0","0","0","0","0","0","4","5","2","5","4","3","1","3","1","1","the difficulty of replicating studies","2","3","1","n/a"
"219","13/03/2022 08:45","13/03/2022 09:39","0","100","3234","1","13/03/2022 09:39","R_dbaB3QZSM5NrBKx","anonymous","EN","1","","UNI19","","","","","","1st Year","","","","","1","5","1","5","1","5","1","4","4","4","1","5","1","5","5","1","5","1","","1","1","","","","1","0","0","0","0","0","0","0","0","4","2","4","2","5","1","1","3","1","1","If a study is repeated and does not garner the same results this leads to doubts of its reliability, the results should be replicated each time the study is carried out","3","2","1",""
"220","14/03/2022 08:57","14/03/2022 09:18","0","100","1239","1","14/03/2022 09:18","R_Ray3aDy4lBdHZPb","anonymous","EN","1","","UNI19","","","","","","1st Year","","","","","2","4","2","4","4","4","2","5","2","4","2","4","2","4","4","2","4","","1","1","","1","1","1","1","0","1","1","0","1","1","0","1","4","2","4","4","4","4","2","2","2","","","2","3","1",""
"221","20/03/2022 08:03","20/03/2022 08:24","0","100","1222","1","20/03/2022 08:24","R_2DUpd9FM4COp5im","anonymous","EN","1","","UNI19","","","","","","1st Year","","","","","2","4","2","4","2","3","3","2","3","3","2","4","2","2","2","1","5","1","1","1","1","1","1","1","1","0","0","1","0","0","0","0","1","4","2","1","5","3","4","2","4","2","","","1","3","1",""
"222","20/03/2022 11:34","20/03/2022 12:03","0","100","1752","1","20/03/2022 12:03","R_bI3vMhfBDs5t80F","anonymous","EN","1","","UNI19","","","","","","1st Year","","","","","2","5","2","3","2","4","2","3","1","3","2","5","2","3","2","2","4","1","1","1","1","1","1","1","1","0","0","0","1","0","1","0","0","4","3","2","5","4","3","2","3","2","","","3","3","1",""
"223","22/03/2022 10:22","22/03/2022 11:37","0","100","4451","1","22/03/2022 11:37","R_12DWz1tdhGigDbY","anonymous","EN","1","","UNI19","","","","","","1st Year","","","","","1","4","1","4","2","3","2","3","3","4","2","4","1","4","4","2","3","1","1","1","","","1","","1","0","0","1","0","0","1","0","1","4","2","4","4","3","4","4","4","1","1","due to the individual variance in people study results are hard to replicate. ","2","3","3",""
"224","24/03/2022 04:39","24/03/2022 05:20","0","100","2477","1","24/03/2022 05:20","R_uravxGFFHeHskwh","anonymous","EN","1","","UNI19","","","","","","1st Year","","","","","1","5","2","5","1","5","1","3","5","3","1","3","1","4","4","3","3","1","1","1","","1","1","","1","0","0","0","0","0","0","0","0","4","1","1","5","4","3","1","3","2","","","2","2","1",""
"225","19/03/2022 12:12","19/03/2022 12:15","0","24","197","0","26/03/2022 12:15","R_2t3X6XLg9syLtiN","anonymous","EN","1","","UNI19","","","","","","0","","","","","4","3","3","3","3","3","2","3","1","1","5","3","3","1","4","4","1","","","","","","","","","0","0","0","0","0","0","0","0","1","3","5","2","4","2","1","5","","","","","","",""
"226","28/03/2022 06:55","28/03/2022 07:26","0","100","1858","1","28/03/2022 07:26","R_3kC9w8nC69oK0V1","anonymous","EN","1","","UNI19","","","","","","1st Year","","","","","3","4","2","3","2","4","3","5","2","5","1","5","1","5","2","2","3","1","1","1","1","","1","1","1","0","0","1","0","0","1","0","0","3","3","4","3","4","2","1","5","1","1","many old studies have been found to be very difficult to replicate","1","1","1",""
"227","28/03/2022 08:34","28/03/2022 09:44","0","100","4189","1","28/03/2022 09:44","R_CmpRyOBrPiVrMRz","anonymous","EN","1","","UNI19","","","","","","1st Year","","","","","2","4","2","4","2","3","3","5","2","4","2","5","2","3","4","3","3","1","1","1","","","","","1","0","0","0","0","0","0","0","1","4","2","3","4","4","3","2","3","3","","","1","3","1",""
"228","28/03/2022 10:10","28/03/2022 10:55","0","100","2684","1","28/03/2022 10:55","R_3OfbX5LwPIFCKPy","anonymous","EN","1","","UNI19","","","","","","1st Year","","","","","1","2","2","3","2","3","2","4","3","4","2","4","2","4","2","3","3","1","1","1","","","1","","1","0","0","1","0","0","1","0","0","4","3","4","2","4","4","2","4","1","2","Where the findings of certain studies are hard to replicate ","3","2","1",""
"229","28/03/2022 15:06","28/03/2022 15:26","0","100","1141","1","28/03/2022 15:26","R_2tupj7uAjSsA3th","anonymous","EN","1","","UNI19","","","","","","1st Year","","","","","2","5","2","4","2","4","2","4","2","4","2","3","2","4","2","4","4","1","","1","","1","1","","","0","0","1","0","0","1","0","0","4","2","1","3","4","4","3","4","2","","","2","3","1",""
"230","21/03/2022 12:18","21/03/2022 19:26","0","63","25708","0","28/03/2022 19:27","R_2mdrAvsAYu9B3jz","anonymous","EN","1","","UNI19","","","","","","0","","","","","2","1","2","5","2","4","3","4","2","5","2","5","1","4","4","2","4","1","","1","1","","1","","1","0","0","1","0","0","0","0","1","4","2","4","2","5","2","1","4","1","3","Being able to replicate a study to test reliability.","1","2","1",""
"231","29/03/2022 17:15","29/03/2022 18:00","0","100","2710","1","29/03/2022 18:00","R_2eUOJEGsjGXYVUg","anonymous","EN","1","","UNI19","","","","","","1st Year","","","","","2","4","2","4","2","4","2","5","2","5","1","5","3","4","4","3","4","1","1","1","1","1","1","1","1","0","0","1","0","0","0","0","1","4","3","4","3","3","4","2","4","1","1","When a paper using completely accepted experimental methods was published purporting to find evidence that people were capable of perceiving the future, which is impossible.","2","2","1",""
"232","31/03/2022 13:18","31/03/2022 15:48","0","100","8963","1","31/03/2022 15:48","R_1LGNlITB6EOHwLO","anonymous","EN","1","","UNI19","","","","","","1st Year","","","","","2","4","3","3","4","2","2","4","2","3","3","4","2","4","3","3","4","1","1","1","1","1","1","1","1","0","0","1","1","1","1","0","0","3","3","4","3","4","3","3","3","1","1","People were perceiving the future of their study and this is impossible ","2","3","1",""
"233","01/04/2022 08:11","01/04/2022 08:55","0","100","2653","1","01/04/2022 08:55","R_1GiPEUJC54tNmtb","anonymous","EN","1","","UNI19","","","","","","1st Year","","","","","1","4","2","4","2","3","4","4","4","4","2","2","2","1","4","2","4","1","1","1","1","","1","","1","0","0","0","0","0","0","0","0","4","2","4","5","4","4","3","4","2","","","1","1","1",""
"234","02/04/2022 11:52","02/04/2022 14:01","0","100","7762","1","02/04/2022 14:01","R_1q8qcmuWgdpnwSF","anonymous","EN","1","","UNI19","","","","","","1st Year","","","","","1","5","1","5","1","5","1","5","2","5","1","5","4","4","4","3","2","1","1","1","1","1","1","1","1","1","1","0","0","0","0","1","0","5","1","5","5","4","5","2","4","2","","","2","2","1",""
"235","02/04/2022 15:30","02/04/2022 16:05","0","100","2088","1","02/04/2022 16:05","R_1C7rQbCnfjwVtZD","anonymous","EN","1","","UNI19","","","","","","1st Year","","","","","2","5","3","4","3","3","2","3","4","3","3","3","1","4","3","2","5","1","1","1","1","1","1","1","1","0","0","0","0","0","0","0","1","4","3","5","3","4","4","2","3","3","","","3","2","1",""
"236","02/04/2022 18:07","02/04/2022 18:32","0","100","1535","1","02/04/2022 18:32","R_1FKdRny4CIBZbmS","anonymous","EN","1","","UNI19","","","","","","1st Year","","","","","2","4","2","4","3","4","3","5","2","4","2","5","1","4","4","2","5","1","1","1","1","1","1","","1","1","1","1","1","0","1","0","1","4","2","4","2","4","2","2","2","1","1","when researchers create conditions of an experiment which are hard to repeat in other circumstances ","3","3","1",""
"237","05/04/2022 04:41","05/04/2022 05:11","0","100","1784","1","05/04/2022 05:11","R_3jUU4Bujl3yiz8C","anonymous","EN","1","","UNI19","","","","","","1st Year","","","","","2","5","2","5","3","3","3","4","2","5","2","5","1","5","1","2","5","1","1","1","1","1","1","1","1","1","1","1","0","0","1","0","1","1","3","1","1","5","3","1","3","1","1","whether the findings of a study can be replicated and get similar results ","3","3","1",""
"238","01/04/2022 05:09","01/04/2022 05:14","0","11","286","0","08/04/2022 05:14","R_1pL30XxSSKO3qgv","anonymous","EN","1","","UNI19","","","","","","0","","","","","2","","","","","","","","","","","","","","","","","","","","","","","","","0","0","0","0","0","0","0","0","","","","","","","","","1","","","","","",""
"239","02/04/2022 10:31","02/04/2022 10:32","0","10","63","0","09/04/2022 10:32","R_1K1rxM0egKnXv0l","anonymous","EN","1","","UNI19","","","","","","0","","","","","2","","","","","","","","","","","","","","","","","","","","","","","","","0","0","0","0","0","0","0","0","","","","","","","","","2","","","","","",""
"240","09/04/2022 14:20","09/04/2022 14:32","0","100","699","1","09/04/2022 14:32","R_3Dnl27lSzV0s98t","anonymous","EN","1","","UNI19","","","","","","1st Year","","","","","1","2","4","4","1","4","4","4","4","4","4","3","4","3","4","3","3","1","1","1","1","1","1","1","1","0","0","1","1","1","1","1","1","5","2","5","3","2","4","3","4","2","","","3","2","1",""
"241","14/04/2022 04:09","14/04/2022 04:59","0","100","2992","1","14/04/2022 04:59","R_41He7OIkVoPtlYt","anonymous","EN","1","","UNI19","","","","","","1st Year","","","","","2","2","2","4","4","4","2","4","4","2","4","4","1","2","3","2","5","","","1","1","","1","","1","0","0","1","1","0","1","0","0","4","4","4","4","5","2","2","4","1","1","that many studies results cannot be replicated and therefore unreliable","2","3","1",""
"242","15/04/2022 10:30","15/04/2022 10:58","0","100","1652","1","15/04/2022 10:58","R_2yr9M1EKi975zKt","anonymous","EN","1","","UNI19","","","","","","1st Year","","","","","1","4","1","2","4","3","3","2","3","3","3","2","2","3","4","2","3","","1","1","1","1","","1","","0","1","1","1","0","0","0","0","4","3","1","3","4","2","3","3","2","","","2","3","3",""
"243","15/04/2022 14:39","15/04/2022 15:09","0","100","1839","1","15/04/2022 15:09","R_1ND5exEnbc8c6FZ","anonymous","EN","1","","UNI19","","","","","","1st Year","","","","","2","5","1","5","3","5","3","5","2","5","2","5","1","4","4","2","5","1","1","1","1","1","1","1","1","1","1","1","0","0","1","0","1","5","3","5","4","5","3","1","5","1","3","It is the idea that if results cannot be reproduced that they are incorrect. ","1","3","1","n/a"
"244","19/04/2022 03:18","19/04/2022 04:02","0","100","2682","1","19/04/2022 04:02","R_sIkad4kJxbPHgBj","anonymous","EN","1","","UNI19","","","","","","1st Year","","","","","2","4","2","2","3","3","2","4","2","3","3","4","1","2","2","1","4","1","","","","","","","1","1","0","0","0","0","0","0","0","2","5","2","2","4","4","2","2","3","","","3","3","2",""
"245","12/04/2022 03:41","12/04/2022 04:07","0","76","1563","0","19/04/2022 04:07","R_UtGm82nzbn1qz1n","anonymous","EN","1","","UNI19","","","","","","1st Year","","","","","2","5","1","5","1","5","2","5","2","5","1","3","2","3","4","3","3","1","1","1","1","1","1","","1","0","0","0","0","0","0","0","0","4","1","5","3","3","4","3","5","1","1","The belief that the results of studies cannot be replicated in other studies and therefore suggest the results of the studies arenÇƒÙt accurate","1","3","1",""
"246","20/04/2022 08:45","20/04/2022 09:05","0","100","1191","1","20/04/2022 09:05","R_33r3Gup3zzrUeOM","anonymous","EN","1","","UNI19","","","","","","1st Year","","","","","1","2","2","4","2","4","2","4","4","4","1","4","3","4","4","2","4","1","1","1","1","1","1","1","1","0","1","0","1","1","0","1","0","2","2","4","5","5","3","2","3","2","","","2","3","3",""
"247","20/04/2022 09:32","20/04/2022 10:11","0","100","2342","1","20/04/2022 10:11","R_25u6Ju1xwBls1pI","anonymous","EN","1","","UNI19","","","","","","1st Year","","","","","2","5","2","4","3","4","3","4","3","3","3","4","3","4","4","3","4","1","","1","1","1","1","","1","1","0","1","0","0","0","0","0","2","4","4","3","4","4","3","4","1","3","studies being impossible to accurately repeat","3","2","1",""
"248","21/04/2022 13:15","21/04/2022 14:16","0","100","3613","1","21/04/2022 14:16","R_3JbfvMIOEfCPtn3","anonymous","EN","1","","UNI19","","","","","","1st Year","","","","","2","5","3","4","2","4","3","4","2","5","2","5","1","3","1","2","4","1","1","1","1","1","1","1","1","0","1","0","1","0","0","1","0","4","2","4","2","4","4","1","5","2","","","2","2","1",""
"249","09/03/2022 06:27","09/03/2022 08:14","0","100","6462","1","09/03/2022 08:14","R_UMeDyyzz8i9ljoJ","anonymous","EN","1","","UNI83","","","","","","0","","","","","1","5","1","4","3","4","2","5","2","5","2","5","1","4","2","3","3","1","","1","1","","","","1","1","0","1","0","0","0","0","1","5","2","5","4","4","5","1","4","1","3","Although research has to be replicable, few replication studies get funded or made as they may seem to be less news-worthy. Some replications that have been made are also concerning as they then find either inconclusive results or results that go against the original research.","1","3","1","Both the replication crisis and open research has been mentioned by one lecturer once in passing, meaning that most that did not pay attention to that one time would have missed out on the valuable information."
"250","12/03/2022 04:11","12/03/2022 04:35","0","100","1450","1","12/03/2022 04:35","R_R3QheopWIH6kefT","anonymous","EN","1","","UNI83","","","","","","0","","","","","3","4","2","3","2","4","3","5","1","4","2","4","2","4","3","3","3","1","1","1","1","","1","","1","0","0","1","0","0","1","0","0","4","3","4","2","3","4","2","4","2","","","3","3","1",""
"251","09/03/2022 03:56","09/03/2022 04:44","0","36","2841","0","16/03/2022 05:47","R_1q9dZkGGNk9mwPg","anonymous","EN","1","","UNI83","","","","","","0","","","","","2","4","4","3","4","4","2","5","1","2","4","2","1","4","3","1","5","","","1","","1","","","1","0","0","1","0","0","0","0","1","4","3","2","2","1","1","4","3","1","1","The difficulty of repeating a study","2","2","1",""
"252","09/03/2022 14:11","09/03/2022 14:19","0","53","480","0","16/03/2022 15:19","R_1qXqdvwAX50M002","anonymous","EN","1","","UNI83","","","","","","0","","","","","2","5","2","5","2","5","2","5","5","5","1","5","1","3","4","2","5","1","1","1","1","1","1","1","1","0","0","0","0","0","0","0","1","4","2","4","4","4","3","3","4","2","","","2","3","1",""
"253","14/03/2022 09:42","14/03/2022 09:53","0","51","675","0","21/03/2022 09:53","R_24BHjZFt7hX1sDW","anonymous","EN","1","","UNI83","","","","","","0","","","","","2","5","2","4","2","4","2","5","4","4","2","5","2","4","4","2","5","1","1","1","1","1","1","1","1","0","0","1","0","1","1","0","1","1","4","5","4","5","4","1","1","2","","","2","2","1",""
"254","09/03/2022 06:37","09/03/2022 07:31","0","97","3227","0","16/03/2022 08:31","R_239W4j3SiS3t7hm","anonymous","EN","1","","UNI83","","","","","","0","","","","","2","5","1","4","1","5","3","4","3","5","1","2","1","3","4","2","3","","","","","","","","1","0","0","0","0","0","0","0","0","4","2","5","4","4","4","2","3","2","","","2","3","1",""
"255","10/03/2022 05:17","10/03/2022 05:18","0","8","46","0","17/03/2022 06:18","R_1LhDFzzzMzdb0pK","anonymous","EN","1","","UNI73","","","","","","0","","","","","1","","","","","","","","","","","","","","","","","","","","","","","","","0","0","0","0","0","0","0","0","","","","","","","","","","","","","","",""
"256","10/03/2022 05:11","10/03/2022 05:27","0","36","1004","0","17/03/2022 06:27","R_1MK9A5tP2SpAWX2","anonymous","EN","1","","UNI73","","","","","","0","","","","","2","5","2","5","2","4","2","4","2","4","4","4","2","4","2","2","4","1","1","1","1","1","1","1","1","0","0","0","0","0","0","0","0","4","4","2","4","4","2","2","2","2","","","2","2","1",""
"257","10/03/2022 05:37","10/03/2022 05:38","0","8","64","0","17/03/2022 06:38","R_1dFDISXJWbtfCdT","anonymous","EN","1","","UNI73","","","","","","0","","","","","2","","","","","","","","","","","","","","","","","","","","","","","","","0","0","0","0","0","0","0","0","","","","","","","","","","","","","","",""
"258","10/03/2022 05:36","10/03/2022 07:45","0","68","7713","0","17/03/2022 08:45","R_2tmRDbnDi85P8lw","anonymous","EN","1","","UNI73","","","","","","0","","","","","2","4","2","4","2","3","2","4","2","4","2","4","1","3","2","2","4","1","1","1","","","1","1","1","0","0","1","0","0","0","0","1","4","2","4","2","4","4","2","3","1","1","Results of classic studies are not replicable ","1","1","1",""
"259","11/03/2022 04:25","11/03/2022 04:43","0","75","1039","0","18/03/2022 05:43","R_2wp2DY3tkLPmo7u","anonymous","EN","1","","UNI73","","","","","","1st Year","","","","","2","5","2","3","2","2","2","4","2","4","2","3","2","3","4","2","2","","","","","","","","","0","0","0","0","0","0","0","0","4","3","4","3","4","3","3","3","1","1","Where researchers are replicating all of the most famous classic studies (e.g. MilgramÇƒÙs obedience studies, etc.)","2","2","3",""
"260","08/03/2022 13:17","08/03/2022 14:21","0","100","3864","1","08/03/2022 14:21","R_1Qz2LpoTdT83vif","anonymous","EN","1","","UNI63","","","","","","1st Year","","","","","2","4","2","3","3","2","4","4","2","4","3","4","4","3","4","4","2","1","1","1","1","1","1","1","1","0","0","0","0","0","0","0","0","4","2","4","2","2","3","4","3","1","1","anything can be biased and it is hard to get into journal or it has limited accessibility because researchers need to pay them first","3","3","1","no"
"261","08/03/2022 16:54","08/03/2022 17:15","0","100","1202","1","08/03/2022 17:15","R_2zwpDNwoPyNfVKE","anonymous","EN","1","","UNI63","","","","","","3rd Year","","","","","2","4","2","3","5","2","4","5","1","5","4","4","5","3","2","2","5","1","1","1","1","1","1","1","1","0","0","1","0","0","0","1","0","4","5","2","5","5","1","2","3","2","","","2","2","3","No "
"262","04/03/2022 03:48","04/03/2022 04:02","0","100","798","1","04/03/2022 04:02","R_4IcTNznZ96fREzf","anonymous","EN","1","","UNI84","","","","","","3rd Year","","","","","2","5","2","4","3","3","3","5","2","3","2","4","1","4","3","4","2","1","1","","1","1","","1","1","0","0","0","0","0","0","1","0","5","2","5","1","2","4","3","4","1","1","Cannot be replicated ","2","3","1",""
"263","10/03/2022 05:00","10/03/2022 05:27","0","100","1644","1","10/03/2022 05:27","R_3IWPxwQIImsE8iR","anonymous","EN","1","","UNI85","","","","","","3rd Year","","","","","2","4","2","4","3","3","4","4","4","3","4","4","2","4","4","3","4","1","1","1","1","","","","1","0","1","1","0","0","0","0","0","4","4","4","3","5","2","1","2","3","","","3","3","1",""
"264","07/03/2022 18:39","07/03/2022 19:15","0","100","2125","1","07/03/2022 19:15","R_ApnsFXTN0ifnWBr","anonymous","EN","1","","UNI86","","","","","","1st Year","","","","","2","5","1","5","1","5","1","5","4","5","1","5","1","5","2","1","5","1","1","1","1","1","1","1","1","0","0","0","0","0","0","0","0","5","2","5","1","5","4","1","4","1","1","That many studies cannot be reproduced and are therefore wrong.","1","3","1","I believe that research should be freely accessible. "
"265","13/03/2022 10:39","13/03/2022 10:50","0","100","647","1","13/03/2022 10:50","R_5yTYlevdKUgfJC1","anonymous","EN","1","","UNI86","","","","","","2nd Year","","","","","2","4","2","4","4","4","4","4","4","4","4","4","4","4","4","4","4","1","1","1","1","1","1","1","1","0","0","0","1","0","0","1","0","1","4","4","4","4","3","2","4","3","","","1","1","1",""
"266","04/03/2022 08:10","08/03/2022 04:46","0","100","333380","1","08/03/2022 04:46","R_ufe1UTKnhunizVT","anonymous","EN","1","","UKRN06","","","","","","1st Year","","","","","4","5","5","5","5","5","5","5","5","5","5","5","5","5","5","5","5","1","1","1","1","1","1","1","1","0","1","1","1","1","1","1","1","2","2","3","1","3","2","1","2","1","1","sdfgsgfd","1","1","1","dfghfgh"
"267","14/03/2022 09:18","14/03/2022 09:46","0","100","1662","1","14/03/2022 09:46","R_10xugjFmMQLX312","anonymous","EN","1","","UKRN06","","","","","","1st Year","","","","","2","5","2","3","2","4","3","3","3","5","3","4","1","4","4","1","4","","","1","","","","","1","0","0","0","0","1","0","0","1","3","3","4","2","1","2","3","3","2","","","3","3","1","No thank you"
"268","20/03/2022 04:38","20/03/2022 04:59","0","100","1245","1","20/03/2022 04:59","R_2YSvC25UUfYYCs0","anonymous","EN","1","","UKRN06","","","","","","2nd Year","","","","","2","4","2","5","2","4","2","4","1","4","2","4","1","4","2","2","5","1","1","1","1","1","1","1","1","0","0","0","0","1","1","0","0","4","2","4","1","4","4","2","4","1","1","The fact that a large proportion of psychological research is not replicable.","1","1","1",""
"269","22/03/2022 06:30","22/03/2022 07:08","0","100","2278","1","22/03/2022 07:08","R_2cexRdTfRBUgE0c","anonymous","EN","1","","UKRN06","","","","","","2nd Year","","","","","2","4","2","4","2","4","2","5","4","5","1","4","2","5","1","3","4","1","1","1","1","","1","1","1","1","1","1","0","0","0","1","1","5","2","5","1","4","5","2","4","1","1","The inability to reproduce results and findings from previous studies, thereby casting doubt over established theories based on previous research","1","1","1",""
"270","25/03/2022 11:22","25/03/2022 11:43","0","100","1300","1","25/03/2022 11:43","R_2aP1XHHdp6hOV8B","anonymous","EN","1","","UKRN06","","","","","","2nd Year","","","","","2","5","1","4","1","4","2","3","4","5","1","5","1","5","1","4","3","1","1","1","1","1","1","1","1","1","1","0","1","0","0","1","1","5","2","5","1","3","5","1","4","1","1","the inability of researchers to replicate the results of studies","1","1","1",""
"271","10/03/2022 07:28","10/03/2022 08:01","0","100","1977","1","10/03/2022 08:01","R_3I0G88zrv5v1C4M","anonymous","EN","1","","UKRN06","","","","","","2nd Year","","","","","2","4","3","5","2","4","2","3","2","4","1","4","1","3","2","3","4","1","1","1","1","1","1","1","1","1","0","1","0","0","0","1","1","5","2","4","4","4","3","3","4","1","1","Being unable to replicate/ reproduce a study ","1","1","3",""
"272","10/03/2022 07:59","10/03/2022 08:08","0","100","571","1","10/03/2022 08:08","R_3fPPUYvoU1i4n8Z","anonymous","EN","1","","UKRN06","","","","","","1st Year","","","","","1","4","3","4","4","3","3","4","3","4","3","4","3","4","4","4","4","1","1","1","1","1","1","1","1","0","0","1","0","1","1","1","1","4","4","4","3","4","3","4","3","1","2","/","1","1","1","na"
"273","10/03/2022 07:42","10/03/2022 08:25","0","100","2595","1","10/03/2022 08:25","R_2e8CuGG8uJUz1ZS","anonymous","EN","1","","UKRN06","","","","","","2nd Year","","","","","1","5","2","4","2","4","2","5","1","4","1","2","1","2","2","2","5","1","1","1","1","1","1","1","1","0","1","1","0","0","0","0","0","4","2","4","2","2","2","2","4","1","1","the studies could not reproduce the same findings","2","2","1",""
"274","10/03/2022 07:47","10/03/2022 08:26","0","100","2343","1","10/03/2022 08:26","R_QmLuQ5Xwk6zNKfL","anonymous","EN","1","","UKRN06","","","","","","1st Year","","","","","2","5","2","3","4","3","4","5","4","3","4","4","1","5","4","3","4","1","1","1","1","1","1","1","1","0","0","1","0","0","1","0","1","1","3","2","4","4","2","4","4","1","1","no opinion ","2","3","1",""
"275","10/03/2022 08:16","10/03/2022 08:51","0","100","2138","1","10/03/2022 08:51","R_2RaEynSxwNeceid","anonymous","EN","1","","UKRN06","","","","","","1st Year","","","","","2","4","2","4","1","5","2","4","3","5","1","5","1","5","2","2","4","1","","1","","","1","","1","0","0","1","0","0","0","0","0","5","1","4","4","4","4","2","5","1","2","when certain research is replicated because it has significant findings, so that research therefore has greater implications as people are more familiar with those findings whereas research that has found no significant effect is not repeated and so is not as prevalent, even though it may reveal equally important findings.","1","1","1",""
"276","10/03/2022 08:46","10/03/2022 09:00","0","100","815","1","10/03/2022 09:00","R_2cvIsds6gJuaZzb","anonymous","EN","1","","UKRN06","","","","","","1st Year","","","","","2","5","2","5","2","4","2","5","2","5","1","4","2","3","2","2","4","1","","","","","","1","1","0","0","0","0","0","0","0","0","5","2","4","4","5","3","2","4","1","1","difficulty in replicating another researcher's study ","3","3","1",""
"277","10/03/2022 08:42","10/03/2022 09:08","0","100","1564","1","10/03/2022 09:08","R_voxRJMhm1Wb1TsB","anonymous","EN","1","","UKRN06","","","","","","2nd Year","","","","","2","4","2","4","1","3","2","5","2","3","2","4","1","5","2","3","4","1","1","1","1","1","1","1","1","1","0","1","0","0","1","1","1","4","2","4","2","4","3","1","4","1","1","The inability to find significant results when directly replicating a notable and old study","2","3","1",""
"278","10/03/2022 09:42","10/03/2022 09:53","0","100","655","1","10/03/2022 09:53","R_22PIQrUJV8N9SE6","anonymous","EN","1","","UKRN06","","","","","","1st Year","","","","","2","5","1","5","1","5","1","5","1","5","1","2","1","5","5","1","4","1","","1","","","1","","","0","0","1","0","0","1","0","0","5","1","5","3","5","3","3","3","2","","","2","2","3",""
"279","10/03/2022 09:33","10/03/2022 09:59","0","100","1552","1","10/03/2022 09:59","R_bvFGT7eFoSXti2B","anonymous","EN","1","","UKRN06","","","","","","1st Year","","","","","2","5","2","4","1","4","3","3","4","4","3","5","1","5","5","3","5","1","1","1","1","1","1","1","1","0","0","1","0","1","1","0","1","4","2","1","4","4","3","2","3","2","","","1","3","3",""
"280","10/03/2022 09:38","10/03/2022 10:20","0","100","2500","1","10/03/2022 10:20","R_3J1R3JQSz3axZns","anonymous","EN","1","","UKRN06","","","","","","1st Year","","","","","2","4","2","3","3","4","3","4","2","4","2","4","1","4","4","3","3","1","","1","","1","","","1","0","0","1","0","1","0","0","1","4","4","3","5","3","4","1","3","3","","","2","3","1",""
"281","10/03/2022 09:50","10/03/2022 10:28","0","100","2270","1","10/03/2022 10:28","R_3n654tu4DasZFzk","anonymous","EN","1","","UKRN06","","","","","","1st Year","","","","","2","5","1","3","1","4","2","5","2","1","5","5","1","5","1","1","5","1","1","1","","","1","","1","1","0","1","0","0","1","1","0","4","2","4","5","5","2","1","4","1","2","The replication of previous studies does not produce the same results.","1","3","1",""
"282","10/03/2022 10:28","10/03/2022 11:12","0","100","2593","1","10/03/2022 11:12","R_qyX1taTeeMEcfaF","anonymous","EN","1","","UKRN06","","","","","","1st Year","","","","","2","5","1","5","1","4","2","4","2","2","4","5","1","5","5","1","5","1","1","1","","","1","1","1","1","1","0","0","0","0","0","1","4","2","4","1","5","4","1","4","1","1","Many scientific studies produce results that are very difficult/ cannot be reproduced the consequence of this is that the research lacks supportive evidence and hence cannot be generalised to the wider population ","3","1","1",""
"283","10/03/2022 10:56","10/03/2022 11:32","0","100","2182","1","10/03/2022 11:32","R_WlLEnsOP8Cy9CpP","anonymous","EN","1","","UKRN06","","","","","","2nd Year","","","","","2","5","2","4","1","5","1","5","1","5","1","5","1","5","4","2","4","1","1","1","1","1","1","1","1","1","1","1","1","0","1","1","1","4","2","5","1","4","5","1","5","1","1","The results of many research studies are difficult or impossible to recreate, which might be due to unreliable analysis and experimental practices in order to create more substantial results.","1","1","1","N/A"
"284","10/03/2022 11:26","10/03/2022 11:52","0","100","1546","1","10/03/2022 11:52","R_1OKaIoxw4R3YCQB","anonymous","EN","1","","UKRN06","","","","","","1st Year","","","","","2","5","1","5","1","5","1","5","1","5","1","5","1","3","5","5","4","1","1","1","1","1","1","1","1","0","1","0","1","0","1","0","0","4","2","2","4","4","4","2","4","2","","","2","1","1",""
"285","10/03/2022 14:20","10/03/2022 15:05","0","100","2681","1","10/03/2022 15:05","R_3gYGFd1sU8iCN4U","anonymous","EN","1","","UKRN06","","","","","","2nd Year","","","","","2","5","1","5","1","3","1","5","3","5","1","3","1","4","3","3","3","1","1","1","1","1","1","1","1","1","1","1","0","0","1","1","1","5","1","5","3","2","5","3","3","1","1","lots of previous scientific research has been found to not be replicable or hard to reproduce","3","3","1",""
"286","10/03/2022 14:56","10/03/2022 15:26","0","100","1796","1","10/03/2022 15:26","R_12aOAQ4wuArhMvM","anonymous","EN","1","","UKRN06","","","","","","1st Year","","","","","2","4","1","5","2","3","3","5","3","5","2","3","1","4","2","1","4","1","1","1","","","1","","1","1","0","0","0","0","0","0","0","4","2","4","1","5","3","2","4","3","","","3","1","1",""
"287","10/03/2022 15:37","10/03/2022 16:04","0","100","1616","1","10/03/2022 16:04","R_28Ig5e7lmGt6OpP","anonymous","EN","1","","UKRN06","","","","","","2nd Year","","","","","2","4","2","4","2","3","3","4","4","4","2","4","1","4","2","3","3","1","1","1","1","","1","1","1","0","0","1","0","0","0","1","0","4","2","5","2","3","4","2","3","3","","","1","1","1",""
"288","10/03/2022 15:34","10/03/2022 16:06","0","100","1935","1","10/03/2022 16:06","R_2V2ZSS1LpTWJxvG","anonymous","EN","1","","UKRN06","","","","","","2nd Year","","","","","2","4","2","4","2","4","3","4","2","4","3","3","1","5","3","3","3","1","1","1","1","","","1","1","0","0","1","0","0","0","1","1","5","2","5","1","3","4","3","3","1","1","When lots of studies findings could not be replicated","3","1","1",""
"289","10/03/2022 18:01","10/03/2022 18:06","0","100","326","1","10/03/2022 18:06","R_1Ks9lJkoFrkA0kl","anonymous","EN","1","","UKRN06","","","","","","2nd Year","","","","","2","3","3","4","2","1","3","4","4","3","4","1","2","3","3","3","3","1","1","1","1","1","1","1","1","1","1","0","0","1","1","1","0","3","2","4","5","2","1","2","5","2","","","2","2","2",""
"290","11/03/2022 04:53","11/03/2022 05:13","0","100","1193","1","11/03/2022 05:13","R_10T4jKoAN5viuBj","anonymous","EN","1","","UKRN06","","","","","","1st Year","","","","","2","3","2","4","2","4","3","5","2","4","2","3","1","3","4","2","4","","1","1","","","1","1","1","1","0","0","0","0","1","1","1","2","2","5","3","4","4","3","4","1","1","When studies are hard to reproduce.","2","3","1",""
"291","11/03/2022 05:05","11/03/2022 05:25","0","100","1209","1","11/03/2022 05:25","R_1PYjVYG4ucgHsjG","anonymous","EN","1","","UKRN06","","","","","","2nd Year","","","","","2","5","1","4","1","4","1","5","2","5","1","4","2","5","2","3","4","1","1","1","1","1","1","1","1","0","1","0","0","1","1","0","0","5","1","4","2","2","4","2","4","1","1","That the findings of studies are difficult to reproduce and falsify. Also mainly studies are only replicated if they have a significant result. ","3","1","1",""
"292","11/03/2022 05:33","11/03/2022 05:54","0","100","1275","1","11/03/2022 05:54","R_UPxV2qm1msLSTsd","anonymous","EN","1","","UKRN06","","","","","","1st Year","","","","","2","5","2","3","1","2","4","5","1","4","2","3","1","4","4","4","3","","","1","","","1","","","0","0","0","0","0","1","0","0","5","2","4","5","3","3","2","4","2","","","2","2","1",""
"293","11/03/2022 05:32","11/03/2022 06:00","0","100","1648","1","11/03/2022 06:00","R_1GQ7xASLmcnBK01","anonymous","EN","1","","UKRN06","","","","","","1st Year","","","","","2","4","2","4","3","4","3","4","3","4","2","5","2","4","4","2","5","1","1","1","1","1","1","1","1","0","0","0","0","0","0","0","0","4","3","2","4","5","3","2","3","1","3","when studies or research is hard to reproduce or replicate ","3","1","1",""
"294","11/03/2022 05:51","11/03/2022 06:19","0","100","1718","1","11/03/2022 06:19","R_tXTYoEr4WO5VWUN","anonymous","EN","1","","UKRN06","","","","","","1st Year","","","","","2","5","1","4","1","4","2","5","2","4","5","3","2","3","2","2","4","","","1","","","1","","1","0","0","0","0","0","0","0","0","4","1","2","3","5","4","4","4","1","1","I think it is the fact that many studies have not been or cannot be reproduced and so we do not know if the results are reproducible. ","3","3","1",""
"295","11/03/2022 08:00","11/03/2022 08:32","0","100","1905","1","11/03/2022 08:32","R_1nPg1dSV7RWsozm","anonymous","EN","1","","UKRN06","","","","","","2nd Year","","","","","2","4","2","5","2","5","2","4","3","4","3","4","2","4","4","3","4","1","1","1","1","","1","1","1","1","1","1","0","0","0","1","1","5","2","2","4","4","4","2","4","1","1","An issue which current researchers face in which research doesn't stick to the correct guidelines  and therefore makes research hard to replicate if someone else wants to","3","3","1",""
"296","11/03/2022 09:27","11/03/2022 09:58","0","100","1837","1","11/03/2022 09:58","R_3DkATnhdPwoCpep","anonymous","EN","1","","UKRN06","","","","","","1st Year","","","","","2","5","2","3","3","3","4","5","2","4","1","4","2","2","4","2","5","1","","1","1","","1","","1","0","0","1","1","0","1","0","0","2","4","5","4","5","4","2","4","1","3","Replication and reproducibility of research is threatened","2","3","3",""
"297","11/03/2022 10:06","11/03/2022 10:39","0","100","1984","1","11/03/2022 10:39","R_24f3u0kAV6BdDIU","anonymous","EN","1","","UKRN06","","","","","","1st Year","","","","","1","4","2","3","4","4","3","4","3","2","4","2","1","3","2","3","4","1","1","1","1","1","1","1","1","1","1","1","0","0","1","0","0","5","2","4","3","4","2","4","3","2","","","3","3","1",""
"298","11/03/2022 10:37","11/03/2022 11:10","0","100","1949","1","11/03/2022 11:10","R_3pY0XovcXjX14ul","anonymous","EN","1","","UKRN06","","","","","","1st Year","","","","","2","5","1","4","4","3","2","4","2","4","3","3","2","2","4","2","5","1","1","1","1","1","1","1","1","0","0","0","0","0","0","0","1","4","2","3","4","4","3","3","4","3","","","1","1","3",""
"299","11/03/2022 11:03","11/03/2022 11:27","0","100","1474","1","11/03/2022 11:27","R_3lPs8ZNGZc6jL0c","anonymous","EN","1","","UKRN06","","","","","","1st Year","","","","","2","4","2","4","3","3","3","4","2","4","4","4","1","4","1","3","4","1","","1","","","","","1","0","0","0","0","0","0","0","0","4","2","3","4","4","4","2","4","1","1","It is the idea that most findings are difficult to reproduce, which brings into question their reliability.","3","3","3",""
"300","11/03/2022 11:07","11/03/2022 11:31","0","100","1442","1","11/03/2022 11:31","R_ReRPBu9FAoAcMX7","anonymous","EN","1","","UKRN06","","","","","","1st Year","","","","","2","5","1","4","1","4","2","3","3","3","3","4","1","3","4","2","5","1","1","1","1","1","1","1","1","0","0","0","1","0","0","0","1","5","2","4","5","5","1","2","4","1","3","scientific studies being difficult/impossible to replicate","3","3","1",""
"301","11/03/2022 11:30","11/03/2022 11:57","0","100","1628","1","11/03/2022 11:57","R_31XdGf4e6ICEQAA","anonymous","EN","1","","UKRN06","","","","","","2nd Year","","","","","2","5","2","5","1","3","3","5","1","5","1","5","1","5","4","3","3","1","1","1","1","","1","1","1","1","1","0","0","0","0","1","1","5","1","5","1","4","5","1","3","1","1","Key studies in psychology and other scientific fields are being reproduced and replicated and these key findings are found to not be as significant as previously thought","1","1","1",""
"302","11/03/2022 13:04","11/03/2022 14:42","0","100","5886","1","11/03/2022 14:42","R_qCTViVCSv1jWSHL","anonymous","EN","1","","UKRN06","","","","","","1st Year","","","","","2","2","2","3","1","5","1","5","2","4","1","4","1","5","4","2","3","1","","1","","","","","1","0","0","0","0","0","0","0","0","5","1","2","4","2","4","1","4","1","1","when replicated things results are often not the same","1","1","1",""
"303","11/03/2022 18:55","11/03/2022 19:26","0","100","1893","1","11/03/2022 19:26","R_2CytX2Ed6XEJ8ac","anonymous","EN","1","","UKRN06","","","","","","1st Year","","","","","2","5","2","4","2","3","3","3","4","2","5","2","5","3","2","5","3","1","","1","","","1","","1","0","0","0","0","0","0","0","0","4","2","4","4","3","5","2","3","2","","","1","1","1",""
"304","12/03/2022 00:37","12/03/2022 01:54","0","100","4656","1","12/03/2022 01:54","R_2woxIILf8OyaD6f","anonymous","EN","1","","UKRN06","","","","","","2nd Year","","","","","1","4","2","4","1","4","2","5","3","5","1","4","1","5","2","5","2","1","1","1","1","1","1","1","1","0","1","1","1","1","1","1","1","5","2","5","1","2","5","2","4","1","1","It is a problem about psychological research that findings from many studies cannot be replicated, indicating that their results are misleading or false.","1","1","1",""
"305","12/03/2022 02:17","12/03/2022 02:51","0","100","2081","1","12/03/2022 02:51","R_3PyLqEMcErQAsx9","anonymous","EN","1","","UKRN06","","","","","","1st Year","","","","","2","4","1","5","1","4","1","3","3","5","1","4","1","3","3","1","5","","1","1","1","","1","","1","0","0","0","0","0","0","0","0","5","2","2","5","5","3","1","5","3","","","3","2","1",""
"306","12/03/2022 08:15","12/03/2022 08:31","0","100","940","1","12/03/2022 08:31","R_3CHkyfW2c9qhbez","anonymous","EN","1","","UKRN06","","","","","","1st Year","","","","","2","5","2","4","2","4","4","4","1","5","2","2","1","5","3","2","3","1","","","","","","","","0","0","0","0","0","0","0","0","4","2","1","5","4","3","4","4","2","","","1","1","1",""
"307","12/03/2022 10:30","12/03/2022 10:52","0","100","1352","1","12/03/2022 10:52","R_xD9nmA926br2IZX","anonymous","EN","1","","UKRN06","","","","","","1st Year","","","","","2","4","1","3","4","4","2","3","4","4","2","5","2","4","2","1","4","1","1","1","","1","1","1","1","1","0","0","0","0","0","0","0","2","4","4","4","4","4","1","3","1","2","studies producing results that can not be replicated ","3","1","1",""
"308","12/03/2022 10:42","12/03/2022 11:27","0","100","2719","1","12/03/2022 11:27","R_21ywe7LVjWFHBvH","anonymous","EN","1","","UKRN06","","","","","","1st Year","","","","","2","5","3","4","1","3","2","4","4","4","2","3","1","2","2","2","4","1","","1","","","","1","1","0","0","0","0","0","0","0","0","1","2","3","3","4","3","1","1","3","","","3","1","2",""
"309","12/03/2022 10:36","12/03/2022 11:34","0","100","3489","1","12/03/2022 11:34","R_1o5Rnh3uYXC6R4U","anonymous","EN","1","","UKRN06","","","","","","2nd Year","","","","","2","4","3","4","2","3","2","4","4","5","1","4","1","1","2","2","4","1","1","1","1","1","1","1","1","0","0","0","0","1","0","0","0","5","3","5","4","3","5","3","5","1","1","its difficult to reproduce some experiments and achieve similar results","1","3","1",""
"310","12/03/2022 13:56","12/03/2022 14:12","0","100","944","1","12/03/2022 14:12","R_07Hy33QoZMzOtpf","anonymous","EN","1","","UKRN06","","","","","","1st Year","","","","","2","4","2","3","4","4","2","4","3","3","3","1","1","4","3","1","5","1","1","1","1","1","1","1","1","1","0","1","0","0","1","0","0","5","3","3","3","4","3","3","3","3","","","3","1","3",""
"311","12/03/2022 14:56","12/03/2022 15:13","0","100","1039","1","12/03/2022 15:13","R_3dKfaFNUey8A3yK","anonymous","EN","1","","UKRN06","","","","","","1st Year","","","","","2","5","1","5","2","4","2","4","4","4","2","5","3","4","2","2","5","1","1","1","1","1","1","1","1","0","0","0","1","1","0","1","0","5","2","4","5","5","2","2","3","1","1","the inability to repeat scientific studies with the same outcome","3","3","1","N/A"
"312","12/03/2022 14:33","12/03/2022 15:22","0","100","2921","1","12/03/2022 15:22","R_29idfApkpGOSmTt","anonymous","EN","1","","UKRN06","","","","","","1st Year","","","","","2","4","1","4","2","3","3","5","4","4","2","4","2","4","2","2","4","1","1","1","","","","1","1","0","0","0","0","0","0","0","0","4","4","4","4","4","4","2","2","1","2","failure to replicate findings","2","2","3",""
"313","12/03/2022 15:53","12/03/2022 16:42","0","100","2991","1","12/03/2022 16:42","R_1I5HModlHATvuOF","anonymous","EN","1","","UKRN06","","","","","","1st Year","","","","","2","5","1","5","1","5","1","4","2","5","1","4","1","4","2","3","2","1","1","1","","","1","1","1","1","1","1","0","0","1","1","1","5","1","4","1","2","5","2","5","1","1","Researchers are not reproducing studies that have been published in journals as they are less likely to be published. Researchers may want to focus on more publishable new research. This means that previous studies published are not being replicated and so the reliability of the findings are poor.","1","1","1",""
"314","12/03/2022 17:48","12/03/2022 18:15","0","100","1648","1","12/03/2022 18:15","R_30p1UznfkQFa1k2","anonymous","EN","1","","UKRN06","","","","","","1st Year","","","","","2","1","2","1","4","1","4","1","4","1","4","1","5","5","5","4","4","1","1","1","1","1","1","1","1","0","0","0","0","0","0","0","0","4","2","4","2","5","4","2","2","2","","","3","3","3",""
"315","13/03/2022 03:46","13/03/2022 04:15","0","100","1722","1","13/03/2022 04:15","R_71Z5h5Q6cuQeZih","anonymous","EN","1","","UKRN06","","","","","","1st Year","","","","","2","5","2","4","4","3","3","5","3","4","2","4","1","4","2","2","5","1","1","1","1","1","1","1","1","0","0","1","0","0","1","0","1","4","5","2","2","5","3","2","3","1","1","The issue that findings in psychological research often do not replicate.","2","3","1",""
"316","13/03/2022 05:51","13/03/2022 05:59","0","100","474","1","13/03/2022 05:59","R_25XfrycDDjsRbH4","anonymous","EN","1","","UKRN06","","","","","","2nd Year","","","","","2","4","1","2","4","2","3","4","3","4","1","4","2","4","2","3","4","1","1","1","1","1","1","1","1","0","0","0","0","0","0","1","1","4","3","3","2","3","3","2","3","3","","","2","2","1",""
"317","13/03/2022 06:48","13/03/2022 07:16","0","100","1691","1","13/03/2022 07:16","R_22JlBTSkhE2xZiQ","anonymous","EN","1","","UKRN06","","","","","","1st Year","","","","","2","5","2","4","1","5","1","5","4","4","1","4","2","5","4","3","5","1","1","1","1","","","","1","0","0","0","0","0","0","0","1","2","2","2","4","4","2","1","5","1","1","replicated studies not getting published or noticed because they find 'insignificant' finding to a study that was run previously and found significant results","1","1","1",""
"318","13/03/2022 10:35","13/03/2022 10:54","0","100","1102","1","13/03/2022 10:54","R_SHJCxPqjoXOy6hb","anonymous","EN","1","","UKRN06","","","","","","1st Year","","","","","2","4","2","4","3","3","2","5","2","4","3","4","1","5","3","3","3","","","1","1","","","","","0","0","0","0","0","0","0","0","4","3","5","3","4","3","3","3","1","1","current crisis because the results of many scientific studies/findings from research are not replicable or able to be reproduced ","2","2","3",""
"319","13/03/2022 10:35","13/03/2022 11:07","0","100","1917","1","13/03/2022 11:07","R_DUe6sfa5KGrzkEp","anonymous","EN","1","","UKRN06","","","","","","2nd Year","","","","","2","4","2","4","2","4","2","4","2","4","2","4","2","3","3","3","4","1","","1","","","1","1","1","0","0","1","0","0","0","1","1","4","3","4","2","4","4","3","4","1","1","published studies not able to be replicated - suggests findings may not apply to population","3","3","1",""
"320","13/03/2022 10:39","13/03/2022 11:13","0","100","2036","1","13/03/2022 11:13","R_22FIRl37bTI5zWz","anonymous","EN","1","","UKRN06","","","","","","2nd Year","","","","","1","5","1","5","1","4","3","4","2","3","1","5","1","5","5","4","3","1","1","1","1","1","1","1","1","0","0","0","0","1","1","0","0","4","2","4","4","3","5","1","4","1","1","Researchers are replicating important studies from the past and realising the results are not replicating","1","1","1",""
"321","13/03/2022 11:04","13/03/2022 11:36","0","100","1926","1","13/03/2022 11:36","R_3frPjvXvefuVtnq","anonymous","EN","1","","UKRN06","","","","","","1st Year","","","","","1","5","1","5","1","4","2","5","1","5","1","5","1","5","5","2","4","1","1","1","1","","","1","1","1","0","1","0","0","0","1","1","5","1","5","5","5","5","1","5","1","1","The fact that many of the phychological studies conducted cannot be replicated and are therefore invalid. This is due to most participants being western, capitalist, white, undergraduate students. ","1","1","1",""
"322","13/03/2022 11:45","13/03/2022 12:27","0","100","2556","1","13/03/2022 12:27","R_2wRYXpas9KhfdEG","anonymous","EN","1","","UKRN06","","","","","","1st Year","","","","","2","4","2","4","4","3","2","2","4","4","2","5","1","2","4","2","4","1","1","1","","","","1","1","0","0","1","0","0","0","1","0","4","5","4","3","4","2","2","4","2","","","1","3","1",""
"323","13/03/2022 13:45","13/03/2022 14:20","0","100","2079","1","13/03/2022 14:20","R_1C9CVZC8PZqEgQW","anonymous","EN","1","","UKRN06","","","","","","1st Year","","","","","2","5","2","4","2","5","1","5","1","5","2","4","1","4","3","2","4","","","","","","","","1","0","0","0","0","0","0","0","0","5","1","5","4","5","3","4","2","2","","","2","2","1",""
"324","13/03/2022 15:54","13/03/2022 16:35","0","100","2492","1","13/03/2022 16:35","R_2v1cxML8OUS6HUW","anonymous","EN","1","","UKRN06","","","","","","1st Year","","","","","2","5","2","3","4","2","2","4","3","4","4","5","2","4","2","2","2","1","1","","1","","","1","","0","0","0","0","0","0","0","0","2","2","2","2","4","4","2","4","3","","","1","3","3","no"
"325","13/03/2022 17:28","13/03/2022 17:54","0","100","1562","1","13/03/2022 17:54","R_29nXzIvy2pWwJNp","anonymous","EN","1","","UKRN06","","","","","","1st Year","","","","","2","5","1","5","1","4","1","4","4","5","1","5","3","4","2","4","2","1","1","1","1","1","1","1","1","1","1","0","0","0","0","0","0","5","2","5","1","2","5","2","4","1","1","The results of many studies have failed to replicate","1","1","1",""
"326","13/03/2022 17:39","13/03/2022 18:04","0","100","1479","1","13/03/2022 18:04","R_2WVxpj3ABJx6xZX","anonymous","EN","1","","UKRN06","","","","","","1st Year","","","","","2","4","2","5","1","5","1","5","2","5","1","3","1","3","3","2","4","","","1","","1","1","1","1","0","0","0","0","0","0","0","0","5","2","4","4","4","3","3","4","1","1","if a study is hard to replicate it reduces reliability of findings","3","3","1"," ."
"327","13/03/2022 17:20","13/03/2022 18:08","0","100","2904","1","13/03/2022 18:08","R_3hyC0Mhtdt0JQCg","anonymous","EN","1","","UKRN06","","","","","","1st Year","","","","","2","5","2","3","2","2","4","4","2","4","4","2","1","4","1","2","5","1","","1","","","","","1","0","0","1","0","0","0","0","0","4","3","2","5","5","2","2","4","3","","","2","2","3",""
"328","13/03/2022 19:02","13/03/2022 19:27","0","100","1473","1","13/03/2022 19:27","R_22rhWJwQgJfLo7Y","anonymous","EN","1","","UKRN06","","","","","","1st Year","","","","","2","5","1","3","2","4","4","5","4","5","2","4","1","4","4","2","5","1","1","1","1","1","1","1","1","1","0","1","0","0","1","0","0","5","4","4","2","5","2","2","2","1","1","the results of studies are difficult to reproduce","3","3","1",""
"329","14/03/2022 03:29","14/03/2022 03:56","0","100","1599","1","14/03/2022 03:56","R_Qgjs5UeGzKyj2Zr","anonymous","EN","1","","UKRN06","","","","","","2nd Year","","","","","2","5","2","5","2","5","1","5","1","5","1","4","1","4","3","3","3","1","1","1","1","1","1","1","1","1","0","0","0","0","0","1","1","3","3","5","2","2","5","2","4","1","1","many replications have questionable research practices","3","1","1",""
"330","14/03/2022 04:50","14/03/2022 05:24","0","100","2062","1","14/03/2022 05:24","R_rjq5CQhUmPnS0U1","anonymous","EN","1","","UKRN06","","","","","","1st Year","","","","","1","4","2","4","2","4","2","5","1","4","2","3","4","4","3","3","2","1","1","1","1","1","1","1","1","0","1","0","1","1","0","1","0","4","2","4","5","2","4","3","2","1","3","it is the idea that the data/methods of a study cannot be replicated and thus used in the future ","3","3","1",""
"331","14/03/2022 05:02","14/03/2022 05:31","0","100","1771","1","14/03/2022 05:31","R_1mntZEEP3jWBUKS","anonymous","EN","1","","UKRN06","","","","","","2nd Year","","","","","2","5","1","5","1","4","2","5","2","5","1","5","1","5","1","2","5","1","1","1","1","1","1","1","1","0","0","0","0","1","0","0","0","4","2","4","5","4","4","2","4","1","1","Because replications are not exciting, so researchers would like to find something else rather than doing replication studies, therefore it leaves a lot of questions of how reproducible many studies are as there are not much replications out there.   ","1","1","1",""
"332","14/03/2022 05:21","14/03/2022 05:47","0","100","1514","1","14/03/2022 05:47","R_2uX1xwr6zkfEGjT","anonymous","EN","1","","UKRN06","","","","","","3rd Year","","","","","2","4","1","5","1","4","3","5","5","5","2","5","1","5","2","3","3","1","1","1","1","1","1","1","1","1","1","0","0","0","0","1","1","5","1","5","5","3","4","1","5","1","1","It has been quite difficult to reproduce studies in recent","1","1","1",""
"333","14/03/2022 06:06","14/03/2022 06:27","0","100","1298","1","14/03/2022 06:27","R_2ZNQIPUvhS9Urab","anonymous","EN","1","","UKRN06","","","","","","1st Year","","","","","2","2","1","3","1","5","1","5","4","5","2","2","1","4","3","1","5","1","1","1","","","","","1","0","0","1","0","0","0","0","1","2","2","5","4","5","3","4","5","2","","","2","3","3",""
"334","14/03/2022 06:18","14/03/2022 06:36","0","100","1091","1","14/03/2022 06:36","R_wXbfCnZB78LE6qt","anonymous","EN","1","","UKRN06","","","","","","1st Year","","","","","2","4","2","4","2","3","3","4","2","4","2","4","2","3","3","3","4","1","1","1","1","1","1","1","1","0","0","1","0","0","1","0","1","3","3","3","3","3","3","3","3","2","","","3","3","1",""
"335","14/03/2022 06:37","14/03/2022 07:18","0","100","2474","1","14/03/2022 07:18","R_2490U3MqDQh4gP2","anonymous","EN","1","","UKRN06","","","","","","2nd Year","","","","","1","4","2","5","1","5","1","5","1","5","1","4","1","5","2","2","5","1","1","1","1","","1","1","1","1","1","1","0","0","1","1","1","5","1","5","1","5","5","1","5","1","1","The issue in psychology, particularly social psychology, where reproductions of research are finding that significant findings don't replicate.","1","1","1",""
"336","10/03/2022 07:53","14/03/2022 07:23","0","100","340178","1","14/03/2022 07:23","R_28XZShWnBYmy4Zb","anonymous","EN","1","","UKRN06","","","","","","1st Year","","","","","2","4","1","4","2","4","3","4","3","4","2","5","1","4","5","2","5","1","1","1","","1","1","1","1","1","1","1","0","0","1","1","0","5","2","3","2","5","2","2","3","1","1","research and studies that are impossible to replicate. ","2","3","1",""
"337","14/03/2022 06:57","14/03/2022 07:28","0","100","1851","1","14/03/2022 07:28","R_2xKIhbT0eCNLcey","anonymous","EN","1","","UKRN06","","","","","","2nd Year","","","","","2","4","1","4","2","4","2","2","2","3","2","4","1","4","2","2","4","1","1","1","1","","1","1","1","1","1","1","0","0","0","1","1","4","3","4","4","4","3","1","4","1","1","Many studies that are published have failed to replicate. Calls the validity of many published studies into question.","3","3","1",""
"338","14/03/2022 07:22","14/03/2022 07:56","0","100","2034","1","14/03/2022 07:56","R_30wQtx0YKxZlfOl","anonymous","EN","1","","UKRN06","","","","","","1st Year","","","","","2","4","2","3","2","3","4","4","5","4","2","5","2","4","4","2","4","","","","","","","","","0","0","0","0","0","0","0","0","4","2","5","2","5","4","2","3","1","3","the issue that a lot of scientific findings have been shown to be impossible to reproduce ","2","2","1",""
"339","14/03/2022 08:23","14/03/2022 08:47","0","100","1438","1","14/03/2022 08:47","R_BPrwKKkpNGwU6HL","anonymous","EN","1","","UKRN06","","","","","","1st Year","","","","","2","4","2","4","1","4","2","4","2","2","1","3","1","3","2","1","4","1","1","1","1","1","1","1","1","0","0","1","0","0","0","0","1","4","4","4","4","2","4","3","3","1","1","It is hard or near impossible to replicate many studies in psychology ","2","3","1",""
"340","14/03/2022 08:27","14/03/2022 08:53","0","100","1556","1","14/03/2022 08:53","R_10SZnoLPM5dPX55","anonymous","EN","1","","UKRN06","","","","","","2nd Year","","","","","2","5","1","5","2","5","1","5","4","4","1","5","1","2","4","1","5","1","1","1","1","1","1","1","1","0","0","0","0","0","1","0","0","5","1","5","1","4","4","1","3","1","1","fair","1","1","1",""
"341","14/03/2022 08:32","14/03/2022 09:02","0","100","1771","1","14/03/2022 09:02","R_qEYaxOanEExeftf","anonymous","EN","1","","UKRN06","","","","","","1st Year","","","","","2","5","2","5","1","3","4","5","2","4","3","5","1","5","3","2","5","1","1","1","","","","1","1","0","0","0","0","0","0","0","0","5","2","4","4","5","4","2","4","1","1","where results of many studies are being found difficult or impossible to reproduce/replicate.","2","2","1",""
"342","14/03/2022 09:39","14/03/2022 10:07","0","100","1641","1","14/03/2022 10:07","R_3Rft5B2kamw0voa","anonymous","EN","1","","UKRN06","","","","","","1st Year","","","","","2","5","2","4","1","4","2","5","1","5","2","3","1","3","4","3","5","1","","","","","","","1","0","0","0","0","0","0","0","1","5","3","5","4","5","4","2","4","1","1","the results of many scientific experiments are difficult to reproduce ","2","1","1",""
"343","14/03/2022 11:38","14/03/2022 12:06","0","100","1660","1","14/03/2022 12:06","R_10pmXpgnEirNMIk","anonymous","EN","1","","UKRN06","","","","","","1st Year","","","","","3","4","2","4","2","4","2","5","2","4","2","4","1","3","4","3","4","1","1","1","","","1","","","1","1","1","0","0","1","0","0","1","2","1","3","3","3","4","4","3","","","3","1","3",""
"344","14/03/2022 08:01","14/03/2022 12:57","0","100","17757","1","14/03/2022 12:57","R_9KN1qoSegoID2IV","anonymous","EN","1","","UKRN06","","","","","","2nd Year","","","","","2","5","2","4","2","4","2","5","3","4","2","5","1","5","1","1","4","1","1","1","1","","1","1","1","1","0","1","1","0","1","1","1","4","2","5","2","4","4","1","4","1","1","only significant studies published and these are often false positives. insignificant resulta sre not published","1","1","1",""
"345","14/03/2022 14:10","14/03/2022 15:07","0","100","3382","1","14/03/2022 15:07","R_2aWSmma0LCMuBRg","anonymous","EN","1","","UKRN06","","","","","","2nd Year","","","","","1","4","1","4","2","4","2","5","2","5","1","3","2","4","2","2","4","1","1","1","1","","1","1","1","1","1","1","1","0","1","1","1","2","3","4","2","4","4","2","4","1","2","The fact that the results of many experiments have failed to be replicated when researchers have attempted to replicate them.","1","1","1",""
"346","14/03/2022 13:44","14/03/2022 15:36","0","100","6722","1","14/03/2022 15:36","R_2s6cvp4rTfRo24u","anonymous","EN","1","","UKRN06","","","","","","1st Year","","","","","2","5","1","4","2","4","2","4","3","4","1","5","1","3","2","2","4","1","1","1","1","1","1","1","1","0","0","0","0","0","0","0","1","5","2","3","5","4","4","1","5","1","2","A 'crisis' whereby it is very difficult to reproduce past results. ","1","3","1",""
"347","14/03/2022 19:32","14/03/2022 19:44","0","100","735","1","14/03/2022 19:44","R_1pYdY3zIFnnxrbf","anonymous","EN","1","","UKRN06","","","","","","1st Year","","","","","2","5","2","5","2","4","2","5","4","4","2","5","1","4","4","2","5","","","","","","","","1","0","0","0","0","0","0","0","0","2","4","2","4","5","4","2","4","2","","","2","2","1",""
"348","15/03/2022 04:49","15/03/2022 05:17","0","100","1688","1","15/03/2022 05:17","R_3NQZhDuLkRZvh0P","anonymous","EN","1","","UKRN06","","","","","","1st Year","","","","","2","5","2","4","2","3","1","5","2","5","1","5","1","4","1","1","2","1","1","1","1","","1","","1","0","1","1","1","0","1","0","0","5","2","5","1","4","1","2","5","2","","","2","2","1",""
"349","15/03/2022 05:54","15/03/2022 06:23","0","100","1768","1","15/03/2022 06:23","R_3377IuLGOztKR50","anonymous","EN","1","","UKRN06","","","","","","1st Year","","","","","2","5","2","5","2","4","3","4","3","4","2","4","1","3","4","1","5","","","","","","","","","0","0","0","0","0","0","0","0","3","4","3","5","5","4","3","4","2","","","2","1","3",""
"350","15/03/2022 05:58","15/03/2022 06:33","0","100","2093","1","15/03/2022 06:33","R_21B4sotbVgErpZg","anonymous","EN","1","","UKRN06","","","","","","1st Year","","","","","2","4","1","5","1","5","2","1","4","5","1","5","1","3","3","3","5","1","","1","","","1","1","1","0","0","1","0","0","1","0","1","5","1","3","4","4","1","2","4","1","2","Not being able to accurately recreate an experiment so studies which we think are studying the same thing, are actually not.","3","3","1",""
"351","15/03/2022 09:48","15/03/2022 10:03","0","100","918","1","15/03/2022 10:03","R_Dwt0c4J5evMMIJX","anonymous","EN","1","","UKRN06","","","","","","1st Year","","","","","2","3","3","3","4","4","3","4","2","4","3","2","1","3","3","1","3","","","","","","","1","1","0","0","0","0","0","0","0","0","3","2","3","4","4","3","3","4","2","","","2","2","3",""
"352","15/03/2022 11:11","15/03/2022 11:42","0","100","1879","1","15/03/2022 11:42","R_3mgac9UNTLmRLtH","anonymous","EN","1","","UKRN06","","","","","","2nd Year","","","","","2","5","1","5","1","4","2","5","1","4","2","4","2","5","5","4","3","1","","","1","","","1","1","1","0","0","1","0","0","1","1","5","1","5","2","4","4","2","4","1","1","it is the belief that a lot of results cant be replicated ","3","1","1",""
"353","15/03/2022 12:56","15/03/2022 13:19","0","100","1372","1","15/03/2022 13:19","R_30eO3PpFpD5HYnU","anonymous","EN","1","","UKRN06","","","","","","1st Year","","","","","2","5","1","3","1","4","1","5","4","5","1","5","1","3","2","2","5","","","1","","","","","1","0","0","0","0","0","0","0","1","4","2","4","2","4","3","1","1","2","","","2","3","3",""
"354","16/03/2022 03:38","16/03/2022 03:44","0","100","323","1","16/03/2022 03:44","R_3jffWwbaTJsKoUO","anonymous","EN","1","","UKRN06","","","","","","2nd Year","","","","","1","4","3","4","4","3","4","3","4","3","4","4","3","4","5","4","3","1","1","1","1","1","1","1","1","0","0","0","0","0","0","0","1","3","2","4","4","3","3","2","3","1","3","i dont know but i think it is some copy","2","1","1","do some review"
"355","16/03/2022 03:16","16/03/2022 03:54","0","100","2261","1","16/03/2022 03:54","R_1IbzN6kewFYczxX","anonymous","EN","1","","UKRN06","","","","","","1st Year","","","","","2","5","1","5","2","5","1","5","2","5","3","2","1","5","2","2","5","1","1","1","","","1","","1","0","0","0","0","0","1","0","0","1","2","5","4","4","5","2","5","1","2","Many results aren't the same when reproduced so might be wrong","1","1","1",""
"356","16/03/2022 03:54","16/03/2022 04:21","0","100","1639","1","16/03/2022 04:21","R_216vPZAjpSUhcTw","anonymous","EN","1","","UKRN06","","","","","","1st Year","","","","","1","4","2","4","2","4","2","2","4","4","2","4","1","2","5","1","4","1","1","1","1","1","1","1","1","1","1","1","0","1","0","1","1","5","2","2","4","5","3","3","4","2","","","1","1","1",""
"357","16/03/2022 03:51","16/03/2022 04:31","0","100","2426","1","16/03/2022 04:31","R_1CHfdGMfnZhR2PM","anonymous","EN","1","","UKRN06","","","","","","2nd Year","","","","","2","4","1","5","1","5","1","5","5","5","1","4","1","5","2","3","3","1","1","1","1","","","1","1","1","1","0","0","0","0","0","0","5","2","5","1","2","4","2","4","1","1","A crisis in which many Psychological research results are hard to reproduce the significant effects found.","1","1","1",""
"358","16/03/2022 04:56","16/03/2022 05:27","0","100","1857","1","16/03/2022 05:27","R_5drzQKGVeoYgf3X","anonymous","EN","1","","UKRN06","","","","","","1st Year","","","","","2","5","2","3","2","4","1","4","3","4","2","4","2","3","3","2","4","1","1","1","","","1","1","","0","0","0","0","0","0","0","0","4","2","3","4","4","2","2","4","1","1","Being unable to replicate psychological experiments due to insufficient details on how they were run, therefore making it difficult to check the reliability of results.","1","3","2",""
"359","15/03/2022 13:42","16/03/2022 07:09","0","100","62843","1","16/03/2022 07:09","R_2sbQ6HC4i8aMlOL","anonymous","EN","1","","UKRN06","","","","","","1st Year","","","","","2","5","2","4","1","5","2","5","3","5","1","5","1","5","4","3","5","1","1","1","1","1","1","1","1","0","0","1","0","0","0","0","0","5","1","5","1","4","4","1","2","1","1","failure to replicate studies","1","1","1",""
"360","16/03/2022 07:28","16/03/2022 08:31","0","100","3816","1","16/03/2022 08:31","R_tGO8lfkWM39cDkJ","anonymous","EN","1","","UKRN06","","","","","","2nd Year","","","","","2","5","1","5","1","5","1","3","3","3","2","3","3","4","3","4","4","1","1","1","1","1","1","1","1","0","0","0","0","0","0","0","0","5","2","5","2","4","4","2","3","1","1","A lot of studies have failed to have their findings replicated ","3","1","1","No"
"361","16/03/2022 08:54","16/03/2022 09:28","0","100","2066","1","16/03/2022 09:28","R_bQ4a1jwZEuBSY8N","anonymous","EN","1","","UKRN06","","","","","","1st Year","","","","","2","4","2","3","2","4","2","4","2","4","2","4","1","4","3","2","5","1","","1","","","","","1","0","0","0","0","0","0","0","0","2","3","4","4","4","4","2","4","2","","","1","2","1",""
"362","16/03/2022 09:13","16/03/2022 09:56","0","100","2604","1","16/03/2022 09:56","R_1NFEQfjVz8wPMn3","anonymous","EN","1","","UKRN06","","","","","","1st Year","","","","","1","5","1","4","1","3","3","4","4","4","1","3","1","4","2","3","5","","","1","","","","1","1","0","0","0","0","0","0","0","0","4","2","4","4","4","5","2","5","2","","","3","3","3",""
"363","16/03/2022 11:01","16/03/2022 11:30","0","100","1734","1","16/03/2022 11:30","R_3L8fhWj6C2R6CRv","anonymous","EN","1","","UKRN06","","","","","","1st Year","","","","","2","5","2","3","3","3","3","5","2","4","2","3","2","4","4","1","5","1","","1","","","1","1","","1","0","1","0","0","0","0","0","5","3","4","4","5","3","2","4","2","","","1","3","1",""
"364","16/03/2022 12:25","16/03/2022 13:16","0","100","3076","1","16/03/2022 13:16","R_1osPixQaMrDOLqX","anonymous","EN","1","","UKRN06","","","","","","2nd Year","","","","","1","5","2","5","1","3","3","5","2","5","1","4","1","4","1","3","3","1","1","1","1","","1","1","1","1","1","0","0","0","0","1","1","4","2","5","1","3","5","2","5","1","1","Lots of studies it came out that they could not be replicated. especially in social psychology","1","1","1",""
"365","16/03/2022 13:09","16/03/2022 13:31","0","100","1304","1","16/03/2022 13:31","R_rqEY1j8Fy5F5q9j","anonymous","EN","1","","UKRN06","","","","","","2nd Year","","","","","2","2","3","4","2","4","2","4","1","4","2","4","1","3","3","3","3","1","1","1","1","1","1","1","1","0","0","1","0","0","0","1","0","5","1","4","3","4","2","2","4","2","","","3","3","1",""
"366","16/03/2022 13:37","16/03/2022 14:26","0","100","2907","1","16/03/2022 14:26","R_WcHAhD74UTt9Flf","anonymous","EN","1","","UKRN06","","","","","","1st Year","","","","","1","4","2","5","1","2","4","5","2","4","2","4","1","4","2","2","4","1","1","1","","1","1","","1","1","0","1","0","0","1","0","0","5","1","5","4","5","2","2","4","1","1","It is the issue that psychology has got to the point where people are redoing experiments more than new work to check for that research's validity. This is stopping new research being done as it is a war of trying to get more evidence for one point than it is coming up with something new.","1","1","1",""
"367","16/03/2022 14:11","16/03/2022 14:28","0","100","1066","1","16/03/2022 14:28","R_2Epdx5VMY1eIWmf","anonymous","EN","1","","UKRN06","","","","","","2nd Year","","","","","2","5","5","3","4","5","5","3","5","4","4","5","4","5","5","5","4","1","1","1","1","1","1","1","1","1","1","1","1","1","1","1","1","3","4","2","2","3","3","4","3","1","1","not enough replication studies to draw inferences","1","1","3",""
"368","16/03/2022 14:39","16/03/2022 15:42","0","100","3764","1","16/03/2022 15:42","R_Z7ZfrfWhr7iriqR","anonymous","EN","1","","UKRN06","","","","","","1st Year","","","","","2","5","2","4","2","5","1","5","1","5","1","3","2","4","4","3","3","","","","","","","","","0","0","0","0","0","0","0","0","5","3","5","4","3","5","3","5","2","","","2","3","1",""
"369","17/03/2022 03:54","17/03/2022 04:15","0","100","1217","1","17/03/2022 04:15","R_BrWUMq4Lel6SjgR","anonymous","EN","1","","UKRN06","","","","","","1st Year","","","","","2","4","2","4","3","4","1","5","2","4","2","3","2","3","3","3","3","1","1","1","1","1","1","1","1","0","0","1","0","0","0","0","0","2","2","5","2","3","3","2","4","1","1","when scientific studies and their results cannot be fully replicated, thus could be invalid","1","3","1",""
"370","17/03/2022 05:53","17/03/2022 06:16","0","100","1381","1","17/03/2022 06:16","R_1KvhSIBVhyuCNep","anonymous","EN","1","","UKRN06","","","","","","1st Year","","","","","2","5","1","3","1","5","2","5","1","4","1","5","1","5","1","1","5","1","","1","","","","","1","0","0","0","0","0","0","0","0","5","2","1","5","5","4","2","5","3","","","2","2","1",""
"371","17/03/2022 06:16","17/03/2022 07:18","0","100","3699","1","17/03/2022 07:18","R_1mvYp1qou8NyM47","anonymous","EN","1","","UKRN06","","","","","","1st Year","","","","","1","5","1","5","5","5","1","5","4","5","3","5","1","5","5","4","5","1","1","1","1","1","1","1","1","0","0","1","0","0","0","0","0","5","1","5","1","4","5","1","5","1","1","an issue in science at the moment where no one can replicate others' findings.","2","2","1",""
"372","17/03/2022 07:15","17/03/2022 09:25","0","100","7789","1","17/03/2022 09:25","R_2rqMZIBg4c1NFJg","anonymous","EN","1","","UKRN06","","","","","","2nd Year","","","","","2","4","2","4","1","3","3","4","2","3","5","3","1","3","1","3","4","1","1","1","1","","1","1","1","1","1","0","1","0","1","1","1","4","2","3","1","4","3","2","4","1","1","where it is becoming more challenging to replicate and reproduce published studies results due to low transparency regarding research methods etc. ","1","1","1",""
"373","18/03/2022 02:58","18/03/2022 03:21","0","100","1349","1","18/03/2022 03:21","R_10u4XUacknQYqxE","anonymous","EN","1","","UKRN06","","","","","","1st Year","","","","","2","5","2","5","2","4","2","5","1","4","2","4","1","4","2","3","4","1","1","1","1","1","1","1","1","0","1","1","0","0","1","0","0","2","2","3","4","4","4","1","4","1","1","Repeating research to find the results you want","1","1","1","N/A"
"374","18/03/2022 04:21","18/03/2022 04:56","0","100","2043","1","18/03/2022 04:56","R_2z606yS7YvazEAX","anonymous","EN","1","","UKRN06","","","","","","1st Year","","","","","2","4","2","2","4","2","4","1","4","2","4","5","1","4","4","4","3","1","1","1","1","1","1","1","1","1","0","0","0","0","0","0","1","1","5","4","4","4","4","4","2","2","","","2","3","1",""
"375","18/03/2022 11:07","18/03/2022 11:43","0","100","2155","1","18/03/2022 11:43","R_2wnK1NwY5Gn1fKZ","anonymous","EN","1","","UKRN06","","","","","","1st Year","","","","","2","5","1","5","1","5","1","5","2","5","1","4","1","4","3","2","4","1","1","1","","","1","","1","0","0","1","0","0","0","0","1","5","1","5","4","3","3","4","5","3","","","1","1","1",""
"376","18/03/2022 11:22","18/03/2022 11:47","0","100","1528","1","18/03/2022 11:47","R_sO1QARvinTm5If7","anonymous","EN","1","","UKRN06","","","","","","1st Year","","","","","2","5","1","4","1","4","3","5","2","5","1","4","1","3","1","2","4","1","1","1","1","1","1","1","1","0","0","0","0","1","1","0","0","4","1","4","1","4","4","1","3","1","1","Many psychology research initially deemed having a significant effect size cannot be replicated ","1","1","1","-"
"377","18/03/2022 13:21","18/03/2022 13:58","0","100","2201","1","18/03/2022 13:58","R_1Duo1lwY1nOeFJ8","anonymous","EN","1","","UKRN06","","","","","","1st Year","","","","","2","5","2","4","2","3","3","4","1","4","3","4","2","4","2","2","4","1","1","1","1","1","1","1","1","0","1","0","0","0","0","0","0","4","4","5","4","2","3","2","3","1","1","data cant be reproduced and then is likely wrong","2","3","1",""
"378","18/03/2022 18:29","18/03/2022 19:09","0","100","2372","1","18/03/2022 19:09","R_2PvggRs1zGdT1up","anonymous","EN","1","","UKRN06","","","","","","2nd Year","","","","","2","3","2","4","1","4","1","4","2","5","1","4","1","4","1","1","4","1","1","1","1","","1","1","1","1","1","0","0","0","0","0","1","4","2","4","1","5","3","2","5","1","1","study's in academic aren't being replicated ","1","1","1",""
"379","19/03/2022 03:39","19/03/2022 04:09","0","100","1822","1","19/03/2022 04:09","R_5o62bm9QUvXv9Lj","anonymous","EN","1","","UKRN06","","","","","","2nd Year","","","","","1","5","2","4","2","4","4","5","2","5","2","4","3","4","2","3","4","1","1","1","1","1","1","1","1","0","1","1","0","0","0","1","1","4","2","5","1","3","4","2","3","3","","","1","1","1",""
"380","19/03/2022 06:24","19/03/2022 06:57","0","100","2029","1","19/03/2022 06:57","R_1lzB3PmnOVd5sYy","anonymous","EN","1","","UKRN06","","","","","","1st Year","","","","","2","3","5","4","5","3","3","2","4","2","4","3","3","4","4","4","3","1","1","1","","","1","","1","0","0","0","0","0","0","0","0","2","4","4","3","3","2","4","2","3","","","1","2","1",""
"381","12/03/2022 07:56","12/03/2022 08:10","0","93","836","0","19/03/2022 09:10","R_3fZPgGCtICgv9aF","anonymous","EN","1","","UKRN06","","","","","","3rd Year","","","","","2","5","1","5","1","5","1","5","3","5","1","5","1","5","1","3","4","1","","1","1","1","1","1","1","0","0","0","0","0","0","1","0","5","1","5","1","3","4","1","5","1","1","A large scale review attempted to reproduce a large amount of studies and found the effects to be largely insignificant/smaller than reported","1","1","1",""
"382","12/03/2022 10:27","12/03/2022 11:30","0","36","3791","0","19/03/2022 12:30","R_1NeLLl06RTS2hNr","anonymous","EN","1","","UKRN06","","","","","","0","","","","","2","5","1","5","2","5","2","5","3","5","2","5","1","2","2","2","5","1","1","1","1","","","","1","0","0","0","0","0","0","0","0","5","2","2","5","5","4","1","4","2","","","3","1","1",""
"383","20/03/2022 11:53","20/03/2022 12:37","0","100","2609","1","20/03/2022 12:37","R_2EFzFAQBUlUFuWU","anonymous","EN","1","","UKRN06","","","","","","2nd Year","","","","","1","5","2","5","1","5","2","4","4","4","2","4","2","4","3","2","5","1","1","1","","","1","1","1","1","1","1","0","0","1","0","1","4","3","4","4","4","4","2","4","3","","","1","3","1",""
"384","21/03/2022 05:10","21/03/2022 05:43","0","100","1985","1","21/03/2022 05:43","R_1NyRnidRcqRsiMY","anonymous","EN","1","","UKRN06","","","","","","1st Year","","","","","1","4","1","5","1","4","2","4","4","5","1","4","1","4","1","2","4","1","1","1","","","1","1","1","0","0","1","0","0","0","0","1","1","1","4","1","4","5","1","3","1","1","There are many studies which report significant results, that when the experiment is replicated by a neutral party , fail to produce the same results.","1","1","1",""
"385","21/03/2022 08:56","21/03/2022 09:17","0","100","1263","1","21/03/2022 09:17","R_2Y3yHBC8KSWwTOO","anonymous","EN","1","","UKRN06","","","","","","2nd Year","","","","","2","4","4","4","1","4","3","4","2","4","2","2","2","3","4","2","4","1","1","1","1","1","1","1","1","0","0","0","1","1","1","0","0","4","1","4","4","4","3","4","3","1","3","what could go wrong/ what s problematic when replicating studies","1","3","1",""
"386","21/03/2022 09:45","21/03/2022 10:24","0","100","2357","1","21/03/2022 10:24","R_3PaEhuzTVMEkUHr","anonymous","EN","1","","UKRN06","","","","","","1st Year","","","","","1","5","2","4","2","3","3","4","2","4","2","4","2","3","3","2","4","1","1","1","1","1","1","1","1","0","0","0","1","1","0","1","0","4","2","2","4","4","3","2","2","2","","","1","1","1",""
"387","21/03/2022 11:14","21/03/2022 11:50","0","100","2160","1","21/03/2022 11:50","R_27rGKyAogq5Hts1","anonymous","EN","1","","UKRN06","","","","","","1st Year","","","","","2","4","2","4","2","4","4","5","2","5","1","2","1","3","3","2","4","1","1","1","","","","","1","0","0","1","0","0","0","0","0","4","2","5","4","4","4","1","4","2","","","1","1","1",""
"388","14/03/2022 11:42","14/03/2022 12:12","0","99","1779","0","21/03/2022 12:12","R_3p9oz38nuyRQiLc","anonymous","EN","1","","UKRN06","","","","","","1st Year","","","","","2","5","2","3","1","4","2","5","1","4","2","5","1","4","1","2","5","1","1","1","1","1","1","1","1","0","1","0","0","0","0","0","0","5","2","5","4","4","4","2","5","3","","","3","2","1",""
"389","21/03/2022 12:08","21/03/2022 12:27","0","100","1138","1","21/03/2022 12:27","R_12gtYUmZebS1i2o","anonymous","EN","1","","UKRN06","","","","","","2nd Year","","","","","2","4","2","4","2","4","2","5","3","4","2","3","2","5","2","3","4","1","1","1","1","1","1","1","1","0","0","0","0","1","0","0","0","5","2","5","5","2","3","2","4","1","1","research can't be replicated due to methodological errors","1","1","1",""
"390","21/03/2022 14:16","21/03/2022 14:49","0","100","2021","1","21/03/2022 14:49","R_OPcsEDg7fzCRhrb","anonymous","EN","1","","UKRN06","","","","","","1st Year","","","","","2","5","1","3","1","3","2","5","1","5","2","4","1","3","3","2","5","1","1","1","","","","1","1","0","0","1","0","0","0","0","0","5","3","5","2","3","4","2","4","1","3","I'm not sure ","3","3","1",""
"391","21/03/2022 14:59","21/03/2022 15:38","0","100","2340","1","21/03/2022 15:38","R_6x0Qm4tzp9CAGsx","anonymous","EN","1","","UKRN06","","","","","","2nd Year","","","","","2","5","1","5","1","3","3","2","2","4","1","5","2","4","4","2","4","1","1","1","1","","","1","1","0","1","0","0","0","0","0","0","4","2","5","1","4","5","1","4","1","1","In psychology studies are rarely replicated out of fears that they will not be published due to lack of interest. Many past studies have been replicated and the results have been inconsistent, so replication is necessary to confirm conclusions. ","3","1","1",""
"392","21/03/2022 17:05","21/03/2022 17:28","0","100","1421","1","21/03/2022 17:28","R_QcPlU3TGg5V0F3z","anonymous","EN","1","","UKRN06","","","","","","1st Year","","","","","2","4","2","3","2","4","2","4","2","4","2","4","1","3","2","2","4","","","1","","","1","","1","0","0","0","0","0","0","0","0","4","3","4","4","4","4","3","4","1","1","many studies are not replicated because it is seen as a waste of resources, yet it has been found that many well respected studies and their findings cannot be replicated which suggests that we are accepting a lot of information which should first be checked via replication to confirm that it is reliable","2","2","1",""
"393","21/03/2022 17:24","21/03/2022 17:37","0","100","759","1","21/03/2022 17:37","R_2topGIanHjPQhZV","anonymous","EN","1","","UKRN06","","","","","","2nd Year","","","","","2","4","2","2","4","4","4","2","4","4","4","3","3","3","3","2","4","1","1","1","1","1","1","1","1","0","0","0","0","1","0","0","0","3","4","4","3","4","1","4","2","1","1","it's basically trying to copy the study but using different methods to see if we get same results","3","3","3",""
"394","22/03/2022 04:33","22/03/2022 04:56","0","100","1430","1","22/03/2022 04:56","R_1IrUHJ1wLTH8c7K","anonymous","EN","1","","UKRN06","","","","","","3rd Year","","","","","2","4","2","2","1","4","3","3","4","3","1","4","1","3","1","4","4","1","1","1","1","","1","1","1","1","0","1","0","0","1","1","1","2","1","4","3","4","4","4","3","1","1","Where lots of research studies have attempted to be replicated and produce results which are non-significant contrasting the original study","1","1","1",""
"395","22/03/2022 04:42","22/03/2022 05:03","0","100","1273","1","22/03/2022 05:03","R_sTmwBLdZanmNTaN","anonymous","EN","1","","UKRN06","","","","","","3rd Year","","","","","2","2","2","3","2","2","2","4","2","4","2","1","1","1","1","1","4","1","1","1","1","1","1","1","1","0","0","0","0","1","0","0","0","5","2","2","4","4","2","2","2","1","1"," Belief that the results of scientific studies cannot be reproduced and are likely to be wrong.","1","2","1",""
"396","22/03/2022 04:31","22/03/2022 05:19","0","100","2839","1","22/03/2022 05:19","R_0cgr2DLhDIfHGed","anonymous","EN","1","","UKRN06","","","","","","1st Year","","","","","2","4","1","5","1","3","3","2","4","4","1","4","2","3","2","2","5","1","1","1","1","","1","","1","0","0","1","0","0","1","0","0","4","2","4","2","4","3","2","3","1","1","That journals don't want to pay for replica studies especially if they have the same outcomes as the original because they don't add much to current knowledge.","1","1","1",""
"397","22/03/2022 06:33","22/03/2022 07:01","0","100","1722","1","22/03/2022 07:01","R_Q9qALRBXUw3Q717","anonymous","EN","1","","UKRN06","","","","","","2nd Year","","","","","2","4","4","5","2","4","3","2","3","2","2","4","3","4","4","3","5","1","1","1","1","","","1","1","1","0","0","1","0","0","1","1","5","2","2","1","5","4","2","4","1","1","difficulty to reproduce findings found from previous studies","3","1","1",""
"398","22/03/2022 07:54","22/03/2022 08:31","0","100","2239","1","22/03/2022 08:31","R_1jlUpIlHMmcdPjR","anonymous","EN","1","","UKRN06","","","","","","2nd Year","","","","","2","4","2","5","1","5","1","5","1","5","3","4","1","3","2","3","3","1","1","1","1","1","1","1","1","0","0","1","0","0","1","1","1","4","2","4","2","3","3","1","5","1","1","For results to be valid they need to be replicated and find the same results and many studies are being found to be un replicable","3","1","1",""
"399","22/03/2022 07:10","22/03/2022 08:52","0","100","6110","1","22/03/2022 08:52","R_1guqpR5bWtrXboI","anonymous","EN","1","","UKRN06","","","","","","1st Year","","","","","2","4","2","4","2","3","3","5","2","5","4","4","2","4","3","2","4","1","1","1","1","1","1","1","1","0","1","1","0","0","1","0","0","4","3","5","2","4","3","2","4","1","1","A panic because the results of lots of previous studies can't be found again ","3","1","1",""
"400","22/03/2022 09:04","22/03/2022 09:30","0","100","1590","1","22/03/2022 09:30","R_2uNXhyoVS4zFuec","anonymous","EN","1","","UKRN06","","","","","","1st Year","","","","","1","5","1","4","1","3","3","3","3","4","2","3","2","4","1","4","3","1","1","1","","","","","1","0","0","0","0","0","0","0","0","5","2","4","2","3","4","2","4","3","","","3","3","1",""
"401","22/03/2022 09:06","22/03/2022 09:32","0","100","1562","1","22/03/2022 09:32","R_2v79ij5EKhckx0q","anonymous","EN","1","","UKRN06","","","","","","1st Year","","","","","2","5","2","4","2","4","2","4","2","4","2","4","1","4","2","3","3","","","1","","","","1","1","0","0","1","0","0","0","0","0","4","2","4","4","3","4","2","4","2","","","2","2","1",""
"402","22/03/2022 10:28","22/03/2022 11:12","0","100","2631","1","22/03/2022 11:12","R_2aS4AfVru1kvQJf","anonymous","EN","1","","UKRN06","","","","","","2nd Year","","","","","2","5","2","5","1","5","2","5","1","5","1","4","4","3","4","2","5","1","1","1","1","","1","1","1","0","1","0","0","0","0","1","1","5","1","5","1","5","4","4","4","1","1","It is an ongoing methodological crisis as a lot of research results have been found difficult or even impossible to reproduce/replicate. Therefore, a lot of psychological results are questionable. ","1","1","1",""
"403","22/03/2022 10:57","22/03/2022 11:32","0","100","2155","1","22/03/2022 11:32","R_1Qlxbo1LXtFgMe0","anonymous","EN","1","","UKRN06","","","","","","1st Year","","","","","1","5","1","5","1","4","2","4","4","4","2","4","1","3","3","3","3","1","1","1","1","1","1","1","1","0","0","0","1","1","1","1","1","5","2","5","2","4","4","2","5","3","","","3","3","1","N/A"
"404","22/03/2022 11:13","22/03/2022 12:04","0","100","3041","1","22/03/2022 12:04","R_1LYSS5FflNmBMrC","anonymous","EN","1","","UKRN06","","","","","","2nd Year","","","","","2","5","1","5","1","4","2","5","1","5","2","4","2","4","2","3","4","1","1","1","1","","1","1","1","1","1","1","0","0","1","1","1","4","1","5","2","2","4","1","4","1","1","There is a lot of research which is original but not much which replicated and confirms that original research. We should therefore aim to replicate more studies in order to test the reliability of their findings.","1","1","1",""
"405","22/03/2022 12:36","22/03/2022 13:17","0","100","2457","1","22/03/2022 13:17","R_1CvU9LO7KI8KCDx","anonymous","EN","1","","UKRN06","","","","","","2nd Year","","","","","2","5","2","5","2","3","3","4","2","2","4","4","1","4","1","1","5","1","1","1","1","1","1","1","1","0","0","0","0","1","1","0","0","4","4","5","2","5","2","2","3","1","1","results of studies are difficult to replicate/reproduce ","1","1","1",""
"406","22/03/2022 13:37","22/03/2022 14:04","0","100","1632","1","22/03/2022 14:04","R_a4NzEJ5iqr6AFe9","anonymous","EN","1","","UKRN06","","","","","","2nd Year","","","","","2","4","1","5","2","4","2","5","3","4","2","4","2","3","3","3","3","1","1","1","1","","","1","1","1","0","1","0","0","0","1","1","4","2","5","3","2","5","2","4","1","1","This is when researchers are unable to find the same findings as stated in previous research despite using the same method.","1","1","1","No"
"407","23/03/2022 07:32","23/03/2022 07:45","0","100","793","1","23/03/2022 07:45","R_1JRqJnfemSI0BN3","anonymous","EN","1","","UKRN06","","","","","","2nd Year","","","","","2","4","3","4","4","4","4","3","4","4","3","4","4","4","3","4","4","1","1","1","1","1","1","1","1","0","0","0","0","0","0","0","0","4","3","5","2","4","4","3","4","1","1","results cannot be reproduced ","3","1","1",""
"408","23/03/2022 08:35","23/03/2022 09:44","0","100","4143","1","23/03/2022 09:44","R_21olanDhXEXRfEZ","anonymous","EN","1","","UKRN06","","","","","","1st Year","","","","","2","5","1","3","2","2","3","3","3","4","3","4","1","3","3","2","5","","","1","1","","1","","1","0","0","1","1","0","1","0","1","5","2","2","4","5","1","3","4","2","","","2","2","3",""
"409","23/03/2022 09:26","23/03/2022 09:54","0","100","1673","1","23/03/2022 09:54","R_1qanX0hMvjrWvzX","anonymous","EN","1","","UKRN06","","","","","","1st Year","","","","","1","5","3","4","2","3","4","5","4","5","4","4","1","3","4","2","5","1","1","1","1","1","1","1","1","0","1","0","1","0","1","0","0","5","2","5","4","4","1","2","4","3","","","1","1","1",""
"410","23/03/2022 09:20","23/03/2022 10:07","0","100","2835","1","23/03/2022 10:07","R_YWTXBCAqAomNXDX","anonymous","EN","1","","UKRN06","","","","","","1st Year","","","","","2","4","2","3","2","4","2","4","3","4","2","3","1","4","3","3","4","","","1","1","","1","","1","0","0","0","1","0","1","0","0","3","4","4","3","4","2","3","4","3","","","3","3","1",""
"411","23/03/2022 11:50","23/03/2022 12:14","0","100","1427","1","23/03/2022 12:14","R_WCEAEoA97nGDA8F","anonymous","EN","1","","UKRN06","","","","","","2nd Year","","","","","2","5","1","5","1","5","3","5","2","4","2","4","1","4","1","3","4","1","","1","1","","","1","1","0","0","1","0","0","0","1","0","5","1","5","1","4","5","1","3","1","1","that the results of a large number of published studies cannot be replicated","2","3","1",""
"412","23/03/2022 13:02","23/03/2022 13:24","0","100","1360","1","23/03/2022 13:24","R_1QuR3kfeAN4xIoz","anonymous","EN","1","","UKRN06","","","","","","2nd Year","","","","","2","4","2","2","2","4","2","4","4","2","3","5","3","5","4","2","4","1","1","1","1","1","1","1","1","0","1","0","1","1","1","0","0","4","4","3","2","5","2","1","4","1","1","results can't be reproduced","2","2","1",""
"413","16/03/2022 14:13","16/03/2022 15:03","0","86","2984","0","23/03/2022 15:03","R_2cqF8dWJGsFTRE0","anonymous","EN","1","","UKRN06","","","","","","1st Year","","","","","2","5","2","4","3","3","3","4","2","4","2","4","1","4","2","2","4","1","1","1","1","1","1","1","1","1","1","1","0","1","1","0","1","5","2","5","2","4","2","2","4","3","","","1","3","1",""
"414","24/03/2022 08:11","24/03/2022 08:47","0","100","2147","1","24/03/2022 08:47","R_2SCy4qNfyyvPPW5","anonymous","EN","1","","UKRN06","","","","","","2nd Year","","","","","1","5","2","5","2","4","2","5","1","5","1","2","2","4","4","4","5","1","1","1","1","1","1","1","1","1","1","1","1","0","1","1","1","5","1","5","1","3","4","3","4","1","1","researchers publishing findings with methods that do not replicate/reproduce","1","1","1",""
"415","24/03/2022 09:09","24/03/2022 09:28","0","100","1155","1","24/03/2022 09:28","R_O9cc1gcYOQXXxS1","anonymous","EN","1","","UKRN06","","","","","","1st Year","","","","","2","5","2","3","2","4","3","5","2","5","1","5","1","4","1","3","4","1","1","1","1","1","1","1","1","0","0","1","0","0","0","1","1","4","2","4","3","4","3","2","4","1","1","The fact that majority of studies that have been published have been attempted to be replicated, and the results of the follow-up study have not been similar to the original study- therefore suggesting that reliability of research is difficult to establish.","3","1","1",""
"416","24/03/2022 09:30","24/03/2022 09:44","0","100","831","1","24/03/2022 09:44","R_1hLlxOu8VliJ3Sq","anonymous","EN","1","","UKRN06","","","","","","1st Year","","","","","1","5","1","4","1","5","1","2","5","2","3","5","1","4","4","4","4","1","","1","1","","1","1","1","0","0","0","0","0","0","0","0","5","1","5","4","4","4","4","4","1","2","the growing notion that many scientific studies cannot be replicated and are thus likely to be wrong/unreliable.","2","2","1",""
"417","24/03/2022 10:11","24/03/2022 10:33","0","100","1272","1","24/03/2022 10:33","R_2dMRTe9fswe6sGx","anonymous","EN","1","","UKRN06","","","","","","2nd Year","","","","","2","4","2","4","2","3","3","4","4","4","2","4","1","4","1","2","4","1","1","1","1","1","1","1","1","0","0","0","0","0","0","0","0","4","2","4","2","2","4","2","3","1","1","Lots of psychological studies showing a significant effect in the original paper did not replicate later","1","1","1",""
"418","24/03/2022 11:10","24/03/2022 11:46","0","100","2127","1","24/03/2022 11:46","R_2rC9bqcNBgkn8FY","anonymous","EN","1","","UKRN06","","","","","","1st Year","","","","","2","5","1","4","1","5","2","5","2","5","2","3","1","3","4","3","4","1","1","1","1","1","1","1","1","0","0","0","1","1","1","1","0","5","2","4","4","4","4","2","3","2","","","1","1","1",""
"419","24/03/2022 10:17","24/03/2022 12:04","0","100","6415","1","24/03/2022 12:04","R_2wozy75eBNJMr1l","anonymous","EN","1","","UKRN06","","","","","","1st Year","","","","","1","5","1","5","1","4","3","5","3","5","2","5","4","3","4","3","3","1","1","","","","1","","","0","0","0","0","0","0","0","0","3","3","4","3","4","3","1","3","2","","","1","3","3",""
"420","24/03/2022 14:18","24/03/2022 15:02","0","100","2641","1","24/03/2022 15:02","R_6uvH63xj97DXoYh","anonymous","EN","1","","UKRN06","","","","","","2nd Year","","","","","3","3","2","4","4","4","3","5","1","5","2","5","1","4","1","2","5","1","1","1","1","","1","1","1","1","1","0","0","0","0","1","1","5","2","4","2","5","2","1","5","1","1","Not being able to get the same finding as the original researcher even though reproduced the experiment multiple times following exactly the procedure described in the original researcher's paper.","1","1","1",""
"421","24/03/2022 20:53","24/03/2022 21:14","0","100","1277","1","24/03/2022 21:14","R_3fIQRv5tL2cdRcr","anonymous","EN","1","","UKRN06","","","","","","1st Year","","","","","2","5","2","3","2","4","2","5","2","5","2","3","2","4","3","2","2","1","","1","","","","","1","0","0","1","0","0","0","0","0","4","2","4","3","4","2","2","4","3","","","3","2","1",""
"422","25/03/2022 04:41","25/03/2022 05:10","0","100","1729","1","25/03/2022 05:10","R_2fjiWu76jOkfuUg","anonymous","EN","1","","UKRN06","","","","","","1st Year","","","","","2","5","2","5","1","4","2","5","1","5","1","4","1","5","5","3","5","","","1","","","","","1","0","0","1","0","0","0","0","1","4","4","5","5","4","4","4","4","1","1","results of some previous studies cannot be replicated, so the theories devised may be wrong","2","2","1",""
"423","25/03/2022 06:17","25/03/2022 06:40","0","100","1370","1","25/03/2022 06:40","R_22P8jaPC91gOcz5","anonymous","EN","1","","UKRN06","","","","","","1st Year","","","","","2","4","2","3","4","3","3","5","4","5","5","4","1","3","3","2","4","1","1","1","1","1","1","1","1","1","0","1","1","0","1","1","1","2","2","5","3","4","4","2","3","1","1","This is when previous research was replicated by other researchers who found there an issue within the results reported before. Studies' claims were not able to be reproduced by later researchers. ","3","3","1",""
"424","24/03/2022 11:04","25/03/2022 07:44","0","100","74395","1","25/03/2022 07:44","R_9EVfZTcEkuwYeEF","anonymous","EN","1","","UKRN06","","","","","","1st Year","","","","","1","5","1","5","1","5","1","5","3","5","1","5","1","5","2","2","5","","1","1","","","","1","1","0","0","0","0","0","0","0","0","5","1","4","1","5","4","2","3","1","1","findings are not able to be produced exactly ever. ","2","2","1",""
"425","25/03/2022 05:55","25/03/2022 08:48","0","100","10399","1","25/03/2022 08:48","R_1dtX6VeMnvMYIrm","anonymous","EN","1","","UKRN06","","","","","","1st Year","","","","","2","5","1","3","2","4","2","5","3","4","3","3","3","3","4","2","4","1","1","1","","","1","","1","0","0","1","0","0","1","0","1","4","2","4","3","4","4","3","4","2","","","3","1","3",""
"426","25/03/2022 08:41","25/03/2022 09:08","0","100","1594","1","25/03/2022 09:08","R_2cngbdisYPwwg10","anonymous","EN","1","","UKRN06","","","","","","2nd Year","","","","","2","4","2","4","1","5","1","4","2","5","1","4","1","5","4","3","4","1","1","1","","1","1","1","1","1","0","0","0","0","1","1","1","4","2","5","2","4","5","2","4","2","","","1","2","1",""
"427","25/03/2022 09:42","25/03/2022 10:00","0","100","1057","1","25/03/2022 10:00","R_1exTV23TfodBzIr","anonymous","EN","1","","UKRN06","","","","","","2nd Year","","","","","2","4","1","4","3","3","4","4","4","4","2","3","2","4","3","2","2","1","1","1","1","1","1","1","1","0","0","0","0","0","0","0","0","4","5","5","1","1","5","1","3","1","1","new research cannot replicate result of past research","1","1","1",""
"428","26/03/2022 06:55","26/03/2022 07:26","0","100","1866","1","26/03/2022 07:26","R_2tAo4MTDKqXHH2F","anonymous","EN","1","","UKRN06","","","","","","1st Year","","","","","2","4","1","4","1","3","3","5","2","4","3","1","1","3","2","1","3","1","1","1","1","1","1","1","1","1","1","1","0","0","0","0","0","4","3","5","3","3","4","2","4","2","","","1","1","1",""
"429","27/03/2022 13:31","27/03/2022 13:59","0","100","1686","1","27/03/2022 13:59","R_1puNCcrbQnUeLxE","anonymous","EN","1","","UKRN06","","","","","","2nd Year","","","","","2","4","2","4","1","1","2","5","2","5","1","4","4","4","5","2","4","1","1","1","1","1","1","1","1","1","1","1","0","0","1","1","1","4","4","4","2","4","4","4","5","1","1","No studies are being replicated due to malpractice.","1","1","1",""
"430","25/03/2022 08:21","25/03/2022 08:55","0","97","2051","0","01/04/2022 08:55","R_UACFE4W3r4EqXJL","anonymous","EN","1","","UKRN06","","","","","","3rd Year","","","","","1","1","1","5","1","5","1","5","1","5","1","5","1","5","1","2","5","1","1","","1","","","1","1","0","0","0","0","0","0","0","1","5","2","5","3","2","4","1","5","1","1","The sudden influx/ realisation that a large proportion of studies, including famous/ landmark studies, were failing to replicate. were ","1","1","1",""
"431","02/03/2022 05:09","02/03/2022 05:42","0","100","2019","1","02/03/2022 05:42","R_3MAKFqjLAjxV5fx","anonymous","EN","1","","UNI62","","","","","","3rd Year","","","","","2","5","1","3","2","1","3","4","3","4","2","5","1","4","1","3","3","1","1","1","1","1","","1","1","0","0","1","1","0","0","1","0","1","2","5","1","2","5","1","1","1","1","When 'classic' research was attempted to be more recently replicated, the majority of the firmly held/consensus conclusions were found to not be replicable. This made scientists question the quality of the evidence and research methods of the early studies, and whether they were accepted as gospel too easily.","1","1","1",""
"432","02/03/2022 08:43","02/03/2022 08:43","0","8","22","0","09/03/2022 08:43","R_11jxXWS9albTlTg","anonymous","EN","1","","UNI62","","","","","","0","","","","","2","","","","","","","","","","","","","","","","","","","","","","","","","0","0","0","0","0","0","0","0","","","","","","","","","","","","","","",""
"433","07/03/2022 15:08","07/03/2022 15:23","0","49","870","0","14/03/2022 16:23","R_1guryaqZWiFXsus","anonymous","EN","1","","UNI62","","","","","","0","","","","","2","3","4","4","2","2","2","4","3","2","2","3","1","4","2","1","4","1","1","1","","1","1","1","1","0","0","0","0","0","0","0","0","1","3","3","4","4","5","2","3","1","1","When replications of studies are not finding the same results as the original studies. This is a problem in many sciences, but especially within psychology.","1","1","1",""
"434","01/03/2022 10:28","01/03/2022 11:05","0","100","2207","1","01/03/2022 11:05","R_1hHk0WguTNBknQs","anonymous","EN","1","","UNI62","","","","","","3rd Year","","","","","2","5","1","4","2","4","1","3","3","5","1","5","1","5","1","3","4","1","","1","1","1","","1","1","0","0","1","0","0","0","1","0","5","1","4","1","3","2","1","4","1","1","It where many foundational studies are not being replicated by other labs when methods are copied","1","2","1","May just be me but I feel my specific learning disability alienates me from statistics in my university course as even if I know the methods trying to use all the new symbols, abbreviations and even trying to put in the numbers correctly is a struggle  "
"435","01/03/2022 15:50","01/03/2022 16:11","0","100","1296","1","01/03/2022 16:12","R_2aULP7BLDuk8Mxq","anonymous","EN","1","","UNI62","","","","","","3rd Year","","","","","2","5","1","4","1","4","1","4","4","3","1","5","1","3","2","2","2","1","1","1","1","1","1","1","1","0","0","1","0","0","0","1","1","5","1","4","1","2","5","1","2","1","1","That a lot of Çƒ˙successfulÇƒ˘ psychology studies have been unable to be replicated (I believe it may be as high as 50%) ","1","1","1",""
"436","08/03/2022 05:08","08/03/2022 05:34","0","100","1544","1","08/03/2022 05:34","R_3ez6dhAe42JtpWn","anonymous","EN","1","","UNI05","","","","","","3rd Year","","","","","2","5","1","3","2","4","1","4","2","4","5","5","1","2","1","1","2","1","","1","","1","1","1","1","0","0","1","0","0","0","1","1","4","2","5","2","4","1","1","2","1","1","Studies are unable to be replicated and therefore the results might be wrong ","2","3","1",""
"437","08/03/2022 05:09","08/03/2022 05:37","0","64","1682","0","15/03/2022 06:37","R_zUbwFq0VniR6WPf","anonymous","EN","1","","UNI05","","","","","","0","","","","","2","4","2","4","2","4","2","5","2","4","2","4","2","3","3","2","4","","","","","","1","","1","0","0","0","0","1","0","1","0","5","2","4","4","4","4","2","4","3","","","2","3","1",""
"438","15/03/2022 09:01","15/03/2022 09:51","0","100","2986","1","15/03/2022 09:51","R_2ypzI9C4G5n42cf","anonymous","EN","1","","UNI05","","","","","","1st Year","","","","","2","5","2","4","2","4","3","5","1","5","4","5","2","3","5","1","5","","","1","","","","","","0","0","1","0","0","0","0","0","1","2","4","5","5","2","2","4","2","","","2","3","3",""
"439","08/03/2022 06:30","08/03/2022 06:51","0","100","1285","1","08/03/2022 06:51","R_25AgN7VS2jvnYEu","qr","EN","1","","UNI05","","","","","","1st Year","","","","","2","4","3","4","3","4","2","4","3","3","2","5","2","3","4","2","4","","","1","","","","","1","0","0","1","0","0","0","0","0","4","3","4","5","4","2","1","3","3","","","2","3","1",""
"440","08/03/2022 09:05","08/03/2022 09:27","0","100","1312","1","08/03/2022 09:27","R_XYwtjfUFQ4a5afL","qr","EN","1","","UNI05","","","","","","2nd Year","","","","","2","5","1","5","5","5","1","5","3","4","1","5","2","5","5","5","5","1","1","1","1","1","1","1","1","1","0","1","1","1","0","1","1","4","1","1","5","3","3","1","1","2","","","1","1","1",""
"441","09/03/2022 04:57","09/03/2022 05:27","0","100","1811","1","09/03/2022 05:27","R_RwxdxJqqIUnrHSp","anonymous","EN","1","","UNI05","","","","","","1st Year","","","","","2","4","2","4","1","3","3","4","4","4","3","4","2","2","3","2","3","","","1","1","","1","","1","0","0","1","1","0","1","0","0","4","2","3","4","3","4","3","4","2","","","3","3","1",""
"442","09/03/2022 10:22","09/03/2022 10:50","0","100","1706","1","09/03/2022 10:50","R_8HMSRia7H6fPlKx","anonymous","EN","1","","UNI45","","","","","","2nd Year","","","","","2","1","2","4","2","4","3","5","4","4","2","2","1","5","2","3","4","","1","1","1","","1","","1","0","0","1","0","0","0","0","0","5","2","5","2","4","2","4","3","1","1","Too few studies being replicated to demonstrate their reliability in the same or differing populations ","2","3","3",""
"443","23/03/2022 06:27","23/03/2022 13:10","0","100","24188","1","23/03/2022 13:10","R_3iKERIntpYpDWWv","anonymous","EN","1","","UNI45","","","","","","1st Year","","","","","2","4","2","4","2","4","2","4","2","4","2","3","1","5","1","3","3","","","","","","","","","0","0","0","0","0","0","0","0","4","2","3","3","3","3","3","3","3","","","2","3","1",""
"444","24/03/2022 09:04","24/03/2022 09:06","0","10","138","0","31/03/2022 09:06","R_2wyHj4d9bDGI3mL","anonymous","EN","1","","UNI45","","","","","","0","","","","","2","","","","","","","","","","","","","","","","","1","","","","","1","","1","0","0","0","0","0","0","0","0","","","","","","","","","","","","","","",""
"445","10/03/2022 04:28","10/03/2022 04:40","0","35","719","0","17/03/2022 05:40","R_2zcIPt65Mljw1z4","anonymous","EN","1","","UNI87","","","","","","0","","","","","2","","","","","","","","","","","","","","","","","","","","","","","1","1","0","0","0","0","0","0","0","0","2","4","4","4","3","4","3","3","2","","","2","2","3",""
"446","16/03/2022 08:30","16/03/2022 08:50","0","100","1221","1","16/03/2022 08:51","R_81c4Ep8uTCHrDcl","anonymous","EN","1","","UNI78","","","","","","2nd Year","","","","","2","4","2","4","2","4","1","5","3","4","3","4","1","4","1","4","3","1","","1","1","","1","1","1","1","0","1","0","0","0","1","1","4","2","4","1","3","4","2","3","1","1","that lots of studies done/being done aren't getting reproducible results","3","1","1",""
"447","16/03/2022 03:47","16/03/2022 03:48","0","8","66","0","23/03/2022 03:48","R_3szvRzom2oUkoVt","anonymous","EN","1","","UNI78","","","","","","0","","","","","2","","","","","","","","","","","","","","","","","","","","","","","","","0","0","0","0","0","0","0","0","","","","","","","","","","","","","","",""
"448","17/03/2022 06:31","17/03/2022 06:55","0","36","1460","0","24/03/2022 06:55","R_3oHNi2byngdxu9q","anonymous","EN","1","","UNI78","","","","","","0","","","","","2","2","1","3","2","2","2","3","4","3","2","5","2","4","5","2","3","1","1","1","1","1","1","1","1","1","1","0","1","1","0","1","0","2","3","4","3","2","3","4","2","3","","","2","3","3",""
"449","21/03/2022 06:48","21/03/2022 07:06","0","100","1085","1","21/03/2022 07:06","R_2eRO0neGLvzthg4","anonymous","EN","1","","UNI04","","","","","","1st Year","","","","","2","4","4","4","2","2","4","3","4","4","1","4","1","3","4","3","2","","","1","","","","","1","0","0","1","0","0","0","0","1","4","2","2","4","4","4","1","2","2","","","3","3","3",""
"450","14/03/2022 09:24","14/03/2022 09:32","0","60","477","0","21/03/2022 09:32","R_3PNYT0XqpngQAeM","anonymous","EN","1","","UNI04","","","","","","0","","","","","2","5","2","3","2","4","3","5","3","4","3","4","3","3","3","3","3","1","1","1","1","1","1","1","1","0","0","1","0","0","0","0","0","4","1","2","2","5","1","3","3","2","","","2","3","3",""
"451","14/03/2022 10:07","14/03/2022 10:30","0","54","1376","0","21/03/2022 10:30","R_OON7HU2TdC9TpKh","anonymous","EN","1","","UNI04","","","","","","0","","","","","2","5","1","4","1","5","1","4","2","1","5","4","1","5","1","1","4","1","1","1","","","","","1","1","1","1","0","0","0","0","0","5","1","4","2","4","2","4","2","1","1","It's a big issue in research, especially psychology, where people are redoing past studies and not finding the same or similar results - the original papers cliam they are significant findings but reproductions of their studies are not finding the same thing.","3","3","1",""
"452","25/04/2022 13:48","25/04/2022 14:09","0","100","1226","1","25/04/2022 14:09","R_0w9NWCIqiXjuXOp","anonymous","EN","1","","UNI04","","","","","","2nd Year","","","","","2","4","3","4","2","5","1","5","2","3","3","4","2","3","2","1","4","","","1","","","1","","1","0","0","1","0","0","1","0","0","4","2","3","4","5","3","2","4","2","","","2","2","1",""
"453","04/03/2022 06:49","04/03/2022 07:14","0","99","1512","0","11/03/2022 07:14","R_1IyYIfXu7q33MKe","anonymous","EN","1","","UNI36","","","","","","0","","","","","2","5","2","5","1","5","1","5","4","4","1","4","2","4","1","1","5","1","1","1","1","","1","1","1","1","1","1","1","1","1","1","1","4","2","4","1","4","2","2","2","1","1","The replication crisis addresses the problematic of reproducing studies due to a lack of transparency/ accessibility of materials that make replication possible.","1","1","1",""
"454","05/03/2022 02:49","05/03/2022 02:51","0","10","110","0","12/03/2022 02:51","R_1fdZFAkgZTn4Id4","anonymous","EN","1","","UNI36","","","","","","0","","","","","2","","","","","","","","","","","","","","","","","","","","","","","","","0","0","0","0","0","0","0","0","","","","","","","","","","","","","","",""
"455","05/03/2022 06:10","05/03/2022 06:18","0","26","478","0","12/03/2022 06:18","R_2s6GY17YrhhNtzp","anonymous","EN","1","","UNI36","","","","","","0","","","","","2","5","1","4","2","4","1","5","2","3","3","3","1","4","1","3","2","1","1","1","1","1","1","1","1","1","0","0","1","1","0","1","1","4","2","4","2","3","4","1","3","","","","","","",""
"456","18/03/2022 10:26","18/03/2022 10:40","0","100","802","1","18/03/2022 10:40","R_25Yn3WBQtIDnvXq","anonymous","EN","1","","UNI15","","","","","","2nd Year","","","","","2","4","2","2","2","1","4","4","4","2","4","5","1","4","1","2","4","","","1","","","1","","1","0","0","1","0","0","1","0","0","4","2","2","5","5","2","1","3","1","1","Struggle to replicate studies and findings due to lack of funding ","2","2","1",""
"457","18/03/2022 13:00","18/03/2022 13:34","0","100","2030","1","18/03/2022 13:34","R_1Dp5g23mHDiP7ZD","anonymous","EN","1","","UNI15","","","","","","1st Year","","","","","2","5","1","3","2","3","2","5","1","1","5","5","1","2","2","3","2","1","1","1","1","1","1","1","1","0","0","0","1","0","1","0","0","5","4","5","4","2","1","1","5","1","1","Replication consists of another research team to repeat another study that was conducted prior to their","3","1","1",""
"458","18/03/2022 16:26","18/03/2022 17:17","0","100","3056","1","18/03/2022 17:17","R_1CEBswrCdVunsPB","qr","EN","1","","UNI15","","","","","","2nd Year","","","","","2","4","1","3","4","3","3","4","2","4","3","4","2","3","3","3","4","","","1","","","","","1","0","0","1","0","0","0","0","1","4","2","3","3","2","4","3","4","2","","","2","3","1",""
"459","18/03/2022 10:27","18/03/2022 10:33","0","10","326","0","25/03/2022 10:33","R_1Ej58I9eVUXuoBz","anonymous","EN","1","","UNI15","","","","","","0","","","","","2","4","2","4","2","2","4","4","2","2","4","4","1","4","2","4","2","","","","","","","","","0","0","0","0","0","0","0","0","","","","","","","","","","","","","","",""
"460","21/03/2022 01:11","21/03/2022 01:20","0","36","530","0","28/03/2022 01:20","R_00wH56iA6o2ialz","anonymous","EN","1","","UNI15","","","","","","0","","","","","1","4","2","5","3","3","2","5","4","5","3","5","1","4","2","1","5","1","1","1","1","1","1","1","1","0","1","1","0","0","1","0","1","5","2","5","3","4","4","1","5","1","1","where studies are hard to replicate","3","3","1",""
"461","21/03/2022 13:12","21/03/2022 13:48","0","100","2152","1","21/03/2022 13:48","R_2D6Vh3KEyypBTqc","anonymous","EN","1","","UNI15","","","","","","2nd Year","","","","","2","4","1","4","2","5","2","4","3","5","3","4","2","5","4","2","4","1","1","1","1","1","1","1","1","0","0","1","0","0","1","0","0","4","2","4","2","5","4","2","3","1","2","When another researcher attempts to recreate your study but fails to obtain the same/similar results","1","2","1",""
"462","10/03/2022 16:11","10/03/2022 17:11","0","100","3597","1","10/03/2022 17:11","R_3qVvidr6ahfOed8","anonymous","EN","1","","UNI50","","","","","","1st Year","","","","","2","4","1","5","1","2","2","4","2","4","4","5","2","2","4","2","4","","","","","","","","1","0","0","0","0","0","0","0","0","4","2","4","5","4","4","2","5","1","3","When a reproduced/replicated study isnÇƒÙt producing similar findings to the original study.","2","2","1",""
"463","10/03/2022 17:15","10/03/2022 17:48","0","100","1962","1","10/03/2022 17:48","R_3G1ByTK8t8VvXbA","anonymous","EN","1","","UNI50","","","","","","1st Year","","","","","2","5","2","5","2","5","2","4","3","5","2","4","2","4","4","4","4","1","1","1","","","","","1","0","0","0","0","0","0","0","0","4","2","5","4","5","3","2","4","2","","","3","3","1",""
"464","10/03/2022 08:25","10/03/2022 08:27","0","8","87","0","17/03/2022 09:27","R_1EZifBspyIEX5ga","anonymous","EN","1","","UNI50","","","","","","0","","","","","3","","","","","","","","","","","","","","","","","","","","","","","","","0","0","0","0","0","0","0","0","","","","","","","","","","","","","","",""
"465","15/03/2022 14:06","15/03/2022 15:31","0","97","5058","0","22/03/2022 15:31","R_1mjZ4IMYirhixAh","anonymous","EN","1","","UNI88","","","","","","1st Year","","","","","2","4","1","4","4","3","3","3","2","3","2","4","1","4","4","3","3","1","1","1","1","1","1","1","1","0","0","0","0","0","0","1","0","4","2","4","4","4","3","2","3","3","","","1","1","3",""
"466","07/04/2022 10:26","07/04/2022 11:11","0","100","2652","1","07/04/2022 11:11","R_24d61QVUUpSrfDt","anonymous","EN","1","","UNI88","","","","","","1st Year","","","","","2","4","1","5","1","4","2","5","1","4","1","5","1","4","2","2","5","","","","","","","","1","0","0","0","0","0","0","0","0","4","2","4","4","4","2","1","3","1","1","When people reproduce results that they altered in order for the data to fit their hypothesis. ","3","3","1",""
"467","09/03/2022 02:17","09/03/2022 02:44","0","100","1612","1","09/03/2022 02:44","R_412RqsxM4EnfS6J","anonymous","EN","1","","UNI02","","","","","","1st Year","","","","","1","4","3","4","4","5","2","5","2","4","1","3","1","3","4","3","3","1","1","1","1","1","1","1","1","0","0","0","0","1","0","0","0","2","2","4","2","4","4","3","4","2","","","3","3","1",""
"468","09/03/2022 02:22","09/03/2022 02:44","0","100","1341","1","09/03/2022 02:44","R_3fBgKnTWqS0YRSJ","anonymous","EN","1","","UNI02","","","","","","2nd Year","","","","","2","5","1","3","2","3","4","4","2","3","3","3","3","3","3","3","3","","","1","1","","1","","1","0","0","1","0","0","1","0","0","4","2","4","4","4","3","3","4","1","1","the issues of replicating others work and finding different results","2","3","1",""
"469","09/03/2022 02:56","09/03/2022 03:08","0","100","679","1","09/03/2022 03:08","R_27UMQFkCmFrmAo3","anonymous","EN","1","","UNI02","","","","","","3rd Year","","","","","2","5","2","5","2","3","3","5","2","4","1","4","2","4","1","3","3","1","1","1","1","1","1","1","1","1","0","0","1","0","1","0","0","3","4","2","5","3","4","2","3","1","1","Old studies not being reliable ","1","1","1",""
"470","09/03/2022 02:38","09/03/2022 02:43","0","11","336","0","16/03/2022 03:43","R_3MbSimf6yxnSVoF","anonymous","EN","1","","UNI02","","","","","","0","","","","","2","3","3","4","3","4","3","5","2","3","3","3","5","3","3","3","3","","","","","","","","","0","0","0","0","0","0","0","0","","","","","","","","","","","","","","",""
"471","09/03/2022 02:45","09/03/2022 02:46","0","10","68","0","16/03/2022 03:46","R_1mntOguJSXqxSgK","anonymous","EN","1","","UNI02","","","","","","0","","","","","2","","","","","","","","","","","","","","","","","","","1","1","","1","","","0","0","1","1","0","1","0","0","","","","","","","","","","","","","","",""
"472","03/03/2022 08:48","03/03/2022 09:29","0","100","2471","1","03/03/2022 09:29","R_3QQx7vmzEsBXz9u","anonymous","EN","1","","UKRN01","","","","","","1st Year","","","","","2","5","1","4","2","4","2","5","2","5","2","4","2","4","4","2","5","1","","","1","","","","1","1","0","0","0","0","0","0","0","4","2","2","2","5","2","1","4","1","1","The idea that many scientific experiements are hard or impossible to replicate and therefore we do not know if results from that experiment are wrong or if the experiment is simply 'a product of its time.'","1","2","1",""
"473","03/03/2022 09:51","03/03/2022 10:20","0","100","1722","1","03/03/2022 10:20","R_6gHjCw5bFBEWKkh","anonymous","EN","1","","UKRN01","","","","","","3rd Year","","","","","2","4","3","4","2","4","3","5","2","4","2","4","1","4","4","3","3","1","1","1","1","1","1","1","1","0","0","0","0","1","0","0","0","4","3","4","3","4","3","3","4","1","1","studies are becoming hard to reproduce ","1","1","1",""
"474","04/03/2022 05:07","04/03/2022 06:05","0","100","3495","1","04/03/2022 06:05","R_5t2zEGKLro6baFj","anonymous","EN","1","","UKRN01","","","","","","1st Year","","","","","2","4","2","3","2","4","2","3","4","4","1","4","2","5","3","1","3","1","1","1","","1","1","","1","0","1","1","0","0","1","0","1","4","2","4","3","4","3","2","4","2","","","2","2","1",""
"475","04/03/2022 07:29","04/03/2022 08:05","0","100","2167","1","04/03/2022 08:05","R_2tnai3yAswqKS5q","anonymous","EN","1","","UKRN01","","","","","","2nd Year","","","","","2","5","2","3","2","4","3","5","4","3","3","4","2","5","1","3","4","1","1","1","1","1","1","1","1","0","0","0","0","0","0","0","0","4","2","5","2","4","4","3","4","1","1","Recent studies have been unsuccessful at replicating the results of classic psychology studies (often used to shape theory).","1","1","1",""
"476","05/03/2022 13:08","05/03/2022 13:55","0","100","2837","1","05/03/2022 13:55","R_ehBsW5DQy2nnVYd","anonymous","EN","1","","UKRN01","","","","","","2nd Year","","","","","2","5","2","5","1","4","2","5","1","2","4","4","2","3","2","1","5","1","1","1","1","1","1","1","1","0","0","1","1","0","1","1","1","5","2","2","5","5","1","2","2","1","1","replicating studies and not finding the same results, especially with major psychology studies","2","2","1",""
"477","05/03/2022 14:31","05/03/2022 15:10","0","100","2311","1","05/03/2022 15:10","R_1qUHB4gCbdY0zFM","anonymous","EN","1","","UKRN01","","","","","","1st Year","","","","","2","4","2","3","4","3","4","3","4","3","2","4","2","3","2","2","3","1","","1","1","","1","","1","0","0","1","0","0","1","0","0","2","4","4","2","4","3","3","3","3","","","3","3","1",""
"478","05/03/2022 17:42","05/03/2022 17:52","0","100","561","1","05/03/2022 17:52","R_3JydEZi72QSFl09","anonymous","EN","1","","UKRN01","","","","","","1st Year","","","","","2","4","2","3","4","3","2","4","4","2","3","3","3","3","3","2","3","1","1","1","1","1","1","1","1","0","0","0","0","0","0","0","0","3","3","4","2","3","3","3","4","2","","","3","3","3",""
"479","06/03/2022 10:55","06/03/2022 11:13","0","100","1047","1","06/03/2022 11:13","R_3FW3XunsEhIDjEK","anonymous","EN","1","","UKRN01","","","","","","1st Year","","","","","2","4","2","4","2","4","2","5","1","5","2","4","3","4","4","3","3","1","1","1","1","","1","1","1","0","0","1","0","0","1","0","1","2","4","2","4","4","3","2","4","2","","","2","2","3",""
"480","07/03/2022 07:13","07/03/2022 07:31","0","100","1076","1","07/03/2022 07:31","R_2pJh3h6P5YhXJma","anonymous","EN","1","","UKRN01","","","","","","1st Year","","","","","2","4","2","4","3","3","2","4","2","2","4","3","2","4","4","3","3","1","1","1","1","1","1","1","1","0","0","1","1","1","0","0","0","3","3","4","4","3","3","4","4","3","","","1","1","3",""
"481","08/03/2022 05:33","08/03/2022 06:18","0","100","2732","1","08/03/2022 06:18","R_3oX5TYRShvEvnv6","anonymous","EN","1","","UKRN01","","","","","","2nd Year","","","","","1","4","2","3","2","5","1","5","1","4","2","5","2","4","2","4","4","1","1","1","","","","","","1","0","0","0","0","0","0","0","4","3","3","4","4","3","4","3","1","1","The process by where if you were to repeat a study it may not produce the same results","2","3","1",""
"482","08/03/2022 11:49","08/03/2022 12:13","0","100","1411","1","08/03/2022 12:13","R_rroue69Y0PgW4Dv","anonymous","EN","1","","UKRN01","","","","","","1st Year","","","","","3","4","2","3","2","4","2","4","3","4","2","4","4","3","4","4","2","1","1","1","1","1","1","1","1","0","0","0","1","0","0","1","0","1","3","4","4","4","4","2","3","2","","","1","2","1",""
"483","09/03/2022 03:33","09/03/2022 04:00","0","100","1594","1","09/03/2022 04:00","R_3JsVhMJb5Njh1DT","anonymous","EN","1","","UKRN01","","","","","","1st Year","","","","","2","4","2","4","3","2","2","4","4","2","4","4","2","2","2","2","4","1","1","1","1","1","1","1","1","0","1","1","0","1","1","0","1","4","4","3","1","5","2","2","3","3","","","1","2","3",""
"484","09/03/2022 10:21","09/03/2022 11:12","0","100","3064","1","09/03/2022 11:12","R_2y3hy6Ha7iJLFot","anonymous","EN","1","","UKRN01","","","","","","1st Year","","","","","2","5","2","4","2","5","2","5","2","3","3","3","1","4","3","2","3","1","1","1","1","1","","1","1","0","0","1","0","0","0","0","0","4","3","4","2","3","4","3","3","1","1","Studies are hard or impossible to replicate. ","1","3","1",""
"485","10/03/2022 04:06","10/03/2022 04:38","0","100","1879","1","10/03/2022 04:38","R_1fg8Y4sC2MkEZ9G","anonymous","EN","1","","UKRN01","","","","","","1st Year","","","","","1","4","2","4","2","3","4","5","1","3","3","4","2","4","2","3","5","1","","1","1","1","1","1","1","0","0","0","0","0","0","0","0","5","2","4","3","5","1","2","3","1","2","that many results from research is impossible to reproduce ","3","2","3",""
"486","03/03/2022 10:06","03/03/2022 10:07","0","8","29","0","10/03/2022 10:07","R_2wRyJHNUS7gS6NM","anonymous","EN","1","","UKRN01","","","","","","0","","","","","2","","","","","","","","","","","","","","","","","","","","","","","","","0","0","0","0","0","0","0","0","","","","","","","","","","","","","","",""
"487","10/03/2022 13:05","10/03/2022 13:40","0","100","2095","1","10/03/2022 13:40","R_WiFQNcpGlJVA0md","anonymous","EN","1","","UKRN01","","","","","","2nd Year","","","","","2","5","2","5","1","5","1","3","3","5","1","5","1","5","1","3","4","","","","1","","","1","1","0","0","0","1","1","0","1","0","5","1","4","3","5","4","3","4","1","1","Where studies done in the past now are being replicated and not finding the same results, as well as some being too unethical to reproduce","2","1","3",""
"488","10/03/2022 03:21","11/03/2022 03:29","0","100","86886","1","11/03/2022 03:29","R_1PSqKlNFl5Dcpst","anonymous","EN","1","","UKRN01","","","","","","1st Year","","","","","2","5","4","3","4","4","2","4","4","4","2","4","4","4","4","4","4","1","1","1","1","1","1","1","1","1","0","1","0","0","1","0","0","4","2","4","4","4","2","2","4","1","2","a problem with replicating a study","3","2","1",""
"489","11/03/2022 10:51","11/03/2022 11:17","0","100","1556","1","11/03/2022 11:17","R_3mDIpP9AqrOYQCd","anonymous","EN","1","","UKRN01","","","","","","2nd Year","","","","","2","5","2","4","2","5","2","4","4","5","2","4","2","5","3","4","5","1","","1","1","","1","1","1","0","0","0","0","0","0","0","0","4","2","2","4","4","2","4","4","1","1","Researchers not making their research open so others cant replicate it and confirm the findings","3","1","1",""
"490","11/03/2022 14:09","11/03/2022 14:28","0","100","1172","1","11/03/2022 14:28","R_bNvPWE9TBT3rOPn","anonymous","EN","1","","UKRN01","","","","","","1st Year","","","","","2","4","2","3","2","4","2","4","2","4","2","3","2","4","3","2","2","","","1","","1","","","1","0","0","0","0","1","0","0","1","4","2","4","4","4","3","3","3","2","","","2","3","3",""
"491","14/03/2022 06:18","14/03/2022 06:50","0","100","1973","1","14/03/2022 06:50","R_3oMj4wqiPVS5XWR","anonymous","EN","1","","UKRN01","","","","","","1st Year","","","","","2","4","2","3","3","4","3","5","2","2","3","2","4","3","4","3","2","1","1","1","1","1","1","1","1","0","0","0","0","0","0","0","0","4","4","4","4","4","3","2","3","2","","","2","3","1",""
"492","14/03/2022 06:39","14/03/2022 08:31","0","100","6735","1","14/03/2022 08:31","R_27qAeWxJLFSC4ds","anonymous","EN","1","","UKRN01","","","","","","2nd Year","","","","","2","4","2","5","5","5","3","5","2","5","4","5","5","5","4","2","4","1","1","1","1","1","1","1","1","1","1","1","0","0","1","0","0","4","2","4","2","2","4","1","4","1","1","Many studies can't be replicated to find the same results","2","2","1",""
"493","14/03/2022 13:29","14/03/2022 13:44","0","100","909","1","14/03/2022 13:44","R_0Hg6EnNzlC4E21H","anonymous","EN","1","","UKRN01","","","","","","1st Year","","","","","2","5","1","2","2","4","2","4","2","4","2","4","2","4","4","2","4","1","1","1","1","1","1","1","1","0","0","0","0","0","0","0","0","5","1","5","2","3","2","2","4","2","","","2","2","1",""
"494","07/03/2022 16:49","07/03/2022 17:40","0","69","3087","0","14/03/2022 18:40","R_2uKUQ2nZo3gsMRD","anonymous","EN","1","","UKRN01","","","","","","0","","","","","2","5","2","4","2","5","1","5","3","4","2","4","4","1","5","3","3","1","1","1","1","1","1","1","1","0","0","0","0","0","0","0","0","4","2","4","3","4","4","2","4","3","","","3","1","1",""
"495","08/03/2022 04:16","08/03/2022 04:29","0","49","774","0","15/03/2022 05:29","R_5vVeSqSCIubJQWd","anonymous","EN","1","","UKRN01","","","","","","0","","","","","2","5","2","4","2","4","2","4","2","4","4","4","2","4","4","2","3","1","","","1","","","","1","0","0","0","0","0","0","0","0","4","3","4","4","4","2","2","4","2","","","2","2","1",""
"496","16/03/2022 17:32","16/03/2022 17:53","0","100","1242","1","16/03/2022 17:53","R_00zl8OLtvVqKfIZ","anonymous","EN","1","","UKRN01","","","","","","1st Year","","","","","1","5","1","3","4","2","2","4","2","4","2","3","2","4","4","2","3","1","1","1","1","1","1","1","1","0","0","0","0","0","0","0","0","4","2","5","4","2","4","2","3","3","","","1","1","1",""
"497","18/03/2022 10:17","18/03/2022 10:37","0","100","1193","1","18/03/2022 10:37","R_3HIBV0hVm15qaJj","anonymous","EN","1","","UKRN01","","","","","","1st Year","","","","","2","4","2","4","2","2","2","4","1","4","5","5","3","4","3","2","4","","","1","1","","","","1","0","0","0","0","0","0","0","0","5","2","4","5","4","2","2","3","2","","","2","3","2",""
"498","24/03/2022 03:08","24/03/2022 04:47","0","100","5941","1","24/03/2022 04:47","R_1rjEVXlMgyWUpb5","anonymous","EN","1","","UKRN01","","","","","","3rd Year","","","","","2","5","2","3","2","4","2","2","2","2","4","5","2","4","4","2","5","1","1","1","1","1","1","1","1","0","0","0","0","1","1","0","0","5","4","4","5","5","2","2","2","1","1","Researchers are publishing research that is not reliable enough so when it comes to repeating the studies they cannot be reporduced","1","1","1",""
"499","24/03/2022 05:07","24/03/2022 06:02","0","100","3277","1","24/03/2022 06:02","R_OjN8yk4dtZZw7GV","anonymous","EN","1","","UKRN01","","","","","","1st Year","","","","","1","4","2","4","2","3","3","3","3","4","2","4","3","3","2","2","2","1","1","1","","","1","","1","0","0","1","0","0","0","0","0","4","3","4","3","2","4","2","4","3","","","3","3","1",""
"500","24/03/2022 07:55","24/03/2022 08:10","0","100","947","1","24/03/2022 08:10","R_1Qzt781vQQNTFfd","anonymous","EN","1","","UKRN01","","","","","","2nd Year","","","","","2","4","3","4","2","4","2","4","3","4","2","4","2","3","4","2","3","1","1","1","1","1","1","1","1","0","0","0","1","0","0","0","1","4","4","4","2","4","2","4","4","3","","","3","1","1",""
"501","24/03/2022 09:06","24/03/2022 10:09","0","100","3762","1","24/03/2022 10:09","R_6nSiNI3ob1gyClP","anonymous","EN","1","","UKRN01","","","","","","2nd Year","","","","","2","4","1","4","2","3","1","4","2","4","2","5","1","3","1","2","5","1","1","1","1","1","1","1","1","0","0","1","1","0","0","0","0","5","2","3","5","5","4","2","4","1","1","1960s where there was an era whereby studies were failing to replicate","2","3","3",""
"502","24/03/2022 18:46","24/03/2022 19:11","0","100","1470","1","24/03/2022 19:11","R_UooVzeWiLFi3CtH","anonymous","EN","1","","UKRN01","","","","","","2nd Year","","","","","2","5","1","5","1","5","1","5","1","5","1","4","2","5","3","3","3","1","1","1","1","1","1","","1","0","0","1","0","0","0","0","0","5","1","5","1","2","4","3","5","1","1","The results of a lot of studies are hard to replicate and produce the same results again.","3","1","1","None."
"503","24/03/2022 19:12","24/03/2022 19:22","0","100","599","1","24/03/2022 19:22","R_1JQjWOqJORDPRD3","anonymous","EN","1","","UKRN01","","","","","","2nd Year","","","","","2","5","1","5","1","5","1","5","1","5","1","4","1","5","3","5","1","1","1","1","1","1","1","1","1","0","0","0","0","0","0","0","0","5","1","5","1","2","4","4","5","1","1","Many past studies being hard to replicate and achieve the same results again.","1","1","1",""
"504","18/03/2022 07:34","18/03/2022 07:56","0","89","1310","0","25/03/2022 07:56","R_1l0N64FvW6f3BZE","anonymous","EN","1","","UKRN01","","","","","","1st Year","","","","","2","5","2","3","1","4","3","4","3","4","2","4","2","4","4","4","5","1","1","1","1","1","1","1","1","0","0","0","0","0","0","0","1","4","2","2","4","4","2","2","5","2","","","2","2","3",""
"505","01/04/2022 05:00","01/04/2022 05:12","0","100","708","1","01/04/2022 05:12","R_e5kopOIR2PpvcVX","anonymous","EN","1","","UKRN01","","","","","","2nd Year","","","","","2","4","2","4","3","4","4","4","1","4","2","4","1","2","4","4","2","","","1","1","","","","1","0","0","0","1","0","0","0","0","4","4","2","2","2","4","1","5","2","","","3","2","1",""
"506","01/04/2022 08:02","01/04/2022 08:32","0","100","1761","1","01/04/2022 08:32","R_3npJDlaBXB3kvB9","anonymous","EN","1","","UKRN01","","","","","","2nd Year","","","","","2","4","2","4","2","2","4","5","2","4","5","4","2","4","5","2","4","1","1","1","1","1","1","1","1","0","0","0","0","1","0","0","0","4","3","4","4","5","3","2","2","3","","","1","1","1",""
"507","02/04/2022 08:09","02/04/2022 08:50","0","100","2426","1","02/04/2022 08:50","R_r6YausvSfMknJip","anonymous","EN","1","","UKRN01","","","","","","2nd Year","","","","","2","4","2","4","2","3","3","4","1","4","2","4","2","3","4","2","4","1","","1","1","","","1","1","0","0","0","1","0","0","1","0","4","3","4","2","3","4","1","3","1","3","Research findings cannot be replicated. ","3","1","1",""
"508","04/04/2022 03:39","04/04/2022 07:11","0","100","12736","1","04/04/2022 07:11","R_2yfp614V50qStLR","anonymous","EN","1","","UKRN01","","","","","","1st Year","","","","","2","5","1","4","2","3","3","5","3","3","3","4","2","2","4","2","2","","","1","1","1","1","1","1","0","0","0","1","0","0","0","0","4","4","5","2","2","4","3","4","2","","","2","3","3",""
"509","04/04/2022 07:54","04/04/2022 08:13","0","100","1136","1","04/04/2022 08:13","R_cZLkYekfAGV5wyd","anonymous","EN","1","","UKRN01","","","","","","2nd Year","","","","","2","5","1","5","3","4","2","5","2","5","3","5","1","5","3","1","5","1","1","1","1","","","1","1","0","0","1","1","0","1","0","0","5","2","5","5","5","5","1","5","3","","","1","1","1",""
"510","04/04/2022 07:53","04/04/2022 08:48","0","100","3285","1","04/04/2022 08:48","R_2rkpp9caPCajkUS","anonymous","EN","1","","UKRN01","","","","","","1st Year","","","","","1","5","2","4","2","5","1","4","2","3","1","4","2","4","3","3","3","1","1","1","1","","","1","1","0","0","1","0","0","1","1","0","5","2","5","1","3","4","3","4","3","","","1","1","2",""
"511","05/04/2022 08:39","05/04/2022 08:56","0","100","1011","1","05/04/2022 08:56","R_3fduRP9prDwlv8Y","anonymous","EN","1","","UKRN01","","","","","","2nd Year","","","","","2","3","3","3","3","3","3","3","3","3","3","3","3","3","3","3","3","1","1","1","1","1","1","1","1","0","0","0","0","0","0","0","0","3","3","3","3","3","3","3","3","2","","","1","1","1",""
"512","24/03/2022 10:10","29/03/2022 12:15","0","8","439494","0","05/04/2022 12:15","R_2zTQcCX9dzHpuLt","anonymous","EN","1","","UKRN01","","","","","","0","","","","","2","","","","","","","","","","","","","","","","","","","","","","","","","0","0","0","0","0","0","0","0","","","","","","","","","","","","","","",""
"513","05/04/2022 15:41","05/04/2022 17:17","0","100","5775","1","05/04/2022 17:17","R_3DtCjmy9OM2Dili","anonymous","EN","1","","UKRN01","","","","","","2nd Year","","","","","1","4","2","4","1","3","4","4","2","4","5","5","1","4","1","3","4","1","","1","1","","","1","","0","0","0","0","0","0","1","0","5","1","4","2","4","4","1","4","1","1","A problem with replicating previous research ","1","1","1",""
"514","06/04/2022 04:18","06/04/2022 04:48","0","100","1764","1","06/04/2022 04:48","R_3CUxbTEWbizMzHG","anonymous","EN","1","","UKRN01","","","","","","1st Year","","","","","2","4","3","3","2","4","2","5","2","4","1","4","2","4","2","2","4","","","1","1","","","1","1","0","0","1","1","0","0","0","0","4","2","4","2","4","3","2","3","2","","","2","3","1","no"
"515","31/03/2022 03:44","31/03/2022 03:54","0","35","582","0","07/04/2022 03:54","R_2q96TBr0OQF13iu","anonymous","EN","1","","UKRN01","","","","","","0","","","","","2","5","1","5","1","4","2","5","2","5","2","4","4","4","4","2","4","","","","","","","","","0","0","0","0","0","0","0","0","4","2","5","1","4","5","3","4","2","","","2","2","3",""
"516","01/04/2022 02:15","01/04/2022 02:32","0","69","1025","0","08/04/2022 02:32","R_2TNqDrgXZJe1Y7F","anonymous","EN","1","","UKRN01","","","","","","2nd Year","","","","","2","5","2","5","1","4","3","5","1","5","3","5","3","4","3","1","4","1","1","1","1","","","1","1","0","0","1","1","0","0","1","0","5","2","5","2","5","3","1","3","1","1","current research that replicates previous research isn't finding what was previously found, results from a specific period in time are now being contradicted","1","1","1",""
"517","03/04/2022 09:36","03/04/2022 09:59","0","94","1381","0","10/04/2022 09:59","R_2EiRVgzLBLjOrmV","anonymous","EN","1","","UKRN01","","","","","","2nd Year","","","","","2","5","1","5","1","5","1","5","3","4","1","4","1","3","4","2","3","1","1","1","1","1","1","1","1","0","0","1","1","0","1","1","1","4","2","5","4","2","4","2","4","1","3","The inability to replicate results of research, causing researchers to question the reliability of huge bodies of research, I think?","2","2","1",""
"518","10/04/2022 10:28","10/04/2022 11:33","0","100","3905","1","10/04/2022 11:33","R_3h5RyBcWoVJqwiJ","anonymous","EN","1","","UKRN01","","","","","","2nd Year","","","","","2","4","2","3","2","4","2","4","1","4","2","4","1","3","3","3","3","1","1","1","1","","","1","1","0","0","0","1","0","0","0","0","3","3","4","2","3","3","2","4","1","2","When studies are difficult to reproduce.","2","1","1","No"
"519","12/04/2022 11:53","12/04/2022 16:17","0","100","15818","1","12/04/2022 16:17","R_1Qc5X22uUXo8Djl","anonymous","EN","1","","UKRN01","","","","","","3rd Year","","","","","2","3","2","4","2","4","1","2","4","4","4","5","2","3","2","2","4","1","1","1","1","1","1","1","1","1","0","1","1","0","0","1","1","4","5","4","4","4","2","2","4","2","","","2","2","1",""
"520","11/04/2022 14:58","13/04/2022 05:20","0","100","138079","1","13/04/2022 05:20","R_pxV5iDdSnHqQfbX","anonymous","EN","1","","UKRN01","","","","","","1st Year","","","","","1","4","2","3","2","4","3","2","4","4","4","4","4","4","4","3","4","1","1","1","1","1","1","1","1","1","1","1","1","1","0","0","0","4","4","4","3","4","2","2","4","2","","","1","3","1",""
"521","13/04/2022 11:42","18/04/2022 11:21","0","100","430713","1","18/04/2022 11:21","R_eM5kyAa36g6V23D","anonymous","EN","1","","UKRN01","","","","","","1st Year","","","","","2","5","3","4","2","5","1","5","1","5","2","4","2","3","4","3","3","1","1","1","","1","1","1","1","0","0","1","0","1","0","0","1","3","3","4","4","2","4","2","4","3","","","3","2","1",""
"522","19/04/2022 14:48","19/04/2022 15:34","0","100","2758","1","19/04/2022 15:34","R_2PiqsISpIqNT7Ld","anonymous","EN","1","","UKRN01","","","","","","1st Year","","","","","2","5","2","4","1","4","3","5","5","2","4","4","1","4","3","2","4","","","","","","","","1","0","0","0","0","0","0","0","0","5","3","2","4","4","2","1","5","2","","","2","3","1",""
"523","20/04/2022 06:30","20/04/2022 07:07","0","100","2207","1","20/04/2022 07:07","R_2SCQJWyO1HrrWSZ","anonymous","EN","1","","UKRN01","","","","","","2nd Year","","","","","2","4","2","4","3","4","3","5","1","4","2","4","1","3","3","3","4","1","1","1","1","1","1","1","1","0","1","0","0","1","0","0","0","4","3","5","4","3","4","2","4","1","1","Lots of older studies can't be replicated and don't find the same results","3","1","1",""
"524","20/04/2022 07:28","20/04/2022 08:02","0","100","2024","1","20/04/2022 08:02","R_1IW2glYMfLQBDmX","anonymous","EN","1","","UKRN01","","","","","","2nd Year","","","","","2","4","2","4","3","4","2","4","3","4","3","4","2","3","2","2","4","1","1","1","1","1","1","1","1","0","0","1","0","0","1","1","0","4","2","3","4","4","3","2","4","2","","","3","1","3",""
"525","22/04/2022 04:02","22/04/2022 04:39","0","100","2259","1","22/04/2022 04:39","R_3IaiWJSBybq6sF7","anonymous","EN","1","","UKRN01","","","","","","2nd Year","","","","","1","5","2","4","1","5","1","4","3","5","2","3","1","3","3","1","5","1","1","1","1","","","1","1","0","0","0","0","0","0","0","0","4","1","4","1","5","2","2","5","1","1","This involves issues with finding the same results in the current day of studies that have been carried out in the past. This usually involves prior studies having significant findings, and when replicated, findings have been insignificant. ","1","1","1",""
"526","22/04/2022 14:50","22/04/2022 15:18","0","100","1673","1","22/04/2022 15:18","R_Tq6bwLByC5f6uyJ","anonymous","EN","1","","UKRN01","","","","","","2nd Year","","","","","2","3","2","4","4","2","3","2","3","3","5","4","2","4","3","3","4","1","1","1","1","1","1","1","1","0","0","1","0","0","0","1","0","1","4","2","4","4","2","2","3","1","1","Results from previous studies being hard to replicate","1","1","1",""
"527","25/04/2022 07:02","25/04/2022 07:21","0","100","1149","1","25/04/2022 07:21","R_vUeyS4wR5nbV8rf","anonymous","EN","1","","UKRN01","","","","","","2nd Year","","","","","2","5","1","5","1","5","1","5","1","5","3","5","1","5","5","5","3","","","1","1","","","1","1","0","0","0","1","0","0","1","1","1","2","1","2","4","3","3","3","2","","","2","3","3","no"
"528","25/04/2022 07:44","25/04/2022 08:16","0","100","1924","1","25/04/2022 08:16","R_3j27pstKQjOqYc0","anonymous","EN","1","","UKRN01","","","","","","1st Year","","","","","2","5","2","3","1","3","3","5","2","4","2","5","2","3","5","4","2","1","1","1","1","1","1","1","1","0","0","1","0","0","0","0","1","5","2","5","2","3","3","3","3","3","","","1","1","1",""
"529","20/04/2022 08:35","21/04/2022 12:00","0","75","98698","0","28/04/2022 12:00","R_2pLGjvVaNL9EL9C","anonymous","EN","1","","UKRN01","","","","","","2nd Year","","","","","2","2","1","4","4","2","4","2","4","2","4","4","2","4","4","4","2","1","1","1","1","1","1","1","1","1","0","1","0","0","0","1","0","4","2","2","4","2","4","1","2","1","1","Not enough replication of studies ","2","2","1",""
"530","29/04/2022 10:15","29/04/2022 10:28","0","100","748","1","29/04/2022 10:28","R_6u3gTHzPgB8ElJD","anonymous","EN","1","","UKRN01","","","","","","2nd Year","","","","","2","5","1","5","2","3","1","4","4","4","2","5","4","4","2","4","3","","","","1","","","1","1","0","0","0","1","0","0","0","1","5","1","4","1","2","2","3","3","1","1","When research do not provide enough information to in order to replicate findings. ","3","3","3",""
"531","29/04/2022 10:45","29/04/2022 11:16","0","100","1867","1","29/04/2022 11:16","R_DVwsjTlvrn3ohXz","anonymous","EN","1","","UKRN01","","","","","","2nd Year","","","","","2","4","2","4","2","1","4","4","2","4","2","4","1","4","5","2","4","1","1","1","1","","1","1","1","0","0","1","1","0","0","1","0","5","2","4","2","5","4","2","2","1","3","Reproducing others work to check findings","3","1","1",""
"532","29/04/2022 11:48","29/04/2022 12:12","0","100","1462","1","29/04/2022 12:12","R_1EioeiPTQL0bEuf","anonymous","EN","1","","UKRN01","","","","","","2nd Year","","","","","2","5","2","3","2","4","2","4","2","5","2","4","3","3","4","3","4","1","1","1","1","1","1","1","1","1","0","1","1","0","1","0","0","4","2","4","4","4","4","2","3","1","1","a study can't be replicated","3","3","1",""
"533","26/04/2022 06:52","26/04/2022 07:03","0","89","634","0","03/05/2022 07:03","R_ZjUDzXF60Fzzcul","anonymous","EN","1","","UKRN01","","","","","","1st Year","","","","","2","4","2","3","2","4","3","4","3","4","2","4","2","4","2","2","4","1","1","1","1","1","1","1","1","0","0","0","0","0","0","1","0","4","3","4","4","4","3","2","4","2","","","2","2","3",""
"534","29/04/2022 15:39","29/04/2022 15:39","0","8","31","0","06/05/2022 15:39","R_AapEvGc2tCNKh0t","anonymous","EN","1","","UKRN01","","","","","","0","","","","","2","","","","","","","","","","","","","","","","","","","","","","","","","0","0","0","0","0","0","0","0","","","","","","","","","","","","","","",""
"535","11/05/2022 06:08","11/05/2022 07:09","0","100","3636","1","11/05/2022 07:09","R_vuWrz91jgMeOu53","anonymous","EN","1","","UKRN01","","","","","","3rd Year","","","","","2","4","3","5","1","4","3","4","2","3","3","4","1","4","1","3","3","1","1","1","1","1","","1","1","0","0","0","1","0","0","1","0","5","1","5","2","3","4","1","4","1","1","difficulty replicating results of studies ","1","1","1",""
"536","05/05/2022 09:38","10/05/2022 11:25","0","8","438442","0","17/05/2022 11:25","R_D8nNd4HhiN3VhsJ","anonymous","EN","1","","UKRN01","","","","","","0","","","","","1","","","","","","","","","","","","","","","","","","","","","","","","","0","0","0","0","0","1","1","1","","","","","","","","","","","","","","",""
"537","01/03/2022 17:07","01/03/2022 17:54","0","100","2824","1","01/03/2022 17:54","R_1cU6b9fcT1XZMWI","anonymous","EN","1","","UKRN08","","","","","","1st Year","","","","","2","5","1","5","2","5","3","4","3","1","5","4","1","5","1","1","5","1","1","1","1","","1","1","1","1","0","1","1","0","1","0","1","5","4","4","5","1","3","1","3","1","1","concerns about the credibility of psychological research ","1","1","1",""
"538","05/03/2022 04:06","05/03/2022 04:18","0","100","718","1","05/03/2022 04:18","R_2QDqIP79YujTjHM","anonymous","EN","1","","UKRN08","","","","","","1st Year","","","","","2","4","3","3","3","4","2","3","4","4","4","4","3","3","3","3","3","1","1","1","1","1","1","1","1","0","0","0","0","0","0","0","0","4","4","4","4","4","4","3","2","2","","","2","3","2",""
"539","07/03/2022 04:31","07/03/2022 05:05","0","100","2062","1","07/03/2022 05:05","R_2v3bSgJgTAI9jN2","anonymous","EN","1","","UKRN08","","","","","","1st Year","","","","","2","5","1","5","1","5","2","5","2","5","1","5","1","5","1","3","4","1","1","1","1","","1","","1","0","0","0","1","0","0","0","1","5","2","5","2","4","5","2","5","1","1","Where past studies are being replicated and the replications don't find the same/a significant result, calling into question the conclusions of the study and its results.","1","1","1",""
"540","10/03/2022 08:13","10/03/2022 08:41","0","100","1687","1","10/03/2022 08:41","R_V2veWWgh2HLcwUN","anonymous","EN","1","","UKRN08","","","","","","2nd Year","","","","","2","4","1","3","1","4","1","5","2","5","1","5","1","4","1","2","4","1","","1","1","","1","1","1","0","0","1","0","1","1","0","1","4","2","4","4","4","2","2","4","1","1","The crisis regarding the amount of psychological research where the results do not replicate.","1","3","1",""
"541","10/03/2022 16:05","10/03/2022 16:33","0","100","1655","1","10/03/2022 16:33","R_1CDyey5hxXrXkhd","anonymous","EN","1","","UKRN08","","","","","","1st Year","","","","","2","5","2","5","2","4","2","5","1","4","1","5","1","5","3","2","5","1","1","1","1","","1","1","1","1","0","0","0","1","0","0","1","5","2","4","2","4","5","2","4","1","1","Many key psychological studies (and many studies in general) failing to replicate. ","2","1","1",""
"542","11/03/2022 06:43","11/03/2022 07:26","0","100","2601","1","11/03/2022 07:26","R_PSqJib6qPJnEKXv","anonymous","EN","1","","UKRN08","","","","","","1st Year","","","","","2","5","1","5","1","3","3","4","2","5","1","5","1","4","1","3","5","1","","1","1","","","1","1","1","0","0","0","0","0","0","0","5","1","5","1","5","4","1","5","1","1","Much of past psychological research (especially social psychology) cannot be replicated and therefore the findings cannot necessarily be relied upon. ","1","1","1",""
"543","11/03/2022 09:35","11/03/2022 11:02","0","100","5208","1","11/03/2022 11:02","R_23UeotzBPXPpvNO","anonymous","EN","1","","UKRN08","","","","","","2nd Year","","","","","2","4","1","1","4","3","2","4","4","4","2","4","1","4","3","3","4","1","1","1","1","1","1","1","1","0","0","0","0","1","0","0","1","2","4","4","4","4","1","4","1","1","1","modern research cannot replicate some of the key studies from previous research which a lot of modern psychology is based on.","2","2","1",""
"544","04/03/2022 16:11","04/03/2022 16:28","0","89","1018","0","11/03/2022 16:28","R_2S2eXzeMsJGJo8S","anonymous","EN","1","","UKRN08","","","","","","1st Year","","","","","2","4","2","4","3","4","3","4","3","3","3","4","3","4","4","3","3","1","1","1","1","1","1","1","1","1","0","1","0","1","1","0","1","4","3","3","4","3","3","2","4","1","1","studies that cannot be replicated so they must be wrong","3","1","3",""
"545","12/03/2022 10:38","12/03/2022 11:09","0","100","1858","1","12/03/2022 11:09","R_2WvAqqRzhOQ4ZC4","anonymous","EN","1","","UKRN08","","","","","","2nd Year","","","","","2","4","1","3","2","4","2","4","3","4","2","4","2","4","2","3","4","1","","","1","","","","1","0","0","0","0","0","0","0","0","4","3","3","2","4","2","2","3","1","1","reproducing results are becoming difficult.","2","3","3",""
"546","14/03/2022 11:56","14/03/2022 12:30","0","100","2050","1","14/03/2022 12:30","R_12fgChm1l3q2Pym","anonymous","EN","1","","UKRN08","","","","","","2nd Year","","","","","2","5","1","4","2","4","2","4","3","4","1","4","2","4","5","3","4","1","1","1","1","1","1","1","1","0","0","0","1","0","0","1","0","5","3","4","4","4","3","2","3","1","1","some studies dont reproduce the same results","2","1","1",""
"547","10/03/2022 05:39","11/03/2022 11:25","0","97","107155","0","18/03/2022 12:25","R_3HZxWBQM3p7asYI","anonymous","EN","1","","UKRN08","","","","","","2nd Year","","","","","2","2","1","4","1","3","2","5","3","4","1","4","2","4","2","2","5","","","","","","","","","0","0","0","0","0","0","0","0","5","2","4","4","4","3","1","2","3","","","2","2","1",""
"548","20/03/2022 12:40","20/03/2022 13:14","0","100","2037","1","20/03/2022 13:14","R_py4idGIGdkJXEl3","anonymous","EN","1","","UKRN08","","","","","","2nd Year","","","","","1","5","1","5","5","4","3","5","3","4","3","4","3","4","4","5","4","1","1","1","1","1","1","1","1","0","0","0","1","1","1","1","1","4","1","5","1","4","5","2","4","1","1","when old studies have been replicated they have not produced the same results ","2","2","1",""
"549","14/03/2022 11:40","14/03/2022 13:42","0","89","7330","0","21/03/2022 13:42","R_pynkrQ3cd3x03yV","anonymous","EN","1","","UKRN08","","","","","","2nd Year","","","","","1","5","1","4","1","5","3","5","1","5","3","5","1","4","4","3","4","1","1","1","1","1","1","1","1","0","0","1","0","0","0","0","1","4","2","5","1","4","2","2","4","1","1","Replication of studies that show original studies to not have significant results like they have been said to ","2","2","1",""
"550","22/03/2022 06:35","22/03/2022 06:50","0","100","931","1","22/03/2022 06:50","R_W1IS9xjz7h51vLH","anonymous","EN","1","","UKRN08","","","","","","2nd Year","","","","","2","4","2","2","4","3","3","3","2","4","3","3","3","4","3","3","3","1","1","1","1","1","1","1","1","0","1","1","0","0","0","1","1","4","3","2","3","2","5","3","2","2","","","2","2","1","no"
"551","22/03/2022 07:10","22/03/2022 07:34","0","100","1492","1","22/03/2022 07:34","R_2Vmc1CtN3tzp21P","anonymous","EN","1","","UKRN08","","","","","","2nd Year","","","","","2","4","2","4","3","4","2","4","4","4","2","4","1","2","3","2","4","1","1","1","1","1","1","1","1","0","0","0","0","1","0","1","0","4","4","4","2","5","1","2","2","1","1","where multiple studies (some of which are popular) arent replicated ","2","1","1",""
"552","22/03/2022 08:02","22/03/2022 08:17","0","100","900","1","22/03/2022 08:17","R_1dLwpvQAVzAIbt3","anonymous","EN","1","","UKRN08","","","","","","2nd Year","","","","","2","5","1","4","4","3","3","5","1","5","3","3","3","4","3","2","4","1","1","1","1","1","1","1","1","1","1","1","0","1","1","1","0","5","2","3","4","5","3","3","3","2","","","3","3","3",""
"553","23/03/2022 08:22","23/03/2022 08:46","0","100","1465","1","23/03/2022 08:46","R_u2jRDpXtHlFRvLb","anonymous","EN","1","","UKRN08","","","","","","1st Year","","","","","1","5","2","4","1","3","3","4","2","4","2","5","1","3","4","1","5","1","","1","1","","1","1","1","0","0","1","0","0","0","0","1","3","2","4","4","4","2","2","3","1","1","Many studies are difficult to replicate if not impossible ","1","1","1",""
"554","23/03/2022 09:31","23/03/2022 10:01","0","100","1811","1","23/03/2022 10:01","R_2Et2HzOW2qcG3RF","anonymous","EN","1","","UKRN08","","","","","","2nd Year","","","","","1","4","2","3","4","2","2","4","3","3","3","4","1","3","4","2","3","","","1","","","1","","1","0","0","1","0","0","0","0","1","4","2","3","3","4","4","2","4","2","","","3","3","1",""
"555","23/03/2022 13:47","23/03/2022 14:55","0","100","4042","1","23/03/2022 14:55","R_9Kv9wUaWZBmPOhz","anonymous","EN","1","","UKRN08","","","","","","1st Year","","","","","2","4","1","4","2","4","3","4","2","5","2","3","1","4","2","2","3","1","1","1","1","","","","1","1","1","0","1","0","0","0","1","4","2","4","2","4","4","2","3","1","1","Where researchers in the past have published work that perfectly proves what they are saying is correct, and that stands out for big journals. However, when someone else copies their research, they find something different, invalidating what they are saying completely and implying it is based on untrue or fabricated research.","1","1","1",""
"556","24/03/2022 03:57","24/03/2022 04:27","0","100","1810","1","24/03/2022 04:27","R_3Ic0U1gCYn3l87w","anonymous","EN","1","","UKRN08","","","","","","1st Year","","","","","2","4","3","3","4","4","3","4","4","4","3","3","1","4","3","3","4","1","1","1","1","1","1","1","1","0","0","0","0","0","0","0","1","4","4","4","4","4","4","2","3","2","","","3","3","3",""
"557","24/03/2022 07:01","24/03/2022 07:29","0","100","1702","1","24/03/2022 07:29","R_306623kym4Cw6yV","anonymous","EN","1","","UKRN08","","","","","","1st Year","","","","","2","5","2","4","2","4","2","4","4","3","3","5","1","4","2","4","4","1","1","","1","1","1","1","1","0","0","0","1","0","0","0","1","4","3","4","4","2","4","1","4","1","1","Where a huge proportion of research studies were not replicated and so findings cannot be deemed entirely accurate or credible. Therefore, they shouldn't really be used to support conclusions made.","1","1","1",""
"558","24/03/2022 08:07","24/03/2022 08:28","0","100","1233","1","24/03/2022 08:28","R_R342iQfIzRrYRzP","anonymous","EN","1","","UKRN08","","","","","","1st Year","","","","","2","4","1","4","3","5","2","5","4","3","3","2","2","4","4","3","3","1","1","1","1","1","1","1","1","0","0","0","0","0","0","0","0","4","2","2","4","4","2","4","4","1","1","It is an ongoing methodological crisis where the results of many studies are found to be difficult or impossible to replicate.","1","1","1","no "
"559","24/03/2022 18:02","24/03/2022 18:47","0","100","2737","1","24/03/2022 18:47","R_1hFIM1jarnKbyVu","anonymous","EN","1","","UKRN08","","","","","","2nd Year","","","","","2","5","1","5","2","5","1","5","2","5","2","3","3","4","4","5","2","1","1","1","1","1","1","1","1","1","1","1","1","0","0","0","0","1","2","1","2","4","3","3","4","1","1","the results of many well known scientific studies are impossible to reproduce","1","1","1",""
"560","25/03/2022 04:53","25/03/2022 05:24","0","100","1866","1","25/03/2022 05:24","R_3lGrgC1TgfAEeor","anonymous","EN","1","","UKRN08","","","","","","1st Year","","","","","2","4","2","4","2","4","2","5","3","5","2","4","1","2","5","3","4","1","","1","","","1","","1","0","0","0","0","0","0","0","0","4","3","4","5","2","4","2","4","2","","","2","2","1",""
"561","25/03/2022 05:34","25/03/2022 06:24","0","100","2995","1","25/03/2022 06:24","R_W2Ric3ui0szHOKJ","anonymous","EN","1","","UKRN08","","","","","","1st Year","","","","","2","5","2","4","1","2","4","3","4","4","1","3","2","5","1","2","5","1","1","1","1","1","1","1","1","0","0","1","1","0","0","1","1","4","4","2","2","4","2","4","4","1","1","The issue of researchers studies not being able to reproduce significant results in a replication or a partial replication. ","1","1","1",""
"562","25/03/2022 05:50","25/03/2022 06:25","0","100","2125","1","25/03/2022 06:25","R_1gndhapKuerRM9m","anonymous","EN","1","","UKRN08","","","","","","1st Year","","","","","2","4","3","3","2","4","3","4","3","4","2","3","2","4","2","1","5","1","1","1","1","1","1","1","1","0","0","1","1","0","1","0","1","5","2","5","1","5","2","3","4","1","1","Researchers results cannot always be replicated from the past, which means they are not reliable or valid. This is a problem nowadays because a lot of our understanding are based of a lot of past research.  ","1","1","3",""
"563","25/03/2022 17:09","25/03/2022 17:25","0","100","953","1","25/03/2022 17:25","R_2xREwipzFvzD0Ai","anonymous","EN","1","","UKRN08","","","","","","1st Year","","","","","2","5","1","4","1","4","2","4","2","4","4","3","2","4","4","4","3","1","1","1","1","1","1","1","1","0","0","0","1","0","0","0","1","3","2","5","2","4","4","2","4","1","1","Some scientific studies are not reproducible and are therefore wrongly done.","2","1","1",""
"564","27/03/2022 11:46","27/03/2022 12:15","0","100","1723","1","27/03/2022 12:15","R_2CVVNilDmuCCpBH","anonymous","EN","1","","UKRN08","","","","","","1st Year","","","","","2","5","2","4","1","5","1","4","2","4","1","5","1","4","3","3","4","1","","1","1","","1","","1","1","0","1","1","0","1","0","1","5","1","5","2","4","2","2","5","1","1","That in the field of Psychology there is a crisis of research/studies not being reproduced, leading to claims/results being unchecked.","3","3","1","N/A"
"565","27/03/2022 12:19","27/03/2022 12:29","0","100","632","1","27/03/2022 12:29","R_1lb0GTCslIPMbRV","anonymous","EN","1","","UKRN08","","","","","","2nd Year","","","","","2","4","3","4","2","4","3","4","2","3","4","3","3","4","3","3","3","1","1","1","1","1","1","1","1","0","1","1","0","1","1","1","0","5","1","4","4","4","3","2","3","1","1","The pressure to produce novel findings creates a problem with reliability","1","1","1",""
"566","27/03/2022 18:15","27/03/2022 18:34","0","100","1117","1","27/03/2022 18:34","R_3IPN1o0N4oefdWn","anonymous","EN","1","","UKRN08","","","","","","1st Year","","","","","1","5","1","4","2","5","1","5","3","4","3","4","1","5","5","2","1","1","1","1","1","1","1","1","1","0","0","1","0","1","0","0","1","3","2","1","2","3","4","1","4","1","1","where tests are rarely replicated and if so do not tend to result in the same answers ","3","3","1",""
"567","28/03/2022 04:54","28/03/2022 05:24","0","100","1754","1","28/03/2022 05:24","R_1mPo7XYk2oCNltG","anonymous","EN","1","","UKRN08","","","","","","1st Year","","","","","2","5","1","3","5","5","5","5","3","4","5","3","2","2","4","3","4","1","1","1","1","1","1","1","1","1","1","0","1","1","0","1","0","3","4","4","5","4","2","4","5","1","1","ITS THE PROCESS OF REPEATING RESEARCH TO DETERMINE THE EXTENT TO WHICH FINDINGS ACROSS TIME AND SITUATION.","2","2","1",""
"568","28/03/2022 05:32","28/03/2022 05:44","0","100","743","1","28/03/2022 05:44","R_31mbaQPjOXYdIKo","anonymous","EN","1","","UKRN08","","","","","","1st Year","","","","","2","5","1","4","2","4","1","5","2","5","1","5","2","5","3","5","1","1","1","1","1","1","1","1","1","1","0","1","1","0","0","0","1","5","2","2","4","3","4","1","4","1","1","where psychology studies are not easily replicated despite being stated they are, more studies needed to be be replicable ","1","1","1",""
"569","28/03/2022 06:01","28/03/2022 06:33","0","100","1902","1","28/03/2022 06:33","R_DAG3SacytEdWlod","anonymous","EN","1","","UKRN08","","","","","","1st Year","","","","","2","4","2","4","2","4","3","3","3","3","2","4","1","4","2","3","4","1","1","1","1","1","1","1","1","0","0","0","0","0","0","0","0","2","2","4","4","4","2","2","4","1","1","that the results are hard to replicate ","3","3","1",""
"570","28/03/2022 06:19","28/03/2022 06:37","0","100","1068","1","28/03/2022 06:37","R_vJiRfRdO5lOnZeh","anonymous","EN","1","","UKRN08","","","","","","1st Year","","","","","2","5","4","4","3","5","3","5","2","4","1","4","4","4","5","4","2","1","1","1","1","1","1","1","1","0","0","0","1","1","1","1","0","2","2","5","4","3","4","2","3","1","1","many scientific studies cannot be reproduced ","2","2","1",""
"571","28/03/2022 06:41","28/03/2022 06:59","0","100","1074","1","28/03/2022 06:59","R_3F3t0c8HhLVdSMH","anonymous","EN","1","","UKRN08","","","","","","2nd Year","","","","","2","4","1","4","2","2","4","4","2","4","4","5","1","5","4","1","5","1","1","1","1","1","1","1","1","0","0","1","1","0","1","0","1","4","4","5","5","5","2","1","2","1","1","Replication studies don't get published as they aren't novel","1","1","1",""
"572","28/03/2022 07:45","28/03/2022 08:22","0","100","2233","1","28/03/2022 08:22","R_1eG0NkP3gxs71zj","anonymous","EN","1","","UKRN08","","","","","","1st Year","","","","","2","5","1","4","2","4","1","4","2","5","1","4","1","5","1","2","4","1","1","1","1","1","1","","1","1","1","1","1","0","1","0","1","5","2","4","2","4","3","2","4","1","1","Old research that has been seen as extremely important and had a big influence is now being replicated, and recent replications find that the  influential studies are unreliable or invalid ","1","1","1",""
"573","28/03/2022 08:03","28/03/2022 08:26","0","100","1384","1","28/03/2022 08:26","R_3ElF83erKB7XZgo","anonymous","EN","1","","UKRN08","","","","","","3rd Year","","","","","2","4","2","3","3","5","3","5","4","5","2","3","2","3","2","3","4","1","1","1","1","1","1","1","1","0","0","1","0","0","1","1","0","5","2","5","3","3","4","3","4","1","1","replication studies finding landmark studies actually have false results ","1","1","1",""
"574","28/03/2022 08:24","28/03/2022 09:09","0","100","2752","1","28/03/2022 09:09","R_2BgJJyEO4Di1d3h","anonymous","EN","1","","UKRN08","","","","","","1st Year","","","","","2","4","2","4","2","5","4","5","2","4","1","4","2","4","3","3","3","1","1","1","1","1","1","1","1","1","0","1","1","0","0","0","1","4","2","5","2","3","4","4","4","1","1","researchers not sharing their research/data on open science/research spaces","1","1","1",""
"575","28/03/2022 17:34","28/03/2022 18:03","0","100","1752","1","28/03/2022 18:03","R_27WD3kowCP3SYgO","anonymous","EN","1","","UKRN08","","","","","","1st Year","","","","","2","5","1","5","1","4","2","5","2","5","1","3","2","4","3","2","4","1","1","1","1","1","1","","1","1","1","1","1","0","1","0","0","5","1","5","3","4","2","3","4","1","1","results of studies are difficult to replicate ","1","1","1",""
"576","29/03/2022 01:50","29/03/2022 02:03","0","100","827","1","29/03/2022 02:03","R_WoI9R5ddadXDpKh","anonymous","EN","1","","UKRN08","","","","","","1st Year","","","","","2","4","2","4","2","4","2","5","1","5","2","4","1","4","2","3","3","1","1","1","1","1","1","1","1","0","1","0","0","1","1","1","0","4","3","4","2","4","4","1","2","1","1","researchers replicating work","2","1","1",""
"577","29/03/2022 07:55","29/03/2022 08:26","0","100","1835","1","29/03/2022 08:26","R_270WIEpdVGi8YdI","anonymous","EN","1","","UKRN08","","","","","","1st Year","","","","","2","1","1","4","2","5","2","4","4","4","1","4","1","3","2","3","4","1","1","1","1","1","1","1","1","0","0","1","0","0","1","0","1","5","1","5","1","4","4","2","4","1","1","where a study fails to be replicated ","2","2","1",""
"578","29/03/2022 08:20","29/03/2022 08:59","0","100","2352","1","29/03/2022 08:59","R_3MATnZx5PXLvkQc","anonymous","EN","1","","UKRN08","","","","","","1st Year","","","","","2","5","2","4","4","3","2","3","4","5","5","4","1","3","3","2","4","1","1","1","1","1","1","1","1","0","0","0","0","0","0","0","1","4","2","2","4","4","2","2","3","2","","","2","3","1",""
"579","29/03/2022 08:55","29/03/2022 09:03","0","100","493","1","29/03/2022 09:03","R_1H8m0yFfuPeqios","anonymous","EN","1","","UKRN08","","","","","","2nd Year","","","","","2","3","3","2","4","3","4","3","4","3","4","3","4","3","4","3","4","1","1","1","1","1","1","1","1","0","1","1","1","1","1","1","0","3","4","5","2","3","4","2","4","2","","","2","3","3",""
"580","29/03/2022 09:03","29/03/2022 09:33","0","100","1793","1","29/03/2022 09:33","R_pS5htQPPufRRxxD","anonymous","EN","1","","UKRN08","","","","","","1st Year","","","","","2","5","1","5","2","4","1","4","2","4","1","4","2","4","4","2","3","1","1","1","1","","1","","1","0","0","1","1","0","1","0","1","5","2","2","4","4","4","4","4","1","1","results of studies are hard or impossible to reproduce","1","1","1","n/a"
"581","29/03/2022 10:11","29/03/2022 10:42","0","100","1872","1","29/03/2022 10:42","R_oXls9OIBWVqVBh7","anonymous","EN","1","","UKRN08","","","","","","1st Year","","","","","2","5","2","3","3","4","4","4","2","4","4","4","1","4","4","3","3","1","1","1","1","1","1","1","1","0","0","0","0","0","0","0","1","4","2","4","4","4","3","2","3","2","","","2","2","2",""
"582","29/03/2022 11:29","29/03/2022 11:44","0","100","925","1","29/03/2022 11:44","R_2ZZWE0whgTFCSOy","anonymous","EN","1","","UKRN08","","","","","","1st Year","","","","","2","5","2","4","2","4","1","5","1","5","1","2","2","5","4","1","5","1","1","1","1","1","1","1","1","1","1","1","1","1","1","1","1","5","2","5","5","5","2","4","4","1","1","that many studies and their results have been found to be difficult to reproduce","1","1","1",""
"583","29/03/2022 12:13","29/03/2022 12:28","0","100","873","1","29/03/2022 12:28","R_XiBr0eqHVhGuBvb","anonymous","EN","1","","UKRN08","","","","","","1st Year","","","","","2","5","2","4","2","4","2","4","2","4","2","4","1","4","2","2","3","1","1","1","1","1","1","","1","0","0","0","1","0","0","0","1","2","2","4","4","4","3","2","4","1","1","where studies are published that have 'shocking' results but they are not replicated/ not replicable which means the results might not be accurate ","1","1","1",""
"584","30/03/2022 05:16","30/03/2022 05:47","0","100","1818","1","30/03/2022 05:47","R_1JIt8Ohd7iyhbLO","anonymous","EN","1","","UKRN08","","","","","","1st Year","","","","","2","3","2","3","2","2","2","5","4","5","3","4","2","4","4","3","3","1","1","1","1","1","1","1","1","0","0","1","1","0","1","0","1","4","4","4","4","3","2","2","3","1","1","results from other studies are difficult to reproduce ","2","2","1",""
"585","30/03/2022 06:20","30/03/2022 06:30","0","100","563","1","30/03/2022 06:30","R_3j2kVpGt0psA37e","anonymous","EN","1","","UKRN08","","","","","","2nd Year","","","","","2","4","2","4","2","4","2","4","4","4","4","3","3","3","4","3","4","1","1","1","1","1","1","1","1","0","0","1","0","0","0","0","0","4","2","4","2","4","4","2","4","1","3","unable to accurately replicate data ","2","2","1",""
"586","30/03/2022 09:26","30/03/2022 10:25","0","100","3491","1","30/03/2022 10:25","R_1LOPoP29VEI594u","anonymous","EN","1","","UKRN08","","","","","","1st Year","","","","","2","4","2","4","3","4","2","3","3","4","2","4","2","4","3","4","4","1","1","1","1","1","1","1","1","0","0","0","0","0","0","0","0","5","2","4","3","3","4","2","4","1","1","Many studies results cannot be replicated so most likely have wrong results","1","1","3",""
"587","30/03/2022 10:33","30/03/2022 11:25","0","100","3104","1","30/03/2022 11:25","R_OcBRoMIENJhAVB7","anonymous","EN","1","","UKRN08","","","","","","1st Year","","","","","2","4","2","3","3","3","3","5","4","2","2","4","2","3","4","2","4","1","","1","1","1","1","","1","1","0","0","0","0","1","0","0","4","2","3","3","4","2","2","4","2","","","1","3","3",""
"588","30/03/2022 11:11","30/03/2022 11:38","0","100","1579","1","30/03/2022 11:38","R_2tbWFbBwpJLe0bH","anonymous","EN","1","","UKRN08","","","","","","1st Year","","","","","2","5","2","4","2","3","3","4","2","2","2","4","2","4","2","4","4","1","1","1","1","1","1","1","1","0","0","0","0","0","0","0","0","4","2","4","2","2","4","2","4","1","1","The issue of replicating research methodology to see if results can be replicated. ","1","1","1",""
"589","30/03/2022 11:12","30/03/2022 11:45","0","100","1955","1","30/03/2022 11:45","R_3KutE57D0HZDe3G","anonymous","EN","1","","UKRN08","","","","","","1st Year","","","","","1","5","1","5","1","5","1","3","4","2","1","4","1","5","1","5","5","1","1","1","1","","1","","1","1","1","0","0","0","0","0","0","5","2","5","2","4","4","2","4","1","1","the crisis includes replications of 'classical' psychological study not reproducing the same results as the original","1","1","1",""
"590","31/03/2022 02:53","31/03/2022 03:11","0","100","1094","1","31/03/2022 03:11","R_qUg1s8P6CWzvb7r","anonymous","EN","1","","UKRN08","","","","","","1st Year","","","","","2","5","1","4","2","4","1","5","3","5","1","3","4","4","1","3","4","1","1","1","1","1","1","","1","1","0","1","1","0","1","0","1","5","2","4","3","4","2","3","3","1","1","The replication crisis is an ongoing issue within the research world where some pieces of research aren't able to be accurately replicated which raises questions on how reliable a piece of research is ","1","1","1",""
"591","29/03/2022 09:22","31/03/2022 07:21","0","100","165535","1","31/03/2022 07:21","R_aW5MgL1awasMUDv","anonymous","EN","1","","UKRN08","","","","","","1st Year","","","","","2","4","2","3","3","4","2","4","2","4","3","4","4","3","4","3","3","1","1","1","1","1","1","1","1","1","1","1","1","0","0","0","0","2","4","4","3","3","4","3","4","2","","","1","3","1",""
"592","31/03/2022 12:29","31/03/2022 13:09","0","100","2362","1","31/03/2022 13:09","R_2awNY1VdEuJ5zFr","anonymous","EN","1","","UKRN08","","","","","","1st Year","","","","","2","4","1","4","2","4","3","5","2","4","2","4","1","4","2","3","4","1","1","1","1","1","1","1","1","1","0","0","1","0","0","0","1","4","2","5","2","4","4","2","4","1","1","the majority of studies in top peer reviewed journals cannot be replicated with significant results.","1","1","1",""
"593","31/03/2022 14:03","31/03/2022 14:21","0","100","1079","1","31/03/2022 14:21","R_238DDEbaCkFuwBp","anonymous","EN","1","","UKRN08","","","","","","2nd Year","","","","","1","4","5","3","4","4","1","5","1","5","1","5","5","4","3","5","4","1","1","1","1","1","1","1","1","0","0","0","1","1","0","1","1","3","4","5","1","3","3","3","3","2","","","2","2","2","nope"
"594","01/04/2022 03:51","01/04/2022 04:22","0","100","1878","1","01/04/2022 04:22","R_1jMLSJMxnGr2zpe","anonymous","EN","1","","UKRN08","","","","","","1st Year","","","","","2","5","1","5","1","5","1","5","2","5","1","4","1","5","1","5","1","1","1","1","1","1","1","1","1","0","0","0","0","0","0","0","0","5","1","5","1","1","5","1","5","1","1","It was when an attempt to replicate many psychological research found that many of the studies did not replicate.","3","1","1","no"
"595","01/04/2022 04:29","01/04/2022 05:06","0","100","2205","1","01/04/2022 05:06","R_2axD9Qtj9kfgpci","anonymous","EN","1","","UKRN08","","","","","","2nd Year","","","","","2","4","2","3","2","3","3","2","4","3","2","4","2","3","4","2","4","1","1","1","","","1","","1","0","0","1","0","0","1","0","1","4","4","4","4","5","4","2","4","1","1","An ongoing issue where the results of many studies are hard or impossible to reproduce ","1","1","1",""
"596","01/04/2022 06:46","01/04/2022 07:47","0","100","3669","1","01/04/2022 07:47","R_yqXBRn3SQNNknYZ","anonymous","EN","1","","UKRN08","","","","","","1st Year","","","","","2","4","2","5","2","5","5","5","4","4","2","1","1","4","3","1","5","1","1","1","1","","1","1","1","1","0","1","1","0","0","1","1","4","4","4","2","4","4","4","5","1","1","the increasing awareness that the results of scientific resecrh studies cannot be repeated and are most likely wrong.","1","1","2",""
"597","01/04/2022 08:12","01/04/2022 08:53","0","100","2430","1","01/04/2022 08:53","R_3nqI28WaZFXCnQn","anonymous","EN","1","","UKRN08","","","","","","2nd Year","","","","","2","4","2","4","2","2","4","5","4","4","2","3","1","4","1","1","5","","","","1","","","","","0","0","0","0","0","0","0","0","5","1","5","2","5","3","3","5","1","1","many studies that are published as significant are not reproducible or able to replicate same results when repeated","2","2","1",""
"598","01/04/2022 13:27","01/04/2022 13:37","0","100","578","1","01/04/2022 13:37","R_3KTmRfYL2Qzrt2c","anonymous","EN","1","","UKRN08","","","","","","1st Year","","","","","1","2","4","2","3","5","3","3","5","2","3","4","5","3","1","4","4","1","","1","1","","1","1","1","0","0","0","1","0","0","0","1","5","1","5","1","4","4","1","5","1","1","The lack of repeating results from psychological studies, suggesting the recorded results are flukes and not recording naturally observed phenomenon.","1","1","1",""
"599","01/04/2022 18:46","01/04/2022 19:29","0","100","2563","1","01/04/2022 19:29","R_2of7nKjmHRtRAeR","anonymous","EN","1","","UKRN08","","","","","","2nd Year","","","","","3","5","1","5","2","5","3","5","2","5","3","5","1","5","1","3","3","","","1","1","","","","1","0","0","0","0","0","0","0","0","5","1","4","3","3","3","1","5","1","1","A significant portion of published research in psychology is not replicated in subsequent studies","3","1","1",""
"600","02/04/2022 08:15","02/04/2022 09:05","0","100","2999","1","02/04/2022 09:05","R_3eeNTShFu8T14Vi","anonymous","EN","1","","UKRN08","","","","","","2nd Year","","","","","2","5","1","4","2","3","4","5","2","4","2","5","1","4","1","2","5","1","1","1","1","1","1","1","1","0","0","1","0","0","1","0","1","4","2","4","5","2","4","1","4","1","1","results from previous studies are not replicable which questions the credibility of certain papers.","2","3","1",""
"601","02/04/2022 12:57","02/04/2022 13:22","0","100","1524","1","02/04/2022 13:22","R_3suEEEUasQ3as7V","anonymous","EN","1","","UKRN08","","","","","","1st Year","","","","","2","5","1","4","1","4","1","5","2","5","1","4","1","5","4","3","4","1","1","1","1","1","1","1","1","0","0","1","1","0","1","1","1","4","2","5","1","3","4","2","4","1","1","Where famous studies were retested but were found not to replicate ","1","1","1","No "
"602","02/04/2022 13:12","02/04/2022 13:42","0","100","1845","1","02/04/2022 13:42","R_3q7ocmsShlBGqcC","anonymous","EN","1","","UKRN08","","","","","","1st Year","","","","","2","4","2","4","2","4","2","4","2","4","2","4","2","4","3","4","4","1","1","1","1","1","1","1","1","0","1","0","0","1","1","1","0","5","2","5","4","5","5","2","3","1","1","past studies that have been submitted to academic journals have been found to not have replicable results, so knowledge based off of these studies is not accurate","3","1","1",""
"603","03/04/2022 11:59","03/04/2022 12:40","0","100","2481","1","03/04/2022 12:40","R_1ruyL1H8LmS8Ol7","anonymous","EN","1","","UKRN08","","","","","","1st Year","","","","","1","4","1","4","2","4","2","3","4","4","1","4","1","5","2","3","2","1","","1","1","1","1","","1","0","0","1","1","0","1","0","1","4","2","4","2","2","4","2","4","1","1","The results of most psychological research isn't replicable.","1","1","1",""
"604","27/03/2022 12:23","27/03/2022 12:46","0","83","1346","0","03/04/2022 12:46","R_5hkKaLqXcCSVkEp","anonymous","EN","1","","UKRN08","","","","","","1st Year","","","","","2","5","3","3","2","3","3","5","2","4","1","4","1","3","3","3","4","1","1","1","1","1","1","1","1","0","0","1","0","0","0","0","1","4","3","4","4","4","3","2","3","1","1","Where studies have not been replicable meaning studies have been reproduced and the same results have not been found","1","1","1",""
"605","28/03/2022 13:32","28/03/2022 14:04","0","79","1942","0","04/04/2022 14:04","R_2wBT50Eh48kXUmQ","anonymous","EN","1","","UKRN08","","","","","","2nd Year","","","","","2","4","4","3","2","3","2","4","2","4","3","4","2","3","3","2","4","1","1","1","1","1","1","1","1","0","1","1","0","0","1","1","0","4","2","4","3","4","2","2","4","1","1","the inability to replicate the findings of lots of psychological studies ","2","3","1",""
"606","06/04/2022 08:30","06/04/2022 09:19","0","100","2936","1","06/04/2022 09:19","R_2ymjqZMZZ27CVSI","anonymous","EN","1","","UKRN08","","","","","","2nd Year","","","","","2","4","2","2","2","3","3","3","3","5","1","2","2","3","4","2","4","1","1","1","","","1","","1","0","0","1","0","0","1","0","1","4","4","5","2","3","2","2","2","3","","","1","3","3","I was finding the questions on to what extent I think journal articles should be free to access quite hard to answer! I'd like to say yes so everyone could have knowledge (I often have the problem of not being able to access things due to this) but I also understand why they are not free to access. "
"607","06/04/2022 09:42","06/04/2022 10:06","0","100","1450","1","06/04/2022 10:06","R_3PzP3S10XDsMmvb","anonymous","EN","1","","UKRN08","","","","","","1st Year","","","","","1","5","2","4","2","5","1","5","2","5","1","3","1","3","4","1","5","","1","1","1","","","","","0","1","1","0","0","0","0","0","4","4","5","4","4","4","3","4","2","","","3","3","2",""
"608","06/04/2022 10:50","06/04/2022 11:39","0","100","2911","1","06/04/2022 11:39","R_YVSP6U8DkEbggal","anonymous","EN","1","","UKRN08","","","","","","2nd Year","","","","","2","5","1","4","1","5","1","4","4","5","2","4","1","5","1","1","5","1","","1","1","1","1","1","1","0","0","1","0","0","1","0","1","5","1","5","4","5","4","2","4","1","1","Studies are unable to be replicated and therefore are not reliable. ","1","1","1",""
"609","06/04/2022 11:22","06/04/2022 11:40","0","100","1075","1","06/04/2022 11:40","R_1H8D0QOO8q7fBFm","anonymous","EN","1","","UKRN08","","","","","","1st Year","","","","","1","4","1","5","2","2","1","4","3","4","2","1","1","2","4","2","4","1","1","1","","1","1","","1","0","1","1","0","0","1","0","0","4","2","5","2","2","4","2","5","2","","","1","3","1",""
"610","06/04/2022 19:13","06/04/2022 19:25","0","100","712","1","06/04/2022 19:25","R_296epJyfxW7FcWK","anonymous","EN","1","","UKRN08","","","","","","1st Year","","","","","1","5","1","5","2","4","3","4","3","4","4","4","2","3","3","4","1","1","1","1","1","1","1","1","1","0","0","0","0","0","0","0","0","3","3","3","3","3","3","3","3","2","","","2","3","3","no"
"611","31/03/2022 02:19","31/03/2022 02:42","0","58","1336","0","07/04/2022 02:42","R_RXHAfxEHCBU837j","anonymous","EN","1","","UKRN08","","","","","","0","","","","","2","5","2","4","2","4","3","4","4","5","3","4","3","5","3","3","4","1","1","1","1","","1","","1","1","0","1","1","0","1","0","1","4","2","5","4","3","3","4","4","1","1","People are not able to reproduce findings of studies.","1","1","1","n/a"
"612","01/04/2022 05:13","08/04/2022 05:21","0","100","605297","1","08/04/2022 05:21","R_9M11I86nV2poFXP","anonymous","EN","1","","UKRN08","","","","","","1st Year","","","","","2","4","2","4","2","4","2","4","4","4","2","2","2","4","4","4","4","1","1","1","1","1","1","1","1","1","0","1","0","0","1","0","1","4","3","4","2","4","4","4","4","1","1","Researchers use poorly planned experiments with small samples due to a general lack of methodological competence.","1","1","1",""
"613","08/04/2022 06:23","08/04/2022 06:44","0","100","1240","1","08/04/2022 06:44","R_3m9PmxPjrMvr1S5","anonymous","EN","1","","UKRN08","","","","","","2nd Year","","","","","2","5","1","4","1","3","3","3","4","3","3","5","1","5","5","2","5","1","1","1","1","1","1","","1","0","0","0","0","0","0","0","0","5","3","3","3","5","1","1","5","1","1","Where the results in studies completed in psychology could not be reproduced. ","1","1","1",""
"614","08/04/2022 06:36","08/04/2022 08:13","0","100","5852","1","08/04/2022 08:13","R_1IBpik6be7bX47L","anonymous","EN","1","","UKRN08","","","","","","1st Year","","","","","1","4","2","2","3","2","2","3","3","3","4","4","2","5","4","2","4","1","1","1","1","1","1","1","1","1","1","1","0","0","1","1","0","3","4","5","1","4","4","3","4","2","","","1","1","1",""
"615","01/04/2022 03:44","08/04/2022 09:53","0","100","626917","1","08/04/2022 09:53","R_2TA9tmWwGRTVyoS","anonymous","EN","1","","UKRN08","","","","","","1st Year","","","","","3","5","2","3","1","3","3","5","2","5","1","3","1","5","5","3","3","1","1","1","1","1","1","1","1","1","1","1","0","0","0","0","0","4","2","5","4","3","4","2","4","1","3","we need replication studies to develop more evidence and understanding, but many researchers are more focused on finding evidence for new areas ","3","1","3",""
"616","09/04/2022 05:51","09/04/2022 06:24","0","100","1983","1","09/04/2022 06:24","R_1gorIpbpUCfEdHc","anonymous","EN","1","","UKRN08","","","","","","1st Year","","","","","2","4","1","5","3","2","2","2","4","3","3","5","2","5","5","3","3","1","1","1","1","1","1","1","1","0","0","0","0","0","0","0","0","4","2","4","2","3","3","2","3","1","1","lots of studies cannot be replicated and so are probably wrong","1","1","1",""
"617","09/04/2022 06:40","09/04/2022 07:29","0","100","2924","1","09/04/2022 07:29","R_8jL58rzJkuz5P7X","anonymous","EN","1","","UKRN08","","","","","","2nd Year","","","","","2","5","1","2","5","3","3","4","3","3","3","5","1","3","3","2","4","1","1","1","1","1","1","1","1","0","0","1","1","0","0","0","1","5","2","4","4","5","1","3","3","2","","","3","3","1","No"
"618","09/04/2022 18:48","09/04/2022 19:07","0","100","1166","1","09/04/2022 19:07","R_3dKhbYFYmUbJuhU","anonymous","EN","1","","UKRN08","","","","","","1st Year","","","","","2","5","1","3","2","4","2","5","2","5","2","5","2","2","2","3","3","1","","1","1","","1","","1","1","0","1","0","0","0","0","1","4","2","3","4","2","2","2","3","1","1","The fact that a cast majority of the studies done some time ago, cannot be reproduced when using the same methods used in the original study do to various factors.","1","1","3","n/a"
"619","11/04/2022 06:29","11/04/2022 10:46","0","100","15382","1","11/04/2022 10:46","R_1mXdOR9RMFMUd7F","anonymous","EN","1","","UKRN08","","","","","","1st Year","","","","","2","5","2","5","4","4","3","3","2","4","4","5","2","3","3","3","3","1","1","1","1","","1","1","1","1","1","1","0","0","0","0","1","3","3","2","3","3","3","3","3","1","1","When people replicate otherÇƒÙs work to see how valid it is","3","3","3",""
"620","12/04/2022 03:32","12/04/2022 04:08","0","100","2157","1","12/04/2022 04:08","R_1esYXglEeIffKuy","anonymous","EN","1","","UKRN08","","","","","","1st Year","","","","","2","5","2","5","2","2","2","5","2","5","1","2","1","5","2","3","3","1","1","1","1","","1","1","1","0","0","1","0","0","1","0","1","5","2","5","1","1","5","1","5","1","1","the term that describes that many results of various studies don't/ can't be replicated. ","1","3","1",""
"621","12/04/2022 03:47","12/04/2022 04:23","0","100","2160","1","12/04/2022 04:23","R_x2VWvYQGWg2HQid","anonymous","EN","1","","UKRN08","","","","","","1st Year","","","","","2","5","1","5","1","3","4","4","4","5","1","5","1","5","2","2","5","1","1","1","1","","","","1","0","0","0","1","0","0","0","1","4","2","4","2","5","4","2","4","1","1","results from studies are difficult to reproduce","3","1","1",""
"622","12/04/2022 05:44","12/04/2022 06:26","0","100","2544","1","12/04/2022 06:26","R_3p5ajw2PeTdrIkw","anonymous","EN","1","","UKRN08","","","","","","1st Year","","","","","1","4","2","4","3","3","3","4","3","4","2","4","2","4","3","2","4","1","1","1","1","1","1","1","1","0","0","0","1","1","0","1","1","4","3","3","3","5","2","3","4","2","","","3","3","2",""
"623","12/04/2022 07:28","12/04/2022 08:09","0","100","2431","1","12/04/2022 08:09","R_21u0OhPYiZNHoHI","anonymous","EN","1","","UKRN08","","","","","","1st Year","","","","","2","3","3","3","3","3","3","3","3","3","3","3","3","3","3","3","3","1","1","1","1","1","1","1","1","1","1","1","0","0","1","0","1","3","3","3","3","4","2","2","2","2","","","2","1","1",""
"624","12/04/2022 09:25","12/04/2022 09:55","0","100","1795","1","12/04/2022 09:55","R_3gLz06D3nQg6WnW","anonymous","EN","1","","UKRN08","","","","","","1st Year","","","","","2","5","3","4","3","4","3","5","5","4","3","4","3","3","4","2","3","1","1","1","1","1","1","1","1","0","0","0","0","0","0","0","0","4","3","4","4","4","2","3","3","1","1","when studies / resreach is hard to replicate ","1","1","1","no"
"625","12/04/2022 09:19","12/04/2022 10:56","0","100","5796","1","12/04/2022 10:56","R_1pyRPQQmhWWbvEq","anonymous","EN","1","","UKRN08","","","","","","1st Year","","","","","1","5","1","5","1","5","1","5","1","5","1","5","1","5","1","5","1","1","1","1","1","","1","1","1","1","1","1","0","0","1","1","1","5","2","4","2","4","4","2","4","1","1","by replectaing and reporducing studies we are trying to get a result rather than getting a result that is new","3","3","1",""
"626","12/04/2022 18:01","12/04/2022 18:29","0","100","1686","1","12/04/2022 18:29","R_3IaU0hTgttejnMS","anonymous","EN","1","","UKRN08","","","","","","1st Year","","","","","2","4","2","4","2","4","2","5","2","5","3","4","1","4","3","3","3","1","1","1","1","","1","","1","0","0","1","1","0","1","0","1","4","1","5","1","3","3","2","5","1","1","Many studies  don't reproduce which call into question their validity ","2","1","1",""
"627","13/04/2022 01:57","13/04/2022 04:52","0","100","10485","1","13/04/2022 04:52","R_2VCkaIxDC0fdCvC","anonymous","EN","1","","UKRN08","","","","","","2nd Year","","","","","1","5","1","4","2","3","2","5","1","5","2","4","1","4","2","2","4","1","","1","","","","","1","0","0","1","0","0","0","0","0","4","2","5","1","4","4","2","3","1","1","the fact that when must studies are reproduced they do not repeat the same results leading to the idea that alot of them could be wrong.","1","1","3",""
"628","13/04/2022 04:15","13/04/2022 05:03","0","100","2857","1","13/04/2022 05:03","R_2c1QcdNPKGwA87A","anonymous","EN","1","","UKRN08","","","","","","1st Year","","","","","2","4","4","5","2","3","3","2","3","4","3","4","1","4","1","3","3","1","1","1","1","","1","","1","1","1","1","0","0","1","0","1","4","2","4","3","4","4","2","4","1","1","when the results of studies cannot be replicated and reproduced so results may be wrong","3","1","1",""
"629","13/04/2022 04:01","13/04/2022 05:13","0","100","4303","1","13/04/2022 05:13","R_3HLg4tZVRY9beu5","anonymous","EN","1","","UKRN08","","","","","","1st Year","","","","","2","4","2","3","1","4","2","5","2","4","1","4","2","3","2","3","4","1","1","1","1","1","1","1","1","1","1","1","0","0","1","0","1","4","2","5","3","2","4","4","4","1","1","Researchers aren't letting others access their research, their data is unable to be reproduced/replicated, causing a lot of research to be more unreliable","3","1","1",""
"630","13/04/2022 13:39","13/04/2022 14:08","0","100","1764","1","13/04/2022 14:08","R_1lhFNU0GhX2zToI","anonymous","EN","1","","UKRN08","","","","","","1st Year","","","","","2","5","2","3","2","4","3","4","3","5","3","4","1","4","2","4","4","1","1","1","1","1","1","1","1","0","0","1","0","0","0","0","1","4","3","5","2","4","1","3","4","1","1","That a worrying amount of findings from experiments/studies do not replicate ","1","1","1",""
"631","13/04/2022 13:51","13/04/2022 14:23","0","100","1926","1","13/04/2022 14:23","R_D2D1gAFCAKIPZ4J","anonymous","EN","1","","UKRN08","","","","","","1st Year","","","","","2","5","1","4","3","4","2","2","4","4","2","4","2","5","2","2","5","1","1","1","1","","1","","1","1","0","1","0","0","0","0","1","4","3","3","4","5","2","1","2","1","1","psychologists research not being replicate their findings ","1","1","1",""
"632","13/04/2022 14:29","13/04/2022 14:50","0","100","1248","1","13/04/2022 14:50","R_2OUzqs8k6C4C2eN","anonymous","EN","1","","UKRN08","","","","","","2nd Year","","","","","2","4","3","3","3","3","3","3","4","4","2","3","3","3","3","3","4","1","1","1","1","1","1","1","1","0","0","1","1","0","1","0","0","5","3","2","4","4","2","3","2","1","1","Failure to replicate research results ","3","3","1",""
"633","14/04/2022 08:22","14/04/2022 09:09","0","100","2773","1","14/04/2022 09:09","R_2WZmm6SkCoU3xXi","anonymous","EN","1","","UKRN08","","","","","","1st Year","","","","","2","5","2","3","1","3","3","2","4","4","2","5","1","5","3","3","4","","1","1","1","","","1","1","0","0","0","1","0","0","1","1","1","2","5","2","4","3","2","4","1","1","researchers did not pre-register their studies so when data was undesirable it was easy to adapt work to fit publish-able work","2","3","1",""
"634","14/04/2022 16:54","14/04/2022 17:10","0","100","947","1","14/04/2022 17:10","R_2PvAGBoBnUNDnp4","anonymous","EN","1","","UKRN08","","","","","","1st Year","","","","","2","4","2","2","4","4","2","4","2","4","1","4","1","4","1","2","5","1","1","1","1","1","1","1","1","1","1","1","1","0","0","0","1","4","5","4","4","5","5","1","4","1","1","the issue of failure to replicate studies in science, especially psychology ","1","3","1",""
"635","15/04/2022 06:58","15/04/2022 07:23","0","100","1520","1","15/04/2022 07:23","R_enVWgcWBGRPeAwh","anonymous","EN","1","","UKRN08","","","","","","1st Year","","","","","2","4","2","4","3","3","2","4","3","4","2","3","2","4","3","2","4","1","","1","","","","","1","0","0","0","0","0","0","0","0","4","2","4","3","4","4","3","4","1","1","people producing studies that have significant results but then are replicated and their results are not found","3","1","1",""
"636","15/04/2022 07:45","15/04/2022 08:09","0","100","1432","1","15/04/2022 08:09","R_2TKUW8TynrYF5uR","anonymous","EN","1","","UKRN08","","","","","","2nd Year","","","","","1","4","2","4","3","3","4","4","3","3","2","4","3","4","5","4","2","1","1","1","1","","1","1","1","1","1","1","0","0","1","1","1","4","2","5","4","3","4","2","4","1","1","The negative attitudes that come with replicating studies, such as replication been viewed as an unappealing task, and that replication studies aren't rewarded.","2","3","1",""
"637","15/04/2022 08:06","15/04/2022 08:47","0","100","2439","1","15/04/2022 08:47","R_eXlEKhfGeYmgBxf","anonymous","EN","1","","UKRN08","","","","","","1st Year","","","","","2","5","2","3","2","4","1","5","2","4","1","4","1","4","2","3","4","1","1","1","1","1","1","1","1","1","0","1","1","1","0","0","0","2","4","2","4","5","5","2","3","1","1","The difficulties of replicating a study with the same results and outcome","1","1","1",""
"638","15/04/2022 10:28","15/04/2022 10:54","0","100","1610","1","15/04/2022 10:54","R_AtFvgikfd5PQgeJ","anonymous","EN","1","","UKRN08","","","","","","2nd Year","","","","","3","5","1","3","4","2","2","4","5","4","3","5","2","5","2","1","5","1","1","1","","","","1","1","0","0","0","0","0","0","0","0","4","2","2","5","4","2","2","3","1","1","The replication crisis is a methodological crisis that found many scientific studies were extremely difficult or impossible to replicate. ","2","3","1",""
"639","15/04/2022 11:49","15/04/2022 12:22","0","100","1961","1","15/04/2022 12:22","R_2t37wMXUz9g8Aip","anonymous","EN","1","","UKRN08","","","","","","1st Year","","","","","2","4","1","4","2","3","2","4","4","4","3","4","4","3","4","2","4","1","1","1","1","1","1","1","1","0","0","1","0","0","0","0","0","4","2","3","4","4","3","3","3","1","1","the study cant be replicated making it most likely wrong or something wrong with it","3","1","1",""
"640","16/04/2022 06:51","16/04/2022 07:26","0","100","2129","1","16/04/2022 07:26","R_AL2L5XLYHCDSjeh","anonymous","EN","1","","UKRN08","","","","","","2nd Year","","","","","2","5","1","5","1","5","1","5","3","5","3","4","1","5","4","1","4","1","1","1","1","1","1","1","1","0","0","0","1","1","0","0","0","5","1","5","1","4","5","2","5","1","1","Published research and the inability to replicate the results","3","3","1",""
"641","17/04/2022 07:59","17/04/2022 08:31","0","100","1925","1","17/04/2022 08:31","R_3nSDY59CmGhPgHr","anonymous","EN","1","","UKRN08","","","","","","2nd Year","","","","","2","4","2","3","2","4","3","4","2","4","2","4","2","4","3","2","4","1","1","1","1","1","1","1","1","0","0","0","0","0","0","0","0","4","3","4","3","4","2","2","4","1","1","The issue with the reliability of a study","2","3","1",""
"642","18/04/2022 02:11","18/04/2022 02:42","0","100","1876","1","18/04/2022 02:42","R_2Y3BETtjQg5zZ4b","anonymous","EN","1","","UKRN08","","","","","","1st Year","","","","","1","5","2","5","2","5","1","5","1","5","1","4","2","4","4","3","3","1","1","1","1","","1","1","1","0","0","0","1","0","0","0","1","5","1","5","1","3","5","2","4","1","1","A crisis within contemporary science across multiple fields, where past research methods are being replicated with different results being collected. This conflict of information is reducing the replicability and validity of past research, which affects it's standing and in turn all research stemming from it. ","1","1","1","n/a"
"643","18/04/2022 09:54","18/04/2022 10:46","0","100","3113","1","18/04/2022 10:46","R_2bPJpqcfdd92NmV","anonymous","EN","1","","UKRN08","","","","","","1st Year","","","","","1","5","1","3","4","5","2","5","2","5","1","4","1","5","4","3","5","1","1","1","1","1","1","1","1","0","1","1","1","0","1","0","0","5","1","5","1","5","2","2","5","1","1","results from studies cant be replicated, due to this the studies cant be proved false or correct.","2","3","1",""
"644","19/04/2022 06:42","19/04/2022 07:02","0","100","1219","1","19/04/2022 07:02","R_02n6wa9bMDPaRBT","anonymous","EN","1","","UKRN08","","","","","","2nd Year","","","","","1","5","2","4","1","3","5","5","4","4","2","5","2","4","3","3","3","1","1","1","1","1","1","1","1","1","1","1","0","0","1","0","0","4","3","5","2","4","4","2","1","3","","","1","2","1","n/a"
"645","19/04/2022 06:34","19/04/2022 07:06","0","100","1919","1","19/04/2022 07:06","R_1CjXBW2nv7uM8pk","anonymous","EN","1","","UKRN08","","","","","","2nd Year","","","","","1","4","2","5","3","3","2","4","3","4","1","4","2","4","1","4","3","1","","1","","","","","1","0","0","0","0","0","0","0","0","4","3","4","2","2","4","1","3","1","1","The inability to reproduce major experiments from the past.","3","1","1",""
"646","12/04/2022 09:28","12/04/2022 09:29","0","8","37","0","19/04/2022 09:29","R_2Tu69eHyuFVKaoe","anonymous","EN","1","","UKRN08","","","","","","0","","","","","2","","","","","","","","","","","","","","","","","","","","","","","","","0","0","0","0","0","0","0","0","","","","","","","","","","","","","","",""
"647","19/04/2022 08:36","19/04/2022 09:40","0","100","3799","1","19/04/2022 09:40","R_22kTAbb6L3AHTBp","anonymous","EN","1","","UKRN08","","","","","","1st Year","","","","","2","4","2","2","2","4","2","3","1","2","4","2","2","4","2","2","4","1","","","1","","","","1","1","0","1","0","0","0","0","1","4","4","2","4","4","2","4","2","1","1","it tests whether a piece of research would be able to be completed again by someone else and the results come out the same. it tests whether people can hypothesise the future, which is obvs not exactly possible ","1","1","1",""
"648","20/04/2022 03:28","20/04/2022 04:26","0","100","3461","1","20/04/2022 04:26","R_ehTyzH1yVbIyBXj","anonymous","EN","1","","UKRN08","","","","","","1st Year","","","","","1","3","2","3","2","4","2","4","3","4","2","4","2","4","4","3","4","1","1","1","1","1","1","1","1","1","0","1","1","0","1","0","1","5","3","2","2","4","3","2","4","1","1","The belief that the results of scientific studies cannot be reproduced and are likely to be wrong","1","1","1","None, thank you!"
"649","20/04/2022 08:07","20/04/2022 08:56","0","100","2957","1","20/04/2022 08:56","R_21gN10ojRSlJvah","anonymous","EN","1","","UKRN08","","","","","","2nd Year","","","","","2","4","1","4","4","3","4","3","4","2","5","5","1","3","4","2","5","","1","1","1","1","1","1","1","0","1","1","0","0","1","0","1","2","4","1","5","5","2","2","3","3","","","3","3","2",""
"650","20/04/2022 13:00","20/04/2022 13:29","0","100","1758","1","20/04/2022 13:29","R_3O1YDGhB6cuBZhH","anonymous","EN","1","","UKRN08","","","","","","2nd Year","","","","","2","4","2","3","2","4","1","5","1","5","1","2","4","4","4","2","3","1","1","1","1","1","1","1","1","0","0","1","0","0","1","0","0","2","4","5","4","3","4","4","5","1","1","the idea that a lot of studies are hard to reproduce ","2","3","1",""
"651","20/04/2022 17:19","20/04/2022 18:17","0","100","3453","1","20/04/2022 18:17","R_1gkl2zUu34xapyU","anonymous","EN","1","","UKRN08","","","","","","1st Year","","","","","2","5","1","3","4","3","3","2","4","4","2","4","1","5","1","5","4","1","1","1","1","","1","1","1","1","0","1","0","0","1","0","0","4","2","3","1","4","3","1","2","1","1","It refers to the difficulty or inability to reproduce the results of previous scientific studies which leads to failure to determine the credibility of the research.","1","1","1",""
"652","19/04/2022 05:12","19/04/2022 05:58","0","83","2737","0","26/04/2022 05:58","R_2tGsxMCHG8NMwNR","anonymous","EN","1","","UKRN08","","","","","","1st Year","","","","","2","5","1","5","1","5","1","4","4","5","2","3","1","5","2","4","2","1","1","1","1","1","1","1","1","1","0","1","1","0","1","0","1","5","1","5","1","2","5","3","5","1","1","where you replicate research to see if it is reliable","1","1","1",""
"653","19/04/2022 11:29","19/04/2022 12:01","0","97","1927","0","26/04/2022 12:01","R_2WGWyiv3AIUz3Gw","anonymous","EN","1","","UKRN08","","","","","","2nd Year","","","","","1","4","1","3","2","3","3","5","3","3","1","3","1","4","3","2","4","1","1","1","1","1","1","1","1","0","0","0","0","0","0","0","1","5","3","1","5","3","3","2","4","1","2","The crisis whereby large quantities of studies produced results that could not be replicated/ reproduced when conducted again.","2","2","1",""
"654","19/04/2022 16:27","19/04/2022 16:41","0","76","867","0","26/04/2022 16:41","R_1P5cJ40saQF6vKq","anonymous","EN","1","","UKRN08","","","","","","2nd Year","","","","","2","4","3","4","4","4","2","5","3","4","2","5","1","3","4","3","5","","","1","","","","","","0","0","0","0","0","0","0","0","3","3","5","5","4","3","2","4","2","","","2","2","1",""
"655","20/04/2022 06:50","20/04/2022 06:56","0","10","308","0","27/04/2022 06:56","R_2RPQ8d9K9OSVcbb","anonymous","EN","1","","UKRN08","","","","","","0","","","","","2","","","","","","","","","","","","","","","","","1","","1","1","","1","","1","1","0","1","0","0","0","0","1","","","","","","","","","","","","","","",""
"656","19/04/2022 07:36","22/04/2022 03:59","0","56","246193","0","29/04/2022 04:01","R_1Ok9wieBze8uxPR","anonymous","EN","1","","UKRN08","","","","","","0","","","","","2","4","2","4","3","3","3","3","3","3","3","3","3","3","4","3","4","1","1","1","1","1","1","1","1","0","1","1","0","0","0","0","0","3","3","3","3","3","3","3","3","3","","","2","2","1",""
"657","29/04/2022 12:10","29/04/2022 13:33","0","100","4936","1","29/04/2022 13:33","R_3qR4pqWNOzhx7WO","anonymous","EN","1","","UKRN08","","","","","","1st Year","","","","","2","4","3","3","4","5","1","5","1","5","3","4","4","4","4","3","3","1","1","","","1","1","","","1","1","0","0","0","1","0","0","4","3","4","2","4","3","3","4","3","","","1","1","1",""
"658","14/03/2022 03:17","14/03/2022 03:53","0","100","2180","1","14/03/2022 03:53","R_1rC7wc2VneVZ51N","anonymous","EN","1","","UNI12","","","","","","2nd Year","","","","","1","5","1","4","1","4","1","4","3","5","1","5","1","4","2","1","4","1","1","1","","1","1","1","1","0","0","0","1","0","0","1","0","5","3","4","4","4","5","1","4","1","1","Studies are being replicated and finding vastly different results compared to the original study","1","1","1",""
"659","22/03/2022 05:45","22/03/2022 06:25","0","100","2435","1","22/03/2022 06:25","R_2axGjaQTR8q3hYi","anonymous","EN","1","","UNI12","","","","","","3rd Year","","","","","2","5","1","3","1","4","3","5","3","5","2","5","1","3","1","1","5","1","1","1","1","1","1","1","1","1","1","1","0","0","0","0","0","5","1","4","5","5","1","1","5","1","1","Scientific studies that cannot be replicated ","3","1","1",""
"660","22/03/2022 05:44","22/03/2022 05:45","0","8","68","0","29/03/2022 05:45","R_8Jj8Jhwl0PWXIIN","anonymous","EN","1","","UNI12","","","","","","0","","","","","1","","","","","","","","","","","","","","","","","","","","","","","","","0","0","0","0","0","0","0","0","","","","","","","","","","","","","","",""
"661","14/03/2022 11:58","14/03/2022 12:30","0","64","1949","0","21/03/2022 12:30","R_OpcSueg8UFXEvrr","anonymous","EN","1","","UNI12","","","","","","0","","","","","2","4","2","4","1","5","1","5","2","5","1","5","1","5","4","2","4","1","1","1","1","","1","1","1","0","0","0","0","0","0","0","0","5","1","5","4","5","2","1","4","1","1","Being able to replicate a study and receive the same results ","2","1","1",""
"662","22/03/2022 12:44","22/03/2022 13:14","0","100","1777","1","22/03/2022 13:14","R_3I9UnyT8dQKE8mx","anonymous","EN","1","","UNI12","","","","","","1st Year","","","","","2","5","1","5","1","5","1","5","1","5","1","3","1","1","1","1","4","1","1","1","","","1","","1","0","0","0","0","0","0","0","0","5","1","4","2","5","2","1","5","2","","","1","1","1",""
"663","23/03/2022 15:11","23/03/2022 15:18","0","35","446","0","30/03/2022 15:19","R_PUlZmRmvpznklkl","anonymous","EN","1","","UNI12","","","","","","0","","","","","2","4","2","4","3","3","3","4","4","4","4","4","2","4","4","2","4","1","","1","","1","1","","","0","0","0","0","0","0","0","0","4","3","3","4","4","2","2","4","2","","","3","3","1",""
"664","01/03/2022 13:53","01/03/2022 13:53","0","3","6","0","08/03/2022 13:53","R_12yxkWbi265EhL3","anonymous","EN","1","","","","","","","","0","","","","","","","","","","","","","","","","","","","","","","","","","","","","","","0","0","0","0","0","0","0","0","","","","","","","","","","","","","","",""
"665","02/03/2022 07:24","02/03/2022 07:44","0","8","1154","0","09/03/2022 07:45","R_3M4ZSM464funbVD","anonymous","EN","1","","","","","","","","0","","","","","2","","","","","","","","","","","","","","","","","","","","","","","","","0","0","0","0","0","0","0","0","","","","","","","","","","","","","","",""
"666","02/03/2022 08:02","02/03/2022 08:03","0","3","62","0","09/03/2022 08:03","R_2wFg8RBEI4PeP5D","anonymous","EN","1","","","","","","","","0","","","","","","","","","","","","","","","","","","","","","","","","","","","","","","0","0","0","0","0","0","0","0","","","","","","","","","","","","","","",""
"667","02/03/2022 12:12","02/03/2022 12:12","0","1","12","0","09/03/2022 12:12","R_2f6XwWRmtfeCtIb","qr","EN","","","","","","","","","0","","","","","","","","","","","","","","","","","","","","","","","","","","","","","","0","0","0","0","0","0","0","0","","","","","","","","","","","","","","",""
"668","10/03/2022 07:03","10/03/2022 07:07","0","100","238","1","10/03/2022 07:07","R_QbKNeY9lmjaPiet","anonymous","EN","1","","","","","","","","1st Year","","","","","1","5","5","5","5","5","5","5","5","5","5","5","5","5","5","5","5","1","1","1","1","1","1","1","1","1","1","1","1","1","1","1","1","1","1","1","1","1","2","3","3","2","","","1","1","1",""
"669","01/03/2022 09:14","04/03/2022 03:18","0","1","237822","0","11/03/2022 03:18","R_1TVIDSgzZ4fdpKx","anonymous","EN","","","","","","","","","0","","","","","","","","","","","","","","","","","","","","","","","","","","","","","","0","0","0","0","0","0","0","0","","","","","","","","","","","","","","",""
"670","04/03/2022 05:37","04/03/2022 05:39","0","3","161","0","11/03/2022 05:42","R_8Aj9qROHyBSzJp7","anonymous","EN","1","","","","","","","","0","","","","","","","","","","","","","","","","","","","","","","","","","","","","","","0","0","0","0","0","0","0","0","","","","","","","","","","","","","","",""
"671","04/03/2022 11:28","04/03/2022 11:29","0","8","37","0","11/03/2022 11:29","R_3Rlsqg2Lqx5UKU3","anonymous","EN","1","","","","","","","","0","","","","","2","","","","","","","","","","","","","","","","","","","","","","","","","0","0","0","0","0","0","0","0","","","","","","","","","","","","","","",""
"672","05/03/2022 04:49","05/03/2022 04:51","0","3","108","0","12/03/2022 04:51","R_1duJzFAebrHD5Jz","anonymous","EN","1","","","","","","","","0","","","","","","","","","","","","","","","","","","","","","","","","","","","","","","0","0","0","0","0","0","0","0","","","","","","","","","","","","","","",""
"673","07/03/2022 08:23","07/03/2022 08:23","0","1","9","0","14/03/2022 09:23","R_Y4gAMtXb8lRcZUt","anonymous","EN","","","","","","","","","0","","","","","","","","","","","","","","","","","","","","","","","","","","","","","","0","0","0","0","0","0","0","0","","","","","","","","","","","","","","",""
"674","07/03/2022 10:30","07/03/2022 10:43","0","1","755","0","14/03/2022 11:43","R_6JWCmts2kbA1AkN","anonymous","EN","","","","","","","","","0","","","","","","","","","","","","","","","","","","","","","","","","","","","","","","0","0","0","0","0","0","0","0","","","","","","","","","","","","","","",""
"675","07/03/2022 10:54","07/03/2022 10:54","0","3","17","0","14/03/2022 11:54","R_2wHVYbdZiZG2drK","anonymous","EN","1","","","","","","","","0","","","","","","","","","","","","","","","","","","","","","","","","","","","","","","0","0","0","0","0","0","0","0","","","","","","","","","","","","","","",""
"676","07/03/2022 11:56","07/03/2022 11:56","0","3","6","0","14/03/2022 12:56","R_3RqlC5mUmqKtmTQ","anonymous","EN","1","","","","","","","","0","","","","","","","","","","","","","","","","","","","","","","","","","","","","","","0","0","0","0","0","0","0","0","","","","","","","","","","","","","","",""
"677","15/03/2022 05:32","15/03/2022 05:54","0","100","1303","1","15/03/2022 05:54","R_1i9W3NcyhgeLraq","anonymous","EN","1","","","","","","","","3rd Year","","","","","2","5","2","4","2","4","2","5","3","3","4","3","4","3","4","4","3","","1","1","","","1","1","1","0","1","1","0","0","1","0","0","5","2","3","4","5","3","3","4","1","1","it was a major problem earlier but now open psychology is helping it ","3","1","3",""
"678","08/03/2022 13:53","08/03/2022 13:53","0","3","18","0","15/03/2022 14:53","R_1gqJUupPJLU8QVm","anonymous","EN","1","","","","","","","","0","","","","","","","","","","","","","","","","","","","","","","","","","","","","","","0","0","0","0","0","0","0","0","","","","","","","","","","","","","","",""
"679","09/03/2022 02:20","09/03/2022 02:20","0","3","26","0","16/03/2022 03:25","R_2TuV1tWgjLUCQ9y","anonymous","EN","1","","","","","","","","0","","","","","","","","","","","","","","","","","","","","","","","","","","","","","","0","0","0","0","0","0","0","0","","","","","","","","","","","","","","",""
"680","09/03/2022 04:00","09/03/2022 04:00","0","3","10","0","16/03/2022 05:00","R_2TRUi91RwuGblJe","anonymous","EN","1","","","","","","","","0","","","","","","","","","","","","","","","","","","","","","","","","","","","","","","0","0","0","0","0","0","0","0","","","","","","","","","","","","","","",""
"681","08/03/2022 10:34","09/03/2022 05:12","0","1","67039","0","16/03/2022 06:12","R_12hAkWFCTQnKHOu","anonymous","EN","","","","","","","","","0","","","","","","","","","","","","","","","","","","","","","","","","","","","","","","0","0","0","0","0","0","0","0","","","","","","","","","","","","","","",""
"682","09/03/2022 05:51","09/03/2022 05:53","0","3","71","0","16/03/2022 06:56","R_1CkFjSh2Q7lwsBn","anonymous","EN","1","","","","","","","","0","","","","","","","","","","","","","","","","","","","","","","","","","","","","","","0","0","0","0","0","0","0","0","","","","","","","","","","","","","","",""
"683","09/03/2022 07:01","09/03/2022 07:01","0","3","48","0","16/03/2022 08:02","R_3h9MH5EO8fnX6C1","anonymous","EN","1","","","","","","","","0","","","","","","","","","","","","","","","","","","","","","","","","","","","","","","0","0","0","0","0","0","0","0","","","","","","","","","","","","","","",""
"684","09/03/2022 07:20","09/03/2022 07:20","0","3","27","0","16/03/2022 08:22","R_w4yjSyVPp0vskhP","anonymous","EN","1","","","","","","","","0","","","","","","","","","","","","","","","","","","","","","","","","","","","","","","0","0","0","0","0","0","0","0","","","","","","","","","","","","","","",""
"685","09/03/2022 13:18","09/03/2022 13:18","0","3","25","0","16/03/2022 14:18","R_28ThMgDLXFCHY9H","anonymous","EN","1","","","","","","","","0","","","","","","","","","","","","","","","","","","","","","","","","","","","","","","0","0","1","0","0","0","0","0","","","","","","","","","","","","","","",""
"686","09/03/2022 15:59","09/03/2022 15:59","0","1","10","0","16/03/2022 16:59","R_es5TFcGxiz82FvX","anonymous","EN","","","","","","","","","0","","","","","","","","","","","","","","","","","","","","","","","","","","","","","","0","0","0","0","0","0","0","0","","","","","","","","","","","","","","",""
"687","09/03/2022 19:27","09/03/2022 19:34","0","3","450","0","16/03/2022 20:34","R_1rk69LYeP5acP37","anonymous","EN","1","","","","","","","","0","","","","","","","","","","","","","","","","","","","","","","","","","","","","","","0","0","0","0","0","0","0","0","","","","","","","","","","","","","","",""
"688","09/03/2022 19:40","09/03/2022 19:42","0","1","108","0","16/03/2022 20:42","R_23VkQ7Y3EN8Ym9k","anonymous","EN","","","","","","","","","0","","","","","","","","","","","","","","","","","","","","","","","","","","","","","","0","0","0","0","0","0","0","0","","","","","","","","","","","","","","",""
"689","10/03/2022 04:05","10/03/2022 04:06","0","1","29","0","17/03/2022 05:06","R_1CqGEPGDwuOUyj6","anonymous","EN","","","","","","","","","0","","","","","","","","","","","","","","","","","","","","","","","","","","","","","","0","0","0","0","0","0","0","0","","","","","","","","","","","","","","",""
"690","10/03/2022 04:57","10/03/2022 04:58","0","3","43","0","17/03/2022 05:58","R_yz2mLorHiwePnMJ","anonymous","EN","1","","","","","","","","0","","","","","","","","","","","","","","","","","","","","","","","","","","","","","","0","0","0","0","0","0","0","0","","","","","","","","","","","","","","",""
"691","10/03/2022 05:33","10/03/2022 05:33","0","3","12","0","17/03/2022 06:33","R_ZrSbJ6VbHtU9Sw1","anonymous","EN","1","","","","","","","","0","","","","","","","","","","","","","","","","","","","","","","","","","","","","","","0","0","0","0","0","0","0","0","","","","","","","","","","","","","","",""
"692","10/03/2022 06:13","10/03/2022 06:14","0","3","29","0","17/03/2022 07:14","R_27EbI5VZBwBbMqV","anonymous","EN","1","","","","","","","","0","","","","","","","","","","","","","","","","","","","","","","","","","","","","","","0","0","0","0","0","0","0","0","","","","","","","","","","","","","","",""
"693","10/03/2022 12:18","10/03/2022 12:20","0","3","62","0","17/03/2022 13:20","R_2v8juOY7YJ6DyPr","anonymous","EN","1","","","","","","","","0","","","","","","","","","","","","","","","","","","","","","","","","","","","","","","0","0","0","0","0","1","0","1","","","","","","","","","","","","","","",""
"694","12/03/2022 14:59","12/03/2022 14:59","0","3","10","0","19/03/2022 15:59","R_3fpHIeKyWjA7Te1","qr","EN","1","","","","","","","","0","","","","","","","","","","","","","","","","","","","","","","","","","","","","","","0","0","0","0","0","0","0","0","","","","","","","","","","","","","","",""
"695","14/03/2022 06:25","14/03/2022 06:26","0","3","53","0","21/03/2022 06:26","R_1gHmlJslHSVTqtm","anonymous","EN","1","","","","","","","","0","","","","","","","","","","","","","","","","","","","","","","","","","","","","","","0","0","0","0","0","0","0","0","","","","","","","","","","","","","","",""
"696","15/03/2022 06:29","15/03/2022 06:30","0","1","5","0","22/03/2022 06:30","R_3KW9SkoIzjvFafY","anonymous","EN","","","","","","","","","0","","","","","","","","","","","","","","","","","","","","","","","","","","","","","","0","0","0","0","0","0","0","0","","","","","","","","","","","","","","",""
"697","16/03/2022 05:12","16/03/2022 05:12","0","3","9","0","23/03/2022 05:13","R_2Xha5Wc411qldDm","anonymous","EN","1","","","","","","","","0","","","","","","","","","","","","","","","","","","","","","","","","","","","","","","0","0","0","0","0","0","0","0","","","","","","","","","","","","","","",""
"698","17/03/2022 06:16","17/03/2022 06:16","0","3","20","0","24/03/2022 06:16","R_2DLXRarhg06dZZd","anonymous","EN","1","","","","","","","","0","","","","","","","","","","","","","","","","","","","","","","","","","","","","","","0","0","0","0","0","0","0","0","","","","","","","","","","","","","","",""
"699","16/03/2022 03:50","17/03/2022 06:59","0","1","97721","0","24/03/2022 06:59","R_1Dp5q7jXrAGNkhH","anonymous","EN","","","","","","","","","0","","","","","","","","","","","","","","","","","","","","","","","","","","","","","","0","0","0","0","0","0","0","0","","","","","","","","","","","","","","",""
"700","17/03/2022 07:46","17/03/2022 07:47","0","3","8","0","24/03/2022 07:47","R_2atMWQ6IGTkhwkj","anonymous","EN","1","","","","","","","","0","","","","","","","","","","","","","","","","","","","","","","","","","","","","","","0","0","0","0","0","0","0","0","","","","","","","","","","","","","","",""
"701","18/03/2022 10:16","18/03/2022 10:17","0","3","57","0","25/03/2022 10:17","R_5nYl0uQ0NJTqxQl","anonymous","EN","1","","","","","","","","0","","","","","","","","","","","","","","","","","","","","","","","","","","","","","","0","0","0","0","0","0","0","0","","","","","","","","","","","","","","",""
"702","21/03/2022 07:45","21/03/2022 07:45","0","3","8","0","28/03/2022 07:46","R_3m2Ezfw9rLm5707","anonymous","EN","1","","","","","","","","0","","","","","","","","","","","","","","","","","","","","","","","","","","","","","","0","0","0","0","0","0","0","0","","","","","","","","","","","","","","",""
"703","21/03/2022 19:04","21/03/2022 19:04","0","3","11","0","28/03/2022 19:04","R_27KilZ5kj0spG14","anonymous","EN","1","","","","","","","","0","","","","","","","","","","","","","","","","","","","","","","","","","","","","","","0","0","0","0","0","0","0","0","","","","","","","","","","","","","","",""
"704","24/03/2022 04:27","24/03/2022 04:28","0","3","47","0","31/03/2022 04:28","R_334l4HRNgcWmcfH","anonymous","EN","1","","","","","","","","0","","","","","","","","","","","","","","","","","","","","","","","","","","","","","","0","0","0","0","0","0","0","0","","","","","","","","","","","","","","",""
"705","28/03/2022 09:11","28/03/2022 09:12","0","3","26","0","04/04/2022 09:12","R_2pWX4qZBHyYot3O","anonymous","EN","1","","","","","","","","0","","","","","","","","","","","","","","","","","","","","","","","","","","","","","","0","0","0","0","0","0","0","0","","","","","","","","","","","","","","",""
"706","30/03/2022 06:53","30/03/2022 06:53","0","1","6","0","06/04/2022 06:53","R_3HT7KCRcKatEFcB","anonymous","EN","","","","","","","","","0","","","","","","","","","","","","","","","","","","","","","","","","","","","","","","0","0","0","0","0","0","0","0","","","","","","","","","","","","","","",""
"707","03/04/2022 02:58","03/04/2022 02:59","0","3","10","0","10/04/2022 02:59","R_5hv6ChDQJyFqpX3","anonymous","EN","1","","","","","","","","0","","","","","","","","","","","","","","","","","","","","","","","","","","","","","","0","0","0","0","0","0","0","0","","","","","","","","","","","","","","",""
"708","05/04/2022 07:31","05/04/2022 07:32","0","1","29","0","12/04/2022 07:32","R_3NUlBrVPMYMR4M6","anonymous","EN","","","","","","","","","0","","","","","","","","","","","","","","","","","","","","","","","","","","","","","","0","0","0","0","0","0","0","0","","","","","","","","","","","","","","",""
"709","12/04/2022 09:56","12/04/2022 09:57","0","3","74","0","19/04/2022 09:57","R_3OiaEMtikb85vtA","anonymous","EN","1","","","","","","","","0","","","","","","","","","","","","","","","","","","","","","","","","","","","","","","0","0","0","0","0","0","0","0","","","","","","","","","","","","","","",""
"710","20/04/2022 06:25","20/04/2022 06:47","0","100","1311","1","20/04/2022 06:47","R_3lGk37xRXAAOVLi","anonymous","EN","1","","","","","","","","2nd Year","","","","","2","2","1","2","2","2","2","4","2","5","2","4","4","2","4","2","4","1","1","1","1","1","1","1","1","0","0","0","0","0","0","0","0","1","4","2","4","2","4","4","4","1","1","is when studies have been replicated but doesn't give the same results ","3","2","1",""
"711","14/04/2022 09:14","14/04/2022 09:14","0","1","28","0","21/04/2022 09:14","R_yIK1FosnPq3yAAp","anonymous","EN","","","","","","","","","0","","","","","","","","","","","","","","","","","","","","","","","","","","","","","","0","0","0","0","0","0","0","0","","","","","","","","","","","","","","",""
"712","18/04/2022 14:58","18/04/2022 15:05","0","3","380","0","25/04/2022 15:05","R_2rxpOF1iPpFSJNx","anonymous","EN","1","","","","","","","","0","","","","","","","","","","","","","","","","","","","","","","","","","","","","","","0","0","0","0","0","0","0","0","","","","","","","","","","","","","","",""
"713","21/04/2022 08:16","21/04/2022 08:16","0","1","8","0","28/04/2022 08:16","R_6yPgMWP6VrYWSbL","anonymous","EN","","","","","","","","","0","","","","","","","","","","","","","","","","","","","","","","","","","","","","","","0","0","0","0","0","0","0","0","","","","","","","","","","","","","","",""
"714","29/04/2022 10:28","29/04/2022 10:28","0","1","6","0","06/05/2022 10:28","R_1N3aIvHkTNMVoU0","anonymous","EN","","","","","","","","","0","","","","","","","","","","","","","","","","","","","","","","","","","","","","","","0","0","0","0","0","0","0","0","","","","","","","","","","","","","","",""
"715","29/04/2022 17:57","29/04/2022 17:58","0","3","74","0","06/05/2022 17:59","R_r1ImrNiUnXPYZk5","anonymous","EN","1","","","","","","","","0","","","","","","","","","","","","","","","","","","","","","","","","","","","","","","0","0","0","0","0","0","0","0","","","","","","","","","","","","","","",""
"716","10/03/2022 07:12","10/03/2022 07:16","0","100","240","1","10/03/2022 07:16","R_2R9uLmfLL5jDaAq","anonymous","EN","1","","","","","","","","1st Year","","","","","1","5","5","5","5","5","5","5","5","5","5","5","5","5","5","5","5","1","1","1","1","1","1","1","1","1","1","1","1","1","1","1","1","1","1","1","1","1","1","1","1","1","1","were","1","1","1","234"
