StartDate,EndDate,Status,Progress,Duration..in.seconds.,Finished,RecordedDate,ResponseId,DistributionChannel,UserLanguage,Q1,Q5,Q6,Q26,Q14,Q9,Q9_3_TEXT,Q15,Q16,Q8,Q17,Q11,Q12,Q13,Q28_1,Q28_2,Q28_3,Q28_4,Q28_5,Q28_6,Q28_7,Q28_8,Q28_9,Q28_10,Q28_11,Q28_12,Q28_13,Q28_14,Q28_15,Q28_16,Q18.1_1,Q18.1_2,Q18.1_3,Q18.1_4,Q18.1_5,Q18.1_6,Q18.1_7,Q18.1_8,Q18.2_1,Q18.2_2,Q18.2_3,Q18.2_4,Q18.2_5,Q18.2_6,Q18.2_7,Q18.2_8,Q22,Q23,Q31,Q32,Q34,Q35,Q36,Q37,Q38,Q39,Q40,Q41,Q42,Q48,Q47
Start Date,End Date,Response Type,Progress,Duration (in seconds),Finished,Recorded Date,Response ID,Distribution Channel,User Language,Have you read and understood the Information Sheet?,Do you agree to take part in the study?,,"If other, please name:",Is your course full-time or part-time?,Does your course include a placement year? - Selected Choice,Does your course include a placement year? - Other (Please specify) - Text,How many years is your course?,What year of study are you in?,How many years is your course?,What year of study are you in?,What is the name of your course?,Did you complete any psychology subjects in secondary school/college?,What is your gender?,"For each of the following statements, select whether you strongly disagree, disagree, have no opinion, agree or strongly agree by ticking the box - It is important to repeat studies with a different sample of participants to see if you get the same results","For each of the following statements, select whether you strongly disagree, disagree, have no opinion, agree or strongly agree by ticking the box - It is a waste of time and money for researchers to repeat a successful study twice","For each of the following statements, select whether you strongly disagree, disagree, have no opinion, agree or strongly agree by ticking the box - It is important for researchers to share the code they have used to analyse the data in their study","For each of the following statements, select whether you strongly disagree, disagree, have no opinion, agree or strongly agree by ticking the box - Researchers should keep all of the questionnaires and tasks that they use protected so that other researchers do not copy their work","For each of the following statements, select whether you strongly disagree, disagree, have no opinion, agree or strongly agree by ticking the box - Researchers should make their teaching materials freely available for other researchers to use","For each of the following statements, select whether you strongly disagree, disagree, have no opinion, agree or strongly agree by ticking the box - Researchers should not share their teaching materials because they belong to the university","For each of the following statements, select whether you strongly disagree, disagree, have no opinion, agree or strongly agree by ticking the box - Everyone should have free access to journal articles","For each of the following statements, select whether you strongly disagree, disagree, have no opinion, agree or strongly agree by ticking the box - It is fair that journals charge people and universities a fee to access journal articles","For each of the following statements, select whether you strongly disagree, disagree, have no opinion, agree or strongly agree by ticking the box - After a study, it is important that data from the study are freely available and easy to understand, for anyone who wants to view it","For each of the following statements, select whether you strongly disagree, disagree, have no opinion, agree or strongly agree by ticking the box - Researchers should keep all data from their studies protected, so only their research team can access them","For each of the following statements, select whether you strongly disagree, disagree, have no opinion, agree or strongly agree by ticking the box - It is important to decide how many participants you will test before starting a study","For each of the following statements, select whether you strongly disagree, disagree, have no opinion, agree or strongly agree by ticking the box - It is good research practice to keep testing participants until you find the result you are hoping for","For each of the following statements, select whether you strongly disagree, disagree, have no opinion, agree or strongly agree by ticking the box - Before they start to collect data, researchers should state their plans for the study in a time-stamped file online","For each of the following statements, select whether you strongly disagree, disagree, have no opinion, agree or strongly agree by ticking the box - After you have collected your data, it is important to try lots of different analyses and report those that produce interesting findings","For each of the following statements, select whether you strongly disagree, disagree, have no opinion, agree or strongly agree by ticking the box - You should report the results of your study online as soon as your study has been completed","For each of the following statements, select whether you strongly disagree, disagree, have no opinion, agree or strongly agree by ticking the box - You shouldn’t report the results of a study online until a journal has reviewed them","Please tick all of the following research practices you have heard of, and which of the following... - Q18#1 - Open data","Please tick all of the following research practices you have heard of, and which of the following... - Q18#1 - Open materials/code","Please tick all of the following research practices you have heard of, and which of the following... - Q18#1 - Open access journals","Please tick all of the following research practices you have heard of, and which of the following... - Q18#1 - Study preregistration","Please tick all of the following research practices you have heard of, and which of the following... - Q18#1 - Print archiving/Preprints","Please tick all of the following research practices you have heard of, and which of the following... - Q18#1 - Open educational materials","Please tick all of the following research practices you have heard of, and which of the following... - Q18#1 - Power analysis","Please tick all of the following research practices you have heard of, and which of the following... - Q18#1 - Replication studies","Please tick all of the following research practices you have heard of, and which of the following... - Q18#2 - Open data","Please tick all of the following research practices you have heard of, and which of the following... - Q18#2 - Open materials/code","Please tick all of the following research practices you have heard of, and which of the following... - Q18#2 - Open access journals","Please tick all of the following research practices you have heard of, and which of the following... - Q18#2 - Study preregistration","Please tick all of the following research practices you have heard of, and which of the following... - Q18#2 - Print archiving/Preprints","Please tick all of the following research practices you have heard of, and which of the following... - Q18#2 - Open educational materials","Please tick all of the following research practices you have heard of, and which of the following... - Q18#2 - Power analysis","Please tick all of the following research practices you have heard of, and which of the following... - Q18#2 - Replication studies","In 2014, Ifrah published research claiming people who drink more caffeine sleep less. Jane is now researching the same question and copies Ifrah’s method exactly. She contacted Ifrah to get a copy of her original questionnaires but couldn’t get access to them.

 

Jane is right to replicate Ifrah’s study to see if her results are reliable","Ifrah was correct to not share all of the materials (e.g., questionnaires) she used","Samad was investigating if listening to classical music increases IQ.
Before he collected his data, he shared his hypothesis, method, analysis plan and
all the materials he was going to use online. He then went on to collect his
data and later published his results in a journal that was free for anyone to
access.

Samad
was correct to publish his work in a journal that anyone could freely access including
members of the public","It was not sensible for Samad to share details of his study before
collecting data","Sadia
completed a study showing that eating cabbage made people less happy. She wrote
a paper and made it available online, before it was reviewed by a journal. She also
put her raw data online (anonymised) and anyone could access it.
Sadia
should not have shared her paper until an academic journal had reviewed it","It
is ok for Sadia to make her data available online","Glen
is a researcher investigating the effect of eating sugar on how well people concentrate.
His initial results did not show a significant effect (no significant p-value).
He then added some more participants to the study. This time Glen’s results did
have a significant p-value. From his research, he developed a new lecture for undergraduates,
but would not share it with other lecturers. 

Glen
was correct to not decide on the number of participants before he started collecting
data for his study","Glen
should share his lecture slides with other lecturers","Have you heard or something called ""the replication / reproducibility crisis""?",Did you learn about “the replication / reproducibility crisis” on your course?,"What do you think “the replication /
reproducibility crisis” is?","Could you explain what ""Open Research"" is to
another student?","Do you learn about “Open Research” or “Open
Science” on your course?",Do you think the issues raised in this questionnaire are applicable to undergraduate students?,Any additional comments?
"{""ImportId"":""startDate"",""timeZone"":""America/Denver""}","{""ImportId"":""endDate"",""timeZone"":""America/Denver""}","{""ImportId"":""status""}","{""ImportId"":""progress""}","{""ImportId"":""duration""}","{""ImportId"":""finished""}","{""ImportId"":""recordedDate"",""timeZone"":""America/Denver""}","{""ImportId"":""_recordId""}","{""ImportId"":""distributionChannel""}","{""ImportId"":""userLanguage""}","{""ImportId"":""QID1""}","{""ImportId"":""QID5""}",,"{""ImportId"":""QID26_TEXT""}","{""ImportId"":""QID14""}","{""ImportId"":""QID9""}","{""ImportId"":""QID9_3_TEXT""}","{""ImportId"":""QID15""}","{""ImportId"":""QID16""}","{""ImportId"":""QID8""}","{""ImportId"":""QID17""}","{""ImportId"":""QID11_TEXT""}","{""ImportId"":""QID12""}","{""ImportId"":""QID13_TEXT""}","{""ImportId"":""QID28_1""}","{""ImportId"":""QID28_2""}","{""ImportId"":""QID28_3""}","{""ImportId"":""QID28_4""}","{""ImportId"":""QID28_5""}","{""ImportId"":""QID28_6""}","{""ImportId"":""QID28_7""}","{""ImportId"":""QID28_8""}","{""ImportId"":""QID28_9""}","{""ImportId"":""QID28_10""}","{""ImportId"":""QID28_11""}","{""ImportId"":""QID28_12""}","{""ImportId"":""QID28_13""}","{""ImportId"":""QID28_14""}","{""ImportId"":""QID28_15""}","{""ImportId"":""QID28_16""}","{""ImportId"":""QID18#1_1""}","{""ImportId"":""QID18#1_2""}","{""ImportId"":""QID18#1_3""}","{""ImportId"":""QID18#1_4""}","{""ImportId"":""QID18#1_5""}","{""ImportId"":""QID18#1_6""}","{""ImportId"":""QID18#1_7""}","{""ImportId"":""QID18#1_8""}","{""ImportId"":""QID18#2_1""}","{""ImportId"":""QID18#2_2""}","{""ImportId"":""QID18#2_3""}","{""ImportId"":""QID18#2_4""}","{""ImportId"":""QID18#2_5""}","{""ImportId"":""QID18#2_6""}","{""ImportId"":""QID18#2_7""}","{""ImportId"":""QID18#2_8""}","{""ImportId"":""QID22""}","{""ImportId"":""QID23""}","{""ImportId"":""QID31""}","{""ImportId"":""QID32""}","{""ImportId"":""QID34""}","{""ImportId"":""QID35""}","{""ImportId"":""QID36""}","{""ImportId"":""QID37""}","{""ImportId"":""QID38""}","{""ImportId"":""QID39""}","{""ImportId"":""QID40_TEXT""}","{""ImportId"":""QID41""}","{""ImportId"":""QID42""}","{""ImportId"":""QID48""}","{""ImportId"":""QID47_TEXT""}"
08/11/2019 04:22,08/11/2019 04:23,Survey Preview,100,38,TRUE,08/11/2019 04:23,R_ZyPpcLSzxJ4qiTT,preview,EN,Yes,Yes,,,,No,,,,,,,No,,,,,,,,,,,,,,,,,,,,,,,,,,,,,,,,,,,,,,,,,,,,,,,,
19/11/2019 07:36,19/11/2019 07:37,Survey Preview,100,88,TRUE,19/11/2019 07:37,R_A6yMug1h8URjRdL,preview,EN,Yes,Yes,,,,,,,,,,,,,,,,,,,,,,,,,,,,,,,,,,,,,,,,,,,,,,,,,,,,,,,,,,,
19/11/2019 07:44,19/11/2019 07:45,Survey Preview,100,63,TRUE,19/11/2019 07:45,R_3k1gr3YoYmgvu7A,preview,EN,Yes,Yes,,,,,,,,,,,,,,,,,,,,,,,,,,,,,,,,,,,,,,,,,,,,,,,,,,,,,,,,,,,
19/11/2019 07:55,19/11/2019 07:56,Survey Preview,100,44,TRUE,19/11/2019 07:56,R_2aUYIXBFDrymkP7,preview,EN,Yes,Yes,,,,,,,,,,,,,,,,,,,,,,,,,,,,,,,,,,,,,,,,,,,,,,,,,,,,,,,,,,,
19/11/2019 08:22,19/11/2019 08:23,Survey Preview,100,57,TRUE,19/11/2019 08:23,R_Tbn8GL5KI25aCcx,preview,EN,Yes,Yes,UNI09,,Part-time,No,,,,5,3rd Year,,Yes,,Have no opinion,Have no opinion,Have no opinion,Have no opinion,Have no opinion,Have no opinion,Have no opinion,Have no opinion,Have no opinion,Have no opinion,Have no opinion,Have no opinion,Have no opinion,Have no opinion,Have no opinion,Have no opinion,,,,I have heard of this,,,,,,,,,I have done/used this,,,I have done/used this,Have no opinion,Have no opinion,Have no opinion,Have no opinion,Have no opinion,Agree,Have no opinion,Agree,No,,,Not sure,No,,
25/11/2019 03:45,25/11/2019 03:47,Survey Preview,100,86,TRUE,25/11/2019 03:47,R_29cSPA2XYdkZ003,preview,EN,Yes,Yes,UKRN07,,Full-time,No,,2,2nd Year,,,,No,,Strongly agree,Agree,Have no opinion,Strongly disagree,Have no opinion,Have no opinion,Agree,Agree,Have no opinion,Have no opinion,Agree,Agree,Disagree,Have no opinion,Disagree,Have no opinion,,,,,,,,,,,,,,,,,Strongly Agree,Strongly disagree,Disagree,Agree,Have no opinion,Disagree,Agree,Have no opinion,No,,,Not sure,Not sure,,
25/11/2019 03:48,25/11/2019 03:50,Survey Preview,100,111,TRUE,25/11/2019 03:50,R_3DvwH4lCbmWdmi5,preview,EN,Yes,Yes,,,Full-time,No,,3,2nd Year,,,,No,,Disagree,Have no opinion,Agree,Have no opinion,Agree,Disagree,Have no opinion,Disagree,Have no opinion,Agree,Agree,Have no opinion,Disagree,Agree,Disagree,Disagree,,,,,,,,,,,,,,,,,Agree,Strongly disagree,Disagree,Strongly disagree,Have no opinion,Strongly disagree,Disagree,Strongly disagree,No,,,No,No,,
23/01/2020 02:44,23/01/2020 02:54,IP Address,100,599,TRUE,23/01/2020 02:54,R_QahX0jpQ4ZuVSJH,anonymous,EN,Yes,Yes,UKRN01,,Part-time,Yes,,,,6,4th Year,This is Katie,No,female,Agree,Have no opinion,Agree,Agree,Have no opinion,Agree,Agree,Have no opinion,Have no opinion,Have no opinion,Agree,Agree,Strongly agree,Have no opinion,Strongly agree,Agree,I have heard of this,,,,,,,,,I have done/used this,,,,,,,Strongly Agree,Agree,Disagree,Disagree,Have no opinion,Strongly disagree,Have no opinion,Disagree,Yes,No,This is Katie,Yes,Yes,No,Hi 
24/01/2020 07:39,24/01/2020 07:52,IP Address,100,779,TRUE,24/01/2020 07:52,R_2uTLzBa42UhcZk9,anonymous,EN,Yes,Yes,UKRN02,,Full-time,Other (Please specify),Optional,3,1st Year,,,Psychology BSC,Yes,Female,Agree,Strongly disagree,Strongly agree,Disagree,Have no opinion,Have no opinion,Strongly agree,Disagree,Agree,Disagree,Agree,Disagree,Strongly agree,Disagree,Agree,Agree,I have heard of this,,I have heard of this,I have heard of this,,I have heard of this,,I have heard of this,I have done/used this,,I have done/used this,,,I have done/used this,,,Strongly Agree,Disagree,Agree,Have no opinion,Have no opinion,Have no opinion,Disagree,Have no opinion,Yes,Yes,Lack of replicated studies being done and published in journals articles ,Yes,Yes,Yes,
24/01/2020 07:41,24/01/2020 07:54,IP Address,100,787,TRUE,24/01/2020 07:55,R_yPX2voCJwC6oPdf,anonymous,EN,Yes,Yes,UKRN02,,Full-time,Yes,,4,1st Year,,,Psychology,No,Female,Strongly agree,Strongly disagree,Agree,Disagree,Agree,Disagree,Have no opinion,Disagree,Strongly agree,Have no opinion,Agree,Strongly disagree,Strongly agree,Strongly disagree,Agree,Strongly agree,,,I have heard of this,I have heard of this,,,I have heard of this,I have heard of this,,,I have done/used this,,,,,,Strongly Agree,Strongly disagree,Have no opinion,Disagree,Agree,Have no opinion,Strongly disagree,Agree,Yes,Yes,The replication crisis is the idea that the results of many scientific studies cannot be reproduced because of problems/faults within the study. Therefore the findings are probably incorrect.,Not sure,Yes,Yes,
24/01/2020 07:50,24/01/2020 07:55,IP Address,100,304,TRUE,24/01/2020 07:55,R_216WcsEwTmRlbQ5,anonymous,EN,Yes,Yes,UKRN02,,Full-time,Yes,,3,3rd Year,,,BSc Psychology,Yes,Female,Strongly agree,Agree,Agree,Have no opinion,Agree,Strongly disagree,Agree,Agree,Agree,Strongly agree,Strongly agree,Strongly disagree,Agree,Strongly disagree,Strongly disagree,Agree,I have heard of this,,I have heard of this,,,,I have heard of this,I have heard of this,,,I have done/used this,,,,,,Disagree,Disagree,Strongly Disagree,Strongly agree,Strongly Agree,Strongly disagree,Disagree,Agree,Yes,Yes,People are copying too many studies exactly and getting the same results because they are not making small changes to their study methods. ,No,Not sure,Yes,
24/01/2020 07:50,24/01/2020 07:55,IP Address,100,295,TRUE,24/01/2020 07:55,R_3iyGKFAFZxIm0CF,anonymous,EN,Yes,Yes,UKRN02,,Full-time,Yes,,3,1st Year,,,Psychology with Forensic Investigation ,Yes,Female ,Agree,Strongly disagree,Agree,Agree,Agree,Disagree,Agree,Have no opinion,Have no opinion,Strongly disagree,Strongly agree,Strongly disagree,Have no opinion,Have no opinion,Strongly disagree,Strongly agree,I have heard of this,,,I have heard of this,I have heard of this,,,I have heard of this,,,,,,,,,Strongly Agree,Have no opinion,Disagree,Strongly agree,Strongly Agree,Agree,Disagree,Agree,Yes,Yes,Not enough studies are being replicated and therefore this lowers the validity of their findings ,No,Not sure,Yes,
24/01/2020 07:46,24/01/2020 07:57,IP Address,100,681,TRUE,24/01/2020 07:57,R_10q4BD9TV9eymDT,anonymous,EN,Yes,Yes,UKRN02,,Full-time,Yes,,3,3rd Year,,,Bsc Psychology,Yes,Female,Agree,Disagree,Agree,Disagree,Disagree,Agree,Disagree,Disagree,Have no opinion,Agree,Strongly agree,Strongly disagree,Have no opinion,Strongly disagree,Disagree,Agree,I have heard of this,I have heard of this,,I have heard of this,I have heard of this,I have heard of this,,I have heard of this,,,I have done/used this,,,,I have done/used this,,Strongly Agree,Disagree,Agree,Disagree,Agree,Agree,Disagree,Have no opinion,Yes,Not sure,Many studies in psychology aren’t actually replicable which means the findings cannot be generalised and internal validity is questionable,No,No,Yes,
24/01/2020 07:35,24/01/2020 07:59,IP Address,100,1395,TRUE,24/01/2020 07:59,R_svwDbYBFFrpfHhv,anonymous,EN,Yes,Yes,UKRN02,,Full-time,No,,3,1st Year,,,BSc Psychology,Yes,female,Strongly agree,Strongly disagree,Disagree,Agree,Disagree,Disagree,Disagree,Agree,Agree,Strongly agree,Agree,Strongly disagree,Agree,Disagree,Have no opinion,Strongly agree,I have heard of this,,I have heard of this,I have heard of this,I have heard of this,I have heard of this,I have heard of this,I have heard of this,I have done/used this,,I have done/used this,,,,,,Agree,Disagree,Disagree,Agree,Agree,Have no opinion,Disagree,Agree,Yes,Yes,"after doing replications of old studies, some researchers have found small significance levels and effect sizes than the original studies",Yes,Yes,Yes,
24/01/2020 07:55,24/01/2020 07:59,IP Address,100,246,TRUE,24/01/2020 07:59,R_2fBbhqq7RRBIqIn,anonymous,EN,Yes,Yes,UKRN02,,Full-time,No,,3,2nd Year,,,Psychology,Yes,Female,Agree,Have no opinion,Strongly agree,Have no opinion,Strongly agree,Disagree,Have no opinion,Strongly disagree,Have no opinion,Have no opinion,Strongly agree,Have no opinion,Have no opinion,Strongly agree,Agree,Have no opinion,I have heard of this,,,I have heard of this,I have heard of this,I have heard of this,I have heard of this,I have heard of this,,I have done/used this,I have done/used this,,,,,I have done/used this,Agree,Disagree,Agree,Agree,Disagree,Have no opinion,Strongly disagree,Agree,No,,,No,No,No,
24/01/2020 08:05,24/01/2020 08:13,IP Address,100,505,TRUE,24/01/2020 08:13,R_1EhbKTiw8adNjkr,anonymous,EN,Yes,Yes,UKRN02,,Full-time,Yes,,3,1st Year,,,Psycholigy,No,female,Agree,Have no opinion,Strongly agree,Disagree,Agree,Disagree,Strongly agree,Disagree,Agree,Disagree,Agree,Strongly disagree,Have no opinion,Disagree,Have no opinion,Agree,I have heard of this,I have heard of this,I have heard of this,I have heard of this,,,,,,,,,,,,,Agree,Disagree,Disagree,Agree,Agree,Agree,Disagree,Agree,Yes,Yes,replication of journal articles already published but getting different results due to not follow the same procedure or changes in the times. some of the information it is considered less important,No,No,Not sure,
24/01/2020 08:09,24/01/2020 08:16,IP Address,100,395,TRUE,24/01/2020 08:16,R_vfzQwMSrujypIjv,anonymous,EN,Yes,Yes,UKRN02,,Full-time,Yes,,3,2nd Year,,,BSc Pyschology ,No,Female,Agree,Disagree,Have no opinion,Agree,Agree,Disagree,Agree,Disagree,Strongly agree,Agree,Strongly agree,Strongly disagree,Disagree,Disagree,Disagree,Agree,,,I have heard of this,,,I have heard of this,I have heard of this,I have heard of this,,,I have done/used this,,,I have done/used this,I have done/used this,I have done/used this,Disagree,Agree,Disagree,Strongly agree,Disagree,Agree,Strongly disagree,Agree,Yes,Yes,"where studies are unable to be replicated due to issues such as poorly designed studies, errors",No,Not sure,Yes,
24/01/2020 08:25,24/01/2020 08:35,IP Address,100,608,TRUE,24/01/2020 08:35,R_30ozjhUSfOSLZoY,anonymous,EN,Yes,Yes,UKRN02,,Full-time,Yes,,4,2nd Year,,,BSc (Hons) Psychology,No,Female ,Strongly agree,Strongly disagree,Strongly disagree,Strongly agree,Agree,Agree,Strongly agree,Agree,Strongly agree,Strongly agree,Strongly agree,Strongly disagree,Disagree,Agree,Strongly disagree,Agree,,,I have heard of this,,,I have heard of this,I have heard of this,I have heard of this,,,,,,I have done/used this,I have done/used this,I have done/used this,Agree,Disagree,Disagree,Strongly agree,Agree,Agree,Disagree,Agree,Yes,Yes,Studies that are impossible to replicate or reproduce ,Not sure,No,Yes,No
24/01/2020 08:35,24/01/2020 08:43,IP Address,100,463,TRUE,24/01/2020 08:43,R_2rH0CoxLCKVwROZ,anonymous,EN,Yes,Yes,UKRN02,,Full-time,Yes,,3,2nd Year,,,BsC Psychology ,No,Female ,Agree,Strongly agree,Strongly agree,Agree,Disagree,Agree,Strongly agree,Disagree,Disagree,Strongly agree,Have no opinion,Strongly disagree,Agree,Agree,Agree,Agree,I have heard of this,I have heard of this,I have heard of this,I have heard of this,I have heard of this,,I have heard of this,I have heard of this,I have done/used this,I have done/used this,I have done/used this,I have done/used this,,,I have done/used this,I have done/used this,Disagree,Agree,Disagree,Strongly agree,Strongly Agree,Agree,Disagree,Strongly agree,Yes,Yes,Where replicating studies is hard to do because of costs and its a waste of time so few people do replica studies.,Not sure,Yes,Yes,
24/01/2020 10:06,24/01/2020 10:11,IP Address,100,300,TRUE,24/01/2020 10:11,R_0ixBNuUK4UiE7e1,anonymous,EN,Yes,Yes,UKRN02,,Full-time,Yes,,3,3rd Year,,,Psychology ,Yes,Female ,Strongly agree,Disagree,Strongly agree,Strongly disagree,Agree,Disagree,Strongly agree,Strongly disagree,Agree,Disagree,Strongly agree,Strongly disagree,Agree,Disagree,Disagree,Agree,I have heard of this,I have heard of this,I have heard of this,I have heard of this,,I have heard of this,I have heard of this,I have heard of this,,I have done/used this,I have done/used this,I have done/used this,,I have done/used this,I have done/used this,,Disagree,Disagree,Agree,Disagree,Strongly Agree,Agree,Disagree,Agree,No,,,Yes,Yes,Yes,
24/01/2020 10:05,24/01/2020 10:12,IP Address,100,401,TRUE,24/01/2020 10:12,R_2D7drndtBbiYANg,anonymous,EN,Yes,Yes,UKRN02,,Full-time,Yes,,3,3rd Year,,,Psychology,Yes,Female,Agree,Have no opinion,Agree,Disagree,Agree,Disagree,Agree,Have no opinion,Have no opinion,Strongly agree,Have no opinion,Strongly disagree,Agree,Disagree,Disagree,Disagree,I have heard of this,I have heard of this,I have heard of this,,,I have heard of this,I have heard of this,I have heard of this,,,,,,,,,Disagree,Disagree,Agree,Agree,Disagree,Disagree,Have no opinion,Agree,Yes,Yes,,No,Not sure,No,
24/01/2020 10:11,24/01/2020 10:16,IP Address,100,304,TRUE,24/01/2020 10:16,R_ehVWHey8sJoprIR,anonymous,EN,Yes,Yes,UKRN02,,Full-time,Yes,,4,2nd Year,,,Psychology,Yes,Female ,Have no opinion,Strongly disagree,Have no opinion,Strongly agree,Agree,Have no opinion,Agree,Agree,Strongly agree,Agree,Agree,Strongly disagree,Have no opinion,Have no opinion,Disagree,Strongly agree,,,I have heard of this,,,I have heard of this,I have heard of this,I have heard of this,,,I have done/used this,,,I have done/used this,I have done/used this,,Strongly Agree,Disagree,Agree,Have no opinion,Strongly Agree,Agree,Disagree,Disagree,Yes,Yes,Many studies aren’t replicable,No,No,Yes,
24/01/2020 16:10,24/01/2020 16:19,IP Address,100,546,TRUE,24/01/2020 16:19,R_1P7evONmEss3J7k,anonymous,EN,Yes,Yes,UKRN02,,Full-time,Yes,,4,1st Year,,,BPS Psychology ,Yes,Female ,Disagree,Strongly disagree,Have no opinion,Disagree,Disagree,Disagree,Disagree,Agree,Have no opinion,Agree,Agree,Strongly disagree,Agree,Strongly disagree,Disagree,Disagree,I have heard of this,I have heard of this,I have heard of this,I have heard of this,,,,I have heard of this,,,,,,,,,Agree,Disagree,Have no opinion,Agree,Agree,Agree,Have no opinion,Agree,Yes,Yes,The belief that the findings of many pieces of research are not able to be replicated so may be incorrect,No,Not sure,Not sure,
25/01/2020 00:44,25/01/2020 00:53,IP Address,100,520,TRUE,25/01/2020 00:53,R_1GV71HcB7MkBbvN,anonymous,EN,Yes,Yes,UKRN02,,Full-time,Yes,,3,2nd Year,,,Psychology ,Yes,Female,Strongly agree,Disagree,Have no opinion,Strongly disagree,Agree,Disagree,Strongly agree,Have no opinion,Agree,Disagree,Agree,Strongly disagree,Have no opinion,Disagree,Disagree,Strongly agree,,,,I have heard of this,,,,,,,I have done/used this,,,,I have done/used this,I have done/used this,Strongly Agree,Strongly disagree,Strongly agree,Disagree,Agree,Agree,Have no opinion,Strongly agree,Yes,Yes,Many notable studies produce non significant results when replicated by other researchers ,Not sure,Not sure,Yes,
25/01/2020 06:48,25/01/2020 06:55,IP Address,100,388,TRUE,25/01/2020 06:55,R_sXRhZU5qbweMQ1P,anonymous,EN,Yes,Yes,UKRN02,,Full-time,Yes,,4,1st Year,,,BSc Psychology,Yes,Female,Strongly agree,Strongly disagree,Have no opinion,Disagree,Have no opinion,Disagree,Agree,Agree,Disagree,Disagree,Have no opinion,Strongly disagree,Agree,Agree,Strongly disagree,Strongly disagree,I have heard of this,I have heard of this,,,,,,,,,I have done/used this,,,I have done/used this,,I have done/used this,Agree,Have no opinion,Have no opinion,Agree,Have no opinion,Have no opinion,Have no opinion,Strongly agree,Yes,Yes,The lack of replication studies out there due to the unwillingness of journals to publish them has resulted in unreliable results being assumed as true,Not sure,Not sure,Yes,
25/01/2020 07:40,25/01/2020 08:28,IP Address,100,2911,TRUE,25/01/2020 08:28,R_plBhcCpd66HzY2t,anonymous,EN,Yes,Yes,UKRN02,,Full-time,Yes,,4,1st Year,,,Psychology,Yes,Female,Strongly agree,Strongly disagree,Agree,Agree,Agree,Strongly disagree,Agree,Agree,Strongly disagree,Have no opinion,Agree,Strongly disagree,Have no opinion,Strongly disagree,Disagree,Strongly agree,I have heard of this,,,,,I have heard of this,I have heard of this,I have heard of this,,,,,,,,I have done/used this,Strongly Agree,Disagree,Agree,Agree,Strongly Agree,Strongly disagree,Strongly disagree,Strongly agree,Yes,Yes,The lack of replication studies on research with significant findings. ,No,No,Yes,
25/01/2020 08:26,25/01/2020 08:33,IP Address,100,404,TRUE,25/01/2020 08:33,R_2tbwLWmSFUwRSNi,anonymous,EN,Yes,Yes,UKRN02,,Full-time,Yes,,3,1st Year,,,BSc (Hons) Psychology,Yes,Female,Strongly agree,Disagree,Agree,Disagree,Strongly agree,Strongly disagree,Strongly agree,Disagree,Strongly agree,Strongly disagree,Agree,Strongly disagree,Agree,Disagree,Strongly disagree,Strongly agree,I have heard of this,,I have heard of this,I have heard of this,,I have heard of this,I have heard of this,I have heard of this,,,I have done/used this,,,I have done/used this,,I have done/used this,Agree,Disagree,Strongly agree,Agree,Agree,Agree,Disagree,Agree,Yes,Yes,the idea that results of lots of scientific studies cannot be reproduced and are therefore likely to be wrong.,Yes,Yes,Yes,Very relevant to undergraduates and something that needs to have more awareness especially when writing up assignments for the first time
25/01/2020 10:13,25/01/2020 10:23,IP Address,100,602,TRUE,25/01/2020 10:23,R_1mrqlyxJYx3ukYO,anonymous,EN,Yes,Yes,UKRN02,,Full-time,Yes,,3,1st Year,,,Psychology ,Yes,Male,Strongly agree,Strongly disagree,Agree,Agree,Agree,Disagree,Agree,Agree,Agree,Strongly agree,Strongly agree,Disagree,Agree,Strongly agree,Strongly disagree,Strongly agree,I have heard of this,,I have heard of this,,,,I have heard of this,I have heard of this,,,I have done/used this,,,,,,Strongly Agree,Disagree,Agree,Agree,Strongly Agree,Agree,Disagree,Agree,Yes,Yes,Researchers not replicating studies as they’re not the most desired pieces of research by journals as they want original and interesting findings,Not sure,Yes,Yes,
27/01/2020 04:56,27/01/2020 08:34,IP Address,100,13091,TRUE,27/01/2020 08:34,R_3Pi4IaUi5WZO8ZW,anonymous,EN,Yes,Yes,UNI01,,Full-time,No,,3,3rd Year,,,Psychology,Yes,Female,Strongly agree,Disagree,Have no opinion,Have no opinion,Have no opinion,Disagree,Strongly agree,Strongly disagree,Have no opinion,Agree,Disagree,Strongly disagree,Have no opinion,Disagree,Have no opinion,Agree,,,I have heard of this,,,,,,,,,,,,,,Agree,Agree,Strongly agree,Have no opinion,Agree,Disagree,Agree,Strongly agree,Not sure,,,Yes,No,Yes,No
27/01/2020 08:40,27/01/2020 09:17,IP Address,100,2229,TRUE,27/01/2020 09:17,R_qEqY3UjjC3Qc9rP,anonymous,EN,Yes,Yes,UKRN02,,Full-time,No,,3,3rd Year,,,Psychology,Yes,Female,Agree,Disagree,Have no opinion,Have no opinion,Agree,Have no opinion,Strongly agree,Agree,Have no opinion,Agree,Strongly agree,Strongly disagree,Strongly agree,Disagree,Disagree,Agree,I have heard of this,I have heard of this,I have heard of this,,,I have heard of this,I have heard of this,I have heard of this,I have done/used this,,I have done/used this,,,I have done/used this,,,Agree,Disagree,Agree,Agree,Agree,Agree,Have no opinion,Agree,No,,,Yes,Yes,Yes,
27/01/2020 09:34,27/01/2020 09:41,IP Address,100,370,TRUE,27/01/2020 09:41,R_zSdiztJvoEbvNGV,anonymous,EN,Yes,Yes,UKRN02,,Full-time,Other (Please specify),There’s an optional one you can decide to do nearer the time,3,1st Year,,,Psychology,Yes,Female,Agree,Disagree,Have no opinion,Disagree,Agree,Have no opinion,Have no opinion,Disagree,Agree,Have no opinion,Have no opinion,Disagree,Agree,Disagree,Have no opinion,Have no opinion,I have heard of this,I have heard of this,I have heard of this,I have heard of this,,,,I have heard of this,,,,,,,,,Strongly Agree,Disagree,Agree,Disagree,Agree,Have no opinion,Have no opinion,Have no opinion,Yes,Yes,"It’s when studies aren’t being replicated to check their reliability because journals want ‘new, interesting findings’ and non significant results may not be seen as interesting",Yes,Yes,Yes,
27/01/2020 10:14,27/01/2020 10:20,IP Address,100,361,TRUE,27/01/2020 10:20,R_2AFI9HgLlJY7Bru,anonymous,EN,Yes,Yes,UNI02,,Full-time,No,,3,2nd Year,,,BSc Psychology Hons,No,N/A,Agree,Strongly disagree,Agree,Disagree,Agree,Disagree,Strongly agree,Disagree,Agree,Strongly disagree,Agree,Strongly disagree,Agree,Disagree,Have no opinion,Agree,I have heard of this,I have heard of this,,I have heard of this,I have heard of this,I have heard of this,I have heard of this,,,,I have done/used this,,,,,I have done/used this,Strongly Agree,Strongly disagree,Strongly agree,Have no opinion,Agree,Disagree,Strongly disagree,Agree,Yes,Yes,"A crisis whereby many important aspects of research have been found to not be able to be replicated, indicated an unreliable method and results",Not sure,Not sure,Yes,
27/01/2020 10:16,27/01/2020 10:22,IP Address,100,383,TRUE,27/01/2020 10:22,R_1oFspqnl7npLaWn,anonymous,EN,Yes,Yes,UNI02,,Full-time,No,,3,1st Year,,,Forensic Psychology ,Yes,20,Agree,Disagree,Agree,Disagree,Disagree,Agree,Agree,Disagree,Agree,Agree,Agree,Strongly disagree,Have no opinion,Disagree,Have no opinion,Have no opinion,I have heard of this,,I have heard of this,,,I have heard of this,,I have heard of this,I have done/used this,,I have done/used this,,,I have done/used this,,I have done/used this,Agree,Disagree,Agree,Agree,Agree,Disagree,Disagree,Have no opinion,Not sure,,,Not sure,No,Yes,
27/01/2020 10:22,27/01/2020 10:27,IP Address,100,312,TRUE,27/01/2020 10:27,R_PRp3VI7yhz841Wh,anonymous,EN,Yes,Yes,UNI02,,Full-time,No,,3,2nd Year,,,Single honours Psychology ,Yes,Female,Strongly agree,Disagree,Agree,Disagree,Agree,Disagree,Agree,Disagree,Disagree,Disagree,Agree,Strongly disagree,Agree,Have no opinion,Have no opinion,Strongly agree,,,I have heard of this,,,,,I have heard of this,,,,,,,,I have done/used this,Disagree,Disagree,Agree,Disagree,Agree,Agree,Disagree,Agree,Yes,Yes,Where classic studied have been replicated but the results found are not the same. ,No,Not sure,Yes,
27/01/2020 10:19,27/01/2020 10:27,IP Address,100,492,TRUE,27/01/2020 10:27,R_2Srv2eJryweJUyD,anonymous,EN,Yes,Yes,UNI02,,Part-time,No,,,,3,2nd Year,Psychology ,No,Male ,Strongly agree,Disagree,Strongly agree,Strongly disagree,Agree,Agree,Strongly agree,Strongly disagree,Strongly agree,Strongly disagree,Agree,Strongly disagree,Agree,Strongly disagree,Disagree,Agree,I have heard of this,I have heard of this,I have heard of this,I have heard of this,I have heard of this,I have heard of this,I have heard of this,I have heard of this,,,,,,I have done/used this,,,Strongly Agree,Strongly disagree,Disagree,Agree,Agree,Disagree,Disagree,Agree,Yes,Yes,Unable to replicate findings of studies ,Yes,No,Yes,
27/01/2020 10:26,27/01/2020 10:32,IP Address,100,370,TRUE,27/01/2020 10:32,R_3Ic6FncF1KNuNGu,anonymous,EN,Yes,Yes,UNI02,,Full-time,No,,3,3rd Year,,,Psychology ,No,Female ,Agree,Disagree,Have no opinion,Disagree,Agree,Disagree,Strongly agree,Disagree,Have no opinion,Have no opinion,Agree,Disagree,Disagree,Agree,Disagree,Agree,I have heard of this,I have heard of this,I have heard of this,I have heard of this,I have heard of this,I have heard of this,I have heard of this,I have heard of this,,,,,,,,,Agree,Have no opinion,Agree,Agree,Agree,Have no opinion,Have no opinion,Agree,Yes,Not sure,A study being difficult to replicate ,No,No,Yes,
27/01/2020 10:30,27/01/2020 10:37,IP Address,100,442,TRUE,27/01/2020 10:37,R_2tsTy0LJcuXbVIf,anonymous,EN,Yes,Yes,UNI02,,Full-time,No,,3,2nd Year,,,Psychology,Yes,Female ,Have no opinion,Strongly disagree,Have no opinion,Disagree,Agree,Disagree,Strongly agree,Agree,Strongly disagree,Agree,Agree,Strongly disagree,Have no opinion,Disagree,Strongly disagree,Strongly agree,I have heard of this,I have heard of this,I have heard of this,I have heard of this,I have heard of this,I have heard of this,I have heard of this,I have heard of this,,,,,,,,,Strongly Agree,Disagree,Agree,Strongly agree,Agree,Agree,Disagree,Have no opinion,Yes,Yes,"studies find positive results but they aren’t replicable meaning they are less reliable, can raise a question as to wether anything found is due to chance ",Not sure,Yes,Yes,
27/01/2020 10:33,27/01/2020 10:40,IP Address,100,440,TRUE,27/01/2020 10:40,R_2AMeH4FQdOvHbUc,anonymous,EN,Yes,Yes,UNI02,,Full-time,No,,3,3rd Year,,,Psychology ,Yes,Female ,Strongly agree,Strongly disagree,Strongly agree,Strongly disagree,Strongly agree,Strongly disagree,Strongly agree,Strongly disagree,Strongly agree,Strongly disagree,Have no opinion,Strongly disagree,Have no opinion,Disagree,Strongly disagree,Strongly agree,I have heard of this,,I have heard of this,,,I have heard of this,,I have heard of this,,,,,,,,,Strongly Agree,Strongly disagree,Strongly agree,Strongly disagree,Strongly Agree,Agree,Have no opinion,Strongly agree,Yes,Yes,Replication of original studies are not producing the same results,No,No,Yes,
27/01/2020 10:40,27/01/2020 10:54,IP Address,100,784,TRUE,27/01/2020 10:54,R_1H19dzlHXqREtss,anonymous,EN,Yes,Yes,UNI02,,Full-time,No,,3,3rd Year,,,Psychology ,Yes,Female ,Agree,Agree,Have no opinion,Disagree,Agree,Disagree,Disagree,Agree,Agree,Agree,Agree,Disagree,Have no opinion,Disagree,Have no opinion,Disagree,I have heard of this,I have heard of this,I have heard of this,,,I have heard of this,,I have heard of this,I have done/used this,,I have done/used this,,,,,,Agree,Agree,Agree,Agree,Disagree,Agree,Disagree,Agree,Yes,No,There is limited replicability of various studies and so renders the results less reliable and therefore less research being conducted is producing entirely reliable information to the rest of the world. ,Yes,No,Yes,
27/01/2020 11:09,27/01/2020 11:16,IP Address,100,389,TRUE,27/01/2020 11:16,R_1pJWpgMyeGY8sFW,anonymous,EN,Yes,Yes,UNI02,,Full-time,No,,3,1st Year,,,Psychology with counselling ,Yes,Female,Agree,Strongly agree,Agree,Disagree,Agree,Agree,Agree,Disagree,Agree,Have no opinion,Agree,Have no opinion,Agree,Agree,Agree,Agree,I have heard of this,I have heard of this,I have heard of this,,,I have heard of this,I have heard of this,I have heard of this,I have done/used this,,,,,,,,Disagree,Disagree,Agree,Agree,Strongly Agree,Have no opinion,Disagree,Agree,Yes,Not sure,The issues that replications of studies can bring about if done incorrectly,Not sure,Yes,Yes,
27/01/2020 11:32,27/01/2020 11:41,IP Address,100,552,TRUE,27/01/2020 11:41,R_3dYN6HrifI97mSP,anonymous,EN,Yes,Yes,UNI02,,Full-time,No,,3,3rd Year,,,Bsc(hons) psychology ,Yes,Female ,Agree,Strongly disagree,Have no opinion,Disagree,Have no opinion,Have no opinion,Have no opinion,Agree,Disagree,Strongly agree,Agree,Strongly disagree,Have no opinion,Have no opinion,Disagree,Disagree,I have heard of this,I have heard of this,I have heard of this,I have heard of this,I have heard of this,I have heard of this,I have heard of this,I have heard of this,,,,,,,,,Strongly Agree,Strongly disagree,Agree,Disagree,Agree,Agree,Have no opinion,Agree,Yes,Yes,When there is an issue in studies which are replicated finding the same results ,No,Not sure,Yes,
27/01/2020 12:46,27/01/2020 12:54,IP Address,100,480,TRUE,27/01/2020 12:54,R_1WSAlUfkIskNpjH,anonymous,EN,Yes,Yes,UNI01,,Full-time,No,,3,2nd Year,,,BSc (Hons) Psychology with Criminology,Yes,Female,Agree,Disagree,Have no opinion,Disagree,Agree,Have no opinion,Strongly agree,Disagree,Agree,Agree,Agree,Disagree,Agree,Disagree,Disagree,Agree,,,I have heard of this,I have heard of this,I have heard of this,,,I have heard of this,,,,,,,,,Agree,Disagree,Agree,Agree,Agree,Agree,Have no opinion,Have no opinion,Yes,No,Individual's altering their results to make them seem replicable/reproducible ,No,No,Yes,
27/01/2020 13:39,27/01/2020 13:50,IP Address,100,624,TRUE,27/01/2020 13:50,R_2sc0ryNbr5r5KlU,anonymous,EN,Yes,Yes,UNI02,,Full-time,No,,3,2nd Year,,,Psychology with clinical skills,No,Female,Strongly agree,Strongly disagree,Agree,Strongly disagree,Agree,Disagree,Strongly agree,Disagree,Strongly agree,Disagree,Agree,Strongly disagree,Agree,Disagree,Agree,Have no opinion,,,,I have heard of this,,,I have heard of this,I have heard of this,,,I have done/used this,,,,,,Agree,Disagree,Strongly agree,Strongly disagree,Have no opinion,Agree,Strongly disagree,Strongly agree,Yes,Yes,"Researchers have tried to copy the methodology of previous studies and theories and due to several reasons, the new studies are not getting the same results, we are unable to provide further support and evidence to support the original hypothesis.  Sometimes this is due to the full methodolgy not being available or data not being correctly analysed.  Researchers may have chosen to massage the data or only publish research with the outcome they wanted",Yes,Yes,Yes,
27/01/2020 13:34,27/01/2020 14:46,IP Address,100,4325,TRUE,27/01/2020 14:46,R_2EGnwTamBkHrpip,anonymous,EN,Yes,Yes,UNI01,,Full-time,No,,3,3rd Year,,,Psychology with Criminology,No,Female,Strongly agree,Strongly disagree,Strongly agree,Disagree,Strongly agree,Strongly disagree,Strongly agree,Disagree,Have no opinion,Have no opinion,Agree,Strongly disagree,Have no opinion,Disagree,Strongly disagree,Strongly agree,I have heard of this,I have heard of this,I have heard of this,,I have heard of this,I have heard of this,,I have heard of this,I have done/used this,I have done/used this,I have done/used this,,I have done/used this,I have done/used this,,I have done/used this,Agree,Disagree,Strongly agree,Agree,Agree,Agree,Disagree,Strongly agree,Yes,Yes,That all 'new' studies are currently just trying to replicate the results of previous studies without bringing anything actually new into the field. It becomes producing more evidence for already existing evidence and does not result in any progress in knowledge.,Yes,Yes,Yes,
27/01/2020 15:43,27/01/2020 15:49,IP Address,100,328,TRUE,27/01/2020 15:49,R_uzfL1Pc4h2h6F3z,anonymous,EN,Yes,Yes,UNI02,,Full-time,Yes,,3,2nd Year,,,Psychology,No,Female,Agree,Strongly disagree,Have no opinion,Strongly agree,Have no opinion,Strongly disagree,Strongly agree,Disagree,Have no opinion,Strongly agree,Strongly agree,Strongly disagree,Strongly agree,Agree,Strongly disagree,Agree,,,I have heard of this,,,,,I have heard of this,I have done/used this,I have done/used this,,I have done/used this,I have done/used this,I have done/used this,I have done/used this,,Agree,Disagree,Strongly agree,Agree,Strongly Agree,Strongly disagree,Strongly disagree,Strongly disagree,Yes,Yes,If a study cannot be replicated then it isn’t correct,No,No,Yes,
28/01/2020 02:09,28/01/2020 02:15,IP Address,100,350,TRUE,28/01/2020 02:15,R_1o7sZhlbcPPk79A,anonymous,EN,Yes,Yes,UNI02,,Full-time,No,,3,2nd Year,,,Bsc (Hons) Psychology,No,Female,Have no opinion,Agree,Have no opinion,Have no opinion,Have no opinion,Have no opinion,Have no opinion,Agree,Disagree,Agree,Strongly agree,Disagree,Have no opinion,Have no opinion,Disagree,Agree,,,I have heard of this,,,,,,I have done/used this,I have done/used this,,I have done/used this,I have done/used this,I have done/used this,I have done/used this,I have done/used this,Have no opinion,Agree,Disagree,Agree,Agree,Disagree,Disagree,Agree,Yes,Yes,Copying,Not sure,Not sure,Not sure,No
28/01/2020 01:54,28/01/2020 02:48,IP Address,100,3227,TRUE,28/01/2020 02:48,R_1QJGRoQIAhk8bRr,anonymous,EN,Yes,Yes,UNI02,,Full-time,Yes,,4,2nd Year,,,Forensic psychology ,No,Female ,Agree,Agree,Have no opinion,Disagree,Have no opinion,Have no opinion,Agree,Disagree,Agree,Have no opinion,Agree,Strongly disagree,Agree,Disagree,Disagree,Disagree,I have heard of this,,I have heard of this,,I have heard of this,I have heard of this,I have heard of this,I have heard of this,,,I have done/used this,,,I have done/used this,,,Agree,Have no opinion,Agree,Agree,Have no opinion,Disagree,Disagree,Disagree,Yes,Yes,Researchers who complete the same data to try and get a result. People need to learn from data that hasnt produced results too to see if other variables would make a difference. ,Yes,Yes,Yes,Some questions we are aware of  in second year but not all
28/01/2020 04:16,28/01/2020 04:22,IP Address,100,375,TRUE,28/01/2020 04:22,R_SBmiKJ1N7bLBjqx,anonymous,EN,Yes,Yes,UNI01,,Full-time,No,,3,1st Year,,,Psychology BSc (Hons),Yes,Female,Agree,Strongly disagree,Strongly agree,Disagree,Have no opinion,Disagree,Agree,Have no opinion,Have no opinion,Have no opinion,Disagree,Strongly disagree,Have no opinion,Disagree,Disagree,Agree,,,,,,,,,I have done/used this,,I have done/used this,,,,,,Disagree,Agree,Agree,Disagree,Agree,Agree,Agree,Have no opinion,Not sure,,,No,No,Yes,
28/01/2020 09:09,28/01/2020 09:24,IP Address,100,896,TRUE,28/01/2020 09:24,R_el07cOd8SP59Xq1,anonymous,EN,Yes,Yes,UNI01,,Full-time,No,,3,1st Year,,,Bsc Psychology (Hons),Yes,Female,Agree,Disagree,Have no opinion,Disagree,Disagree,Agree,Agree,Disagree,Disagree,Strongly agree,Agree,Disagree,Strongly agree,Disagree,Disagree,Strongly agree,I have heard of this,I have heard of this,I have heard of this,I have heard of this,I have heard of this,I have heard of this,,I have heard of this,,,,,,,,,Agree,Agree,Disagree,Agree,Strongly Agree,Agree,Disagree,Disagree,Yes,Yes,When studies are replicated it is difficult to get the same results,No,Not sure,Yes,
28/01/2020 15:46,28/01/2020 15:55,IP Address,100,504,TRUE,28/01/2020 15:55,R_2ttm3QfRaYsIl0A,anonymous,EN,Yes,Yes,UNI02,,Full-time,No,,3,2nd Year,,,Psychology with clinical skills,No,Female ,Strongly agree,Disagree,Agree,Disagree,Agree,Disagree,Agree,Strongly disagree,Have no opinion,Strongly agree,Strongly agree,Disagree,Disagree,Disagree,Disagree,Agree,,,I have heard of this,,,,I have heard of this,I have heard of this,,,,,,,,,Agree,Disagree,Agree,Agree,Strongly Agree,Disagree,Disagree,Have no opinion,Yes,Not sure,Not getting the same results to prove anything ,No,Not sure,Yes,No
28/01/2020 17:00,28/01/2020 17:08,IP Address,100,493,TRUE,28/01/2020 17:08,R_2dXbqBLz0KXjv7w,anonymous,EN,Yes,Yes,UNI01,,Full-time,Yes,,3,1st Year,,,Psychology BSc,Yes,Male,Agree,Disagree,Agree,Agree,Strongly agree,Have no opinion,Agree,Agree,Agree,Agree,Strongly agree,Disagree,Agree,Agree,Disagree,Agree,,I have heard of this,I have heard of this,,,I have heard of this,,I have heard of this,,,I have done/used this,,,I have done/used this,,,Agree,Disagree,Have no opinion,Strongly agree,Strongly Agree,Agree,Strongly disagree,Have no opinion,Not sure,,,Not sure,Not sure,Yes,None.
29/01/2020 07:16,29/01/2020 07:23,IP Address,100,411,TRUE,29/01/2020 07:23,R_1K0wls0bcFJcAqv,anonymous,EN,Yes,Yes,Other,,Part-time,Yes,,,,4,6th Year,Work and Organizational Psychology,Yes,Male,Strongly agree,Strongly disagree,Agree,Strongly disagree,Strongly agree,Strongly disagree,Strongly agree,Strongly disagree,Strongly agree,Disagree,Agree,Strongly disagree,Strongly agree,Strongly disagree,Have no opinion,Agree,I have heard of this,I have heard of this,I have heard of this,I have heard of this,I have heard of this,I have heard of this,I have heard of this,I have heard of this,,,I have done/used this,,,I have done/used this,,,Have no opinion,Strongly disagree,Strongly agree,Disagree,Agree,Agree,Strongly disagree,Strongly agree,Yes,No,It raises both an important issue and challenge for psychology and science,Yes,No,Yes,
23/01/2020 08:19,23/01/2020 08:19,IP Address,27,44,FALSE,30/01/2020 08:20,R_11XzB6YuQYNOAiG,anonymous,EN,Yes,Yes,UNI03,,Full-time,No,,,,,,,,,,,,,,,,,,,,,,,,,,,,,,,,,,,,,,,,,,,,,,,,,,,,,,,
31/01/2020 01:47,31/01/2020 01:54,IP Address,100,422,TRUE,31/01/2020 01:54,R_2VOcwJRtlDCqlBG,anonymous,EN,Yes,Yes,UNI01,,Full-time,No,,3,2nd Year,,,Psychology,No,Female,Agree,Strongly disagree,Agree,Strongly disagree,Agree,Disagree,Agree,Agree,Have no opinion,Strongly agree,Have no opinion,Strongly disagree,Strongly agree,Strongly disagree,Have no opinion,Have no opinion,,,,I have heard of this,,,I have heard of this,I have heard of this,,,I have done/used this,,,I have done/used this,,,Strongly Agree,Disagree,Agree,Have no opinion,Have no opinion,Strongly disagree,Disagree,Agree,Yes,Yes,Studies are not being replicated because of pressure on researchers to publish papers and journals being unintrested in replications and instead focusing on significant novel findings. ,Not sure,Not sure,Yes,
31/01/2020 01:56,31/01/2020 02:07,IP Address,100,662,TRUE,31/01/2020 02:07,R_2yryK7DkKX5uPab,anonymous,EN,Yes,Yes,UKRN07,,Full-time,No,,3,3rd Year,,,Psychology Bsc,No,Female,Agree,Disagree,Agree,Strongly disagree,Disagree,Disagree,Disagree,Disagree,Agree,Agree,Agree,Disagree,Agree,Have no opinion,Disagree,Strongly agree,,,I have heard of this,,,I have heard of this,I have heard of this,I have heard of this,,,I have done/used this,,,I have done/used this,I have done/used this,,Strongly Agree,Strongly agree,Strongly agree,Disagree,Have no opinion,Strongly agree,Have no opinion,Agree,No,,,No,No,Yes,
31/01/2020 07:17,31/01/2020 07:23,IP Address,100,335,TRUE,31/01/2020 07:23,R_3rUVG9R9bzaVm9z,anonymous,EN,Yes,Yes,UKRN07,,Full-time,Yes,,4,4th Year,,,Psychology with Professional Placement,Yes,Female,Agree,Disagree,Agree,Disagree,Strongly agree,Disagree,Agree,Strongly disagree,Agree,Disagree,Agree,Strongly disagree,Agree,Agree,Agree,Agree,I have heard of this,I have heard of this,I have heard of this,I have heard of this,,I have heard of this,I have heard of this,I have heard of this,,,,,I have done/used this,,,,Strongly Agree,Disagree,Agree,Disagree,Disagree,Agree,Strongly disagree,Agree,Yes,Yes,"Very few psychology studies, when replicated (done multiple times) with the same method have the same/ similar results",Yes,Not sure,Yes,
24/01/2020 07:52,24/01/2020 07:53,IP Address,46,50,FALSE,31/01/2020 07:53,R_2yeYXjKNtLs5jR0,anonymous,EN,Yes,Yes,UKRN02,,Full-time,Yes,,4,3rd Year,,,Psychology ,Yes,Female,,,,,,,,,,,,,,,,,,,,,,,,,,,,,,,,,,,,,,,,,,,,,,,
24/01/2020 09:02,24/01/2020 09:02,IP Address,27,18,FALSE,31/01/2020 09:03,R_w7APP2c1PxyhGNz,anonymous,EN,Yes,Yes,UKRN02,,Full-time,Yes,,,,,,,,,,,,,,,,,,,,,,,,,,,,,,,,,,,,,,,,,,,,,,,,,,,,,,,
24/01/2020 07:48,24/01/2020 10:24,IP Address,51,9365,FALSE,31/01/2020 10:25,R_1LijKqlYDDNeJbn,anonymous,EN,Yes,Yes,UKRN02,,Full-time,Yes,,3,3rd Year,,,psychology,Yes,Female,Strongly agree,Disagree,Have no opinion,Disagree,Strongly agree,Strongly disagree,Strongly agree,Strongly disagree,Have no opinion,Strongly disagree,Strongly agree,Strongly disagree,Disagree,Have no opinion,Strongly disagree,Agree,,,,,,,,I have heard of this,,,,,,,,,,,,,,,,,,,,,,,
02/02/2020 08:44,02/02/2020 08:51,IP Address,100,427,TRUE,02/02/2020 08:51,R_3Dq04z86NKi827p,anonymous,EN,Yes,Yes,UKRN07,,Full-time,No,,3,3rd Year,,,BSc Psychology,Yes,Female,Strongly agree,Strongly disagree,Have no opinion,Disagree,Agree,Have no opinion,Strongly agree,Disagree,Have no opinion,Agree,Agree,Strongly disagree,Disagree,Disagree,Disagree,Agree,,,I have heard of this,I have heard of this,,,,I have heard of this,,,,,,,I have done/used this,,Strongly Agree,Strongly disagree,Agree,Agree,Agree,Have no opinion,Disagree,Agree,Yes,Yes,That many studies in psychology have not/can not be replicated for various reasons. When studies are replicated they often show different results - which is why replication is important,No,Not sure,Yes,
02/02/2020 12:22,02/02/2020 12:28,IP Address,100,327,TRUE,02/02/2020 12:28,R_1QsWlem9BOEfUvU,anonymous,EN,Yes,Yes,UKRN07,,Full-time,Yes,,4,4th Year,,,Psychology with Professional Placement,Yes,Male,Strongly agree,Strongly disagree,Strongly agree,Disagree,Strongly agree,Strongly disagree,Strongly agree,Disagree,Strongly agree,Strongly disagree,Strongly agree,Strongly disagree,Disagree,Have no opinion,Disagree,Agree,I have heard of this,I have heard of this,I have heard of this,I have heard of this,,I have heard of this,I have heard of this,I have heard of this,I have done/used this,,I have done/used this,,,,I have done/used this,I have done/used this,Strongly Agree,Strongly disagree,Strongly agree,Agree,Disagree,Strongly agree,Disagree,Strongly agree,Yes,Yes,"Researchers aren't making their methods and data available for full replicability, and may also be using practices to alter their results. Can also be linked with publication bias. ",Not sure,Not sure,Yes,
02/02/2020 13:12,02/02/2020 13:19,IP Address,100,403,TRUE,02/02/2020 13:19,R_27VUhOWdaVsU2QL,anonymous,EN,Yes,Yes,UNI01,,Full-time,No,,3,2nd Year,,,Psychology with Criminology,No,Female,Disagree,Disagree,Strongly agree,Strongly agree,Strongly agree,Strongly disagree,Strongly agree,Strongly disagree,Strongly agree,Strongly agree,Agree,Disagree,Strongly agree,Agree,Agree,Strongly disagree,I have heard of this,I have heard of this,I have heard of this,I have heard of this,,I have heard of this,,I have heard of this,,,,,,,I have done/used this,,Disagree,Agree,Strongly agree,Strongly disagree,Agree,Agree,Disagree,Strongly agree,No,,,Yes,Yes,Yes,
27/01/2020 04:52,27/01/2020 04:53,IP Address,14,28,FALSE,03/02/2020 04:53,R_qLqkhr128pzoXtv,anonymous,EN,Yes,Yes,,,,,,,,,,,,,,,,,,,,,,,,,,,,,,,,,,,,,,,,,,,,,,,,,,,,,,,,,,,
03/02/2020 08:16,03/02/2020 08:22,IP Address,100,359,TRUE,03/02/2020 08:22,R_22Xlw0kKsGhso7F,anonymous,EN,Yes,Yes,UKRN07,,Full-time,No,,3,3rd Year,,,Psychology with Neuroscience,Yes,Female,Agree,Disagree,Agree,Agree,Agree,Disagree,Strongly agree,Disagree,Agree,Have no opinion,Disagree,Strongly disagree,Agree,Agree,Agree,Disagree,I have heard of this,,I have heard of this,I have heard of this,,,I have heard of this,I have heard of this,,,,,,,I have done/used this,I have done/used this,Agree,Disagree,Strongly agree,Disagree,Disagree,Agree,Disagree,Agree,Yes,Yes,The inability to reproduce findings due to corrupt methodology or practices or data found by chance ,Yes,Yes,Yes,
27/01/2020 10:14,27/01/2020 10:20,IP Address,46,373,FALSE,03/02/2020 10:21,R_BJ5M4eY0fwiQqUF,anonymous,EN,Yes,Yes,UNI02,,Full-time,No,,3,1st Year,,,Psychology with clinical skills,Yes,female,,,,,,,,,,,,,,,,,,,,,,,,,,,,,,,,,,,,,,,,,,,,,,,
04/02/2020 03:57,04/02/2020 04:34,IP Address,100,2256,TRUE,04/02/2020 04:34,R_3oLMuBbuBepletO,anonymous,EN,Yes,Yes,UNI04,,Full-time,No,,3,2nd Year,,,BSc Psychology,Yes,Female,Strongly agree,Strongly disagree,Disagree,Disagree,Disagree,Strongly disagree,Strongly agree,Disagree,Strongly agree,Agree,Strongly agree,Strongly disagree,Strongly agree,Strongly agree,Strongly disagree,Strongly agree,I have heard of this,I have heard of this,,,,,I have heard of this,I have heard of this,,,I have done/used this,I have done/used this,I have done/used this,I have done/used this,,,Strongly Agree,Disagree,Strongly agree,Strongly agree,Agree,Have no opinion,Disagree,Have no opinion,Not sure,,,Yes,No,Yes,
04/02/2020 04:53,04/02/2020 05:06,IP Address,100,813,TRUE,04/02/2020 05:06,R_1N52wPfg86WFmST,anonymous,EN,Yes,Yes,UNI04,,Full-time,Other (Please specify),Year Abroad,4,4th Year,,,Psychology (with a Year Abroad),No,Female,Strongly agree,Disagree,Have no opinion,Disagree,Strongly agree,Strongly disagree,Strongly agree,Disagree,Agree,Agree,Agree,Disagree,Agree,Disagree,Disagree,Agree,,I have heard of this,,I have heard of this,I have heard of this,,I have heard of this,I have heard of this,,,I have done/used this,,,I have done/used this,,,Agree,Disagree,Strongly agree,Disagree,Agree,Disagree,Disagree,Agree,Yes,Yes,"It's an important issue in psychology, and future researchers should be aware of this. However, I believe researchers should also be bench marking their own and their peers work and have the stigmatization of ""non significant studies"" be removed.",No,No,Yes,
04/02/2020 05:02,04/02/2020 05:11,IP Address,100,504,TRUE,04/02/2020 05:11,R_aYnXtcrVrNfhYB3,anonymous,EN,Yes,Yes,UNI04,,Full-time,No,,3,3rd Year,,,BSc Psychology,Yes,Female,Strongly agree,Strongly disagree,Agree,Strongly agree,Agree,Disagree,Agree,Agree,Strongly disagree,Strongly agree,Have no opinion,Strongly disagree,Disagree,Strongly disagree,Disagree,Agree,,,I have heard of this,,,,,I have heard of this,,,I have done/used this,,,,,,Agree,Agree,Agree,Agree,Agree,Disagree,Have no opinion,Agree,Yes,Yes,"When a study has found a specific effect, but then others fail to find the same result when they carry out the exact same study",Not sure,Not sure,Yes,
28/01/2020 07:00,28/01/2020 07:01,IP Address,46,55,FALSE,04/02/2020 07:01,R_3fDyZUN7u6QYdS4,anonymous,EN,Yes,Yes,UNI05,,Full-time,No,,3,1st Year,,,,Yes,,,,,,,,,,,,,,,,,,,,,,,,,,,,,,,,,,,,,,,,,,,,,,,,
29/01/2020 09:14,29/01/2020 09:16,IP Address,46,68,FALSE,05/02/2020 09:16,R_1eCwQBVTki9rfGO,anonymous,EN,Yes,Yes,UNI01,,Full-time,No,,3,1st Year,,,Psychology with health and well-being in society ,No,Female ,,,,,,,,,,,,,,,,,,,,,,,,,,,,,,,,,,,,,,,,,,,,,,,
05/02/2020 10:08,05/02/2020 10:16,IP Address,100,476,TRUE,05/02/2020 10:16,R_vxf2HJD7bFsfxLz,anonymous,EN,Yes,Yes,UKRN07,,Full-time,No,,3,3rd Year,,,BSc Psychology (Hons) ,Yes,Female ,Agree,Disagree,Agree,Have no opinion,Agree,Disagree,Strongly agree,Disagree,Agree,Disagree,Strongly agree,Agree,Agree,Agree,Disagree,Agree,I have heard of this,I have heard of this,I have heard of this,,I have heard of this,I have heard of this,I have heard of this,I have heard of this,,,,I have done/used this,,,,,Agree,Have no opinion,Agree,Disagree,Agree,Disagree,Disagree,Agree,Yes,Yes,"a methodological crisis in science-based studies, where it is almost impossible to replicate/reproduce the data ",Yes,Yes,Yes,no 
30/01/2020 02:52,30/01/2020 02:52,IP Address,14,15,FALSE,06/02/2020 02:53,R_2aFFWifQhHy7UuG,anonymous,EN,Yes,Yes,,,,,,,,,,,,,,,,,,,,,,,,,,,,,,,,,,,,,,,,,,,,,,,,,,,,,,,,,,,
30/01/2020 02:53,30/01/2020 02:53,IP Address,14,19,FALSE,06/02/2020 02:54,R_2CBtVGDOjppy36z,anonymous,EN,Yes,Yes,,,,,,,,,,,,,,,,,,,,,,,,,,,,,,,,,,,,,,,,,,,,,,,,,,,,,,,,,,,
30/01/2020 02:55,30/01/2020 02:55,IP Address,27,20,FALSE,06/02/2020 02:55,R_2Xb4xxo96DETaFw,anonymous,EN,Yes,Yes,UNI06,,Full-time,Yes,,,,,,,,,,,,,,,,,,,,,,,,,,,,,,,,,,,,,,,,,,,,,,,,,,,,,,,
30/01/2020 02:56,30/01/2020 02:56,IP Address,19,21,FALSE,06/02/2020 02:57,R_2AM7c2h1uIKdHN7,anonymous,EN,Yes,Yes,UNI07,,,,,,,,,,,,,,,,,,,,,,,,,,,,,,,,,,,,,,,,,,,,,,,,,,,,,,,,,,
30/01/2020 02:58,30/01/2020 02:58,IP Address,19,22,FALSE,06/02/2020 02:59,R_1GVvDHrl6X5DOgW,anonymous,EN,Yes,Yes,UNI07,,,,,,,,,,,,,,,,,,,,,,,,,,,,,,,,,,,,,,,,,,,,,,,,,,,,,,,,,,
30/01/2020 03:01,30/01/2020 03:01,IP Address,14,18,FALSE,06/02/2020 03:01,R_10NJxacTd0U3Hdb,anonymous,EN,Yes,Yes,,,,,,,,,,,,,,,,,,,,,,,,,,,,,,,,,,,,,,,,,,,,,,,,,,,,,,,,,,,
30/01/2020 03:10,30/01/2020 03:11,IP Address,51,65,FALSE,06/02/2020 03:12,R_3R8So75Snn7emTo,anonymous,EN,Yes,Yes,UNI06,,Full-time,Yes,,2,2nd Year,,,,Yes,,Agree,Agree,Agree,Have no opinion,Have no opinion,Agree,Agree,Agree,Have no opinion,Agree,Agree,Agree,Have no opinion,Agree,Have no opinion,Have no opinion,I have heard of this,,,,,,,,,,I have done/used this,,,,,,,,,,,,,,,,,,,,
30/01/2020 03:12,30/01/2020 03:13,IP Address,70,55,FALSE,06/02/2020 03:13,R_6LL2qQSQcKm4WFb,anonymous,EN,Yes,Yes,UNI08,,Full-time,Yes,,2,2nd Year,,,,Yes,,Agree,Agree,Have no opinion,Have no opinion,Have no opinion,Have no opinion,Agree,Have no opinion,Disagree,Agree,Have no opinion,Agree,Have no opinion,Agree,Have no opinion,Agree,I have heard of this,,,,,,,,,,I have done/used this,,,,,,Strongly disagree,Disagree,Strongly Disagree,Disagree,Disagree,Agree,,,,,,,,,
30/01/2020 03:13,30/01/2020 03:14,IP Address,46,53,FALSE,06/02/2020 03:14,R_2EfQIpshEJ4JqL7,anonymous,EN,Yes,Yes,UNI08,,Full-time,Yes,,2,2nd Year,,,,Yes,,,,,,,,,,,,,,,,,,,,,,,,,,,,,,,,,,,,,,,,,,,,,,,,
30/01/2020 03:14,30/01/2020 03:15,IP Address,46,60,FALSE,06/02/2020 03:15,R_RLCh6KbCgmd49X3,anonymous,EN,Yes,Yes,UNI08,,Full-time,Yes,,2,2nd Year,,,,Yes,,,,,,,,,,,,,,,,,,,,,,,,,,,,,,,,,,,,,,,,,,,,,,,,
30/01/2020 03:24,30/01/2020 03:24,IP Address,14,12,FALSE,06/02/2020 03:24,R_1M68nvJJyvJCT9q,anonymous,EN,Yes,Yes,,,,,,,,,,,,,,,,,,,,,,,,,,,,,,,,,,,,,,,,,,,,,,,,,,,,,,,,,,,
30/01/2020 03:24,30/01/2020 03:24,Spam,14,9,FALSE,06/02/2020 03:24,R_1OpEFNJiMeb6hnB,anonymous,EN,Yes,Yes,,,,,,,,,,,,,,,,,,,,,,,,,,,,,,,,,,,,,,,,,,,,,,,,,,,,,,,,,,,
30/01/2020 03:56,30/01/2020 03:56,IP Address,19,15,FALSE,06/02/2020 03:57,R_3MFrKwdxCWCjHrK,anonymous,EN,Yes,Yes,UNI09,,,,,,,,,,,,,,,,,,,,,,,,,,,,,,,,,,,,,,,,,,,,,,,,,,,,,,,,,,
30/01/2020 03:57,30/01/2020 03:57,IP Address,19,24,FALSE,06/02/2020 03:58,R_3mmCFcO1cy8p5x3,anonymous,EN,Yes,Yes,UNI09,,,,,,,,,,,,,,,,,,,,,,,,,,,,,,,,,,,,,,,,,,,,,,,,,,,,,,,,,,
30/01/2020 04:01,30/01/2020 04:01,Spam,14,16,FALSE,06/02/2020 04:01,R_1JRX0TAURPpOF5y,anonymous,EN,Yes,Yes,,,,,,,,,,,,,,,,,,,,,,,,,,,,,,,,,,,,,,,,,,,,,,,,,,,,,,,,,,,
30/01/2020 04:02,30/01/2020 04:03,IP Address,19,51,FALSE,06/02/2020 04:03,R_2PmWXRO3Sg2kC06,anonymous,EN,Yes,Yes,UNI08,,,,,,,,,,,,,,,,,,,,,,,,,,,,,,,,,,,,,,,,,,,,,,,,,,,,,,,,,,
30/01/2020 04:03,30/01/2020 04:03,IP Address,19,12,FALSE,06/02/2020 04:04,R_1QJGiF3gcXJqt4q,anonymous,EN,Yes,Yes,UNI10,,,,,,,,,,,,,,,,,,,,,,,,,,,,,,,,,,,,,,,,,,,,,,,,,,,,,,,,,,
30/01/2020 04:03,30/01/2020 04:03,IP Address,19,17,FALSE,06/02/2020 04:04,R_3rImQUNz7Ite2sK,anonymous,EN,Yes,Yes,UNI08,,,,,,,,,,,,,,,,,,,,,,,,,,,,,,,,,,,,,,,,,,,,,,,,,,,,,,,,,,
30/01/2020 04:03,30/01/2020 04:04,IP Address,14,22,FALSE,06/02/2020 04:05,R_OxK4YkewTqw7N1n,anonymous,EN,Yes,Yes,,,,,,,,,,,,,,,,,,,,,,,,,,,,,,,,,,,,,,,,,,,,,,,,,,,,,,,,,,,
30/01/2020 04:05,30/01/2020 04:05,IP Address,19,14,FALSE,06/02/2020 04:05,R_2fII6iEMwIB8Sm7,anonymous,EN,Yes,Yes,UNI10,,,,,,,,,,,,,,,,,,,,,,,,,,,,,,,,,,,,,,,,,,,,,,,,,,,,,,,,,,
30/01/2020 04:05,30/01/2020 04:05,IP Address,19,19,FALSE,06/02/2020 04:06,R_3JFxBJUqS2rD3Jh,anonymous,EN,Yes,Yes,UNI10,,,,,,,,,,,,,,,,,,,,,,,,,,,,,,,,,,,,,,,,,,,,,,,,,,,,,,,,,,
06/02/2020 06:23,06/02/2020 06:39,IP Address,100,901,TRUE,06/02/2020 06:39,R_1gu0Z9RBZ81RT1i,anonymous,EN,Yes,Yes,UNI04,,Full-time,Yes,,4,2nd Year,,,BSc Psychology with Placement Year,No,Male,Strongly agree,Strongly disagree,Strongly agree,Strongly disagree,Agree,Disagree,Agree,Agree,Agree,Strongly agree,Agree,Strongly disagree,Have no opinion,Disagree,Strongly disagree,Strongly agree,,,I have heard of this,,,I have heard of this,I have heard of this,I have heard of this,,,I have done/used this,,,I have done/used this,,I have done/used this,Strongly Agree,Disagree,Have no opinion,Disagree,Disagree,Agree,Disagree,Agree,Yes,Yes,Off the top of my head it is the fact that replications with non-significant results are not published.,Not sure,No,Yes,"The question asking whether raw data may be published online was answered ""Agree"": but this is only the case if the data is anonymous. I believe while misinformation may be a problem with ""publishing"" (i.e. simply posting online) un-replicated studies/peer-reviewed studies- it is unrealistic to say that in practice this can be halted, and rather the public must be informed about misinformation and the reliability of online sources. "
10/02/2020 00:26,10/02/2020 00:39,IP Address,100,796,TRUE,10/02/2020 00:39,R_3n1SrqKpV2lArbq,anonymous,EN,Yes,Yes,UKRN02,,Full-time,Yes,,4,1st Year,,,Psychology with counselling,Yes,Female,Strongly agree,Disagree,Have no opinion,Disagree,Disagree,Have no opinion,Have no opinion,Agree,Agree,Agree,Agree,Strongly disagree,Agree,Agree,Disagree,Disagree,,I have heard of this,,,,I have heard of this,I have heard of this,,I have done/used this,,I have done/used this,I have done/used this,I have done/used this,,,I have done/used this,Agree,Agree,Disagree,Strongly agree,Strongly Agree,Disagree,Disagree,Have no opinion,Yes,No,where researchers wish to test to see if the results can be replicated but most of the studies cannot be reproduced so therefore are not valid.,Not sure,Yes,No,
11/02/2020 00:22,11/02/2020 00:29,IP Address,100,453,TRUE,11/02/2020 00:29,R_BY9rGaNe5zRJQfT,anonymous,EN,Yes,Yes,UNI04,,Full-time,Yes,,4,2nd Year,,,Cognitive psychology with placement year,Yes,Female,Have no opinion,Disagree,Agree,Disagree,Agree,Disagree,Agree,Disagree,Agree,Disagree,Disagree,Disagree,Disagree,Disagree,Disagree,Strongly agree,I have heard of this,,,,,,,I have heard of this,,,I have done/used this,,,,,,Strongly Agree,Have no opinion,Agree,Strongly agree,Strongly Agree,Disagree,Agree,Agree,No,,,No,No,Yes,
17/02/2020 03:04,17/02/2020 03:11,IP Address,100,450,TRUE,17/02/2020 03:11,R_1QzK2WMIBtpJ14R,anonymous,EN,Yes,Yes,UNI11,,Full-time,No,,3,3rd Year,,,Psychology and child development ,Yes,Female,Strongly agree,Strongly disagree,Agree,Strongly disagree,Strongly agree,Strongly disagree,Strongly agree,Disagree,Strongly agree,Agree,Agree,Strongly disagree,Have no opinion,Disagree,Disagree,Agree,,I have heard of this,,,,,,,,,I have done/used this,,I have done/used this,I have done/used this,I have done/used this,I have done/used this,Strongly Agree,Strongly disagree,Strongly agree,Agree,Agree,Disagree,Disagree,Agree,Yes,Yes,I think it is bad and we should be encouraging transparency of our research methods to ensure we are doing it correctly as well as ethically,Not sure,No,Yes,
17/02/2020 03:03,17/02/2020 03:14,IP Address,100,635,TRUE,17/02/2020 03:14,R_07fMAL68ae5anhT,anonymous,EN,Yes,Yes,UNI11,,Full-time,No,,3,3rd Year,,,Bsc Psychology ,Yes,Female,Agree,Disagree,Agree,Disagree,Have no opinion,Disagree,Strongly agree,Strongly disagree,Agree,Disagree,Agree,Strongly disagree,Have no opinion,Disagree,Disagree,Disagree,I have heard of this,I have heard of this,,I have heard of this,I have heard of this,I have heard of this,,I have heard of this,,,I have done/used this,,,,I have done/used this,,Agree,Disagree,Agree,Agree,Agree,Agree,Disagree,Disagree,Yes,Yes,Where there are issues in psychological research and being able to replicate these findings. People have tried replicating previous work and have found no effect or non significant p values where older studies had and some to a great effect. In future we need to produce studies that can be replicated by having access to all the forms of measurements/materials and how know how things were analysed - if extra participants were added post hoc etc. We need to know in full detail how the original data was collected and in what context. ,No,Not sure,Yes,
17/02/2020 03:08,17/02/2020 03:15,IP Address,100,411,TRUE,17/02/2020 03:15,R_3QMHU7Wb56P9cdC,anonymous,EN,Yes,Yes,UNI11,,Full-time,No,,3,3rd Year,,,Psychology and child development ,No,Female,Agree,Disagree,Agree,Agree,Agree,Disagree,Agree,Agree,Have no opinion,Disagree,Strongly agree,Strongly disagree,Disagree,Strongly disagree,Disagree,Disagree,I have heard of this,,I have heard of this,,,,I have heard of this,I have heard of this,,,,,,,I have done/used this,,Disagree,Have no opinion,Agree,Have no opinion,Agree,Disagree,Disagree,Disagree,No,,,No,No,No,
17/02/2020 03:20,17/02/2020 03:27,IP Address,100,439,TRUE,17/02/2020 03:27,R_1FqPed6XwyxiuGh,anonymous,EN,Yes,Yes,UNI11,,Full-time,No,,3,2nd Year,,,Bsc Psychology ,Yes,Female,Agree,Strongly disagree,Agree,Disagree,Have no opinion,Have no opinion,Agree,Disagree,Disagree,Agree,Agree,Strongly disagree,Agree,Disagree,Disagree,Strongly agree,I have heard of this,I have heard of this,I have heard of this,I have heard of this,,,I have heard of this,I have heard of this,,,I have done/used this,,,,,,Agree,Have no opinion,Agree,Disagree,Agree,Agree,Agree,Agree,No,,,Yes,Not sure,Not sure,
17/02/2020 03:29,17/02/2020 03:34,IP Address,100,287,TRUE,17/02/2020 03:34,R_3lQxsU417rbRzPz,anonymous,EN,Yes,Yes,UNI11,,Full-time,No,,3,1st Year,,,Bsc Psychology,Yes,Female,Strongly agree,Strongly disagree,Agree,Disagree,Have no opinion,Have no opinion,Strongly agree,Have no opinion,Agree,Agree,Strongly agree,Have no opinion,Have no opinion,Strongly agree,Agree,Disagree,,,I have heard of this,,,I have heard of this,,I have heard of this,,,I have done/used this,,,I have done/used this,,,Agree,Have no opinion,Agree,Agree,Disagree,Agree,Disagree,Have no opinion,Yes,No,famous studies which can't be replicated like Asch's ,No,No,Not sure,
17/02/2020 03:24,17/02/2020 03:34,IP Address,100,560,TRUE,17/02/2020 03:34,R_2rGGYj0MscqSD7H,anonymous,EN,Yes,Yes,UNI11,,Full-time,No,,3,1st Year,,,Psychology with child development ,Yes,Female,Agree,Disagree,Agree,Disagree,Disagree,Disagree,Agree,Disagree,Strongly disagree,Strongly agree,Strongly agree,Disagree,Strongly agree,Agree,Strongly disagree,Strongly agree,,,I have heard of this,,,I have heard of this,,I have heard of this,,,I have done/used this,,,I have done/used this,,,Agree,Disagree,Have no opinion,Strongly agree,Agree,Have no opinion,Agree,Have no opinion,Yes,Yes,Researchers conducting research that has already been published,No,No,Yes,
17/02/2020 03:37,17/02/2020 03:42,IP Address,100,322,TRUE,17/02/2020 03:42,R_31EiSFA8bVGsLCB,anonymous,EN,Yes,Yes,UNI11,,Full-time,No,,3,3rd Year,,,BSc Psychology,Yes,Female ,Agree,Strongly disagree,Strongly agree,Strongly disagree,Agree,Strongly disagree,Strongly agree,Disagree,Agree,Have no opinion,Have no opinion,Strongly disagree,Agree,Disagree,Strongly disagree,Agree,I have heard of this,,,I have heard of this,I have heard of this,,,,,I have done/used this,I have done/used this,,,I have done/used this,I have done/used this,I have done/used this,Strongly Agree,Disagree,Agree,Disagree,Strongly Disagree,Strongly disagree,Disagree,Have no opinion,Yes,Yes,,Not sure,Yes,Not sure,
17/02/2020 03:39,17/02/2020 03:46,IP Address,100,392,TRUE,17/02/2020 03:46,R_2wjA3E5zMNTk18E,anonymous,EN,Yes,Yes,UNI11,,Full-time,No,,3,3rd Year,,,Psychology ,No,Female,Strongly agree,Strongly disagree,Agree,Strongly disagree,Agree,Agree,Agree,Disagree,Agree,Strongly disagree,Strongly disagree,Strongly disagree,Have no opinion,Disagree,Disagree,Agree,,,I have heard of this,,,I have heard of this,I have heard of this,I have heard of this,I have done/used this,I have done/used this,,I have done/used this,I have done/used this,,,,Strongly Agree,Disagree,Agree,Have no opinion,Have no opinion,Agree,Agree,Have no opinion,No,,,No,No,No,
17/02/2020 04:20,17/02/2020 04:25,IP Address,100,302,TRUE,17/02/2020 04:25,R_USf5HehRgeahoOt,anonymous,EN,Yes,Yes,UNI11,,Full-time,No,,3,1st Year,,,Psychology,Yes,Female,Agree,Disagree,Have no opinion,Disagree,Agree,Have no opinion,Strongly agree,Disagree,Strongly agree,Agree,Agree,Strongly disagree,Have no opinion,Agree,Strongly disagree,Strongly agree,I have heard of this,,I have heard of this,,,,I have heard of this,I have heard of this,,,I have done/used this,,,,,,Agree,Disagree,Strongly agree,Agree,Strongly Agree,Agree,Disagree,Strongly agree,Yes,Yes,researchers repeating older famous/well known studies and not getting the same resilts,No,Not sure,Yes,
17/02/2020 04:36,17/02/2020 04:43,IP Address,100,420,TRUE,17/02/2020 04:43,R_3L0jBp06Rw7X2hk,anonymous,EN,Yes,Yes,UNI11,,Full-time,No,,3,2nd Year,,,psychology,Yes,female,Agree,Disagree,Agree,Disagree,Have no opinion,Disagree,Agree,Agree,Agree,Disagree,Agree,Strongly disagree,Have no opinion,Have no opinion,Disagree,Have no opinion,,,,,,,,I have heard of this,,,,,,,,,Agree,Agree,Disagree,Agree,Disagree,Agree,Disagree,Have no opinion,Not sure,,,No,No,Yes,
17/02/2020 04:43,17/02/2020 04:52,IP Address,100,538,TRUE,17/02/2020 04:52,R_2CmoffP0tAjKVsU,anonymous,EN,Yes,Yes,UNI11,,Full-time,No,,3,2nd Year,,,BSc Psychology ,Yes,Female,Strongly agree,Strongly disagree,Agree,Disagree,Agree,Disagree,Strongly agree,Strongly disagree,Agree,Disagree,Have no opinion,Strongly disagree,Have no opinion,Disagree,Disagree,Agree,I have heard of this,I have heard of this,I have heard of this,I have heard of this,,,I have heard of this,I have heard of this,,,,,,,I have done/used this,,Strongly Agree,Strongly disagree,Strongly agree,Strongly disagree,Disagree,Strongly agree,Disagree,Agree,Yes,Yes,Issues with not enough research replicating other findings and studies not having their materials accessible to do so,Yes,Yes,Yes,No
17/02/2020 05:17,17/02/2020 05:27,IP Address,100,552,TRUE,17/02/2020 05:27,R_RFCsA6S8mOGgDuN,anonymous,EN,Yes,Yes,UNI11,,Full-time,No,,3,1st Year,,,psychology and child development ,No,Male,Strongly agree,Disagree,Agree,Disagree,Have no opinion,Disagree,Agree,Disagree,Strongly agree,Disagree,Have no opinion,Strongly disagree,Agree,Strongly disagree,Have no opinion,Have no opinion,I have heard of this,I have heard of this,,,I have heard of this,I have heard of this,,I have heard of this,,,I have done/used this,I have done/used this,,,I have done/used this,,Strongly Agree,Have no opinion,Agree,Agree,Disagree,Agree,Agree,Agree,Not sure,,,No,Not sure,Yes,
17/02/2020 06:16,17/02/2020 06:24,IP Address,100,489,TRUE,17/02/2020 06:24,R_VIsnZs8ROMKS5G1,anonymous,EN,Yes,Yes,UNI11,,Full-time,No,,3,1st Year,,,psychology ,Yes,female,Agree,Disagree,Have no opinion,Agree,Agree,Disagree,Agree,Agree,Agree,Agree,Agree,Strongly disagree,Have no opinion,Disagree,Disagree,Strongly agree,I have heard of this,I have heard of this,,I have heard of this,I have heard of this,,I have heard of this,I have heard of this,,,I have done/used this,,,I have done/used this,,,Agree,Disagree,Agree,Have no opinion,Strongly Agree,Strongly disagree,Disagree,Agree,Yes,Yes,well known studies don't produce the same results,No,Not sure,Yes,
17/02/2020 06:39,17/02/2020 06:44,IP Address,100,287,TRUE,17/02/2020 06:44,R_2SeOVH5KSEm2Rtd,anonymous,EN,Yes,Yes,UNI11,,Full-time,No,,3,2nd Year,,,BSc Psychology,Yes,Female,Agree,Disagree,Agree,Disagree,Agree,Disagree,Strongly agree,Disagree,Agree,Strongly agree,Strongly agree,Disagree,Have no opinion,Agree,Disagree,Strongly disagree,,,,,,,,I have heard of this,,I have done/used this,I have done/used this,,,,,,Strongly Agree,Disagree,Agree,Strongly agree,Have no opinion,Agree,Disagree,Strongly agree,Not sure,,,No,No,Not sure,
17/02/2020 06:39,17/02/2020 06:48,IP Address,100,545,TRUE,17/02/2020 06:48,R_wUgyUUwmzoRoL5L,anonymous,EN,Yes,Yes,UNI11,,Full-time,No,,3,1st Year,,,Bsc Psychology,Yes,female,Strongly agree,Disagree,Agree,Agree,Agree,Disagree,Strongly agree,Agree,Agree,Disagree,Agree,Strongly disagree,Strongly agree,Disagree,Disagree,Agree,I have heard of this,I have heard of this,I have heard of this,I have heard of this,I have heard of this,I have heard of this,,I have heard of this,,I have done/used this,I have done/used this,,,I have done/used this,,I have done/used this,Agree,Agree,Disagree,Agree,Agree,Disagree,Disagree,Agree,Yes,Yes,psychological studies in history that cannot be reproduced today showing a likely hood that these initial findings are not true,Yes,Yes,Yes,
17/02/2020 06:48,17/02/2020 06:54,IP Address,100,338,TRUE,17/02/2020 06:54,R_2VCTri9E1HLKLyS,anonymous,EN,Yes,Yes,UNI11,,Full-time,No,,3,1st Year,,,Psychology BSc,Yes,Female,Strongly agree,Strongly disagree,Agree,Disagree,Agree,Strongly disagree,Strongly agree,Strongly disagree,Strongly agree,Strongly disagree,Strongly agree,Strongly disagree,Have no opinion,Strongly agree,Strongly disagree,Agree,,,,,,,,,,,I have done/used this,,,,,I have done/used this,Strongly Agree,Strongly disagree,Agree,Disagree,Agree,Agree,Disagree,Strongly agree,Yes,No,it is very hard to replicate or reproduce a study in the same way as the original,No,Not sure,Yes,
20/02/2020 01:12,20/02/2020 01:19,IP Address,100,404,TRUE,20/02/2020 01:19,R_3CQlGLUlpwQRN8m,anonymous,EN,Yes,Yes,UNI11,,Full-time,No,,3,1st Year,,,Psychology,No,female,Agree,Disagree,Agree,Have no opinion,Agree,Disagree,Agree,Disagree,Agree,Disagree,Agree,Disagree,Agree,Disagree,Disagree,Agree,,,I have heard of this,I have heard of this,I have heard of this,I have heard of this,I have heard of this,I have heard of this,,,,,,,,,Agree,Disagree,Agree,Disagree,Agree,Disagree,Disagree,Disagree,Yes,Yes,where it is difficult to replicate or reproduce the original study,No,Not sure,Yes,
17/02/2020 03:08,17/02/2020 03:09,IP Address,14,10,FALSE,24/02/2020 03:09,R_3CDAyjj8Ob9ch3m,anonymous,EN,Yes,Yes,,,,,,,,,,,,,,,,,,,,,,,,,,,,,,,,,,,,,,,,,,,,,,,,,,,,,,,,,,,
17/02/2020 04:08,17/02/2020 04:10,IP Address,59,117,FALSE,24/02/2020 04:11,R_1rDq51EaTfqJV2K,anonymous,EN,Yes,Yes,UNI12,,Full-time,No,,3,1st Year,,,,No,,Have no opinion,Have no opinion,Have no opinion,Have no opinion,Have no opinion,Have no opinion,Have no opinion,Have no opinion,Have no opinion,Have no opinion,Have no opinion,Have no opinion,Have no opinion,Have no opinion,Have no opinion,Have no opinion,,,,,,,,,,,,,,,,,Have no opinion,Have no opinion,,,,,,,,,,,,,
17/02/2020 04:35,17/02/2020 04:39,IP Address,81,247,FALSE,24/02/2020 04:40,R_1Ca4KdE80Tk751b,anonymous,EN,Yes,Yes,UNI11,,Full-time,No,,3,2nd Year,,,BSc Psychology ,Yes,Female,Agree,Have no opinion,Agree,Disagree,Have no opinion,Have no opinion,Agree,Disagree,Have no opinion,Disagree,Agree,Strongly disagree,Have no opinion,Have no opinion,Strongly disagree,Agree,,,I have heard of this,,,,I have heard of this,I have heard of this,,,I have done/used this,,,,,,Agree,Have no opinion,Agree,Agree,Agree,Disagree,Disagree,Agree,Yes,,,,,,
17/02/2020 03:17,17/02/2020 15:11,IP Address,70,42808,FALSE,24/02/2020 15:11,R_2qDHgGPHpY5JdML,anonymous,EN,Yes,Yes,UNI11,,Full-time,No,,3,3rd Year,,,Psychology ,No,Female ,Agree,Strongly disagree,Strongly agree,Disagree,Agree,Disagree,Agree,Disagree,Agree,Disagree,Agree,Strongly disagree,Agree,Disagree,Disagree,Agree,,,,,I have heard of this,,,,I have done/used this,I have done/used this,I have done/used this,I have done/used this,,I have done/used this,I have done/used this,I have done/used this,Agree,Disagree,Disagree,Agree,Have no opinion,Disagree,,,,,,,,,
20/03/2020 09:09,20/03/2020 09:15,IP Address,100,384,TRUE,20/03/2020 09:15,R_2YESKGzLWp1hTyu,anonymous,EN,Yes,Yes,UKRN01,,Full-time,Yes,,4,1st Year,,,BSc Psychology,Yes,Female,Agree,Strongly disagree,Agree,Strongly agree,Disagree,Disagree,Disagree,Agree,Disagree,Strongly agree,Agree,Disagree,Agree,Agree,Have no opinion,Have no opinion,I have heard of this,I have heard of this,,,,,I have heard of this,I have heard of this,,,I have done/used this,I have done/used this,I have done/used this,I have done/used this,,,Disagree,Agree,Disagree,Agree,Agree,Disagree,Disagree,Have no opinion,Yes,Yes,It is when inability to replicate a study reduces the credibility of the results produced.,Not sure,No,Not sure,
20/03/2020 13:06,20/03/2020 13:13,IP Address,100,400,TRUE,20/03/2020 13:13,R_2eXLXM5MUUw6A70,anonymous,EN,Yes,Yes,UKRN01,,Full-time,Yes,,4,1st Year,,,BSc Psychology ,Yes,Female,Agree,Disagree,Have no opinion,Have no opinion,Have no opinion,Have no opinion,Agree,Disagree,Have no opinion,Have no opinion,Agree,Disagree,Have no opinion,Agree,Disagree,Agree,,,I have heard of this,I have heard of this,I have heard of this,I have heard of this,,I have heard of this,,,,,,,,,Agree,Have no opinion,Agree,Agree,Agree,Agree,Have no opinion,Agree,Yes,No,belief that some studies can’t be replicated ,No,No,Yes,
20/03/2020 15:57,20/03/2020 16:02,IP Address,100,279,TRUE,20/03/2020 16:02,R_12hDH5DC0ijP1rI,anonymous,EN,Yes,Yes,UKRN01,,Full-time,Yes,,4,1st Year,,,Psychology ,Yes,Female ,Agree,Disagree,Agree,Strongly disagree,Agree,Disagree,Agree,Disagree,Agree,Agree,Agree,Strongly disagree,Have no opinion,Strongly disagree,Have no opinion,Have no opinion,I have heard of this,I have heard of this,,,I have heard of this,I have heard of this,I have heard of this,I have heard of this,,,I have done/used this,I have done/used this,,,,,Agree,Agree,Agree,Have no opinion,Have no opinion,Agree,Disagree,Agree,No,,,Yes,Yes,Yes,
20/03/2020 16:55,20/03/2020 16:59,IP Address,100,213,TRUE,20/03/2020 16:59,R_REQ0FFe3EYSi8XT,anonymous,EN,Yes,Yes,UKRN01,,Full-time,Yes,,4,2nd Year,,,psychology,Yes,female,Agree,Disagree,Agree,Disagree,Agree,Have no opinion,Have no opinion,Disagree,Agree,Have no opinion,Agree,Have no opinion,Agree,Agree,Disagree,Disagree,I have heard of this,I have heard of this,I have heard of this,I have heard of this,I have heard of this,I have heard of this,I have heard of this,I have heard of this,I have done/used this,,I have done/used this,,I have done/used this,I have done/used this,,,Have no opinion,Disagree,Agree,Have no opinion,Disagree,Agree,Disagree,Agree,Not sure,,,Yes,Yes,Yes,
20/03/2020 17:50,20/03/2020 17:56,IP Address,100,361,TRUE,20/03/2020 17:56,R_2dT3DuXzZz3Jmmt,anonymous,EN,Yes,Yes,UKRN01,,Full-time,No,,3,2nd Year,,,Psychology ,Yes,female,Strongly agree,Strongly disagree,Disagree,Strongly disagree,Have no opinion,Strongly disagree,Disagree,Agree,Disagree,Agree,Strongly agree,Disagree,Agree,Agree,Strongly disagree,Agree,I have heard of this,I have heard of this,I have heard of this,I have heard of this,I have heard of this,I have heard of this,I have heard of this,I have heard of this,I have done/used this,I have done/used this,I have done/used this,,,I have done/used this,,,Agree,Agree,Strongly agree,Disagree,Agree,Agree,Have no opinion,Have no opinion,No,,,Yes,No,Yes,
20/03/2020 19:44,20/03/2020 19:49,IP Address,100,337,TRUE,20/03/2020 19:49,R_3PpotHC66D32t5Y,anonymous,EN,Yes,Yes,UKRN01,,Full-time,No,,3,1st Year,,,Psychology,No,Female,Agree,Disagree,Have no opinion,Disagree,Agree,Disagree,Strongly agree,Disagree,Agree,Agree,Agree,Strongly disagree,Disagree,Agree,Disagree,Have no opinion,I have heard of this,I have heard of this,,,I have heard of this,,I have heard of this,,,,I have done/used this,I have done/used this,,I have done/used this,,I have done/used this,Have no opinion,Agree,Disagree,Agree,Strongly Disagree,Strongly disagree,Agree,Agree,No,,,Not sure,Not sure,Yes,
21/03/2020 04:45,21/03/2020 04:50,IP Address,100,354,TRUE,21/03/2020 04:50,R_1eWdLSxPMoBdu5l,anonymous,EN,Yes,Yes,UKRN01,,Full-time,Yes,,3,2nd Year,,,Psychology,Yes,Female,Agree,Disagree,Have no opinion,Have no opinion,Have no opinion,Agree,Agree,Have no opinion,Agree,Disagree,Agree,Disagree,Agree,Agree,Have no opinion,Agree,I have heard of this,I have heard of this,,I have heard of this,I have heard of this,,I have heard of this,,,,I have done/used this,,,I have done/used this,,I have done/used this,Agree,Have no opinion,Agree,Have no opinion,Agree,Agree,Disagree,Agree,Yes,Yes,Studies weren’t scientific so needed to replicate them to check that they are reliable ,Not sure,Yes,Yes,
21/03/2020 06:24,21/03/2020 06:32,IP Address,100,521,TRUE,21/03/2020 06:32,R_2pSTobjHuoAMzIT,anonymous,EN,Yes,Yes,UKRN01,,Full-time,Yes,,4,2nd Year,,,Psychology ,Yes,Female,Strongly agree,Strongly disagree,Agree,Disagree,Agree,Agree,Disagree,Agree,Agree,Strongly agree,Strongly agree,Disagree,Strongly agree,Have no opinion,Have no opinion,Agree,I have heard of this,I have heard of this,,,,,I have heard of this,I have heard of this,,,I have done/used this,I have done/used this,,I have done/used this,,,Agree,Disagree,Agree,Strongly disagree,Agree,Agree,Strongly disagree,Strongly agree,Yes,Yes,Studies (especially in Social Psychology) have been replicated to discover that many of the results were now non-significant. ,Not sure,Not sure,Yes,
21/03/2020 11:10,21/03/2020 11:17,IP Address,100,399,TRUE,21/03/2020 11:17,R_TiJwU9sRADomLOF,anonymous,EN,Yes,Yes,UKRN01,,Full-time,Yes,,4,1st Year,,,Psychology,Yes,Female,Strongly agree,Strongly disagree,Have no opinion,Disagree,Agree,Disagree,Strongly agree,Strongly disagree,Strongly agree,Strongly agree,Strongly agree,Agree,Agree,Disagree,Strongly agree,Strongly agree,,,I have heard of this,I have heard of this,,I have heard of this,,I have heard of this,,,,,,,,,Strongly Agree,Disagree,Agree,Agree,Strongly Agree,Strongly agree,Strongly disagree,Agree,Not sure,,,Yes,Yes,Yes,
21/03/2020 12:32,21/03/2020 12:37,IP Address,100,289,TRUE,21/03/2020 12:37,R_XNR3tQScCMaJrSV,anonymous,EN,Yes,Yes,UKRN01,,Full-time,Yes,,4,1st Year,,,BSc psychology,Yes,Female,Strongly agree,Disagree,Disagree,Strongly agree,Have no opinion,Have no opinion,Strongly disagree,Strongly disagree,Disagree,Strongly agree,Agree,Disagree,Strongly agree,Strongly disagree,Disagree,Agree,I have heard of this,I have heard of this,I have heard of this,I have heard of this,I have heard of this,I have heard of this,,,,,,,,,,I have done/used this,Have no opinion,Agree,Disagree,Agree,Strongly Agree,Have no opinion,Strongly disagree,Have no opinion,Yes,Not sure,being able to produce the same findings again with the same procedures,No,No,Yes,
21/03/2020 12:56,21/03/2020 13:06,IP Address,100,630,TRUE,21/03/2020 13:06,R_1HkjWvfsAnbw0mM,anonymous,EN,Yes,Yes,UKRN01,,Full-time,Yes,,4,1st Year,,,Psychology ,Yes,Female ,Strongly agree,Have no opinion,Agree,Have no opinion,Agree,Strongly disagree,Agree,Disagree,Agree,Have no opinion,Agree,Strongly disagree,Agree,Have no opinion,Disagree,Strongly agree,,,,,,,,,,,,,,,,,Agree,Disagree,Strongly agree,Disagree,Agree,Disagree,Disagree,Have no opinion,No,,,No,Not sure,Yes,
21/03/2020 14:26,21/03/2020 14:38,IP Address,100,725,TRUE,21/03/2020 14:38,R_25EoPBDCZ5iAbJT,anonymous,EN,Yes,Yes,UKRN01,,Full-time,Yes,,4,1st Year,,,BSc Psychology,Yes,Female,Agree,Strongly disagree,Agree,Disagree,Have no opinion,Have no opinion,Agree,Disagree,Strongly disagree,Have no opinion,Have no opinion,Strongly disagree,Agree,Strongly disagree,Disagree,Agree,I have heard of this,I have heard of this,I have heard of this,I have heard of this,I have heard of this,I have heard of this,I have heard of this,I have heard of this,,,I have done/used this,,,I have done/used this,,I have done/used this,Disagree,Have no opinion,Have no opinion,Agree,Agree,Disagree,Have no opinion,Agree,No,,,Not sure,No,Yes,
21/03/2020 16:31,21/03/2020 17:24,IP Address,100,3227,TRUE,21/03/2020 17:24,R_3ISLGUCIuqfWczF,anonymous,EN,Yes,Yes,UKRN01,,Full-time,No,,3,1st Year,,,Psychology Bsc,Yes,Female,Strongly agree,Strongly disagree,Strongly agree,Disagree,Agree,Disagree,Agree,Have no opinion,Agree,Disagree,Have no opinion,Strongly disagree,Agree,Disagree,Disagree,Have no opinion,I have heard of this,,I have heard of this,,,,,I have heard of this,,,I have done/used this,,,,,I have done/used this,Disagree,Strongly disagree,Agree,Strongly agree,Strongly Agree,Disagree,Disagree,Agree,Yes,Yes,when there aren't enough replications of studies which then questions the credibility of the studies' findings,Not sure,Yes,Yes,no
22/03/2020 05:37,22/03/2020 05:44,IP Address,100,436,TRUE,22/03/2020 05:44,R_WfjAXR0wkYvjQbv,anonymous,EN,Yes,Yes,UKRN01,,Full-time,Yes,,4,1st Year,,,Psychology BSc,Yes,Female,Agree,Strongly disagree,Have no opinion,Have no opinion,Have no opinion,Disagree,Have no opinion,Have no opinion,Have no opinion,Have no opinion,Disagree,Strongly disagree,Have no opinion,Disagree,Have no opinion,Agree,I have heard of this,,I have heard of this,I have heard of this,,I have heard of this,,I have heard of this,,,I have done/used this,,,,,,Agree,Have no opinion,Have no opinion,Have no opinion,Agree,Have no opinion,Have no opinion,Have no opinion,No,,,Not sure,Not sure,Yes,
22/03/2020 10:51,22/03/2020 10:58,IP Address,100,433,TRUE,22/03/2020 10:58,R_3j8JAZ3RPRaEWVT,anonymous,EN,Yes,Yes,UNI13,,Full-time,No,,3,3rd Year,,,Mechanical Engineering,No,Male,Strongly agree,Strongly disagree,Disagree,Disagree,Agree,Disagree,Disagree,Disagree,Agree,Disagree,Agree,Strongly disagree,Have no opinion,Agree,Disagree,Agree,I have heard of this,I have heard of this,I have heard of this,,,I have heard of this,,I have heard of this,,I have done/used this,I have done/used this,,,,,I have done/used this,Strongly Agree,Disagree,Agree,Disagree,Agree,Agree,Disagree,Agree,No,,,Yes,No,Yes,
22/03/2020 11:00,22/03/2020 11:07,IP Address,100,436,TRUE,22/03/2020 11:07,R_27rollqMMAc47pT,anonymous,EN,Yes,Yes,UKRN01,,Full-time,Yes,,4,2nd Year,,,Psychology,Yes,Female,Agree,Agree,Agree,Agree,Agree,Agree,Agree,Agree,Agree,Agree,Agree,Agree,Agree,Agree,Agree,Agree,I have heard of this,I have heard of this,I have heard of this,I have heard of this,I have heard of this,I have heard of this,I have heard of this,I have heard of this,,I have done/used this,I have done/used this,,,I have done/used this,I have done/used this,,Agree,Disagree,Agree,Disagree,Agree,Agree,Disagree,Have no opinion,Not sure,,,Yes,No,Yes,
22/03/2020 16:04,22/03/2020 16:17,IP Address,100,765,TRUE,22/03/2020 16:17,R_2rIW202pyACs07q,anonymous,EN,Yes,Yes,UKRN01,,Full-time,Yes,,3,1st Year,,,Psychology Bsc,Yes,Female,Agree,Disagree,Agree,Have no opinion,Disagree,Have no opinion,Disagree,Agree,Disagree,Strongly agree,Agree,Strongly disagree,Agree,Strongly disagree,Have no opinion,Agree,,,I have heard of this,,,,I have heard of this,I have heard of this,,,,,,,,I have done/used this,Agree,Disagree,Agree,Agree,Strongly Agree,Strongly disagree,Have no opinion,Have no opinion,Yes,No,Where the results of an original study can not be replicated,Not sure,No,Yes,
23/03/2020 03:53,23/03/2020 04:01,IP Address,100,461,TRUE,23/03/2020 04:01,R_2yftEWP1l8lbCNO,anonymous,EN,Yes,Yes,UKRN01,,Full-time,Yes,,3,3rd Year,,,BSc Psychology,Yes,Female,Strongly agree,Strongly disagree,Have no opinion,Have no opinion,Disagree,Have no opinion,Agree,Have no opinion,Strongly agree,Have no opinion,Agree,Strongly disagree,Have no opinion,Disagree,Disagree,Strongly agree,,I have heard of this,I have heard of this,I have heard of this,I have heard of this,I have heard of this,I have heard of this,I have heard of this,,,I have done/used this,,,,I have done/used this,I have done/used this,Agree,Disagree,Have no opinion,Have no opinion,Agree,Agree,Agree,Have no opinion,Yes,Yes,"Contemporary researches are unable to replicate older studies, not even the ones we now consider 'classic'",Not sure,Not sure,Yes,
23/03/2020 04:35,23/03/2020 04:42,IP Address,100,464,TRUE,23/03/2020 04:42,R_2ZBl9UCyVqcHkUN,anonymous,EN,Yes,Yes,UKRN01,,Full-time,Yes,,4,1st Year,,,Psychology with placement year,Yes,Female,Agree,Strongly disagree,Strongly agree,Strongly disagree,Have no opinion,Agree,Agree,Disagree,Disagree,Agree,Disagree,Strongly disagree,Agree,Strongly disagree,Disagree,Agree,I have heard of this,I have heard of this,I have heard of this,I have heard of this,I have heard of this,I have heard of this,I have heard of this,I have heard of this,,,I have done/used this,,,,,I have done/used this,Strongly Agree,Disagree,Have no opinion,Agree,Agree,Strongly disagree,Disagree,Disagree,Yes,Yes,where many scientific studies have been found very hard to reproduce,No,No,Yes,
23/03/2020 06:35,23/03/2020 06:47,IP Address,100,727,TRUE,23/03/2020 06:47,R_2xLxvVZpJgMYCQU,anonymous,EN,Yes,Yes,UKRN01,,Full-time,Yes,,4,1st Year,,,BSc Psychology,Yes,Female,Agree,Disagree,Have no opinion,Strongly agree,Have no opinion,Agree,Agree,Agree,Have no opinion,Disagree,Strongly agree,Agree,Agree,Agree,Have no opinion,Agree,I have heard of this,I have heard of this,I have heard of this,I have heard of this,I have heard of this,I have heard of this,I have heard of this,,,,,,,,,I have done/used this,Strongly Agree,Disagree,Disagree,Agree,Agree,Disagree,Disagree,Agree,Yes,Yes,How hard it is to replicate the study.,No,No,Yes,
23/03/2020 09:56,23/03/2020 10:01,IP Address,100,320,TRUE,23/03/2020 10:01,R_10N8siJreKrJJE9,anonymous,EN,Yes,Yes,UKRN01,,Full-time,Yes,,4,3rd Year,,,Psychology BsC,Yes,Female ,Strongly agree,Disagree,Have no opinion,Agree,Strongly agree,Disagree,Strongly agree,Strongly disagree,Agree,Agree,Agree,Strongly disagree,Disagree,Have no opinion,Have no opinion,Disagree,I have heard of this,I have heard of this,I have heard of this,,,I have heard of this,,I have heard of this,,,,,,,,,Agree,Agree,Strongly agree,Agree,Have no opinion,Agree,Agree,Agree,Yes,Yes,Lots of studies were replicated yet the results were not,Not sure,No,Yes,
23/03/2020 12:52,23/03/2020 13:00,IP Address,100,450,TRUE,23/03/2020 13:00,R_3knrG5Mfg6B4qQK,anonymous,EN,Yes,Yes,UKRN01,,Full-time,Yes,,4,3rd Year,,,Psychology ,Yes,Female,Disagree,Strongly disagree,Strongly disagree,Disagree,Have no opinion,Have no opinion,Strongly agree,Disagree,Strongly agree,Agree,Strongly agree,Strongly disagree,Agree,Strongly disagree,Strongly disagree,Strongly agree,,,I have heard of this,I have heard of this,,,I have heard of this,I have heard of this,,,,,,,,,Agree,Have no opinion,Strongly agree,Agree,Strongly Agree,Have no opinion,Strongly disagree,Have no opinion,Yes,Yes,"An issue in psychology, especially social psychology, whereby many famous studies are now being replicated and are finding different/non significant results, therefore undermining the research in these fields. ",No,No,Yes,
23/03/2020 13:11,23/03/2020 13:20,IP Address,100,531,TRUE,23/03/2020 13:20,R_3iDSMSVWOxEUggg,anonymous,EN,Yes,Yes,UKRN01,,Full-time,Yes,,4,2nd Year,,,Psychology,Yes,Female,Disagree,Have no opinion,Agree,Disagree,Agree,Agree,Have no opinion,Disagree,Agree,Disagree,Agree,Disagree,Agree,Agree,Agree,Agree,I have heard of this,I have heard of this,I have heard of this,,,I have heard of this,,I have heard of this,,,,I have done/used this,I have done/used this,,I have done/used this,,Agree,Disagree,Agree,Have no opinion,Agree,Have no opinion,Disagree,Agree,Yes,No,A lot of studies are impossible to replicate which is a problem.,No,No,Yes,
24/03/2020 06:17,24/03/2020 06:22,IP Address,100,321,TRUE,24/03/2020 06:22,R_e5QpOEgl9Pie5X3,anonymous,EN,Yes,Yes,UKRN01,,Full-time,No,,3,2nd Year,,,Psychology,No,Male,Strongly agree,Strongly disagree,Agree,Strongly disagree,Agree,Disagree,Agree,Agree,Agree,Strongly disagree,Agree,Strongly disagree,Agree,Disagree,Disagree,Agree,I have heard of this,I have heard of this,I have heard of this,I have heard of this,,I have heard of this,I have heard of this,I have heard of this,,,I have done/used this,I have done/used this,,,I have done/used this,,Strongly Agree,Disagree,Agree,Disagree,Strongly Agree,Agree,Disagree,Agree,Yes,Yes,A review of the process and the thoughts regarding the need and the methods of repeating studies.,Yes,Yes,Yes,
24/03/2020 06:18,24/03/2020 06:23,IP Address,100,353,TRUE,24/03/2020 06:23,R_1MTf2UERBNdcKvm,anonymous,EN,Yes,Yes,UKRN01,,Full-time,No,,3,2nd Year,,,Psychology BSc,Yes,Male,Agree,Disagree,Strongly agree,Disagree,Agree,Have no opinion,Strongly agree,Disagree,Agree,Disagree,Strongly agree,Strongly disagree,Have no opinion,Agree,Have no opinion,Strongly agree,I have heard of this,,I have heard of this,I have heard of this,,,,I have heard of this,,,,,,,,,Agree,Disagree,Disagree,Strongly agree,Strongly Agree,Agree,Strongly disagree,Agree,Yes,Yes,The difficulty in replicating original findings of a study e.g. different significances or effects are found on replication.,No,No,Yes,
24/03/2020 06:53,24/03/2020 06:59,IP Address,100,340,TRUE,24/03/2020 06:59,R_sjMZVsuBypL1QVb,anonymous,EN,Yes,Yes,UKRN01,,Full-time,Yes,,3,1st Year,,,Psychology Bsc,Yes,Male,Strongly agree,Strongly disagree,Strongly agree,Disagree,Disagree,Strongly disagree,Agree,Have no opinion,Disagree,Agree,Strongly agree,Strongly disagree,Have no opinion,Strongly disagree,Strongly disagree,Strongly agree,I have heard of this,I have heard of this,,I have heard of this,I have heard of this,I have heard of this,,,,,I have done/used this,,,,I have done/used this,I have done/used this,Strongly Agree,Have no opinion,Have no opinion,Strongly agree,Strongly Agree,Strongly agree,Strongly disagree,Strongly agree,Not sure,,,No,No,Yes,
24/03/2020 06:55,24/03/2020 07:02,IP Address,100,412,TRUE,24/03/2020 07:02,R_1Cf3CITVeligx9y,anonymous,EN,Yes,Yes,UKRN01,,Full-time,No,,3,1st Year,,,Psychology BSc,Yes,Female,Agree,Agree,Agree,Strongly disagree,Have no opinion,Strongly disagree,Agree,Disagree,Agree,Disagree,Disagree,Disagree,Have no opinion,Disagree,Disagree,Agree,I have heard of this,I have heard of this,I have heard of this,,I have heard of this,I have heard of this,,I have heard of this,I have done/used this,I have done/used this,I have done/used this,,,I have done/used this,,I have done/used this,Agree,Disagree,Disagree,Agree,Agree,Disagree,Agree,Disagree,Not sure,,,Not sure,Not sure,Yes,
24/03/2020 06:56,24/03/2020 07:02,IP Address,100,374,TRUE,24/03/2020 07:02,R_2c7cnpTMDjN3Pvd,anonymous,EN,Yes,Yes,UKRN01,,Full-time,Yes,,4,2nd Year,,,Psychology,Yes,Female,Strongly agree,Strongly disagree,Agree,Have no opinion,Agree,Have no opinion,Agree,Have no opinion,Agree,Have no opinion,Agree,Have no opinion,Agree,Agree,Have no opinion,Agree,I have heard of this,I have heard of this,,I have heard of this,I have heard of this,,,I have heard of this,,,I have done/used this,,,I have done/used this,I have done/used this,,Agree,Have no opinion,Agree,Agree,Agree,Have no opinion,Disagree,Agree,Yes,Yes,time when the necessity of replicating studies was made focal ,No,No,Yes,
24/03/2020 06:59,24/03/2020 07:05,IP Address,100,412,TRUE,24/03/2020 07:05,R_OOLwmSWWaJHSKEF,anonymous,EN,Yes,Yes,UKRN01,,Full-time,Yes,,4,1st Year,,,BSc Psychology with Placement Year,Yes,Female,Strongly agree,Strongly disagree,Agree,Disagree,Have no opinion,Disagree,Agree,Agree,Strongly agree,Strongly disagree,Agree,Disagree,Have no opinion,Agree,Agree,Agree,I have heard of this,,I have heard of this,,,,,I have heard of this,,,I have done/used this,,,,,I have done/used this,Strongly Agree,Disagree,Agree,Disagree,Agree,Agree,Have no opinion,Agree,Not sure,,,No,Not sure,Yes,
24/03/2020 07:25,24/03/2020 07:28,IP Address,100,175,TRUE,24/03/2020 07:28,R_Z3s3yEi6JmBexY5,anonymous,EN,Yes,Yes,UKRN01,,Full-time,Yes,,4,1st Year,,,Psychology,No,Female,Strongly agree,Disagree,Agree,Have no opinion,Have no opinion,Agree,Strongly disagree,Disagree,Agree,Strongly agree,Have no opinion,Disagree,Have no opinion,Strongly agree,Disagree,Agree,I have heard of this,I have heard of this,I have heard of this,I have heard of this,I have heard of this,I have heard of this,I have heard of this,I have heard of this,,,,,I have done/used this,,I have done/used this,,Strongly disagree,Have no opinion,Strongly Disagree,Strongly agree,Disagree,Strongly agree,Disagree,Disagree,Yes,Not sure,Not sure,Yes,Yes,Yes,
24/03/2020 08:17,24/03/2020 08:22,IP Address,100,271,TRUE,24/03/2020 08:22,R_56DYxMW0uyi2M1z,anonymous,EN,Yes,Yes,UKRN01,,Full-time,Yes,,4,1st Year,,,Psychology,Yes,female,Strongly agree,Strongly disagree,Have no opinion,Have no opinion,Agree,Have no opinion,Have no opinion,Agree,Agree,Agree,Strongly agree,Disagree,Agree,Agree,Have no opinion,Disagree,I have heard of this,,I have heard of this,I have heard of this,I have heard of this,I have heard of this,,I have heard of this,I have done/used this,,,I have done/used this,,I have done/used this,,,Agree,Have no opinion,Agree,Agree,Strongly Agree,Have no opinion,Have no opinion,Agree,No,,,No,No,Yes,
24/03/2020 08:36,24/03/2020 08:42,IP Address,100,326,TRUE,24/03/2020 08:42,R_26mwMGpqiihGI7n,anonymous,EN,Yes,Yes,UKRN01,,Full-time,Yes,,4,3rd Year,,,Psychology,Yes,Female,Agree,Have no opinion,Strongly agree,Disagree,Agree,Disagree,Strongly agree,Disagree,Strongly agree,Have no opinion,Agree,Disagree,Agree,Agree,Have no opinion,Have no opinion,I have heard of this,I have heard of this,I have heard of this,I have heard of this,,I have heard of this,I have heard of this,I have heard of this,,,I have done/used this,,,I have done/used this,I have done/used this,,Agree,Disagree,Strongly agree,Disagree,Have no opinion,Have no opinion,Disagree,Agree,Yes,Yes,"famous and important studies in psychology are not replicating, causing a lot of doubts in psychology research and theory",Yes,Yes,Yes,
24/03/2020 08:41,24/03/2020 08:46,IP Address,100,338,TRUE,24/03/2020 08:46,R_8CCS6Nr00NdpBgl,anonymous,EN,Yes,Yes,UKRN01,,Full-time,Yes,,4,1st Year,,,Psychology,Yes,Female ,Strongly agree,Have no opinion,Agree,Disagree,Disagree,Agree,Disagree,Agree,Strongly agree,Disagree,Disagree,Strongly disagree,Agree,Disagree,Disagree,Agree,I have heard of this,,I have heard of this,,,,,I have heard of this,,,,,,,,I have done/used this,Strongly Agree,Strongly disagree,Agree,Agree,Agree,Agree,Agree,Agree,Yes,Yes,The idea that many studies done in the past in psychology when repeated do not find the same results ,No,No,Yes,The issue could be that a lot of research is conducted on undergrad Psychology students 
24/03/2020 09:01,24/03/2020 09:04,IP Address,100,206,TRUE,24/03/2020 09:04,R_3D0k62QvQ9fD9uy,anonymous,EN,Yes,Yes,UKRN01,,Full-time,Yes,,4,2nd Year,,,Psychology Bsc,Yes,Female,Strongly agree,Have no opinion,Strongly agree,Have no opinion,Strongly agree,Disagree,Strongly agree,Strongly disagree,Strongly agree,Disagree,Strongly agree,Strongly agree,Have no opinion,Agree,Have no opinion,Have no opinion,,,I have heard of this,,I have heard of this,,I have heard of this,I have heard of this,,,I have done/used this,,I have done/used this,,,I have done/used this,Disagree,Disagree,Agree,Agree,Agree,Agree,Strongly disagree,Agree,Yes,Yes,whether or not your research can be replicated ,No,No,Yes,
24/03/2020 09:08,24/03/2020 09:13,IP Address,100,321,TRUE,24/03/2020 09:13,R_1f7d73za7ljDAbe,anonymous,EN,Yes,Yes,UKRN01,,Full-time,No,,3,2nd Year,,,BSc Psychology ,Yes,Female,Agree,Disagree,Agree,Disagree,Agree,Have no opinion,Strongly agree,Strongly disagree,Agree,Strongly agree,Agree,Strongly disagree,Have no opinion,Have no opinion,Disagree,Have no opinion,,,,I have heard of this,,,,,I have done/used this,I have done/used this,I have done/used this,,I have done/used this,I have done/used this,I have done/used this,I have done/used this,Agree,Have no opinion,Agree,Agree,Agree,Disagree,Have no opinion,Agree,Not sure,,,Not sure,Not sure,Yes,
24/03/2020 09:36,24/03/2020 09:44,IP Address,100,489,TRUE,24/03/2020 09:44,R_1Lh4BPtYIhGwtyf,anonymous,EN,Yes,Yes,UKRN01,,Full-time,Yes,,4,2nd Year,,,Psychology,Yes,Female,Disagree,Disagree,Have no opinion,Disagree,Agree,Strongly disagree,Agree,Disagree,Disagree,Have no opinion,Strongly agree,Strongly disagree,Have no opinion,Strongly disagree,Strongly disagree,Agree,I have heard of this,I have heard of this,I have heard of this,I have heard of this,I have heard of this,I have heard of this,I have heard of this,I have heard of this,,,I have done/used this,I have done/used this,,I have done/used this,,I have done/used this,Agree,Have no opinion,Have no opinion,Agree,Agree,Have no opinion,Strongly disagree,Agree,Yes,Yes,difficulty in replicating a study and finding the same results,No,Not sure,Yes,
24/03/2020 09:51,24/03/2020 09:57,IP Address,100,341,TRUE,24/03/2020 09:57,R_31SfV82gom7hHO5,anonymous,EN,Yes,Yes,UKRN01,,Full-time,Yes,,4,1st Year,,,BSc Psychology  ,Yes,Female ,Strongly agree,Disagree,Have no opinion,Disagree,Agree,Disagree,Strongly agree,Have no opinion,Disagree,Agree,Strongly agree,Strongly disagree,Have no opinion,Agree,Disagree,Agree,I have heard of this,I have heard of this,I have heard of this,I have heard of this,I have heard of this,I have heard of this,,I have heard of this,,,,,,,I have done/used this,,Disagree,Have no opinion,Agree,Agree,Agree,Have no opinion,Disagree,Agree,No,,,Yes,Yes,Yes,
24/03/2020 11:37,24/03/2020 11:42,IP Address,100,292,TRUE,24/03/2020 11:42,R_bNmVCeCdp5gk0wN,anonymous,EN,Yes,Yes,UKRN01,,Full-time,Yes,,4,2nd Year,,,Psychology ,Yes,Female,Strongly agree,Strongly disagree,Agree,Disagree,Agree,Disagree,Agree,Disagree,Agree,Strongly agree,Agree,Strongly disagree,Agree,Agree,Disagree,Agree,I have heard of this,I have heard of this,I have heard of this,I have heard of this,I have heard of this,I have heard of this,I have heard of this,I have heard of this,,,,,,,,,Disagree,Disagree,Agree,Disagree,Agree,Strongly disagree,Strongly disagree,Agree,Yes,Yes,Being unable to replicate the same results across different studies ,Not sure,Yes,Yes,
24/03/2020 11:37,24/03/2020 11:44,IP Address,100,421,TRUE,24/03/2020 11:44,R_BLGNwH23dOM8lfX,anonymous,EN,Yes,Yes,UKRN01,,Full-time,Yes,,4,1st Year,,,Psychology,Yes,female,Strongly agree,Strongly disagree,Have no opinion,Disagree,Agree,Disagree,Disagree,Agree,Agree,Strongly agree,Agree,Strongly disagree,Agree,Disagree,Disagree,Agree,I have heard of this,I have heard of this,I have heard of this,,I have heard of this,I have heard of this,,I have heard of this,,,I have done/used this,,,I have done/used this,,I have done/used this,Strongly Agree,Have no opinion,Strongly agree,Disagree,Strongly Agree,Strongly agree,Disagree,Have no opinion,Not sure,,,Yes,No,Yes,
24/03/2020 11:43,24/03/2020 12:04,IP Address,100,1291,TRUE,24/03/2020 12:04,R_eDmUZ9f1uoutULT,anonymous,EN,Yes,Yes,UKRN01,,Full-time,Yes,,4,1st Year,,,PSYCHOLOGY ,Yes,FEMALE,Strongly agree,Disagree,Strongly agree,Have no opinion,Have no opinion,Have no opinion,Agree,Disagree,Strongly agree,Have no opinion,Agree,Have no opinion,Agree,Agree,Have no opinion,Have no opinion,I have heard of this,I have heard of this,I have heard of this,I have heard of this,I have heard of this,I have heard of this,I have heard of this,I have heard of this,,,,,,,,,Strongly Agree,Have no opinion,Agree,Have no opinion,Agree,Agree,Disagree,Have no opinion,No,,,No,No,Not sure,
24/03/2020 12:48,24/03/2020 13:15,IP Address,100,1599,TRUE,24/03/2020 13:15,R_2WAOpYy4hEqHiNd,anonymous,EN,Yes,Yes,UKRN01,,Full-time,No,,3,1st Year,,,Psychology,No,Female,Strongly agree,Strongly disagree,Agree,Disagree,Agree,Disagree,Agree,Disagree,Strongly agree,Have no opinion,Agree,Agree,Have no opinion,Strongly agree,Have no opinion,Agree,I have heard of this,I have heard of this,I have heard of this,,,I have heard of this,I have heard of this,I have heard of this,,,,,,,,I have done/used this,Agree,Disagree,Agree,Agree,Have no opinion,Agree,Agree,Agree,Yes,Not sure,When a replicated study shows the complete opposite results than the first one,No,Not sure,Yes,
24/03/2020 14:19,24/03/2020 14:28,IP Address,100,546,TRUE,24/03/2020 14:28,R_1ptjNTf4D3htp7K,anonymous,EN,Yes,Yes,UKRN01,,Full-time,Yes,,4,1st Year,,,Psychology BSc,Yes,Female,Strongly agree,Strongly disagree,Have no opinion,Strongly disagree,Strongly agree,Strongly disagree,Agree,Disagree,Agree,Agree,Have no opinion,Strongly disagree,Agree,Agree,Strongly disagree,Agree,I have heard of this,,I have heard of this,,,I have heard of this,,I have heard of this,I have done/used this,,I have done/used this,,,I have done/used this,,I have done/used this,Strongly Agree,Strongly disagree,Strongly agree,Strongly agree,Agree,Agree,Disagree,Agree,Not sure,,,No,Not sure,Yes,One or two of the questions on the first page weren't clear--worth checking your wording.
24/03/2020 15:27,24/03/2020 15:34,IP Address,100,387,TRUE,24/03/2020 15:34,R_2uIeXYZwOXKeoxf,anonymous,EN,Yes,Yes,UKRN01,,Full-time,Yes,,4,1st Year,,,Psychology,Yes,Female,Strongly agree,Disagree,Have no opinion,Disagree,Agree,Disagree,Strongly agree,Strongly disagree,Agree,Strongly disagree,Agree,Strongly disagree,Have no opinion,Disagree,Agree,Have no opinion,,,I have heard of this,,,,,I have heard of this,,,,,,,,,Agree,Disagree,Agree,Have no opinion,Have no opinion,Have no opinion,Disagree,Disagree,Not sure,,,No,No,Yes,
24/03/2020 16:12,24/03/2020 16:18,IP Address,100,336,TRUE,24/03/2020 16:18,R_333wlKR8qOyqAWQ,anonymous,EN,Yes,Yes,UKRN01,,Full-time,Yes,,4,1st Year,,,Psychology,Yes,female,Strongly agree,Strongly disagree,Strongly agree,Strongly disagree,Strongly agree,Strongly disagree,Agree,Agree,Strongly agree,Strongly disagree,Agree,Strongly disagree,Agree,Agree,Disagree,Disagree,I have heard of this,I have heard of this,I have heard of this,I have heard of this,I have heard of this,I have heard of this,I have heard of this,I have heard of this,I have done/used this,I have done/used this,,,,I have done/used this,,I have done/used this,Strongly Agree,Disagree,Strongly agree,Agree,Disagree,Strongly agree,Disagree,Agree,Yes,No,not being able to reproduce results of a certain study,Not sure,No,Yes,
24/03/2020 16:17,24/03/2020 16:19,IP Address,100,147,TRUE,24/03/2020 16:19,R_2YrHWLxiCFKkn3C,anonymous,EN,Yes,Yes,UKRN01,,Full-time,No,,3,2nd Year,,,psychology ,Yes,female ,Disagree,Agree,Have no opinion,Have no opinion,Strongly agree,Strongly agree,Strongly agree,Agree,Have no opinion,Strongly agree,Have no opinion,Agree,Have no opinion,Have no opinion,Disagree,Have no opinion,I have heard of this,,,I have heard of this,I have heard of this,,I have heard of this,,,I have done/used this,I have done/used this,,,I have done/used this,,I have done/used this,Strongly disagree,Have no opinion,Have no opinion,Strongly disagree,Agree,Have no opinion,Have no opinion,Strongly agree,No,,,No,Yes,Yes,no
24/03/2020 16:17,24/03/2020 16:28,IP Address,100,657,TRUE,24/03/2020 16:28,R_pRhQeGWHbjuvnlT,anonymous,EN,Yes,Yes,UKRN01,,Full-time,Other (Please specify),Not sure,3,1st Year,,,Psychology,No,Female,Agree,Disagree,Have no opinion,Strongly agree,Have no opinion,Have no opinion,Agree,Agree,Agree,Agree,Agree,Disagree,Disagree,Have no opinion,Disagree,Agree,I have heard of this,,I have heard of this,,,I have heard of this,,I have heard of this,,,I have done/used this,,,,,I have done/used this,Have no opinion,Agree,Have no opinion,Agree,Have no opinion,Have no opinion,Have no opinion,Have no opinion,Yes,Yes,,Not sure,Not sure,Not sure,
24/03/2020 16:19,24/03/2020 17:12,IP Address,100,3196,TRUE,24/03/2020 17:12,R_w13yT2OEgGUihPz,anonymous,EN,Yes,Yes,UKRN01,,Full-time,Yes,,4,1st Year,,,Bsc Psychology,No,female,Strongly agree,Have no opinion,Agree,Disagree,Strongly agree,Strongly agree,Strongly agree,Strongly disagree,Agree,Strongly agree,Strongly agree,Strongly disagree,Disagree,Strongly agree,Have no opinion,Have no opinion,,,,,,,,I have heard of this,,,,,,,,I have done/used this,Agree,Have no opinion,Agree,Agree,Have no opinion,Have no opinion,Disagree,Agree,No,,,No,No,Not sure,
24/03/2020 19:32,24/03/2020 19:35,IP Address,100,170,TRUE,24/03/2020 19:35,R_6wZd81aLnlA632V,anonymous,EN,Yes,Yes,UKRN01,,Full-time,Yes,,4,1st Year,,,psychology,Yes,f,Strongly agree,Strongly disagree,Strongly agree,Strongly disagree,Strongly agree,Strongly disagree,Agree,Agree,Strongly agree,Strongly disagree,Agree,Strongly disagree,Disagree,Strongly agree,Disagree,Strongly disagree,I have heard of this,I have heard of this,I have heard of this,I have heard of this,I have heard of this,I have heard of this,I have heard of this,I have heard of this,I have done/used this,I have done/used this,,I have done/used this,,I have done/used this,,I have done/used this,Strongly Agree,Disagree,Strongly agree,Agree,Disagree,Strongly agree,Disagree,Agree,Not sure,,,Not sure,Not sure,Yes,
25/03/2020 03:34,25/03/2020 03:39,IP Address,100,327,TRUE,25/03/2020 03:39,R_Rf9JV3PaZ4c1AXv,anonymous,EN,Yes,Yes,UKRN01,,Full-time,No,,3,2nd Year,,,Psychology,Yes,Female,Agree,Disagree,Agree,Agree,Have no opinion,Have no opinion,Agree,Disagree,Disagree,Agree,Have no opinion,Strongly disagree,Have no opinion,Disagree,Strongly disagree,Agree,I have heard of this,I have heard of this,I have heard of this,I have heard of this,,I have heard of this,I have heard of this,I have heard of this,,,I have done/used this,I have done/used this,,,,I have done/used this,Disagree,Agree,Have no opinion,Agree,Agree,Agree,Have no opinion,Have no opinion,Yes,Not sure,lots of methodologies/ studies are impossible to replicate or reproduce,Not sure,No,Yes,
25/03/2020 03:36,25/03/2020 03:48,IP Address,100,705,TRUE,25/03/2020 03:48,R_OjKASk81ROJdJo5,anonymous,EN,Yes,Yes,UKRN01,,Full-time,Yes,,4,2nd Year,,,Psychology BSc,Yes,Female,Have no opinion,Strongly disagree,Strongly agree,Strongly disagree,Have no opinion,Strongly disagree,Agree,Have no opinion,Agree,Disagree,Agree,Strongly disagree,Strongly agree,Strongly disagree,Strongly agree,Disagree,I have heard of this,,I have heard of this,I have heard of this,,,I have heard of this,I have heard of this,,,I have done/used this,,,,,,Strongly Agree,Disagree,Agree,Strongly disagree,Disagree,Strongly agree,Disagree,Agree,Yes,Yes,"Many studies (in particular ""classic"" social psychology studies) have been replicated recenttly and results have not been significant/the same ",Yes,No,Yes,"The issues raised are somewhat applicable to undergraduates - it is important to understand things like replication andn open access, but it's not so relevant if undergraduates aren't going on to do research. Also, I felt like I didn't know much about the finanicial side - e.g. whether journals should charge for access for example."
25/03/2020 03:47,25/03/2020 03:54,IP Address,100,387,TRUE,25/03/2020 03:54,R_cPeqMdRjsqxSV7X,anonymous,EN,Yes,Yes,UKRN01,,Full-time,Yes,,4,2nd Year,,,Psychology BSc,Yes,Female,Agree,Strongly disagree,Agree,Disagree,Agree,Disagree,Strongly agree,Strongly disagree,Strongly agree,Agree,Disagree,Strongly disagree,Agree,Disagree,Disagree,Strongly agree,I have heard of this,,I have heard of this,I have heard of this,,I have heard of this,I have heard of this,I have heard of this,,,I have done/used this,,,,I have done/used this,I have done/used this,Agree,Strongly disagree,Strongly agree,Agree,Strongly Agree,Agree,Strongly disagree,Strongly agree,Yes,Yes,There's so many studies out there claiming to have a significant effect yet hardly any of these are replicated and so it's difficult to know if these results were a one off effect or genuine ,Not sure,Not sure,Yes,
25/03/2020 04:20,25/03/2020 04:27,IP Address,100,398,TRUE,25/03/2020 04:27,R_3IVL3jSMZM5cGNK,anonymous,EN,Yes,Yes,UKRN01,,Full-time,Yes,,4,1st Year,,,BSc Psychology,Yes,Female,Agree,Disagree,Have no opinion,Disagree,Have no opinion,Disagree,Agree,Have no opinion,Agree,Strongly agree,Disagree,Strongly disagree,Agree,Disagree,Disagree,Agree,I have heard of this,,,,,,,I have heard of this,,,I have done/used this,I have done/used this,,I have done/used this,,,Agree,Disagree,Agree,Agree,Have no opinion,Have no opinion,Have no opinion,Agree,Yes,Not sure,Not being able to replicate results,Not sure,Not sure,Yes,
25/03/2020 04:33,25/03/2020 04:40,IP Address,100,374,TRUE,25/03/2020 04:40,R_2ZHvbpd2BJ5ORcQ,anonymous,EN,Yes,Yes,UKRN01,,Full-time,Yes,,4,2nd Year,,,BSc Psychology,Yes,Female,Strongly agree,Strongly disagree,Strongly agree,Have no opinion,Strongly agree,Disagree,Agree,Disagree,Strongly agree,Strongly agree,Strongly agree,Strongly disagree,Strongly agree,Have no opinion,Agree,Have no opinion,I have heard of this,,I have heard of this,I have heard of this,I have heard of this,I have heard of this,I have heard of this,,,,,,,,,I have done/used this,Strongly Agree,Disagree,Strongly agree,Disagree,Agree,Have no opinion,Disagree,Agree,Yes,Yes,The fact that lots of previous research in psychology when replicated has not found the same results. ,Not sure,Yes,Yes,
25/03/2020 05:21,25/03/2020 05:32,IP Address,100,660,TRUE,25/03/2020 05:32,R_1i3VuUEqFm2pYmz,anonymous,EN,Yes,Yes,UKRN01,,Full-time,Yes,,4,1st Year,,,Psychology BSc,Yes,Female,Agree,Disagree,Agree,Strongly agree,Have no opinion,Have no opinion,Have no opinion,Agree,Have no opinion,Strongly agree,Strongly agree,Disagree,Strongly agree,Agree,Disagree,Have no opinion,I have heard of this,,I have heard of this,I have heard of this,,,,I have heard of this,,I have done/used this,,,I have done/used this,I have done/used this,I have done/used this,,Disagree,Have no opinion,Agree,Strongly agree,Have no opinion,Agree,Disagree,Agree,No,,,Yes,No,Yes,
25/03/2020 04:17,25/03/2020 05:50,IP Address,100,5583,TRUE,25/03/2020 05:50,R_3iyZSqWXRTk9bww,anonymous,EN,Yes,Yes,UKRN01,,Full-time,Yes,,3,1st Year,,,BSc psychology,No,Female ,Strongly agree,Agree,Have no opinion,Have no opinion,Have no opinion,Have no opinion,Agree,Have no opinion,Agree,Disagree,Agree,Disagree,Agree,Strongly agree,Have no opinion,Disagree,I have heard of this,I have heard of this,I have heard of this,,,,,,,,I have done/used this,,,,,,Strongly disagree,Have no opinion,Disagree,Agree,Disagree,Agree,Have no opinion,Have no opinion,No,,,No,Not sure,Yes,
25/03/2020 05:44,25/03/2020 05:52,IP Address,100,519,TRUE,25/03/2020 05:52,R_3r06Vgf0aQVRuUl,anonymous,EN,Yes,Yes,UKRN01,,Full-time,Yes,,4,1st Year,,,Bsc Psychology,No,Female,Agree,Disagree,Disagree,Have no opinion,Disagree,Strongly agree,Have no opinion,Have no opinion,Disagree,Agree,Agree,Disagree,Agree,Agree,Strongly disagree,Agree,I have heard of this,,,I have heard of this,,,,I have heard of this,,,I have done/used this,I have done/used this,,,,,Agree,Have no opinion,Disagree,Agree,Strongly Agree,Disagree,Disagree,Have no opinion,Not sure,,,No,No,Yes,
25/03/2020 06:07,25/03/2020 06:19,IP Address,100,718,TRUE,25/03/2020 06:19,R_2DTETTxaagtdaot,anonymous,EN,Yes,Yes,UKRN01,,Full-time,No,,3,1st Year,,,BSc Psychology,No,Female,Agree,Disagree,Agree,Disagree,Have no opinion,Have no opinion,Agree,Agree,Agree,Disagree,Agree,Disagree,Agree,Agree,Agree,Have no opinion,I have heard of this,I have heard of this,I have heard of this,I have heard of this,I have heard of this,I have heard of this,I have heard of this,I have heard of this,,,,I have done/used this,,I have done/used this,,I have done/used this,Agree,Disagree,Disagree,Agree,Have no opinion,Agree,Agree,Agree,Not sure,,,Yes,Not sure,Not sure,
25/03/2020 06:13,25/03/2020 06:24,IP Address,100,691,TRUE,25/03/2020 06:24,R_3I9ICIb4BKvzAGr,anonymous,EN,Yes,Yes,UKRN01,,Full-time,Yes,,4,1st Year,,,BSc (Hons) Psychology,Yes,Male,Agree,Disagree,Have no opinion,Disagree,Have no opinion,Disagree,Agree,Have no opinion,Agree,Have no opinion,Agree,Disagree,Have no opinion,Disagree,Have no opinion,Agree,,,,,,I have heard of this,I have heard of this,I have heard of this,,,I have done/used this,,,I have done/used this,,,Strongly Agree,Strongly disagree,Agree,Strongly agree,Strongly Agree,Have no opinion,Disagree,Strongly agree,No,,,Not sure,Not sure,Yes,
25/03/2020 06:20,25/03/2020 06:26,IP Address,100,338,TRUE,25/03/2020 06:26,R_21pIaGi06GjWUnB,anonymous,EN,Yes,Yes,UKRN01,,Full-time,Yes,,4,1st Year,,,Psychology Bsc,Yes,Male,Agree,Disagree,Strongly agree,Strongly disagree,Have no opinion,Disagree,Agree,Disagree,Agree,Strongly disagree,Strongly agree,Strongly disagree,Have no opinion,Strongly disagree,Disagree,Agree,I have heard of this,I have heard of this,I have heard of this,I have heard of this,,I have heard of this,,I have heard of this,,,,,I have done/used this,,I have done/used this,,Strongly Agree,Strongly disagree,Agree,Disagree,Agree,Have no opinion,Strongly disagree,Disagree,No,,,Not sure,Not sure,Yes,
25/03/2020 06:20,25/03/2020 06:26,IP Address,100,372,TRUE,25/03/2020 06:26,R_3hi4Gg3zeBViaQE,anonymous,EN,Yes,Yes,UKRN01,,Full-time,Yes,,4,1st Year,,,Psychology ,Yes,Female,Strongly agree,Disagree,Agree,Agree,Agree,Disagree,Have no opinion,Disagree,Strongly agree,Agree,Agree,Disagree,Agree,Have no opinion,Agree,Disagree,I have heard of this,I have heard of this,,I have heard of this,I have heard of this,I have heard of this,I have heard of this,I have heard of this,,,I have done/used this,,,,,,Agree,Agree,Have no opinion,Agree,Agree,Agree,Disagree,Agree,Yes,Not sure,When you replicate a study on another sample and get the same/similar results,Yes,Not sure,Yes,
25/03/2020 06:37,25/03/2020 06:46,IP Address,100,539,TRUE,25/03/2020 06:46,R_33syIusPNoTRy8e,anonymous,EN,Yes,Yes,UKRN01,,Full-time,No,,3,2nd Year,,,Psychology,Yes,female,Agree,Disagree,Agree,Agree,Agree,Disagree,Agree,Agree,Agree,Have no opinion,Have no opinion,Disagree,Disagree,Agree,Disagree,Agree,,,,,,,I have heard of this,I have heard of this,I have done/used this,,I have done/used this,,,,,,Agree,Agree,Agree,Agree,Agree,Disagree,Have no opinion,Have no opinion,Yes,Yes,When we can't trust old studies because they've not been replicated or when they were replicated found different results.,Not sure,No,Yes,
25/03/2020 07:15,25/03/2020 07:20,IP Address,100,334,TRUE,25/03/2020 07:20,R_xFnqjDVS0RiidX3,anonymous,EN,Yes,Yes,UKRN01,,Full-time,No,,3,2nd Year,,,Psychology,Yes,female,Strongly agree,Strongly disagree,Agree,Disagree,Strongly agree,Disagree,Have no opinion,Disagree,Agree,Strongly agree,Strongly agree,Disagree,Have no opinion,Strongly agree,Strongly disagree,Agree,,,I have heard of this,I have heard of this,I have heard of this,,,I have heard of this,I have done/used this,I have done/used this,,,,I have done/used this,I have done/used this,,Disagree,Disagree,Agree,Agree,Disagree,Have no opinion,Have no opinion,Have no opinion,No,,,No,No,Yes,
25/03/2020 07:30,25/03/2020 07:37,IP Address,100,374,TRUE,25/03/2020 07:37,R_PMO4P1jFr56qZSV,anonymous,EN,Yes,Yes,UKRN01,,Full-time,Yes,,4,1st Year,,,BSc psychology,No,Female,Agree,Disagree,Agree,Agree,Agree,Agree,Agree,Agree,Agree,Agree,Agree,Disagree,Agree,Agree,Agree,Have no opinion,I have heard of this,,I have heard of this,,,I have heard of this,,,,I have done/used this,,I have done/used this,I have done/used this,,I have done/used this,I have done/used this,Disagree,Agree,Agree,Agree,Agree,Have no opinion,Have no opinion,Agree,No,,,Not sure,Not sure,Not sure,
25/03/2020 07:29,25/03/2020 08:11,IP Address,100,2515,TRUE,25/03/2020 08:11,R_1jjnCJradfV75fs,anonymous,EN,Yes,Yes,UKRN01,,Full-time,Yes,,4,,,,(BSC) Psychology ,Yes,Female ,Strongly agree,Disagree,Agree,Have no opinion,Have no opinion,Have no opinion,Strongly agree,Agree,Agree,Disagree,Strongly agree,Agree,Have no opinion,Have no opinion,Have no opinion,Strongly agree,I have heard of this,I have heard of this,I have heard of this,I have heard of this,I have heard of this,I have heard of this,I have heard of this,I have heard of this,,,I have done/used this,I have done/used this,,I have done/used this,,,Agree,Agree,Agree,Agree,Agree,Disagree,Have no opinion,Have no opinion,Yes,No,The results from studies often cannot be recreated suggesting they are inncorect. ,Not sure,No,Yes,
25/03/2020 08:14,25/03/2020 08:19,IP Address,100,322,TRUE,25/03/2020 08:19,R_3dKOVQikro9dMvl,anonymous,EN,Yes,Yes,UKRN01,,Full-time,Yes,,4,1st Year,,,Psychology ,Yes,Female,Strongly agree,Strongly disagree,Disagree,Disagree,Agree,Disagree,Agree,Disagree,Agree,Agree,Agree,Disagree,Have no opinion,Agree,Disagree,Strongly agree,I have heard of this,I have heard of this,I have heard of this,I have heard of this,,,,I have heard of this,,,,,I have done/used this,I have done/used this,I have done/used this,,Agree,Disagree,Have no opinion,Disagree,Agree,Agree,Agree,Agree,No,,,No,No,No,
25/03/2020 08:20,25/03/2020 08:31,IP Address,100,624,TRUE,25/03/2020 08:31,R_1MYwOpKTvbQysrJ,anonymous,EN,Yes,Yes,UKRN01,,Full-time,Yes,,4,2nd Year,,,Psychology Bsc,Yes,Female,Strongly agree,Disagree,Strongly agree,Disagree,Agree,Strongly disagree,Strongly agree,Strongly disagree,Strongly agree,Agree,Agree,Strongly disagree,Agree,Disagree,Disagree,Have no opinion,I have heard of this,,I have heard of this,,,,,I have heard of this,I have done/used this,,I have done/used this,,,,,I have done/used this,Agree,Have no opinion,Have no opinion,Disagree,Agree,Agree,Strongly disagree,Strongly agree,Yes,Yes,"Modern studies replicating old studies (from the 50's/60's) are unable to produce the same results, this means alot of the foundation psychological theories are built off of may be wrong or irrelevant. ",Not sure,Not sure,Yes,
25/03/2020 08:34,25/03/2020 08:39,IP Address,100,283,TRUE,25/03/2020 08:39,R_10YRxYfnzxUXfp4,anonymous,EN,Yes,Yes,UKRN01,,Full-time,Yes,,3,2nd Year,,,Psychology,Yes,Female,Strongly agree,Strongly disagree,Agree,Agree,Strongly disagree,Agree,Agree,Agree,Agree,Agree,Agree,Strongly disagree,Agree,Strongly disagree,Strongly disagree,Strongly agree,,,I have heard of this,,,,,,,,I have done/used this,,,,,,Agree,Disagree,Agree,Agree,Agree,Disagree,Have no opinion,Have no opinion,No,,,No,No,Not sure,
25/03/2020 09:32,25/03/2020 09:40,IP Address,100,459,TRUE,25/03/2020 09:40,R_W691v08clzXH3pv,anonymous,EN,Yes,Yes,UKRN01,,Full-time,Yes,,4,2nd Year,,,Psychology,Yes,Female,Agree,Disagree,Have no opinion,Disagree,Agree,Disagree,Disagree,Agree,Agree,Agree,Disagree,Disagree,Have no opinion,Agree,Disagree,Agree,,,I have heard of this,I have heard of this,,,I have heard of this,I have heard of this,,,I have done/used this,I have done/used this,,,,I have done/used this,Agree,Disagree,Have no opinion,Agree,Agree,Disagree,Disagree,Agree,Yes,Yes,a lot of studies are difficult to reproduce ,Not sure,Not sure,Yes,
25/03/2020 10:08,25/03/2020 10:14,IP Address,100,365,TRUE,25/03/2020 10:14,R_qX9kTWgxMTYLU2J,anonymous,EN,Yes,Yes,UKRN01,,Full-time,Yes,,4,1st Year,,,Psychology BSc,Yes,Female,Strongly agree,Disagree,Have no opinion,Disagree,Agree,Disagree,Agree,Have no opinion,Strongly disagree,Agree,Agree,Disagree,Agree,Disagree,Disagree,Agree,,,I have heard of this,I have heard of this,,,I have heard of this,I have heard of this,,,I have done/used this,,,,,,Agree,Have no opinion,Strongly Disagree,Agree,Agree,Agree,Disagree,Agree,Not sure,,,No,Not sure,Yes,
25/03/2020 10:34,25/03/2020 10:41,IP Address,100,418,TRUE,25/03/2020 10:41,R_2wNqd7hMvLGk34G,anonymous,EN,Yes,Yes,UKRN01,,Full-time,Yes,,4,2nd Year,,,BSc psychology ,Yes,female,Agree,Disagree,Have no opinion,Disagree,Have no opinion,Have no opinion,Agree,Disagree,Have no opinion,Disagree,Agree,Strongly disagree,Disagree,Strongly disagree,Disagree,Agree,,,I have heard of this,,,,I have heard of this,I have heard of this,,,,,,,,,Agree,Have no opinion,Agree,Have no opinion,Agree,Disagree,Disagree,Agree,Not sure,,,Not sure,No,Yes,
25/03/2020 10:37,25/03/2020 10:46,IP Address,100,502,TRUE,25/03/2020 10:46,R_2TYvkf91CTpya9f,anonymous,EN,Yes,Yes,UKRN01,,Full-time,No,,3,1st Year,,,BSc Psychology ,Yes,Female ,Strongly agree,Have no opinion,Have no opinion,Disagree,Have no opinion,Have no opinion,Agree,Have no opinion,Disagree,Strongly agree,Agree,Strongly disagree,Have no opinion,Agree,Disagree,Agree,I have heard of this,I have heard of this,,I have heard of this,I have heard of this,,I have heard of this,I have heard of this,,,I have done/used this,,,I have done/used this,,,Agree,Have no opinion,Disagree,Agree,Strongly Agree,Disagree,Strongly disagree,Agree,Not sure,,,No,Not sure,Yes,
25/03/2020 10:58,25/03/2020 11:04,IP Address,100,348,TRUE,25/03/2020 11:04,R_3ey06AURVmaUZqU,anonymous,EN,Yes,Yes,UKRN01,,Full-time,Yes,,4,1st Year,,,Psychology Bsc ,Yes,Male ,Strongly agree,Strongly disagree,Strongly agree,Strongly disagree,Agree,Strongly disagree,Strongly agree,Disagree,Strongly agree,Disagree,Disagree,Strongly disagree,Agree,Agree,Disagree,Strongly disagree,I have heard of this,I have heard of this,I have heard of this,I have heard of this,I have heard of this,I have heard of this,I have heard of this,I have heard of this,I have done/used this,,,,,,,I have done/used this,Strongly Agree,Strongly disagree,Strongly agree,Disagree,Have no opinion,Strongly agree,Agree,Strongly agree,Yes,No,The issue of well regarded studies not being shown to have issues with replication and reproducibility leading to concerns about the foundations of psychological theory,No,No,Yes,
25/03/2020 11:22,25/03/2020 11:28,IP Address,100,376,TRUE,25/03/2020 11:28,R_1q3qhmndYEdRCbb,anonymous,EN,Yes,Yes,UKRN01,,Full-time,Yes,,4,1st Year,,,Psychology,Yes,Female,Strongly agree,Strongly disagree,Have no opinion,Agree,Disagree,Agree,Agree,Agree,Agree,Strongly agree,Agree,Disagree,Agree,Strongly agree,Strongly disagree,Agree,I have heard of this,I have heard of this,,I have heard of this,I have heard of this,,I have heard of this,,,,I have done/used this,,,I have done/used this,,I have done/used this,Agree,Disagree,Disagree,Agree,Agree,Disagree,Disagree,Disagree,No,,,No,No,Yes,
25/03/2020 12:55,25/03/2020 13:06,IP Address,100,651,TRUE,25/03/2020 13:06,R_aY0g1l7SH6r0LVT,anonymous,EN,Yes,Yes,UKRN01,,Full-time,Yes,,4,1st Year,,,BSc Psychology,Yes,Female,Strongly agree,Disagree,Agree,Have no opinion,Agree,Have no opinion,Strongly agree,Disagree,Strongly agree,Strongly agree,Have no opinion,Disagree,Have no opinion,Disagree,Strongly disagree,Strongly agree,I have heard of this,I have heard of this,I have heard of this,,,I have heard of this,,I have heard of this,I have done/used this,I have done/used this,I have done/used this,,,I have done/used this,,I have done/used this,Strongly Agree,Strongly disagree,Agree,Strongly agree,Strongly Agree,Disagree,Have no opinion,Agree,Yes,No,Should researchers be allowed to directly replicate studies that have already had many replications that all show similar results,No,Not sure,Yes,
25/03/2020 13:55,25/03/2020 14:03,IP Address,100,442,TRUE,25/03/2020 14:03,R_3CZZlZ4cSsdbnoU,anonymous,EN,Yes,Yes,UKRN01,,Full-time,No,,3,2nd Year,,,Psychology ,Yes,Female,Strongly agree,Disagree,Have no opinion,Agree,Agree,Agree,Strongly agree,Have no opinion,Agree,Agree,Agree,Disagree,Agree,Agree,Have no opinion,Have no opinion,I have heard of this,I have heard of this,,,I have heard of this,I have heard of this,,I have heard of this,,,I have done/used this,,,,,,Agree,Agree,Disagree,Agree,Agree,Disagree,Disagree,Have no opinion,No,,,Not sure,Yes,Not sure,
25/03/2020 14:33,25/03/2020 14:45,IP Address,100,704,TRUE,25/03/2020 14:45,R_4Pjz3GapcoXxNqV,anonymous,EN,Yes,Yes,UKRN01,,Full-time,Yes,,4,1st Year,,,psychology bsc,Yes,female,Strongly agree,Strongly disagree,Agree,Agree,Have no opinion,Disagree,Agree,Disagree,Strongly agree,Agree,Agree,Strongly disagree,Have no opinion,Disagree,Agree,Strongly agree,I have heard of this,I have heard of this,I have heard of this,I have heard of this,I have heard of this,I have heard of this,I have heard of this,I have heard of this,I have done/used this,I have done/used this,I have done/used this,I have done/used this,,,,I have done/used this,Strongly Agree,Have no opinion,Strongly agree,Agree,Agree,Agree,Disagree,Have no opinion,Yes,Yes,research is unable to be replicated,Yes,No,Not sure,
25/03/2020 15:03,25/03/2020 15:13,IP Address,100,576,TRUE,25/03/2020 15:13,R_2xG0lqx3m7p7TdE,anonymous,EN,Yes,Yes,UKRN01,,Full-time,Yes,,4,3rd Year,,,BSc Psychology,No,Female ,Agree,Disagree,Agree,Strongly disagree,Disagree,Disagree,Disagree,Agree,Strongly agree,Disagree,Strongly agree,Strongly disagree,Strongly agree,Strongly disagree,Disagree,Disagree,I have heard of this,I have heard of this,I have heard of this,I have heard of this,I have heard of this,I have heard of this,I have heard of this,I have heard of this,,,,,,,,,Strongly Agree,Disagree,Agree,Strongly disagree,Disagree,Disagree,Strongly disagree,Have no opinion,Yes,Yes,"A failure by researchers to replicate previous findings. The reasons of this are varied, è.g. Some methods used in the original study were flawed and the results are not replicable with more conservative/accurate methods ",Yes,Yes,Yes,
25/03/2020 15:19,25/03/2020 15:34,IP Address,100,897,TRUE,25/03/2020 15:34,R_1l9ppK9l5IO4Tx4,anonymous,EN,Yes,Yes,UKRN01,,Full-time,Yes,,4,1st Year,,,Psychology BSc,Yes,female,Strongly agree,Disagree,Strongly agree,Strongly disagree,Strongly agree,Strongly disagree,Strongly agree,Strongly disagree,Strongly agree,Disagree,Agree,Strongly disagree,Have no opinion,Strongly agree,Disagree,Agree,,I have heard of this,I have heard of this,I have heard of this,,I have heard of this,,I have heard of this,,,,,,,,,Agree,Have no opinion,Strongly agree,Strongly agree,Agree,Agree,Disagree,Strongly agree,No,,,No,No,Yes,
25/03/2020 15:31,25/03/2020 15:36,IP Address,100,289,TRUE,25/03/2020 15:36,R_3PABcOuGMSMkjRq,anonymous,EN,Yes,Yes,UKRN01,,Full-time,No,,3,2nd Year,,,Psychology,Yes,Female,Strongly agree,Strongly disagree,Agree,Strongly disagree,Agree,Strongly disagree,Disagree,Have no opinion,Agree,Disagree,Disagree,Strongly disagree,Agree,Agree,Disagree,Agree,I have heard of this,,I have heard of this,,,,I have heard of this,I have heard of this,,,,,,,,I have done/used this,Agree,Disagree,Agree,Agree,Strongly Agree,Disagree,Agree,Agree,Not sure,,,Yes,Not sure,Yes,
26/03/2020 01:47,26/03/2020 01:55,IP Address,100,470,TRUE,26/03/2020 01:55,R_3HzASxoqujFLWq5,anonymous,EN,Yes,Yes,UKRN01,,Full-time,Yes,,4,1st Year,,,Psychology BSc,Yes,F,Strongly agree,Strongly disagree,Agree,Disagree,Agree,Disagree,Strongly agree,Disagree,Strongly agree,Disagree,Agree,Have no opinion,Agree,Have no opinion,Strongly disagree,Agree,I have heard of this,I have heard of this,I have heard of this,I have heard of this,I have heard of this,I have heard of this,,I have heard of this,,,,,,,,,Strongly Agree,Strongly disagree,Strongly agree,Have no opinion,Agree,Agree,Disagree,Agree,Yes,No,"apart from the researcher, others cannot replicate the study",Yes,No,Yes,
26/03/2020 04:01,26/03/2020 04:14,IP Address,100,740,TRUE,26/03/2020 04:14,R_1QtMh2sQkm898jT,anonymous,EN,Yes,Yes,UKRN01,,Full-time,Yes,,4,3rd Year,,,Psychology,Yes,Female,Strongly agree,Strongly disagree,Agree,Have no opinion,Disagree,Agree,Disagree,Agree,Agree,Strongly agree,Agree,Strongly disagree,Agree,Disagree,Have no opinion,Strongly agree,,,,,,,,,,,I have done/used this,,,I have done/used this,I have done/used this,,Strongly Agree,Disagree,Agree,Agree,Agree,Disagree,Disagree,Agree,Not sure,,,Not sure,Yes,Yes,
26/03/2020 04:18,26/03/2020 04:24,IP Address,100,393,TRUE,26/03/2020 04:24,R_33kizxsehtquiVQ,anonymous,EN,Yes,Yes,UKRN01,,Full-time,Yes,,4,2nd Year,,,Psychology BSc,Yes,Female,Agree,Disagree,Have no opinion,Disagree,Agree,Have no opinion,Have no opinion,Have no opinion,Have no opinion,Have no opinion,Agree,Disagree,Agree,Disagree,Disagree,Agree,I have heard of this,,,,,I have heard of this,,,,,I have done/used this,,,,I have done/used this,I have done/used this,Agree,Disagree,Have no opinion,Have no opinion,Agree,Agree,Disagree,Have no opinion,Yes,Yes,a lot of studies that found a significant result have not been successfully replicated ,Not sure,Yes,Yes,
26/03/2020 04:07,26/03/2020 04:27,IP Address,100,1177,TRUE,26/03/2020 04:27,R_2w6tNWCI79xSUmZ,anonymous,EN,Yes,Yes,UKRN01,,Full-time,Yes,,3,1st Year,,,Bsc Psychology,No,Male,Agree,Disagree,Have no opinion,Disagree,Agree,Have no opinion,Agree,Disagree,Agree,Disagree,Agree,Disagree,Have no opinion,Agree,Agree,Disagree,I have heard of this,I have heard of this,,I have heard of this,I have heard of this,,,,,,I have done/used this,,,I have done/used this,I have done/used this,I have done/used this,Strongly Agree,Disagree,Agree,Agree,Have no opinion,Agree,Disagree,Strongly agree,Yes,Yes,Difficulty in replicating studies to verify findings,No,No,Yes,None.
26/03/2020 04:45,26/03/2020 04:50,IP Address,100,318,TRUE,26/03/2020 04:50,R_1DBda3Bq1xjbCcq,anonymous,EN,Yes,Yes,UKRN01,,Full-time,Yes,,4,1st Year,,,Psychology ,Yes,Female,Strongly agree,Strongly disagree,Have no opinion,Disagree,Agree,Disagree,Strongly agree,Strongly disagree,Agree,Disagree,Disagree,Strongly disagree,Have no opinion,Agree,Have no opinion,Agree,I have heard of this,I have heard of this,,I have heard of this,I have heard of this,,,,,,I have done/used this,,,I have done/used this,I have done/used this,I have done/used this,Strongly Agree,Disagree,Agree,Disagree,Agree,Strongly disagree,Agree,Agree,Yes,Not sure,Difficulties replicating research ,Not sure,Not sure,Yes,
26/03/2020 04:49,26/03/2020 04:55,IP Address,100,382,TRUE,26/03/2020 04:55,R_1lnIfnuV3ERvLs2,anonymous,EN,Yes,Yes,UKRN01,,Full-time,Yes,,4,1st Year,,,BSc Psychology,Yes,Female,Strongly agree,Strongly disagree,Strongly agree,Disagree,Have no opinion,Disagree,Disagree,Agree,Agree,Disagree,Strongly agree,Disagree,Agree,Have no opinion,Strongly disagree,Strongly agree,,,I have heard of this,I have heard of this,,I have heard of this,I have heard of this,I have heard of this,,,,,,,I have done/used this,,Strongly Agree,Disagree,Have no opinion,Agree,Strongly Agree,Have no opinion,Strongly disagree,Strongly agree,Yes,No,When there's issues with replicating a study,No,No,Yes,
26/03/2020 04:44,26/03/2020 05:04,IP Address,100,1208,TRUE,26/03/2020 05:04,R_xrtpd5ccByHmqFr,anonymous,EN,Yes,Yes,UKRN01,,Full-time,No,,3,1st Year,,,Psychology,No,Female ,Strongly agree,Disagree,Agree,Strongly disagree,Agree,Have no opinion,Agree,Disagree,Strongly agree,Have no opinion,Have no opinion,Strongly disagree,Agree,Disagree,Disagree,Agree,I have heard of this,I have heard of this,,I have heard of this,I have heard of this,,I have heard of this,I have heard of this,,,I have done/used this,,,I have done/used this,,,Strongly Agree,Disagree,Agree,Agree,Agree,Have no opinion,Have no opinion,Agree,Yes,Yes,Hard to replicate ,Yes,No,Yes,
26/03/2020 05:52,26/03/2020 06:23,IP Address,100,1870,TRUE,26/03/2020 06:23,R_2dRz5fEvnrf8hs6,anonymous,EN,Yes,Yes,UKRN01,,Full-time,Yes,,4,1st Year,,,BSc Psychology,Yes,female,Agree,Strongly disagree,Have no opinion,Have no opinion,Have no opinion,Have no opinion,Agree,Have no opinion,Agree,Have no opinion,Agree,Strongly disagree,Agree,Disagree,Have no opinion,Agree,,,I have heard of this,I have heard of this,I have heard of this,I have heard of this,,I have heard of this,,,,I have done/used this,,,,,Agree,Disagree,Have no opinion,Strongly agree,Agree,Agree,Disagree,Have no opinion,No,,,No,No,Yes,
26/03/2020 06:17,26/03/2020 06:23,IP Address,100,344,TRUE,26/03/2020 06:23,R_37quCBnVK3axbFv,anonymous,EN,Yes,Yes,UKRN01,,Full-time,Yes,,4,2nd Year,,,Psychology,Yes,female,Agree,Disagree,Agree,Disagree,Have no opinion,Disagree,Strongly agree,Disagree,Strongly agree,Agree,Agree,Strongly disagree,Agree,Disagree,Have no opinion,Agree,,,I have heard of this,,,,I have heard of this,I have heard of this,,,I have done/used this,,,,,,Disagree,Disagree,Strongly agree,Disagree,Have no opinion,Agree,Disagree,Have no opinion,Yes,Yes,when studies are repeated exactly but no significant results are found,No,No,Yes,
26/03/2020 06:41,26/03/2020 06:46,IP Address,100,301,TRUE,26/03/2020 06:46,R_6gRhIpHwl8VHjfb,anonymous,EN,Yes,Yes,UKRN01,,Full-time,Yes,,4,2nd Year,,,BSc Psychology,Yes,female,Strongly agree,Disagree,Strongly agree,Disagree,Strongly agree,Strongly disagree,Strongly agree,Disagree,Strongly agree,Agree,Strongly agree,Disagree,Have no opinion,Have no opinion,Disagree,Strongly agree,,,I have heard of this,I have heard of this,I have heard of this,I have heard of this,I have heard of this,I have heard of this,I have done/used this,I have done/used this,,,,,,,Disagree,Strongly disagree,Agree,Agree,Agree,Disagree,Strongly disagree,Strongly agree,Yes,No,"Unable to produce consistent results when studies are replicated, especially for papers which have significantly contributed to theories",Not sure,No,Yes,
26/03/2020 06:59,26/03/2020 07:07,IP Address,100,477,TRUE,26/03/2020 07:07,R_3PZzEARQRSF198I,anonymous,EN,Yes,Yes,UKRN01,,Full-time,No,,3,1st Year,,,BSc Psychology,Yes,Female,Agree,Strongly disagree,Agree,Disagree,Have no opinion,Have no opinion,Agree,Have no opinion,Have no opinion,Agree,Agree,Disagree,Agree,Disagree,Have no opinion,Have no opinion,,,I have heard of this,,,,,I have heard of this,,,,,,,,,Agree,Disagree,Agree,Disagree,Have no opinion,Agree,Disagree,Agree,No,,,No,No,Yes,
26/03/2020 07:50,26/03/2020 08:01,IP Address,100,653,TRUE,26/03/2020 08:01,R_2zRYAS5nAoqBg73,anonymous,EN,Yes,Yes,UKRN01,,Full-time,Yes,,4,1st Year,,,Psychology BSc,Yes,Female,Strongly agree,Disagree,Have no opinion,Disagree,Agree,Disagree,Strongly agree,Disagree,Strongly agree,Have no opinion,Strongly agree,Strongly disagree,Disagree,Disagree,Agree,Agree,I have heard of this,I have heard of this,,,I have heard of this,,I have heard of this,,,,I have done/used this,I have done/used this,,I have done/used this,,I have done/used this,Agree,Disagree,Disagree,Agree,Agree,Agree,Disagree,Agree,Yes,Not sure,When studies are unable to be replicated by other researchers,No,No,Yes,
26/03/2020 07:58,26/03/2020 08:13,IP Address,100,921,TRUE,26/03/2020 08:13,R_1DYxBQQZfrQVgDs,anonymous,EN,Yes,Yes,UKRN01,,Full-time,Yes,,4,2nd Year,,,Psychology (BSc),Yes,Female,Strongly agree,Strongly disagree,Agree,Have no opinion,Agree,Disagree,Agree,Have no opinion,Have no opinion,Agree,Strongly agree,Disagree,Agree,Disagree,Agree,Agree,I have heard of this,I have heard of this,I have heard of this,I have heard of this,I have heard of this,I have heard of this,I have heard of this,I have heard of this,I have done/used this,I have done/used this,,I have done/used this,I have done/used this,I have done/used this,,I have done/used this,Agree,Agree,Have no opinion,Have no opinion,Have no opinion,Have no opinion,Disagree,Have no opinion,Yes,Yes,Is an ongoing crisis in witch they have found  that many scientific studies are impossible to  replicate,No,No,Not sure,
26/03/2020 08:54,26/03/2020 09:04,IP Address,100,598,TRUE,26/03/2020 09:04,R_ePUs7iPtLpXO5S9,anonymous,EN,Yes,Yes,UKRN01,,Full-time,Yes,,4,1st Year,,,Psychology Bsc,Yes,Female,Agree,Strongly disagree,Agree,Strongly disagree,Agree,Strongly disagree,Have no opinion,Agree,Have no opinion,Agree,Strongly disagree,Strongly disagree,Strongly disagree,Strongly disagree,Agree,Have no opinion,I have heard of this,,,I have heard of this,I have heard of this,,,I have heard of this,,,,,,I have done/used this,I have done/used this,,Strongly Agree,Strongly disagree,Agree,Strongly agree,Have no opinion,Agree,Strongly disagree,Agree,Yes,Yes,"Older research which has served as the basis of well-accepted theories, has been reproduced more recently to find the results were not replicated- there is a worry that people haven't been publishing non-significant results in the past, so hypotheses seem significant and are accepted, which really are not.",No,No,Yes,
26/03/2020 09:10,26/03/2020 09:32,IP Address,100,1308,TRUE,26/03/2020 09:32,R_3hyK7A1Lr3OyKZA,anonymous,EN,Yes,Yes,UKRN01,,Full-time,Yes,,3,1st Year,,,Psychology,Yes,Female,Have no opinion,Disagree,Have no opinion,Strongly agree,Have no opinion,Have no opinion,Agree,Strongly disagree,Agree,Strongly agree,Strongly agree,Strongly disagree,Strongly agree,Agree,Disagree,Strongly agree,I have heard of this,I have heard of this,,I have heard of this,I have heard of this,,I have heard of this,,,,I have done/used this,,,I have done/used this,,I have done/used this,Strongly disagree,Have no opinion,Agree,Have no opinion,Strongly Agree,Have no opinion,Have no opinion,Have no opinion,Yes,Yes,,Not sure,Yes,Yes,
26/03/2020 09:27,26/03/2020 09:38,IP Address,100,698,TRUE,26/03/2020 09:38,R_9NTPnuf3D3KuXjr,anonymous,EN,Yes,Yes,UKRN01,,Full-time,Yes,,4,1st Year,,,Psychology BSc ,Yes,Female,Agree,Have no opinion,Have no opinion,Disagree,Agree,Have no opinion,Agree,Disagree,Agree,Have no opinion,Strongly agree,Strongly disagree,Have no opinion,Strongly disagree,Disagree,Strongly agree,I have heard of this,,,,,,I have heard of this,,,,I have done/used this,,,,,I have done/used this,Agree,Disagree,Agree,Strongly disagree,Strongly Agree,Have no opinion,Disagree,Disagree,Not sure,,,Not sure,Not sure,Yes,
26/03/2020 09:38,26/03/2020 09:48,IP Address,100,634,TRUE,26/03/2020 09:48,R_1mVoWvNc6dk9cGI,anonymous,EN,Yes,Yes,UKRN01,,Full-time,Yes,,3,1st Year,,,Bsc Psychology,No,Female,Strongly agree,Disagree,Agree,Have no opinion,Agree,Disagree,Disagree,Disagree,Agree,Strongly agree,Agree,Disagree,Agree,Agree,Have no opinion,Have no opinion,,,,,,,,I have heard of this,,,,,,,,,Have no opinion,Disagree,Have no opinion,Agree,Have no opinion,Disagree,Disagree,Agree,Yes,Not sure,The difficulty of researchers to replicate prior studies,No,No,Not sure,
26/03/2020 09:53,26/03/2020 10:00,IP Address,100,439,TRUE,26/03/2020 10:00,R_3qwhLPzpQq2getx,anonymous,EN,Yes,Yes,UKRN01,,Full-time,Yes,,4,1st Year,,,Psychology,Yes,Female,Have no opinion,Strongly disagree,Have no opinion,Agree,Have no opinion,Agree,Have no opinion,Agree,Strongly disagree,Strongly agree,Agree,Strongly disagree,Have no opinion,Have no opinion,Strongly disagree,Have no opinion,,,I have heard of this,,,,,,,,I have done/used this,,,,,,Strongly disagree,Have no opinion,Have no opinion,Have no opinion,Agree,Have no opinion,Have no opinion,Disagree,Yes,Yes,,No,Not sure,Yes,
26/03/2020 10:20,26/03/2020 10:26,IP Address,100,343,TRUE,26/03/2020 10:26,R_3MrtIEng0sUQWdQ,anonymous,EN,Yes,Yes,UKRN01,,Full-time,Yes,,4,1st Year,,,BSc psychology,Yes,male,Agree,Disagree,Agree,Disagree,Have no opinion,Disagree,Agree,Have no opinion,Have no opinion,Have no opinion,Agree,Disagree,Agree,Agree,Disagree,Agree,,,I have heard of this,,,I have heard of this,,I have heard of this,I have done/used this,I have done/used this,,I have done/used this,I have done/used this,,I have done/used this,,Agree,Disagree,Agree,Agree,Have no opinion,Agree,Disagree,Disagree,Not sure,,,No,Not sure,Yes,
26/03/2020 10:45,26/03/2020 10:50,IP Address,100,326,TRUE,26/03/2020 10:50,R_AjMxX7yW4JaufO9,anonymous,EN,Yes,Yes,UKRN01,,Full-time,Yes,,4,1st Year,,,Psychology ,Yes,Female,Strongly agree,Disagree,Agree,Disagree,Agree,Have no opinion,Agree,Disagree,Agree,Disagree,Strongly agree,Disagree,Have no opinion,Agree,Disagree,Agree,I have heard of this,I have heard of this,I have heard of this,,I have heard of this,I have heard of this,I have heard of this,,,,I have done/used this,I have done/used this,,,,I have done/used this,Agree,Disagree,Agree,Agree,Agree,Disagree,Disagree,Agree,Yes,Not sure,When you are unable to replicate findings ,Not sure,No,Yes,
26/03/2020 11:28,26/03/2020 11:33,IP Address,100,300,TRUE,26/03/2020 11:33,R_3R4bi6NV7JLxrYm,anonymous,EN,Yes,Yes,UKRN01,,Full-time,Yes,,4,2nd Year,,,Psychology,Yes,female,Strongly agree,Strongly disagree,Strongly agree,Strongly disagree,Strongly agree,Strongly disagree,Strongly agree,Strongly disagree,Strongly agree,Strongly disagree,Strongly agree,Strongly disagree,Agree,Disagree,Strongly disagree,Strongly agree,I have heard of this,,I have heard of this,,,I have heard of this,I have heard of this,I have heard of this,,,I have done/used this,,,,,,Strongly Agree,Strongly disagree,Strongly agree,Have no opinion,Agree,Agree,Disagree,Agree,Yes,Yes,Past studies are not being replicated successfully and current studies hve not even attempted replication,No,Not sure,Yes,
26/03/2020 11:25,26/03/2020 11:35,IP Address,100,633,TRUE,26/03/2020 11:35,R_1rf6tdIzXDVdIlH,anonymous,EN,Yes,Yes,UKRN01,,Full-time,Yes,,4,3rd Year,,,BSc Psychology ,No,Female ,Agree,Strongly disagree,Have no opinion,Disagree,Have no opinion,Have no opinion,Strongly agree,Disagree,Agree,Agree,Agree,Strongly disagree,Have no opinion,Have no opinion,Have no opinion,Have no opinion,,,I have heard of this,I have heard of this,,,I have heard of this,I have heard of this,,,I have done/used this,,,,,,Agree,Have no opinion,Disagree,Agree,Disagree,Agree,Disagree,Disagree,Not sure,,,Not sure,No,Yes,"Its a bit confusing to answer the scenarios without more information. Like sharing the data online, its a bit iffy to share it without consent , but if the participant has been informed and consented, I can't see a problem with it "
26/03/2020 16:41,26/03/2020 16:46,IP Address,100,318,TRUE,26/03/2020 16:46,R_pGAINcagBKUrnJ7,anonymous,EN,Yes,Yes,UKRN01,,Full-time,Yes,,4,2nd Year,,,Psychology,Yes,Male,Strongly agree,Strongly disagree,Have no opinion,Have no opinion,Agree,Disagree,Have no opinion,Have no opinion,Agree,Agree,Agree,Strongly disagree,Have no opinion,Disagree,Disagree,Agree,I have heard of this,I have heard of this,I have heard of this,,,I have heard of this,,I have heard of this,,,I have done/used this,,,I have done/used this,,,Agree,Agree,Agree,Agree,Agree,Agree,Disagree,Disagree,Yes,Yes,Many classic past studies have been redone and results have not been consistent.,No,No,Yes,
26/03/2020 17:06,26/03/2020 17:19,IP Address,100,800,TRUE,26/03/2020 17:19,R_1C2rVdycmMK9QnV,anonymous,EN,Yes,Yes,UKRN01,,Full-time,Yes,,3,1st Year,,,Psychology BSc,Yes,Female,Strongly agree,Disagree,Have no opinion,Disagree,Have no opinion,Agree,Disagree,Agree,Agree,Strongly agree,Strongly disagree,Disagree,Agree,Agree,Strongly disagree,Agree,I have heard of this,,I have heard of this,,,I have heard of this,,I have heard of this,,,,,,,,,Agree,Disagree,Disagree,Strongly agree,Strongly Agree,Agree,Have no opinion,Have no opinion,Yes,Yes,"studies are difficult to replicate or not being reproduced, so we cannot take the data at face value.",Yes,Yes,Yes,"good study, raises important issues in psychology going on today."
27/03/2020 04:02,27/03/2020 04:11,IP Address,100,508,TRUE,27/03/2020 04:11,R_2pWX56iLRMcPTNx,anonymous,EN,Yes,Yes,UKRN01,,Full-time,Yes,,4,3rd Year,,,psychology Bsc,Yes,female,Strongly agree,Strongly disagree,Agree,Strongly disagree,Agree,Strongly disagree,Strongly agree,Have no opinion,Agree,Have no opinion,Agree,Strongly disagree,Agree,Disagree,Disagree,Agree,I have heard of this,I have heard of this,,I have heard of this,I have heard of this,,I have heard of this,I have heard of this,,,I have done/used this,,,I have done/used this,,,Strongly Agree,Strongly disagree,Strongly agree,Strongly disagree,Have no opinion,Have no opinion,Strongly disagree,Have no opinion,Yes,Yes,the lack of replication of scientific studies leading to what could be thousands of inaccurate conclusions about psychology phenomena ,Yes,Yes,Yes,
27/03/2020 04:47,27/03/2020 04:58,IP Address,100,715,TRUE,27/03/2020 04:58,R_z2pLU8bPzmhr173,anonymous,EN,Yes,Yes,UKRN01,,Full-time,Yes,,4,3rd Year,,,Psychology,Yes,Male,Strongly agree,Strongly disagree,Agree,Have no opinion,Agree,Agree,Strongly agree,Agree,Strongly agree,Have no opinion,Agree,Disagree,Agree,Agree,Have no opinion,Agree,I have heard of this,I have heard of this,I have heard of this,I have heard of this,I have heard of this,I have heard of this,I have heard of this,I have heard of this,,,,,,,,,Disagree,Agree,Agree,Agree,Strongly Agree,Agree,Have no opinion,Strongly agree,Yes,Yes,When the study is replicated it won't produce the same results,Yes,Yes,Yes,
27/03/2020 05:34,27/03/2020 05:40,IP Address,100,347,TRUE,27/03/2020 05:40,R_2v34nAhNMTce3C7,anonymous,EN,Yes,Yes,UKRN01,,Full-time,Yes,,3,2nd Year,,,BSc Psychology,Yes,Female,Strongly agree,Strongly disagree,Strongly agree,Have no opinion,Agree,Have no opinion,Agree,Disagree,Strongly agree,Have no opinion,Strongly agree,Strongly disagree,Have no opinion,Disagree,Strongly disagree,Agree,,I have heard of this,I have heard of this,,I have heard of this,,,I have heard of this,,,,,,,,,Strongly Agree,Strongly disagree,Strongly agree,Agree,Strongly Agree,Have no opinion,Strongly disagree,Have no opinion,Yes,Yes,Not being able to replicate research,Yes,Yes,Yes,
27/03/2020 08:43,27/03/2020 08:53,IP Address,100,556,TRUE,27/03/2020 08:53,R_0008mBsNfTyuhQ5,anonymous,EN,Yes,Yes,UKRN01,,Full-time,Yes,,3,2nd Year,,,Psychology,No,Female,Strongly agree,Strongly disagree,Agree,Strongly disagree,Agree,Strongly disagree,Agree,Have no opinion,Agree,Disagree,Strongly agree,Strongly disagree,Have no opinion,Disagree,Agree,Agree,,,,,,,,,I have done/used this,,I have done/used this,,,I have done/used this,I have done/used this,I have done/used this,Strongly disagree,Disagree,Strongly Disagree,Have no opinion,Agree,Agree,Disagree,Have no opinion,Yes,Yes,"There have been replications of many studies in which results were orginially found to be significant, but when it was replicated, results were found to be non-significant",Yes,Not sure,Yes,
27/03/2020 10:11,27/03/2020 10:17,IP Address,100,365,TRUE,27/03/2020 10:17,R_23TO9luUuooTV03,anonymous,EN,Yes,Yes,UKRN01,,Full-time,Yes,,3,1st Year,,,Psychology,Yes,Female,Agree,Disagree,Agree,Disagree,Have no opinion,Have no opinion,Strongly agree,Agree,Agree,Agree,Strongly agree,Disagree,Agree,Strongly agree,Have no opinion,Agree,I have heard of this,I have heard of this,I have heard of this,,,I have heard of this,,I have heard of this,,,,I have done/used this,I have done/used this,,I have done/used this,,Strongly Agree,Disagree,Agree,Agree,Strongly Agree,Have no opinion,Disagree,Agree,Not sure,,,Yes,Not sure,Yes,no
27/03/2020 12:26,27/03/2020 12:31,IP Address,100,301,TRUE,27/03/2020 12:31,R_3OqWvl1S091K8dT,anonymous,EN,Yes,Yes,UKRN01,,Full-time,No,,3,2nd Year,,,Psychology ,Yes,Female,Agree,Disagree,Agree,Disagree,Agree,Agree,Agree,Have no opinion,Agree,Have no opinion,Agree,Agree,Have no opinion,Have no opinion,Disagree,Agree,I have heard of this,I have heard of this,,I have heard of this,I have heard of this,,I have heard of this,,,,I have done/used this,,,I have done/used this,,I have done/used this,Agree,Disagree,Agree,Have no opinion,Agree,Disagree,Disagree,Agree,Yes,Yes,When studies weren’t deemed scientific because they hadn’t been replicated so they were replicated ,Not sure,Yes,Yes,
27/03/2020 12:49,27/03/2020 13:03,IP Address,100,838,TRUE,27/03/2020 13:03,R_4U4Nbr6WJ2v1FbX,anonymous,EN,Yes,Yes,UKRN01,,Full-time,Yes,,4,1st Year,,,BSc Psychology,Yes,Female,Agree,Disagree,Have no opinion,Disagree,Have no opinion,Have no opinion,Have no opinion,Have no opinion,Agree,Have no opinion,Agree,Disagree,Agree,Have no opinion,Disagree,Agree,I have heard of this,,I have heard of this,,,I have heard of this,,I have heard of this,,,I have done/used this,,,,,I have done/used this,Disagree,Have no opinion,Strongly Disagree,Strongly agree,Strongly Agree,Disagree,Disagree,Have no opinion,Yes,No,Due to poor detail in research report it cane make replicating a study hard. This makes it hard when replicating the study to know if the results are different due to the method differences or because the results are inaccurate.,No,No,Not sure,
27/03/2020 13:42,27/03/2020 13:50,IP Address,100,487,TRUE,27/03/2020 13:50,R_1hzBWukoofc0D6l,anonymous,EN,Yes,Yes,UKRN01,,Full-time,Yes,,4,1st Year,,,BCs psychology ,No,female,Strongly agree,Have no opinion,Agree,Strongly agree,Have no opinion,Agree,Agree,Disagree,Agree,Agree,Agree,Strongly disagree,Agree,Agree,Have no opinion,Have no opinion,,,,I have heard of this,I have heard of this,,,,I have done/used this,I have done/used this,I have done/used this,,,I have done/used this,I have done/used this,I have done/used this,Strongly Agree,Agree,Agree,Strongly agree,Agree,Agree,Agree,Disagree,Yes,Not sure,when studies cant be replicated ,Yes,Not sure,Yes,
27/03/2020 13:50,27/03/2020 14:02,IP Address,100,720,TRUE,27/03/2020 14:02,R_2qyN49x2MsTo71g,anonymous,EN,Yes,Yes,UKRN01,,Full-time,Yes,,4,2nd Year,,,Psychology,Yes,Female,Strongly agree,Strongly disagree,Strongly agree,Disagree,Agree,Disagree,Strongly agree,Strongly disagree,Have no opinion,Disagree,Strongly agree,Strongly disagree,Strongly agree,Strongly disagree,Have no opinion,Strongly agree,I have heard of this,,I have heard of this,,,,I have heard of this,I have heard of this,,,I have done/used this,,,,I have done/used this,,Agree,Disagree,Strongly agree,Have no opinion,Agree,Have no opinion,Have no opinion,Agree,Yes,Yes,replications of pasy studies and not finding the same results,Yes,Yes,Yes,
21/03/2020 07:33,21/03/2020 07:33,IP Address,14,4,FALSE,28/03/2020 07:33,R_2zScAZlRZB78biO,anonymous,EN,Yes,Yes,,,,,,,,,,,,,,,,,,,,,,,,,,,,,,,,,,,,,,,,,,,,,,,,,,,,,,,,,,,
28/03/2020 07:36,28/03/2020 07:40,IP Address,100,264,TRUE,28/03/2020 07:40,R_YX3JEWuObMTRgaZ,anonymous,EN,Yes,Yes,UKRN01,,Full-time,Yes,,3,2nd Year,,,Psychology,Yes,female,Agree,Disagree,Agree,Disagree,Agree,Disagree,Agree,Agree,Agree,Disagree,Agree,Disagree,Agree,Disagree,Agree,Have no opinion,,I have heard of this,I have heard of this,,,I have heard of this,,I have heard of this,,,I have done/used this,,,I have done/used this,,I have done/used this,Agree,Disagree,Agree,Agree,Agree,Agree,Disagree,Agree,Yes,Yes,Failure to reproduce previous studies/materials,No,No,Yes,
28/03/2020 08:13,28/03/2020 08:25,IP Address,100,735,TRUE,28/03/2020 08:25,R_24PjvUHTS4SKGGJ,anonymous,EN,Yes,Yes,UKRN01,,Full-time,Yes,,4,1st Year,,,Psychology (BSc),Yes,Male,Strongly agree,Disagree,Strongly agree,Strongly disagree,Agree,Have no opinion,Have no opinion,Agree,Agree,Strongly agree,Agree,Strongly disagree,Have no opinion,Agree,Disagree,Agree,,,,I have heard of this,,,,I have heard of this,,,,I have done/used this,,,,,Strongly Agree,Strongly disagree,Agree,Have no opinion,Strongly Agree,Disagree,Disagree,Strongly agree,Yes,Yes,Involves the issue of trying to replicate results from a certain study again and again,No,No,Yes,
28/03/2020 08:54,28/03/2020 09:03,IP Address,100,531,TRUE,28/03/2020 09:03,R_dnDu6nCLJzhkObL,anonymous,EN,Yes,Yes,UKRN01,,Full-time,Yes,,4,1st Year,,,BSc Psychology,Yes,female,Agree,Disagree,Agree,Disagree,Have no opinion,Disagree,Agree,Agree,Agree,Have no opinion,Strongly agree,Disagree,Agree,Agree,Have no opinion,Agree,I have heard of this,I have heard of this,I have heard of this,I have heard of this,,I have heard of this,I have heard of this,I have heard of this,,,I have done/used this,I have done/used this,,I have done/used this,,I have done/used this,Agree,Agree,Agree,Strongly agree,Agree,Agree,Disagree,Agree,Yes,Not sure,that the results of many scientific studies cannot be reproduced and are likely to be wrong,Not sure,Not sure,Yes,
28/03/2020 09:20,28/03/2020 09:29,IP Address,100,534,TRUE,28/03/2020 09:29,R_u4Ehs2eRUKiOt2N,anonymous,EN,Yes,Yes,UKRN01,,Full-time,No,,3,1st Year,,,BSc Psychology,Yes,Female,Strongly agree,Have no opinion,Have no opinion,Strongly disagree,Have no opinion,Have no opinion,Strongly agree,Disagree,Strongly agree,Strongly agree,Strongly agree,Disagree,Agree,Have no opinion,Strongly agree,Have no opinion,,,I have heard of this,,,I have heard of this,,,,,I have done/used this,I have done/used this,,,,I have done/used this,Strongly Agree,Disagree,Strongly agree,Agree,Have no opinion,Disagree,Have no opinion,Have no opinion,Yes,No,Difficulty in replicating a study.,No,No,Yes,
28/03/2020 10:42,28/03/2020 10:55,IP Address,100,835,TRUE,28/03/2020 10:56,R_AFgUOlsM3oNFcA1,anonymous,EN,Yes,Yes,UKRN01,,Full-time,Yes,,4,1st Year,,,Psychology Bsc,Yes,female,Agree,Disagree,Agree,Disagree,Disagree,Disagree,Disagree,Agree,Disagree,Disagree,Agree,Disagree,Strongly agree,Disagree,Disagree,Agree,,,I have heard of this,,,I have heard of this,I have heard of this,I have heard of this,,,I have done/used this,,,I have done/used this,,,Agree,Disagree,Disagree,Agree,Agree,Disagree,Disagree,Agree,Not sure,,,Yes,No,Yes,
28/03/2020 13:16,28/03/2020 13:23,IP Address,100,444,TRUE,28/03/2020 13:23,R_roMDQQLl4BFS2f7,anonymous,EN,Yes,Yes,UKRN01,,Full-time,No,,3,1st Year,,,Psychology,Yes,Female,Agree,Disagree,Have no opinion,Disagree,Agree,Have no opinion,Agree,Disagree,Agree,Have no opinion,Have no opinion,Disagree,Have no opinion,Agree,Agree,Disagree,I have heard of this,I have heard of this,I have heard of this,I have heard of this,I have heard of this,I have heard of this,I have heard of this,I have heard of this,,,,,,,,,Agree,Disagree,Disagree,Agree,Have no opinion,Have no opinion,Have no opinion,Agree,No,,,Yes,Not sure,Yes,
28/03/2020 16:35,28/03/2020 16:40,IP Address,100,347,TRUE,28/03/2020 16:40,R_1jwk2Uz7RSJcdNw,anonymous,EN,Yes,Yes,UKRN01,,Full-time,No,,3,1st Year,,,BSc Psychology,Yes,Female,Strongly agree,Strongly disagree,Strongly agree,Strongly disagree,Strongly agree,Strongly agree,Strongly agree,Strongly agree,Strongly agree,Strongly disagree,Strongly agree,Strongly disagree,Strongly agree,Strongly agree,Strongly agree,Strongly agree,I have heard of this,I have heard of this,I have heard of this,I have heard of this,I have heard of this,I have heard of this,I have heard of this,I have heard of this,I have done/used this,,,,,,,I have done/used this,Strongly Agree,Strongly disagree,Strongly agree,Have no opinion,Have no opinion,Have no opinion,Agree,Disagree,No,,,No,No,No,No
29/03/2020 03:08,29/03/2020 03:15,IP Address,100,405,TRUE,29/03/2020 03:15,R_1mXAQafBFemSXQZ,anonymous,EN,Yes,Yes,UKRN01,,Full-time,Yes,,4,2nd Year,,,BSc Psychology,Yes,Female,Agree,Strongly disagree,Agree,Disagree,Have no opinion,Disagree,Strongly agree,Have no opinion,Agree,Disagree,Agree,Disagree,Agree,Disagree,Have no opinion,Agree,I have heard of this,I have heard of this,I have heard of this,,,I have heard of this,I have heard of this,I have heard of this,,,,,,,,,Strongly Agree,Disagree,Strongly agree,Have no opinion,Agree,Have no opinion,Disagree,Agree,Yes,Yes,"That lots of studies that have previously been done, when repeated the effect has not been significant or as strong as originally proposed.",No,Not sure,Yes,
29/03/2020 15:48,29/03/2020 15:54,IP Address,100,343,TRUE,29/03/2020 15:54,R_21GSPZ5XDlVPpZP,anonymous,EN,Yes,Yes,UKRN01,,Full-time,Yes,,4,3rd Year,,,Psychology BSc,No,female,Strongly agree,Disagree,Disagree,Agree,Agree,Disagree,Strongly agree,Agree,Disagree,Agree,Strongly agree,Disagree,Agree,Disagree,Have no opinion,Agree,I have heard of this,I have heard of this,I have heard of this,,,,,I have heard of this,,,,,,,I have done/used this,,Agree,Disagree,Agree,Agree,Agree,Disagree,Disagree,Agree,Yes,Yes,results could not be replicated because of time changes and different contexts,No,Not sure,Yes,This was good to make sure I am up to data with research method knowledge and see where I lack
29/03/2020 16:58,29/03/2020 17:06,IP Address,100,440,TRUE,29/03/2020 17:06,R_1GVyhbVE7ULL35w,anonymous,EN,Yes,Yes,UKRN01,,Full-time,Yes,,4,1st Year,,,Bsc Psychology,Yes,Female,Strongly agree,Strongly disagree,Disagree,Strongly disagree,Agree,Disagree,Strongly agree,Disagree,Strongly agree,Strongly disagree,Agree,Strongly disagree,Agree,Agree,Strongly disagree,Agree,,,I have heard of this,I have heard of this,,,,I have heard of this,,,I have done/used this,I have done/used this,,,,,Strongly Agree,Disagree,Strongly agree,Strongly agree,Agree,Disagree,Strongly disagree,Agree,No,,,No,Not sure,Yes,
30/03/2020 05:59,30/03/2020 06:10,IP Address,100,627,TRUE,30/03/2020 06:10,R_3qK2HwTE9NbcefD,anonymous,EN,Yes,Yes,UKRN01,,Full-time,Yes,,4,2nd Year,,,Psychology,Yes,Female,Strongly agree,Disagree,Agree,Disagree,Agree,Disagree,Strongly agree,Strongly disagree,Agree,Disagree,Have no opinion,Strongly disagree,Agree,Disagree,Disagree,Agree,,,I have heard of this,,,,I have heard of this,I have heard of this,,,I have done/used this,,,,,,Agree,Disagree,Agree,Disagree,Have no opinion,Have no opinion,Disagree,Agree,Yes,Not sure,"I'm not entirely sure, it gets mentioned but never gets explained",Not sure,Not sure,Yes,
30/03/2020 06:03,30/03/2020 06:11,IP Address,100,535,TRUE,30/03/2020 06:11,R_3qkWt1A5cnMFD7t,anonymous,EN,Yes,Yes,UKRN01,,Full-time,Yes,,4,3rd Year,,,BSc Psychology,Yes,Female,Strongly agree,Strongly disagree,Agree,Strongly disagree,Strongly agree,Strongly disagree,Strongly agree,Disagree,Agree,Strongly agree,Agree,Strongly disagree,Agree,Disagree,Disagree,Agree,I have heard of this,,I have heard of this,I have heard of this,I have heard of this,,I have heard of this,I have heard of this,,,,,,,,,Strongly Agree,Disagree,Agree,Agree,Agree,Disagree,Disagree,Agree,Yes,Yes,when studies are unable to replicate and find the same results as the previous study - lack of reliability ,No,No,Yes,
30/03/2020 06:36,30/03/2020 06:40,IP Address,100,235,TRUE,30/03/2020 06:40,R_1dskVi17SAdRk7O,anonymous,EN,Yes,Yes,UKRN01,,Full-time,Yes,,4,2nd Year,,,Psychology,Yes,female,Agree,Strongly disagree,Strongly agree,Strongly disagree,Agree,Strongly disagree,Strongly agree,Agree,Strongly agree,Strongly disagree,Strongly agree,Strongly disagree,Strongly agree,Strongly disagree,Have no opinion,Agree,I have heard of this,,,,,I have heard of this,,,,,I have done/used this,,,,I have done/used this,I have done/used this,Strongly Agree,Strongly disagree,Agree,Strongly disagree,Agree,Agree,Strongly disagree,Strongly disagree,Yes,Yes,the fact that a lot of studies in psychology are being replicated and do not get the same results/significant results including for some important previous studies,Yes,Yes,Yes,
30/03/2020 06:49,30/03/2020 06:58,IP Address,100,532,TRUE,30/03/2020 06:58,R_29dc7Yyr1xwqgqt,anonymous,EN,Yes,Yes,UKRN01,,Full-time,Yes,,4,1st Year,,,Psychology Bcs,Yes,female,Strongly agree,Strongly disagree,Have no opinion,Agree,Strongly agree,Have no opinion,Agree,Disagree,Disagree,Disagree,Agree,Strongly disagree,Have no opinion,Agree,Disagree,Agree,I have heard of this,I have heard of this,I have heard of this,I have heard of this,,I have heard of this,,I have heard of this,,,I have done/used this,,,I have done/used this,,I have done/used this,Agree,Agree,Disagree,Strongly agree,Agree,Agree,Have no opinion,Agree,Not sure,,,No,Not sure,Yes,
30/03/2020 10:52,30/03/2020 10:57,IP Address,100,315,TRUE,30/03/2020 10:57,R_SCTZhJN59m5vBDj,anonymous,EN,Yes,Yes,UKRN01,,Full-time,Yes,,4,1st Year,,,BSc psychology,Yes,Female,Strongly agree,Agree,Strongly agree,Strongly disagree,Strongly agree,Strongly disagree,Strongly agree,Disagree,Strongly agree,Strongly agree,Disagree,Strongly disagree,Disagree,Strongly agree,Strongly agree,Disagree,I have heard of this,I have heard of this,,,I have heard of this,I have heard of this,I have heard of this,,,,I have done/used this,I have done/used this,,,,I have done/used this,Strongly Agree,Disagree,Disagree,Strongly agree,Disagree,Strongly agree,Disagree,Agree,Not sure,,,No,Not sure,Yes,
30/03/2020 12:39,30/03/2020 12:51,IP Address,100,712,TRUE,30/03/2020 12:51,R_3qPfJ39HzdKiSEq,anonymous,EN,Yes,Yes,UKRN01,,Full-time,Yes,,4,1st Year,,,Psychology BSc,Yes,female,Have no opinion,Disagree,Agree,Strongly disagree,Disagree,Have no opinion,Agree,Disagree,Strongly agree,Strongly disagree,Agree,Strongly disagree,Agree,Agree,Agree,Have no opinion,I have heard of this,I have heard of this,,I have heard of this,I have heard of this,,I have heard of this,,,,I have done/used this,,,I have done/used this,,I have done/used this,Agree,Disagree,Have no opinion,Agree,Agree,Disagree,Have no opinion,Agree,Yes,Yes,where people don't give enough information to other researchers to be able to replicate the study accurately,No,Not sure,Yes,
30/03/2020 14:03,30/03/2020 14:10,IP Address,100,452,TRUE,30/03/2020 14:10,R_w0Iywjcgd3qMd57,anonymous,EN,Yes,Yes,UKRN01,,Full-time,Yes,,4,2nd Year,,,psychology,Yes,female,Agree,Strongly disagree,Agree,Have no opinion,Agree,Disagree,Agree,Disagree,Strongly agree,Disagree,Agree,Strongly disagree,Agree,Have no opinion,Have no opinion,Agree,I have heard of this,,I have heard of this,,,,,I have heard of this,,,I have done/used this,,,,,,Strongly Agree,Disagree,Agree,Disagree,Agree,Have no opinion,Have no opinion,Agree,No,,,No,Not sure,Yes,
30/03/2020 14:41,30/03/2020 14:45,IP Address,100,258,TRUE,30/03/2020 14:45,R_9ts6bJCFu1Vgp0t,anonymous,EN,Yes,Yes,UKRN01,,Full-time,Yes,,4,2nd Year,,,Psychology BSc,Yes,Male,Strongly agree,Disagree,Strongly agree,Strongly agree,Strongly agree,Disagree,Agree,Have no opinion,Agree,Strongly agree,Strongly agree,Strongly agree,Strongly agree,Agree,Disagree,Agree,,I have heard of this,,I have heard of this,I have heard of this,I have heard of this,,,I have done/used this,I have done/used this,I have done/used this,,,I have done/used this,I have done/used this,I have done/used this,Agree,Strongly disagree,Strongly agree,Strongly disagree,Disagree,Agree,Disagree,Strongly agree,Yes,Yes,studies are failing to be replicated to increase their validity ,Yes,Yes,Yes,
30/03/2020 17:27,30/03/2020 17:32,IP Address,100,303,TRUE,30/03/2020 17:32,R_SSKj9RIZXiLuetP,anonymous,EN,Yes,Yes,UKRN01,,Full-time,Yes,,4,1st Year,,,BSc psychology,Yes,female,Have no opinion,Strongly disagree,Have no opinion,Strongly disagree,Strongly agree,Strongly disagree,Agree,Agree,Strongly agree,Strongly disagree,Strongly agree,Strongly disagree,Agree,Have no opinion,Disagree,Strongly agree,I have heard of this,,I have heard of this,,,,,I have heard of this,,,I have done/used this,,,,,I have done/used this,Strongly Agree,Strongly disagree,Strongly agree,Strongly agree,Agree,Agree,Have no opinion,Strongly agree,Not sure,,,Yes,No,Yes,
30/03/2020 17:59,30/03/2020 18:09,IP Address,100,589,TRUE,30/03/2020 18:09,R_2X7pUEsE2DgrHh8,anonymous,EN,Yes,Yes,UKRN01,,Full-time,Yes,,4,2nd Year,,,BSc Psychology,No,29,Agree,Strongly disagree,Have no opinion,Strongly disagree,Have no opinion,Strongly disagree,Strongly agree,Strongly disagree,Disagree,Strongly agree,Strongly agree,Strongly disagree,Have no opinion,Strongly disagree,Strongly disagree,Disagree,I have heard of this,I have heard of this,I have heard of this,,,I have heard of this,,I have heard of this,I have done/used this,,I have done/used this,,,I have done/used this,,,Agree,Strongly disagree,Agree,Strongly agree,Have no opinion,Strongly agree,Disagree,Strongly agree,Yes,Yes,Ongoing crisis where it is not possible to re-create studies to verify results or results don't replicate,No,No,Yes,
30/03/2020 23:16,30/03/2020 23:34,IP Address,100,1074,TRUE,30/03/2020 23:34,R_phn4rAlM8NoM7uN,anonymous,EN,Yes,Yes,UKRN01,,Full-time,No,,3,1st Year,,,Psychology Bsc,Yes,Female,Strongly agree,Disagree,Strongly agree,Disagree,Agree,Have no opinion,Strongly agree,Have no opinion,Agree,Disagree,Agree,Strongly disagree,Strongly disagree,Strongly disagree,Disagree,Strongly agree,I have heard of this,I have heard of this,I have heard of this,,,I have heard of this,,I have heard of this,,,I have done/used this,,,,,I have done/used this,Disagree,Strongly disagree,Have no opinion,Strongly agree,Agree,Disagree,Disagree,Agree,Yes,Yes,When there are not enough replication studies conducted,Not sure,Not sure,Yes,
31/03/2020 00:47,31/03/2020 00:53,IP Address,100,411,TRUE,31/03/2020 00:53,R_xmelN5OeDRp2Dhn,anonymous,EN,Yes,Yes,UKRN01,,Full-time,No,,3,1st Year,,,Psychology ,No,female,Agree,Agree,Have no opinion,Have no opinion,Have no opinion,Have no opinion,Agree,Have no opinion,Have no opinion,Agree,Agree,Disagree,Agree,Disagree,Have no opinion,Have no opinion,I have heard of this,I have heard of this,I have heard of this,I have heard of this,,,,I have heard of this,,,,,I have done/used this,I have done/used this,I have done/used this,,Disagree,Agree,Disagree,Have no opinion,Agree,Disagree,Disagree,Have no opinion,Not sure,,,Not sure,Not sure,Yes,
31/03/2020 03:21,31/03/2020 03:26,IP Address,100,295,TRUE,31/03/2020 03:26,R_1Cfms1E3DGtHLma,anonymous,EN,Yes,Yes,UKRN01,,Full-time,Yes,,4,1st Year,,,Psychology Bsc,Yes,Female ,Strongly agree,Strongly disagree,Strongly agree,Agree,Have no opinion,Disagree,Disagree,Disagree,Have no opinion,Disagree,Agree,Strongly disagree,Disagree,Disagree,Disagree,Agree,I have heard of this,I have heard of this,I have heard of this,,I have heard of this,I have heard of this,I have heard of this,,,,,I have done/used this,,,,I have done/used this,Agree,Have no opinion,Have no opinion,Agree,Strongly Agree,Agree,Have no opinion,Have no opinion,Yes,No,Psycbologists replicate their research until they find a desired result ,Yes,No,Yes,
31/03/2020 03:21,31/03/2020 03:27,IP Address,100,334,TRUE,31/03/2020 03:27,R_1rqVfuYUZznMaA3,anonymous,EN,Yes,Yes,UKRN01,,Full-time,Yes,,4,1st Year,,,BSc Psychology with placement,Yes,Female,Strongly agree,Disagree,Agree,Agree,Agree,Agree,Agree,Disagree,Agree,Have no opinion,Agree,Strongly disagree,Strongly agree,Disagree,Have no opinion,Have no opinion,,,,,,,,I have heard of this,,,,,,,,,Strongly Agree,Disagree,Agree,Have no opinion,Have no opinion,Agree,Disagree,Have no opinion,No,,,No,Not sure,Yes,
31/03/2020 03:25,31/03/2020 03:28,IP Address,100,222,TRUE,31/03/2020 03:28,R_3ESI0rj9vzkWOhi,anonymous,EN,Yes,Yes,UKRN01,,Full-time,Yes,,3,4th Year,,,Psychology,Yes,21,Have no opinion,Disagree,Have no opinion,Have no opinion,Strongly agree,Strongly disagree,Strongly agree,Strongly disagree,Agree,Disagree,Strongly agree,Have no opinion,Strongly agree,Disagree,Strongly disagree,Disagree,,,I have heard of this,,,I have heard of this,,I have heard of this,,,I have done/used this,,,,,I have done/used this,Agree,Have no opinion,Strongly agree,Strongly disagree,Strongly Disagree,Strongly agree,Disagree,Strongly agree,Not sure,,,No,No,Yes,
31/03/2020 03:24,31/03/2020 03:34,IP Address,100,616,TRUE,31/03/2020 03:34,R_ZsnIN5Q2wLfHB8R,anonymous,EN,Yes,Yes,UKRN01,,Full-time,Yes,,4,1st Year,,,BSc Psychology,Yes,Female,Strongly agree,Disagree,Agree,Have no opinion,Agree,Have no opinion,Have no opinion,Disagree,Disagree,Agree,Agree,Strongly disagree,Agree,Disagree,Disagree,Have no opinion,I have heard of this,I have heard of this,I have heard of this,I have heard of this,I have heard of this,I have heard of this,I have heard of this,I have heard of this,I have done/used this,,,I have done/used this,,I have done/used this,I have done/used this,,Strongly Agree,Disagree,Have no opinion,Strongly agree,Agree,Disagree,Strongly disagree,Strongly agree,Not sure,,,Not sure,Not sure,Yes,
31/03/2020 03:55,31/03/2020 04:00,IP Address,100,322,TRUE,31/03/2020 04:00,R_3G0xiBoWDlqJqmH,anonymous,EN,Yes,Yes,UKRN01,,Full-time,Yes,,4,2nd Year,,,Psychology,Yes,Female,Agree,Disagree,Agree,Have no opinion,Agree,Disagree,Strongly agree,Disagree,Strongly disagree,Disagree,Agree,Strongly disagree,Disagree,Strongly disagree,Disagree,Agree,,,I have heard of this,I have heard of this,,I have heard of this,I have heard of this,,,,I have done/used this,I have done/used this,,,I have done/used this,,Agree,Disagree,Agree,Strongly agree,Strongly Agree,Strongly disagree,Disagree,Agree,Yes,Yes,Lots of experiments that were presented with significant results have been replicated but found to have non-significant results,No,No,Yes,
31/03/2020 04:24,31/03/2020 04:29,IP Address,100,274,TRUE,31/03/2020 04:29,R_2SCxzACWJeUsKcs,anonymous,EN,Yes,Yes,UKRN01,,Full-time,Yes,,4,2nd Year,,,BSc Psychology,Yes,Male,Strongly agree,Have no opinion,Agree,Strongly agree,Disagree,Have no opinion,Strongly agree,Strongly disagree,Agree,Agree,Strongly agree,Agree,Have no opinion,Strongly agree,Agree,Have no opinion,I have heard of this,I have heard of this,I have heard of this,I have heard of this,,I have heard of this,I have heard of this,I have heard of this,,,,,I have done/used this,,,,Strongly Agree,Disagree,Disagree,Disagree,Strongly Disagree,Disagree,Disagree,Disagree,Yes,Yes,"In current times, replications of older studies do not yield the same results",No,No,Yes,
31/03/2020 04:26,31/03/2020 04:33,IP Address,100,393,TRUE,31/03/2020 04:33,R_3Nzgb1LGAhh9YE8,anonymous,EN,Yes,Yes,UKRN01,,Full-time,No,,3,1st Year,,,Psychology ,Yes,Female,Strongly agree,Disagree,Disagree,Have no opinion,Agree,Have no opinion,Agree,Have no opinion,Disagree,Agree,Agree,Have no opinion,Have no opinion,Agree,Agree,Have no opinion,I have heard of this,I have heard of this,I have heard of this,,,,,I have heard of this,I have done/used this,,I have done/used this,,,,,I have done/used this,Strongly Agree,Disagree,Have no opinion,Agree,Agree,Disagree,Have no opinion,Have no opinion,No,,,No,No,Yes,
31/03/2020 04:37,31/03/2020 04:43,IP Address,100,304,TRUE,31/03/2020 04:43,R_PBrO9HIqwnPmRJn,anonymous,EN,Yes,Yes,UKRN01,,Full-time,Yes,,4,2nd Year,,,Psychology BSc,Yes,Female,Strongly agree,Strongly disagree,Strongly agree,Disagree,Strongly agree,Disagree,Strongly agree,Disagree,Agree,Agree,Agree,Strongly disagree,Agree,Disagree,Disagree,Strongly disagree,I have heard of this,I have heard of this,,,,,I have heard of this,I have heard of this,,,I have done/used this,I have done/used this,I have done/used this,I have done/used this,,,Disagree,Disagree,Agree,Have no opinion,Disagree,Agree,Disagree,Have no opinion,Yes,Yes,"Where a significant number of studies from previous decades are being replicated today, and a large number of them are not producing the same results anymore. ",Not sure,Yes,Yes,
31/03/2020 04:39,31/03/2020 04:51,IP Address,100,750,TRUE,31/03/2020 04:51,R_25SzBIbwqt0HgNK,anonymous,EN,Yes,Yes,UKRN01,,Full-time,Yes,,4,1st Year,,,BSc Psychology,Yes,female,Agree,Disagree,Agree,Have no opinion,Agree,Disagree,Strongly agree,Disagree,Have no opinion,Agree,Agree,Strongly disagree,Have no opinion,Agree,Disagree,Agree,I have heard of this,I have heard of this,I have heard of this,I have heard of this,I have heard of this,I have heard of this,I have heard of this,,,,,,,,,I have done/used this,Disagree,Disagree,Disagree,Agree,Agree,Have no opinion,Disagree,Have no opinion,Not sure,,,No,No,No,
31/03/2020 05:44,31/03/2020 05:48,IP Address,100,203,TRUE,31/03/2020 05:48,R_1E5SSLDH0AYBxgG,anonymous,EN,Yes,Yes,UKRN01,,Full-time,Yes,,4,2nd Year,,,Psychology BSc,Yes,Male,Strongly agree,Strongly disagree,Agree,Agree,Strongly agree,Disagree,Strongly agree,Strongly disagree,Strongly agree,Strongly agree,Agree,Strongly disagree,Have no opinion,Have no opinion,Disagree,Agree,I have heard of this,I have heard of this,I have heard of this,I have heard of this,I have heard of this,I have heard of this,I have heard of this,I have heard of this,,,,,,,,,Agree,Disagree,Strongly agree,Agree,Strongly Agree,Disagree,Disagree,Strongly agree,No,,,Yes,No,Yes,
31/03/2020 05:45,31/03/2020 05:55,IP Address,100,596,TRUE,31/03/2020 05:55,R_DHlWEWG0qfTdzKp,anonymous,EN,Yes,Yes,UKRN01,,Full-time,Yes,,4,1st Year,,,Psychology BSc (Hons),Yes,Female,Agree,Disagree,Have no opinion,Disagree,Agree,Disagree,Agree,Have no opinion,Agree,Disagree,Agree,Strongly disagree,Disagree,Disagree,Disagree,Agree,,,I have heard of this,,,,,I have heard of this,,,,,,,,,Agree,Disagree,Have no opinion,Agree,Have no opinion,Agree,Have no opinion,Agree,No,,,No,No,Not sure,
31/03/2020 06:45,31/03/2020 06:50,IP Address,100,295,TRUE,31/03/2020 06:50,R_3D74tj51yYYCQu2,anonymous,EN,Yes,Yes,UKRN01,,Full-time,No,,3,2nd Year,,,psychology ,Yes,female ,Strongly agree,Strongly disagree,Agree,Have no opinion,Agree,Have no opinion,Agree,Agree,Agree,Disagree,Strongly agree,Strongly disagree,Agree,Agree,Strongly disagree,Agree,,,,,,,,I have heard of this,I have done/used this,I have done/used this,I have done/used this,,,I have done/used this,,,Agree,Have no opinion,Agree,Agree,Agree,Have no opinion,Disagree,Agree,No,,,Yes,Yes,Yes,
31/03/2020 06:50,31/03/2020 06:58,IP Address,100,500,TRUE,31/03/2020 06:58,R_3PvJR2ILe7aUhAq,anonymous,EN,Yes,Yes,UKRN01,,Full-time,Yes,,4,2nd Year,,,Psychology ,Yes,Male ,Agree,Have no opinion,Agree,Strongly agree,Have no opinion,Disagree,Strongly agree,Agree,Agree,Agree,Agree,Strongly agree,Agree,Have no opinion,Agree,Strongly agree,I have heard of this,I have heard of this,I have heard of this,,,I have heard of this,,I have heard of this,I have done/used this,I have done/used this,I have done/used this,,,,,,Agree,Agree,Have no opinion,Disagree,Agree,Strongly agree,Agree,Have no opinion,No,,,No,No,No,
31/03/2020 06:50,31/03/2020 06:59,IP Address,100,499,TRUE,31/03/2020 06:59,R_2AR5UgiiInCQrB6,anonymous,EN,Yes,Yes,UKRN01,,Full-time,No,,3,1st Year,,,psychology,No,female,Agree,Strongly disagree,Have no opinion,Strongly disagree,Agree,Strongly disagree,Agree,Disagree,Agree,Disagree,Agree,Strongly disagree,Agree,Have no opinion,Have no opinion,Have no opinion,,,I have heard of this,,,,,I have heard of this,,,,,,,,,Strongly Agree,Strongly disagree,Agree,Agree,Have no opinion,Disagree,Disagree,Agree,Not sure,,,No,Not sure,Yes,
31/03/2020 07:29,31/03/2020 07:47,IP Address,100,1092,TRUE,31/03/2020 07:47,R_1kO0X9P8wSnlxtW,anonymous,EN,Yes,Yes,UKRN01,,Full-time,Yes,,4,1st Year,,,Psychology BSc,Yes,Female,Strongly agree,Strongly disagree,Agree,Strongly agree,Have no opinion,Have no opinion,Agree,Have no opinion,Agree,Agree,Strongly agree,Strongly disagree,Have no opinion,Strongly disagree,Disagree,Agree,I have heard of this,I have heard of this,I have heard of this,,,,,I have heard of this,,,I have done/used this,,,,,,Agree,Have no opinion,Agree,Agree,Agree,Agree,Disagree,Disagree,No,,,No,No,Not sure,
31/03/2020 08:13,31/03/2020 08:27,IP Address,100,829,TRUE,31/03/2020 08:27,R_V26F0b6K001Ytbz,anonymous,EN,Yes,Yes,UKRN01,,Full-time,Yes,,4,2nd Year,,,BSc Psychology,Yes,Female,Strongly agree,Strongly disagree,Agree,Disagree,Agree,Disagree,Agree,Agree,Agree,Disagree,Strongly agree,Strongly disagree,Agree,Disagree,Have no opinion,Strongly agree,I have heard of this,I have heard of this,I have heard of this,,I have heard of this,,,I have heard of this,,,I have done/used this,I have done/used this,,I have done/used this,I have done/used this,I have done/used this,Strongly Agree,Disagree,Agree,Agree,Strongly Agree,Agree,Disagree,Agree,Yes,Yes,Lots of research hasn't been successfully replicated,Not sure,Yes,Yes,
31/03/2020 08:29,31/03/2020 08:35,IP Address,100,331,TRUE,31/03/2020 08:35,R_AgPN8im6PIwXN9n,anonymous,EN,Yes,Yes,UKRN01,,Full-time,Yes,,4,2nd Year,,,Psychology ,Yes,Female,Agree,Disagree,Agree,Agree,Disagree,Have no opinion,Disagree,Disagree,Agree,Agree,Agree,Strongly disagree,Have no opinion,Strongly disagree,Disagree,Agree,,,I have heard of this,,,,I have heard of this,I have heard of this,,,I have done/used this,,,,,,Agree,Disagree,Agree,Agree,Strongly Agree,Agree,Disagree,Agree,Yes,Yes,A common issue in psychology where studies are made non-replicable for whatever reason e.g. sampling methods meaning that it is hard for other researchers to test the original studies' validity.,No,No,No,
31/03/2020 08:39,31/03/2020 08:47,IP Address,100,426,TRUE,31/03/2020 08:47,R_3r0vJwhluNtWNRw,anonymous,EN,Yes,Yes,UKRN01,,Full-time,Yes,,4,1st Year,,,BSc Psychology ,Yes,Female,Agree,Disagree,Agree,Disagree,Agree,Disagree,Agree,Disagree,Strongly agree,Have no opinion,Have no opinion,Disagree,Have no opinion,Disagree,Have no opinion,Agree,I have heard of this,I have heard of this,I have heard of this,I have heard of this,I have heard of this,I have heard of this,,,I have done/used this,,I have done/used this,,,,,I have done/used this,Agree,Disagree,Agree,Agree,Agree,Agree,Have no opinion,Agree,Yes,No,Issues Associated With Researchers Copying Other Research And Claiming It As Their Own,Not sure,Not sure,Yes,Pretty Cool
31/03/2020 14:39,31/03/2020 14:50,IP Address,100,672,TRUE,31/03/2020 14:50,R_3KCnlWuBtOrHlwy,anonymous,EN,Yes,Yes,UKRN01,,Full-time,Yes,,4,1st Year,,,Psychology,Yes,female,Strongly agree,Strongly disagree,Agree,Have no opinion,Have no opinion,Have no opinion,Agree,Have no opinion,Agree,Have no opinion,Agree,Strongly disagree,Agree,Agree,Have no opinion,Have no opinion,,,,,,,,,I have done/used this,I have done/used this,I have done/used this,I have done/used this,I have done/used this,I have done/used this,I have done/used this,I have done/used this,Strongly Agree,Strongly disagree,Agree,Agree,Have no opinion,Agree,Have no opinion,Have no opinion,Yes,Yes,not having enough information to replicate a study and confirm its results,Not sure,Not sure,Yes,no
31/03/2020 14:56,31/03/2020 15:04,IP Address,100,463,TRUE,31/03/2020 15:04,R_qQ7x6fscks3XmpP,anonymous,EN,Yes,Yes,UKRN01,,Full-time,Yes,,3,3rd Year,,,Psychology,Yes,Female,Agree,Strongly disagree,Strongly agree,Disagree,Have no opinion,Have no opinion,Agree,Have no opinion,Agree,Strongly agree,Strongly agree,Strongly disagree,Strongly agree,Strongly disagree,Agree,Agree,,,I have heard of this,,,,I have heard of this,I have heard of this,,,I have done/used this,,,,I have done/used this,,Agree,Disagree,Have no opinion,Agree,Agree,Have no opinion,Disagree,Agree,Yes,Yes,The movement in social psychology due to previous studies not being replicable ,No,No,Not sure,
01/04/2020 03:48,01/04/2020 03:54,IP Address,100,363,TRUE,01/04/2020 03:54,R_1rIhkln3Q9SBK54,anonymous,EN,Yes,Yes,UKRN01,,Full-time,Yes,,4,1st Year,,,Psychology BSc,Yes,Female,Agree,Disagree,Have no opinion,Disagree,Have no opinion,Have no opinion,Agree,Disagree,Have no opinion,Have no opinion,Agree,Strongly disagree,Have no opinion,Disagree,Disagree,Agree,,,I have heard of this,,,I have heard of this,,I have heard of this,I have done/used this,I have done/used this,,I have done/used this,I have done/used this,,I have done/used this,,Strongly Agree,Strongly disagree,Agree,Strongly agree,Agree,Have no opinion,Disagree,Agree,Not sure,,,No,No,Yes,
01/04/2020 07:22,01/04/2020 07:34,IP Address,100,708,TRUE,01/04/2020 07:34,R_3hF2GRhpTPTgiyJ,anonymous,EN,Yes,Yes,UKRN01,,Full-time,Yes,,4,1st Year,,,BSc Psychology,No,Male,Agree,Strongly disagree,Agree,Strongly disagree,Agree,Have no opinion,Agree,Agree,Have no opinion,Strongly disagree,Agree,Disagree,Have no opinion,Agree,Agree,Agree,I have heard of this,I have heard of this,I have heard of this,I have heard of this,I have heard of this,I have heard of this,I have heard of this,I have heard of this,,,,,,,,,Agree,Agree,Strongly agree,Agree,Agree,Agree,Disagree,Agree,Not sure,,,Not sure,Yes,Yes,
01/04/2020 11:10,01/04/2020 11:17,IP Address,100,407,TRUE,01/04/2020 11:17,R_1etsXdmEAOu9xUu,anonymous,EN,Yes,Yes,UKRN01,,Full-time,No,,3,2nd Year,,,Psychology BSc,Yes,Female,Agree,Strongly disagree,Strongly agree,Agree,Agree,Strongly disagree,Strongly agree,Strongly disagree,Strongly disagree,Agree,Agree,Disagree,Have no opinion,Agree,Disagree,Agree,I have heard of this,I have heard of this,I have heard of this,,,I have heard of this,I have heard of this,I have heard of this,I have done/used this,I have done/used this,I have done/used this,,,I have done/used this,,,Agree,Disagree,Agree,Strongly agree,Agree,Strongly disagree,Have no opinion,Have no opinion,No,,,No,Not sure,Yes,
25/03/2020 13:53,25/03/2020 13:53,IP Address,14,8,FALSE,01/04/2020 13:53,R_24BZMANpHPa0meA,anonymous,EN,Yes,Yes,,,,,,,,,,,,,,,,,,,,,,,,,,,,,,,,,,,,,,,,,,,,,,,,,,,,,,,,,,,
01/04/2020 20:58,01/04/2020 21:01,IP Address,100,162,TRUE,01/04/2020 21:01,R_1l5Xm0Ql13lXqJp,anonymous,EN,Yes,Yes,UNI14,,Full-time,Yes,,3,2nd Year,,,,Yes,,Have no opinion,Have no opinion,Strongly agree,Agree,Agree,Have no opinion,Have no opinion,Have no opinion,Agree,Agree,Disagree,Have no opinion,Have no opinion,Disagree,Have no opinion,Agree,I have heard of this,,,I have heard of this,I have heard of this,I have heard of this,,I have heard of this,,I have done/used this,I have done/used this,,,,I have done/used this,,Strongly disagree,Agree,Have no opinion,Agree,Have no opinion,Agree,Disagree,Have no opinion,Yes,No,,No,No,Not sure,
02/04/2020 01:38,02/04/2020 02:05,IP Address,100,1669,TRUE,02/04/2020 02:05,R_27Nh8RRiHmkOxVJ,anonymous,EN,Yes,Yes,UNI15,,Full-time,No,,3,1st Year,,,Psychology with Cognitive Neuroscience,No,Female,Agree,Have no opinion,Agree,Disagree,Agree,Have no opinion,Strongly agree,Strongly disagree,Strongly agree,Strongly agree,Strongly agree,Have no opinion,Agree,Disagree,Disagree,Strongly agree,,,,I have heard of this,I have heard of this,,,,I have done/used this,I have done/used this,I have done/used this,,,I have done/used this,I have done/used this,I have done/used this,Agree,Disagree,Agree,Agree,Agree,Disagree,Disagree,Agree,Not sure,,,Yes,Not sure,Yes,
02/04/2020 05:37,02/04/2020 05:43,IP Address,100,369,TRUE,02/04/2020 05:43,R_BWfGMVArScGHk9H,anonymous,EN,Yes,Yes,UKRN01,,Full-time,Yes,,4,2nd Year,,,Psychology,Yes,f,Strongly disagree,Agree,Agree,Strongly agree,Strongly disagree,Strongly agree,Strongly agree,Disagree,Disagree,Disagree,Strongly agree,Disagree,Strongly agree,Disagree,Strongly disagree,Strongly agree,,,,,I have heard of this,I have heard of this,,,I have done/used this,,I have done/used this,,,,,I have done/used this,Strongly Agree,Agree,Strongly Disagree,Strongly agree,Strongly Agree,Strongly disagree,Strongly disagree,Disagree,No,,,No,Not sure,Yes,
02/04/2020 05:41,02/04/2020 05:52,IP Address,100,668,TRUE,02/04/2020 05:52,R_2xRZ0AJPm0WlPJW,anonymous,EN,Yes,Yes,UKRN01,,Full-time,Yes,,4,2nd Year,,,BSc Psychology,Yes,female,Strongly agree,Strongly disagree,Agree,Strongly disagree,Agree,Strongly disagree,Strongly agree,Disagree,Agree,Strongly agree,Agree,Strongly agree,Strongly disagree,Strongly disagree,Disagree,Agree,I have heard of this,,,I have heard of this,,,,,,I have done/used this,I have done/used this,,I have done/used this,I have done/used this,,I have done/used this,Strongly Agree,Disagree,Agree,Strongly disagree,Agree,Disagree,Have no opinion,Agree,No,,,Yes,Not sure,Yes,
02/04/2020 06:23,02/04/2020 06:28,IP Address,100,341,TRUE,02/04/2020 06:28,R_1E4lpo05vPdX8XL,anonymous,EN,Yes,Yes,UKRN01,,Full-time,Yes,,4,2nd Year,,,Psychology,Yes,Female,Strongly agree,Disagree,Agree,Agree,Agree,Strongly disagree,Strongly agree,Agree,Strongly agree,Strongly disagree,Strongly agree,Strongly disagree,Agree,Disagree,Strongly agree,Agree,,,I have heard of this,,,,,I have heard of this,,,,,,,,,Strongly Agree,Strongly disagree,Agree,Have no opinion,Agree,Have no opinion,Disagree,Agree,Not sure,,,No,No,Yes,
02/04/2020 06:25,02/04/2020 06:33,IP Address,100,468,TRUE,02/04/2020 06:33,R_1Lk6HYj0cWDKUBJ,anonymous,EN,Yes,Yes,UKRN01,,Full-time,Yes,,4,1st Year,,,Psychology BSc,Yes,Female ,Agree,Disagree,Have no opinion,Disagree,Agree,Have no opinion,Have no opinion,Agree,Disagree,Agree,Agree,Strongly disagree,Have no opinion,Agree,Disagree,Disagree,,I have heard of this,I have heard of this,I have heard of this,I have heard of this,,,,I have done/used this,,,,,I have done/used this,I have done/used this,I have done/used this,Agree,Disagree,Agree,Agree,Agree,Have no opinion,Disagree,Have no opinion,No,,,No,Not sure,Yes,
02/04/2020 06:49,02/04/2020 06:56,IP Address,100,364,TRUE,02/04/2020 06:56,R_yQhrIXZf5zfnL8J,anonymous,EN,Yes,Yes,UKRN01,,Full-time,Yes,,4,3rd Year,,,BSc Psychology,Yes,Female,Agree,Disagree,Agree,Have no opinion,Agree,Have no opinion,Agree,Have no opinion,Disagree,Have no opinion,Agree,Strongly disagree,Agree,Strongly disagree,Have no opinion,Agree,,,,,,,,,,,,,,,,,Agree,Disagree,Agree,Have no opinion,Agree,Agree,Disagree,Disagree,Yes,Yes,"Inability to replicate/reproduce the same results of previous research, including classic/well known research",No,No,Yes,
02/04/2020 05:44,02/04/2020 07:08,IP Address,100,4998,TRUE,02/04/2020 07:08,R_cZx2NYLBfpf8Ok1,anonymous,EN,Yes,Yes,UKRN01,,Full-time,Yes,,4,1st Year,,,BSc Psychology ,Yes,Female,Strongly agree,Disagree,Agree,Disagree,Strongly agree,Disagree,Disagree,Agree,Agree,Strongly agree,Strongly agree,Strongly disagree,Have no opinion,Strongly disagree,Disagree,Strongly agree,,,,I have heard of this,,I have heard of this,,I have heard of this,,,,I have done/used this,,I have done/used this,,,Strongly Agree,Strongly disagree,Agree,Agree,Agree,Agree,Disagree,Disagree,No,,,No,Not sure,Yes,
02/04/2020 07:20,02/04/2020 07:28,IP Address,100,456,TRUE,02/04/2020 07:28,R_ea0pmWfIcVqQrK1,anonymous,EN,Yes,Yes,UKRN01,,Full-time,Yes,,4,3rd Year,,,Psychology BSc,Yes,Female,Agree,Strongly disagree,Agree,Disagree,Agree,Disagree,Strongly agree,Strongly disagree,Disagree,Strongly agree,Agree,Strongly disagree,Agree,Strongly disagree,Disagree,Agree,,,,,,,I have heard of this,I have heard of this,,,,,,,I have done/used this,,Strongly Agree,Disagree,Agree,Agree,Agree,Agree,Disagree,Agree,No,,,No,Not sure,Yes,
02/04/2020 09:00,02/04/2020 09:07,IP Address,100,438,TRUE,02/04/2020 09:07,R_3egLyCE2TllqKw6,anonymous,EN,Yes,Yes,UKRN01,,Full-time,Yes,,4,2nd Year,,,Psychology,Yes,female,Strongly agree,Disagree,Agree,Disagree,Have no opinion,Disagree,Agree,Disagree,Agree,Agree,Agree,Disagree,Have no opinion,Disagree,Agree,Agree,I have heard of this,I have heard of this,,I have heard of this,I have heard of this,,,,,,I have done/used this,,,I have done/used this,I have done/used this,I have done/used this,Agree,Disagree,Agree,Have no opinion,Have no opinion,Agree,Disagree,Agree,Yes,Yes,"Many studies have shown a significant effect but there is lack of replication of those studies, many studies cannot be reproduced",Not sure,No,Yes,
02/04/2020 08:54,02/04/2020 09:08,IP Address,100,857,TRUE,02/04/2020 09:08,R_RXmRt58eJcryOu5,anonymous,EN,Yes,Yes,UKRN01,,Full-time,Yes,,4,1st Year,,,BSc Psychology,Yes,Female,Agree,Disagree,Have no opinion,Agree,Agree,Agree,Disagree,Agree,Agree,Agree,Strongly agree,Disagree,Have no opinion,Agree,Agree,Disagree,,,I have heard of this,,,I have heard of this,,I have heard of this,,,,,,,,I have done/used this,Agree,Disagree,Disagree,Agree,Have no opinion,Agree,Disagree,Agree,Yes,Yes,Researchers find it difficult to replicate research ,No,No,Yes,
02/04/2020 11:07,02/04/2020 11:13,IP Address,100,337,TRUE,02/04/2020 11:13,R_11hDcKcmUxhr1O7,anonymous,EN,Yes,Yes,UKRN01,,Full-time,No,,3,2nd Year,,,Psychology,Yes,female,Strongly agree,Have no opinion,Agree,Have no opinion,Agree,Have no opinion,Agree,Have no opinion,Agree,Strongly agree,Agree,Agree,Have no opinion,Agree,Strongly agree,Have no opinion,I have heard of this,I have heard of this,I have heard of this,I have heard of this,,I have heard of this,I have heard of this,I have heard of this,,,,,I have done/used this,,,,Strongly disagree,Disagree,Agree,Agree,Have no opinion,Agree,Strongly agree,Agree,Not sure,,,Yes,No,Yes,
03/04/2020 04:40,03/04/2020 04:49,IP Address,100,507,TRUE,03/04/2020 04:49,R_2OIqnoJ1jmRT5cH,anonymous,EN,Yes,Yes,UKRN01,,Full-time,Yes,,4,3rd Year,,,Psychology,Yes,Female,Strongly agree,Strongly disagree,Strongly agree,Have no opinion,Agree,Have no opinion,Strongly agree,Strongly disagree,Strongly agree,Have no opinion,Agree,Disagree,Have no opinion,Disagree,Disagree,Agree,,,I have heard of this,,,,I have heard of this,I have heard of this,,,I have done/used this,,,,I have done/used this,I have done/used this,Agree,Disagree,Strongly agree,Strongly agree,Agree,Have no opinion,Disagree,Have no opinion,Yes,No,Many studies in psychological research are difficult or impossible to replicate,Yes,No,Yes,
03/04/2020 05:27,03/04/2020 05:32,IP Address,100,278,TRUE,03/04/2020 05:32,R_2UhBhxsP1IM3bsz,anonymous,EN,Yes,Yes,UKRN01,,Full-time,Yes,,4,1st Year,,,Bsc Psychology,Yes,Female ,Strongly agree,Disagree,Agree,Strongly disagree,Agree,Have no opinion,Strongly agree,Have no opinion,Agree,Have no opinion,Have no opinion,Strongly disagree,Agree,Have no opinion,Disagree,Strongly agree,I have heard of this,,I have heard of this,I have heard of this,,I have heard of this,,I have heard of this,,,I have done/used this,,,,,,Agree,Have no opinion,Have no opinion,Strongly agree,Strongly Agree,Have no opinion,Have no opinion,Agree,Not sure,,,No,No,Yes,
27/03/2020 11:09,27/03/2020 11:10,IP Address,46,50,FALSE,03/04/2020 11:10,R_33rtEqL7PrCzvqd,anonymous,EN,Yes,Yes,UKRN01,,Full-time,Yes,,4,2nd Year,,,Psychology,Yes,Female,,,,,,,,,,,,,,,,,,,,,,,,,,,,,,,,,,,,,,,,,,,,,,,
04/04/2020 22:58,04/04/2020 23:05,IP Address,100,429,TRUE,04/04/2020 23:05,R_1cSWgWsPFk2Vl1S,anonymous,EN,Yes,Yes,UKRN01,,Full-time,Yes,,4,2nd Year,,,Psychology ,No,Female,Strongly agree,Strongly disagree,Strongly agree,Strongly disagree,Strongly agree,Strongly disagree,Strongly agree,Strongly disagree,Strongly agree,Strongly disagree,Strongly agree,Strongly disagree,Strongly agree,Strongly disagree,Strongly disagree,Agree,I have heard of this,,I have heard of this,I have heard of this,I have heard of this,,I have heard of this,I have heard of this,,I have done/used this,,,,I have done/used this,,,Strongly Agree,Strongly disagree,Strongly agree,Strongly disagree,Have no opinion,Strongly agree,Strongly disagree,Strongly agree,Yes,Yes,In social sciences many of the classical studies and their associated effects has been found to be non significant in a mass replication. ,Yes,Yes,Yes,
30/03/2020 04:14,30/03/2020 04:16,IP Address,27,99,FALSE,06/04/2020 04:17,R_3lMurQZOIJt6cQJ,anonymous,EN,Yes,Yes,UKRN01,,Full-time,Other (Please specify),year out,,,,,,,,,,,,,,,,,,,,,,,,,,,,,,,,,,,,,,,,,,,,,,,,,,,,,,
06/04/2020 04:19,06/04/2020 04:25,IP Address,100,352,TRUE,06/04/2020 04:25,R_20U4VAsdzM4ZfIT,anonymous,EN,Yes,Yes,UKRN01,,Full-time,Yes,,4,2nd Year,,,Psychology,Yes,Male,Strongly agree,Strongly disagree,Strongly agree,Strongly disagree,Agree,Strongly disagree,Strongly agree,Strongly disagree,Strongly agree,Strongly disagree,Strongly agree,Strongly disagree,Agree,Strongly disagree,Disagree,Agree,I have heard of this,I have heard of this,I have heard of this,I have heard of this,I have heard of this,I have heard of this,I have heard of this,I have heard of this,I have done/used this,,I have done/used this,,,,I have done/used this,I have done/used this,Strongly Agree,Strongly disagree,Strongly agree,Strongly disagree,Disagree,Strongly agree,Strongly disagree,Strongly agree,Yes,Yes,"Historical social science significant findings have not been able to be replicated with recent attempts, questioning the validity of the results and of social science as a whole",Yes,Yes,Yes,no
06/04/2020 04:39,06/04/2020 04:47,IP Address,100,480,TRUE,06/04/2020 04:47,R_1OxXNz0zUFXc6Ld,anonymous,EN,Yes,Yes,UKRN01,,Full-time,No,,3,1st Year,,,Psychology,Yes,Female,Agree,Disagree,Have no opinion,Disagree,Disagree,Disagree,Agree,Disagree,Agree,Disagree,Agree,Disagree,Have no opinion,Agree,Have no opinion,Disagree,I have heard of this,,I have heard of this,I have heard of this,I have heard of this,,I have heard of this,I have heard of this,I have done/used this,,,,,,,I have done/used this,Agree,Disagree,Agree,Agree,Have no opinion,Agree,Disagree,Agree,Not sure,,,No,Not sure,Yes,
06/04/2020 08:03,06/04/2020 08:24,IP Address,100,1251,TRUE,06/04/2020 08:24,R_27xslJMF9rNxtof,anonymous,EN,Yes,Yes,UKRN01,,Full-time,Yes,,4,1st Year,,,psychology ,Yes,female ,Strongly agree,Strongly disagree,Disagree,Agree,Have no opinion,Disagree,Agree,Agree,Have no opinion,Have no opinion,Strongly agree,Disagree,Agree,Agree,Strongly disagree,Strongly agree,I have heard of this,I have heard of this,I have heard of this,I have heard of this,I have heard of this,I have heard of this,I have heard of this,,,,,,,,,I have done/used this,Agree,Disagree,Have no opinion,Agree,Strongly Agree,Disagree,Disagree,Agree,Not sure,,,No,No,Yes,
06/04/2020 08:50,06/04/2020 08:54,IP Address,100,237,TRUE,06/04/2020 08:54,R_2Bqx2GYxdUdEIx7,anonymous,EN,Yes,Yes,UKRN01,,Full-time,Yes,,4,2nd Year,,,Psychology,Yes,Female,Agree,Strongly disagree,Agree,Have no opinion,Strongly agree,Agree,Strongly agree,Disagree,Agree,Have no opinion,Agree,Agree,Agree,Agree,Have no opinion,Agree,I have heard of this,I have heard of this,I have heard of this,,,,I have heard of this,I have heard of this,,,,I have done/used this,I have done/used this,I have done/used this,,,Agree,Agree,Agree,Have no opinion,Strongly Agree,Disagree,Have no opinion,Agree,Yes,No,hard to replicate studies,Not sure,No,Not sure,
06/04/2020 09:20,06/04/2020 10:02,IP Address,100,2481,TRUE,06/04/2020 10:02,R_2OGPIzv40CPVeJu,anonymous,EN,Yes,Yes,UKRN01,,Full-time,Yes,,3,2nd Year,,,psychology Bsc,No,female,Agree,Have no opinion,Agree,Disagree,Have no opinion,Disagree,Agree,Have no opinion,Agree,Strongly agree,Strongly agree,Agree,Have no opinion,Agree,Agree,Disagree,,,,I have heard of this,I have heard of this,I have heard of this,I have heard of this,,I have done/used this,I have done/used this,I have done/used this,,,,I have done/used this,I have done/used this,Agree,Disagree,Agree,Agree,Have no opinion,Agree,Disagree,Agree,Yes,No,that many studies can't be replicated because it is difficult or impossible to replicate,No,Not sure,Yes,
07/04/2020 05:11,07/04/2020 05:21,IP Address,100,588,TRUE,07/04/2020 05:21,R_5dTlp6xDV9VdeXD,anonymous,EN,Yes,Yes,UKRN01,,Full-time,No,,3,1st Year,,,Psychology BSc,No,Female,Strongly agree,Strongly disagree,Strongly agree,Have no opinion,Strongly agree,Have no opinion,Strongly agree,Agree,Strongly agree,Strongly agree,Strongly agree,Strongly disagree,Disagree,Strongly agree,Disagree,Strongly agree,I have heard of this,I have heard of this,I have heard of this,I have heard of this,,I have heard of this,,I have heard of this,,,I have done/used this,I have done/used this,,I have done/used this,,I have done/used this,Strongly Agree,Disagree,Strongly agree,Strongly agree,Strongly Agree,Disagree,Strongly disagree,Agree,Yes,No,Older established theories not supported by replication studies. ,Not sure,No,Yes,n/a
07/04/2020 05:48,07/04/2020 05:56,IP Address,100,473,TRUE,07/04/2020 05:56,R_1LZ4myqaSWF5QNY,anonymous,EN,Yes,Yes,UKRN01,,Full-time,Yes,,4,3rd Year,,,Psychology BSc,Yes,Female,Strongly agree,Disagree,Agree,Disagree,Agree,Have no opinion,Agree,Agree,Disagree,Disagree,Agree,Strongly disagree,Agree,Strongly disagree,Disagree,Have no opinion,I have heard of this,I have heard of this,I have heard of this,I have heard of this,I have heard of this,I have heard of this,I have heard of this,I have heard of this,,,I have done/used this,,,I have done/used this,,,Agree,Have no opinion,Agree,Disagree,Have no opinion,Agree,Disagree,Agree,Yes,No,Where studies that are replicated have different results than the original. ,Not sure,No,Yes,
07/04/2020 06:00,07/04/2020 06:13,IP Address,100,814,TRUE,07/04/2020 06:13,R_24wyieOuSWTrESL,anonymous,EN,Yes,Yes,UKRN01,,Full-time,Yes,,4,1st Year,,,Psychology BSc,No,female,Strongly agree,Disagree,Agree,Disagree,Agree,Disagree,Strongly agree,Disagree,Agree,Have no opinion,Agree,Strongly disagree,Have no opinion,Agree,Have no opinion,Have no opinion,,,,,,,,,,,,,,,,,Agree,Disagree,Agree,Have no opinion,Disagree,Agree,Disagree,Agree,Not sure,,,Not sure,No,Yes,Have a nice day!
07/04/2020 07:48,07/04/2020 07:53,IP Address,100,291,TRUE,07/04/2020 07:53,R_2uWnygXZAP9SsNr,anonymous,EN,Yes,Yes,UKRN01,,Full-time,Yes,,4,1st Year,,,Psychology,Yes,Female,Agree,Disagree,Agree,Disagree,Have no opinion,Disagree,Agree,Disagree,Agree,Strongly agree,Disagree,Strongly disagree,Agree,Strongly agree,Disagree,Agree,,,,,,,,I have heard of this,,,,,,,,,Strongly Agree,Strongly disagree,Disagree,Strongly agree,Strongly Agree,Have no opinion,Have no opinion,Agree,Not sure,,,No,No,Yes,
07/04/2020 10:07,07/04/2020 10:16,IP Address,100,535,TRUE,07/04/2020 10:16,R_1ov664TjDbjyM2k,anonymous,EN,Yes,Yes,UKRN01,,Full-time,Yes,,4,3rd Year,,,Bsc Psychology,No,Male,Strongly agree,Strongly disagree,Agree,Strongly disagree,Agree,Disagree,Strongly agree,Disagree,Agree,Strongly disagree,Strongly agree,Strongly disagree,Agree,Strongly disagree,Have no opinion,Disagree,I have heard of this,I have heard of this,I have heard of this,I have heard of this,I have heard of this,I have heard of this,I have heard of this,I have heard of this,I have done/used this,I have done/used this,I have done/used this,I have done/used this,I have done/used this,I have done/used this,I have done/used this,,Strongly Agree,Disagree,Agree,Strongly disagree,Disagree,Agree,Disagree,Agree,Yes,Yes,"studies failing to replicate at an alarming rate, in wider research but most notably in psychology. Perhaps this is just science taking it's course.",Yes,Yes,Yes,
07/04/2020 10:21,07/04/2020 10:30,IP Address,100,585,TRUE,07/04/2020 10:30,R_1FtQwUN2IMm56iU,anonymous,EN,Yes,Yes,UKRN01,,Full-time,Yes,,4,3rd Year,,,psychology,Yes,Male ,Agree,Have no opinion,Agree,Agree,Agree,Agree,Agree,Strongly disagree,Have no opinion,Agree,Agree,Agree,Have no opinion,Agree,Disagree,Agree,,,I have heard of this,,,I have heard of this,,,I have done/used this,I have done/used this,,I have done/used this,I have done/used this,,I have done/used this,I have done/used this,Disagree,Disagree,Agree,Agree,Agree,Agree,Have no opinion,Agree,Not sure,,,No,Yes,Yes,no additional comments
07/04/2020 13:58,07/04/2020 14:18,IP Address,100,1188,TRUE,07/04/2020 14:18,R_2QPWHlsFLOXVjI8,anonymous,EN,Yes,Yes,UKRN01,,Full-time,Yes,,4,1st Year,,,BSc Psychology,Yes,Male,Have no opinion,Disagree,Agree,Strongly disagree,Have no opinion,Have no opinion,Strongly agree,Have no opinion,Agree,Strongly agree,Disagree,Strongly disagree,Agree,Disagree,Disagree,Have no opinion,,,,,,,,I have heard of this,,,,,,,,,Strongly Agree,Strongly disagree,Strongly agree,Agree,Agree,Strongly disagree,Disagree,Strongly agree,Yes,Not sure,Many studies in Psychology have not been replicated or have failed to be replicated. ,No,No,Not sure,
07/04/2020 15:26,07/04/2020 15:32,IP Address,100,351,TRUE,07/04/2020 15:32,R_Pu0An5JPT0gQRsR,anonymous,EN,Yes,Yes,UKRN01,,Full-time,Yes,,4,1st Year,,,Psychology,Yes,Female,Agree,Strongly disagree,Agree,Strongly disagree,Agree,Disagree,Agree,Disagree,Agree,Agree,Agree,Strongly disagree,Have no opinion,Strongly disagree,Have no opinion,Have no opinion,I have heard of this,I have heard of this,I have heard of this,I have heard of this,I have heard of this,I have heard of this,,I have heard of this,,,,,,,I have done/used this,,Strongly Agree,Strongly disagree,Agree,Strongly agree,Agree,Agree,Agree,Agree,Yes,Not sure,Not enough studies are being replicated,Yes,No,Yes,
08/04/2020 02:03,08/04/2020 02:12,IP Address,100,539,TRUE,08/04/2020 02:12,R_12JUHEqhfcTFLzx,anonymous,EN,Yes,Yes,UKRN01,,Full-time,Yes,,4,4th Year,,,Psychology BSc,Yes,Female,Strongly agree,Disagree,Agree,Disagree,Have no opinion,Disagree,Strongly agree,Disagree,Agree,Have no opinion,Have no opinion,Strongly disagree,Have no opinion,Agree,Have no opinion,Have no opinion,,,,,,,I have heard of this,I have heard of this,,,I have done/used this,I have done/used this,,I have done/used this,,,Strongly Agree,Disagree,Strongly agree,Have no opinion,Disagree,Agree,Have no opinion,Agree,Yes,Yes,A lot of replicated studies aren't producing the same results ,No,Not sure,Yes,
08/04/2020 07:10,08/04/2020 07:29,IP Address,100,1128,TRUE,08/04/2020 07:29,R_2sRswXXfiKwnw0m,anonymous,EN,Yes,Yes,UKRN01,,Full-time,Yes,,3,2nd Year,,,Psychology BSc ,No,Female,Strongly agree,Disagree,Agree,Disagree,Have no opinion,Disagree,Agree,Have no opinion,Disagree,Strongly agree,Agree,Disagree,Disagree,Disagree,Strongly disagree,Strongly agree,,,,,I have heard of this,I have heard of this,I have heard of this,,I have done/used this,I have done/used this,I have done/used this,I have done/used this,,,,I have done/used this,Agree,Disagree,Strongly Disagree,Strongly agree,Agree,Disagree,Disagree,Disagree,Not sure,,,Not sure,Not sure,Yes,
08/04/2020 09:00,08/04/2020 09:05,IP Address,100,279,TRUE,08/04/2020 09:05,R_30l77sG5rFl1qve,anonymous,EN,Yes,Yes,UKRN01,,Full-time,No,,3,1st Year,,,Psychology,Yes,Female,Strongly agree,Strongly disagree,Agree,Have no opinion,Strongly agree,Strongly disagree,Agree,Strongly agree,Agree,Have no opinion,Strongly agree,Strongly disagree,Strongly agree,Agree,Disagree,Agree,,,I have heard of this,I have heard of this,I have heard of this,I have heard of this,,I have heard of this,,,I have done/used this,,,I have done/used this,,I have done/used this,Agree,Disagree,Agree,Have no opinion,Agree,Agree,Strongly disagree,Strongly agree,No,,,No,No,Yes,
08/04/2020 09:32,08/04/2020 09:37,IP Address,100,285,TRUE,08/04/2020 09:37,R_3rNyS6au0NR6hGO,anonymous,EN,Yes,Yes,UKRN01,,Full-time,Yes,,4,3rd Year,,,Bsc Psychology,No,Female,Strongly agree,Strongly disagree,Agree,Agree,Agree,Disagree,Agree,Disagree,Disagree,Disagree,Agree,Disagree,Agree,Agree,Agree,Strongly agree,I have heard of this,,,,,,,I have heard of this,,,I have done/used this,,,,,,Agree,Agree,Agree,Agree,Agree,Disagree,Disagree,Disagree,No,,,No,No,Yes,
09/04/2020 14:36,09/04/2020 14:51,IP Address,100,864,TRUE,09/04/2020 14:51,R_2V7lMTupNrBPwXI,anonymous,EN,Yes,Yes,UKRN01,,Full-time,No,,3,1st Year,,,Psychology Bsc (Hons),Yes,Female,Agree,Disagree,Have no opinion,Disagree,Agree,Disagree,Agree,Disagree,Agree,Agree,Agree,Strongly disagree,Agree,Agree,Have no opinion,Agree,,,I have heard of this,I have heard of this,,I have heard of this,I have heard of this,I have heard of this,,,,,,,,,Have no opinion,Have no opinion,Agree,Have no opinion,Agree,Have no opinion,Disagree,Have no opinion,No,,,Not sure,Not sure,Yes,
09/04/2020 15:11,09/04/2020 15:15,IP Address,100,218,TRUE,09/04/2020 15:15,R_22ERKSmjx4wMFPL,anonymous,EN,Yes,Yes,UKRN01,,Full-time,Yes,,3,1st Year,,,Psychology,Yes,Male,Agree,Have no opinion,Strongly agree,Strongly agree,Disagree,Agree,Strongly agree,Agree,Strongly agree,Strongly agree,Agree,Strongly disagree,Strongly agree,Agree,Strongly disagree,Strongly agree,I have heard of this,I have heard of this,I have heard of this,I have heard of this,I have heard of this,I have heard of this,I have heard of this,I have heard of this,,,,,,,,,Have no opinion,Have no opinion,Have no opinion,Have no opinion,Have no opinion,Agree,Have no opinion,Agree,Yes,No,replicating too much research getting biased results,Yes,Not sure,Yes,
10/04/2020 05:26,10/04/2020 05:33,IP Address,100,405,TRUE,10/04/2020 05:33,R_1P0laGMBjfqr7iz,anonymous,EN,Yes,Yes,UKRN01,,Full-time,Yes,,4,3rd Year,,,Psychology,Yes,Female,Strongly agree,Strongly disagree,Agree,Agree,Have no opinion,Disagree,Strongly agree,Have no opinion,Agree,Have no opinion,Agree,Strongly disagree,Have no opinion,Agree,Agree,Agree,I have heard of this,,,,,,,I have heard of this,,,I have done/used this,,,I have done/used this,I have done/used this,,Strongly Agree,Disagree,Strongly Disagree,Strongly agree,Have no opinion,Have no opinion,Strongly disagree,Agree,Not sure,,,Not sure,Not sure,Yes,
10/04/2020 08:35,10/04/2020 08:43,IP Address,100,497,TRUE,10/04/2020 08:43,R_3rHZTnrHGiXMj3M,anonymous,EN,Yes,Yes,UKRN01,,Full-time,Yes,,4,1st Year,,,Psychology BSc,Yes,Female,Agree,Strongly disagree,Have no opinion,Agree,Have no opinion,Have no opinion,Agree,Have no opinion,Agree,Strongly agree,Agree,Disagree,Agree,Disagree,Have no opinion,Disagree,,,,,,,,I have heard of this,,,,,,,,,Agree,Disagree,Agree,Have no opinion,Have no opinion,Have no opinion,Agree,Have no opinion,No,,,No,No,Not sure,
11/04/2020 10:21,11/04/2020 10:29,IP Address,100,511,TRUE,11/04/2020 10:29,R_CgHDqYYSYD5wS0F,anonymous,EN,Yes,Yes,UKRN01,,Full-time,No,,2,2nd Year,,,Psychology BSc,Yes,Female,Agree,Strongly disagree,Agree,Disagree,Agree,Disagree,Agree,Disagree,Agree,Have no opinion,Strongly agree,Strongly disagree,Have no opinion,Agree,Disagree,Strongly agree,I have heard of this,I have heard of this,,I have heard of this,I have heard of this,,,,,,I have done/used this,,,I have done/used this,I have done/used this,I have done/used this,Strongly Agree,Have no opinion,Have no opinion,Agree,Strongly Agree,Agree,Strongly disagree,Agree,Yes,Yes,When studies are replicated they do not produce the same results that were found initially,Not sure,Yes,Yes,
12/04/2020 04:38,12/04/2020 04:51,IP Address,100,807,TRUE,12/04/2020 04:51,R_XwgKjyxitHsajsd,anonymous,EN,Yes,Yes,UKRN01,,Full-time,Yes,,4,3rd Year,,,Psychology,Yes,Female,Agree,Disagree,Agree,Agree,Agree,Have no opinion,Disagree,Agree,Have no opinion,Agree,Agree,Disagree,Agree,Agree,Disagree,Agree,,,I have heard of this,,,I have heard of this,I have heard of this,I have heard of this,,,I have done/used this,,,I have done/used this,I have done/used this,,Strongly Agree,Disagree,Disagree,Agree,Agree,Agree,Disagree,Agree,Yes,Yes,Most classic/ early studies in social psychology are not replicable or reliable,No,No,Yes,
06/04/2020 06:24,06/04/2020 06:25,IP Address,46,93,FALSE,13/04/2020 06:25,R_1KlJ2TehghEgdjh,anonymous,EN,Yes,Yes,UKRN01,,Full-time,No,,3,1st Year,,,psychology,No,female,,,,,,,,,,,,,,,,,,,,,,,,,,,,,,,,,,,,,,,,,,,,,,,
07/04/2020 06:12,07/04/2020 06:13,IP Address,27,53,FALSE,14/04/2020 06:13,R_2t0ePB1KQNYmiMt,anonymous,EN,Yes,Yes,UNI16,,Full-time,No,,,,,,,,,,,,,,,,,,,,,,,,,,,,,,,,,,,,,,,,,,,,,,,,,,,,,,,
07/04/2020 09:49,07/04/2020 09:51,IP Address,46,65,FALSE,14/04/2020 09:51,R_6R5dRpB6lixHHJD,anonymous,EN,Yes,Yes,UKRN01,,Full-time,Yes,,4,2nd Year,,,Psychology,Yes,Female,,,,,,,,,,,,,,,,,,,,,,,,,,,,,,,,,,,,,,,,,,,,,,,
15/04/2020 13:57,15/04/2020 14:04,IP Address,100,438,TRUE,15/04/2020 14:04,R_1E5IPEkc5v7yy6g,anonymous,EN,Yes,Yes,UKRN01,,Full-time,Yes,,4,3rd Year,,,Psychology BSc,Yes,Female,Agree,Strongly disagree,Disagree,Disagree,Agree,Strongly disagree,Strongly agree,Have no opinion,Strongly disagree,Agree,Strongly agree,Strongly disagree,Have no opinion,Strongly disagree,Disagree,Have no opinion,,,I have heard of this,,,I have heard of this,,I have heard of this,I have done/used this,I have done/used this,,I have done/used this,I have done/used this,,I have done/used this,,Agree,Disagree,Have no opinion,Strongly agree,Agree,Have no opinion,Strongly disagree,Have no opinion,Yes,Yes,A lot of research is being published and made out to be true but when replicated the results are different,No,No,Yes,
16/04/2020 07:29,16/04/2020 07:37,IP Address,100,468,TRUE,16/04/2020 07:37,R_2DP9sYus94gcEZL,anonymous,EN,Yes,Yes,UKRN01,,Full-time,Yes,,4,1st Year,,,Psychology,Yes,female,Agree,Strongly disagree,Agree,Have no opinion,Agree,Disagree,Strongly agree,Strongly disagree,Agree,Disagree,Agree,Strongly disagree,Disagree,Strongly disagree,Agree,Agree,I have heard of this,I have heard of this,I have heard of this,,I have heard of this,I have heard of this,I have heard of this,I have heard of this,,,,I have done/used this,,,,,Agree,Have no opinion,Agree,Agree,Agree,Agree,Agree,Agree,Yes,No,not enough studies being replicated,No,No,Yes,
16/04/2020 09:49,16/04/2020 09:56,IP Address,100,439,TRUE,16/04/2020 09:56,R_1qb6UMnhae1xYVw,anonymous,EN,Yes,Yes,UKRN01,,Full-time,No,,3,2nd Year,,,psychology,Yes,female,Agree,Strongly disagree,Agree,Disagree,Agree,Have no opinion,Agree,Disagree,Agree,Have no opinion,Agree,Strongly disagree,Agree,Disagree,Disagree,Agree,I have heard of this,,I have heard of this,I have heard of this,,I have heard of this,I have heard of this,I have heard of this,,,I have done/used this,,,,,,Strongly Agree,Strongly disagree,Agree,Strongly disagree,Agree,Disagree,Disagree,Have no opinion,Yes,Yes,a project designed to ensure empirical findings can be replicated and are therefore valid/reliable,Yes,Yes,Yes,
09/04/2020 10:07,09/04/2020 10:07,IP Address,14,15,FALSE,16/04/2020 10:07,R_2CWeboXOftQGWNn,anonymous,EN,Yes,Yes,,,,,,,,,,,,,,,,,,,,,,,,,,,,,,,,,,,,,,,,,,,,,,,,,,,,,,,,,,,
20/04/2020 05:30,20/04/2020 05:47,IP Address,100,1008,TRUE,20/04/2020 05:47,R_1ImcXjdVTe0FYGc,anonymous,EN,Yes,Yes,UKRN01,,Full-time,Yes,,3,2nd Year,,,Psychology BSc,No,Female,Strongly agree,Strongly disagree,Agree,Strongly disagree,Disagree,Have no opinion,Agree,Agree,Disagree,Strongly agree,Agree,Disagree,Agree,Agree,Strongly disagree,Disagree,I have heard of this,I have heard of this,I have heard of this,,,,,I have heard of this,,I have done/used this,I have done/used this,,,,,I have done/used this,Agree,Disagree,Agree,Agree,Agree,Disagree,Disagree,Disagree,Not sure,,,Yes,Yes,Yes,
20/04/2020 10:20,20/04/2020 10:25,IP Address,100,299,TRUE,20/04/2020 10:25,R_ApTi3jEADoYZdaV,anonymous,EN,Yes,Yes,UKRN01,,Full-time,Yes,,3,2nd Year,,,Psychology BSc,No,Female,Agree,Disagree,Agree,Disagree,Agree,Disagree,Agree,Agree,Agree,Disagree,Strongly agree,Disagree,Agree,Agree,Disagree,Agree,I have heard of this,I have heard of this,I have heard of this,I have heard of this,I have heard of this,I have heard of this,I have heard of this,I have heard of this,I have done/used this,I have done/used this,I have done/used this,I have done/used this,I have done/used this,I have done/used this,I have done/used this,I have done/used this,Agree,Disagree,Disagree,Agree,Agree,Agree,Disagree,Agree,Yes,Not sure,,Yes,Yes,Yes,
21/04/2020 05:38,21/04/2020 05:48,IP Address,100,614,TRUE,21/04/2020 05:48,R_tLnSoSlrwlP3JjH,anonymous,EN,Yes,Yes,UKRN01,,Full-time,Yes,,3,2nd Year,,,Psychology BSc,No,Female,Agree,Disagree,Agree,Disagree,Agree,Disagree,Agree,Agree,Agree,Disagree,Strongly agree,Disagree,Disagree,Disagree,Disagree,Agree,I have heard of this,I have heard of this,I have heard of this,I have heard of this,I have heard of this,I have heard of this,I have heard of this,I have heard of this,I have done/used this,I have done/used this,I have done/used this,,,I have done/used this,,I have done/used this,Agree,Disagree,Agree,Disagree,Agree,Agree,Disagree,Agree,Yes,Not sure,,Yes,Yes,Yes,
21/04/2020 12:37,21/04/2020 12:45,IP Address,100,488,TRUE,21/04/2020 12:45,R_0e8O3CKNlSXy0jT,anonymous,EN,Yes,Yes,UKRN01,,Full-time,Yes,,4,3rd Year,,,BSc Psychology with placement year,Yes,female,Strongly agree,Disagree,Agree,Disagree,Agree,Have no opinion,Disagree,Agree,Have no opinion,Agree,Agree,Strongly disagree,Have no opinion,Disagree,Disagree,Agree,I have heard of this,I have heard of this,I have heard of this,I have heard of this,,I have heard of this,I have heard of this,I have heard of this,I have done/used this,,I have done/used this,,,I have done/used this,I have done/used this,,Disagree,Agree,Agree,Agree,Strongly Disagree,Disagree,Agree,Have no opinion,Yes,Yes,many studies are difficult to replicate/reproduce,Not sure,No,Yes,
15/04/2020 16:02,15/04/2020 16:05,IP Address,46,154,FALSE,22/04/2020 16:05,R_3FXQyRr8xn5pBtw,anonymous,EN,Yes,Yes,UKRN01,,Full-time,Yes,,4,3rd Year,,,psychology,Yes,female,,,,,,,,,,,,,,,,,,,,,,,,,,,,,,,,,,,,,,,,,,,,,,,
23/04/2020 07:11,23/04/2020 07:17,IP Address,100,336,TRUE,23/04/2020 07:17,R_rrn65IF5ZXb6cP7,anonymous,EN,Yes,Yes,UKRN01,,Full-time,Yes,,4,1st Year,,,Psychology,Yes,Female,Strongly agree,Disagree,Agree,Have no opinion,Have no opinion,Disagree,Strongly agree,Agree,Agree,Have no opinion,Disagree,Strongly disagree,Agree,Agree,Have no opinion,Agree,,,,I have heard of this,I have heard of this,I have heard of this,,,,,I have done/used this,,,,,I have done/used this,Agree,Agree,Agree,Have no opinion,Agree,Agree,Have no opinion,Agree,Yes,No,Many results can't be replicated so likely wrong,Not sure,No,Yes,
23/04/2020 14:02,23/04/2020 14:08,IP Address,100,319,TRUE,23/04/2020 14:08,R_2zpEcvFx827t01o,anonymous,EN,Yes,Yes,UKRN01,,Full-time,Yes,,4,2nd Year,,,Bsc Psychology,Yes,female,Agree,Strongly disagree,Agree,Disagree,Agree,Have no opinion,Agree,Agree,Strongly agree,Disagree,Agree,Strongly disagree,Agree,Agree,Disagree,Agree,I have heard of this,,I have heard of this,,I have heard of this,I have heard of this,I have heard of this,I have heard of this,,,,,,,,,Strongly Agree,Disagree,Agree,Strongly agree,Agree,Disagree,Disagree,Have no opinion,Yes,Yes,"the inability to find consistent results for a given phenomena, i.e. following a procedure and not being able to find the same results as the original",Yes,Yes,Yes,
23/04/2020 14:32,23/04/2020 14:45,IP Address,100,816,TRUE,23/04/2020 14:45,R_1dhQiHwhLfIL4RJ,anonymous,EN,Yes,Yes,UKRN01,,Full-time,Yes,,4,1st Year,,,Psychology,Yes,Female,Agree,Have no opinion,Agree,Agree,Agree,Disagree,Agree,Disagree,Agree,Have no opinion,Agree,Disagree,Have no opinion,Agree,Disagree,Agree,I have heard of this,I have heard of this,,I have heard of this,I have heard of this,I have heard of this,I have heard of this,,,,I have done/used this,,,,,I have done/used this,Disagree,Agree,Disagree,Agree,Agree,Have no opinion,Disagree,Disagree,No,,,No,Not sure,Yes,
24/04/2020 08:33,24/04/2020 08:40,IP Address,100,411,TRUE,24/04/2020 08:40,R_22unXK52de2i0bX,anonymous,EN,Yes,Yes,UKRN01,,Full-time,Yes,,4,1st Year,,,Psychology,Yes,Female,Strongly agree,Disagree,Have no opinion,Agree,Agree,Disagree,Agree,Disagree,Have no opinion,Agree,Agree,Strongly disagree,Agree,Agree,Have no opinion,Agree,,,,,,I have heard of this,,I have heard of this,,,I have done/used this,,,,,,Have no opinion,Have no opinion,Agree,Have no opinion,Agree,Agree,Disagree,Agree,Not sure,,,Yes,Not sure,Yes,
24/04/2020 09:16,24/04/2020 09:21,IP Address,100,266,TRUE,24/04/2020 09:21,R_ddv6AtQv336A9xL,anonymous,EN,Yes,Yes,UKRN01,,Full-time,Yes,,4,1st Year,,,Psychology ,Yes,Female ,Agree,Strongly disagree,Agree,Disagree,Have no opinion,Disagree,Have no opinion,Have no opinion,Have no opinion,Disagree,Agree,Strongly disagree,Agree,Agree,Disagree,Agree,,,,,,,,I have heard of this,,,,,,,,,Strongly Agree,Strongly disagree,Disagree,Strongly agree,Agree,Disagree,Agree,Agree,Yes,No,,No,Not sure,Yes,
24/04/2020 12:29,24/04/2020 12:40,IP Address,100,658,TRUE,24/04/2020 12:40,R_3suDvyXeVCUP4gO,anonymous,EN,Yes,Yes,UKRN01,,Full-time,Yes,,4,1st Year,,,Psychology ,Yes,Female,Agree,Disagree,Agree,Disagree,Agree,Disagree,Agree,Have no opinion,Agree,Agree,Agree,Disagree,Agree,Agree,Have no opinion,Agree,I have heard of this,I have heard of this,I have heard of this,I have heard of this,I have heard of this,I have heard of this,I have heard of this,,,,,,,,,I have done/used this,Agree,Disagree,Disagree,Agree,Strongly Agree,Have no opinion,Disagree,Agree,No,,,No,No,Yes,
24/04/2020 16:19,24/04/2020 16:25,IP Address,100,364,TRUE,24/04/2020 16:25,R_pB5xBpVI7iFfMl3,anonymous,EN,Yes,Yes,UKRN01,,Full-time,Yes,,4,1st Year,,,Psychology,Yes,Male,Agree,Disagree,Agree,Have no opinion,Agree,Disagree,Strongly agree,Disagree,Strongly agree,Agree,Strongly agree,Strongly disagree,Disagree,Have no opinion,Have no opinion,Agree,,,I have heard of this,I have heard of this,,,,I have heard of this,I have done/used this,I have done/used this,,,I have done/used this,I have done/used this,I have done/used this,,Agree,Disagree,Agree,Agree,Strongly Agree,Agree,Disagree,Agree,No,,,No,Not sure,Yes,
25/04/2020 04:00,25/04/2020 04:13,IP Address,100,777,TRUE,25/04/2020 04:13,R_1kNgK459zl0iRO5,anonymous,EN,Yes,Yes,UKRN01,,Full-time,No,,3,2nd Year,,,Undergraduate Psychology,No,Female,Agree,Disagree,Agree,Disagree,Strongly agree,Disagree,Strongly agree,Disagree,Strongly agree,Strongly disagree,Agree,Strongly disagree,Strongly agree,Have no opinion,Disagree,Strongly agree,I have heard of this,,,I have heard of this,I have heard of this,I have heard of this,,I have heard of this,,I have done/used this,I have done/used this,,,,I have done/used this,I have done/used this,Have no opinion,Have no opinion,Strongly agree,Have no opinion,Have no opinion,Have no opinion,Disagree,Have no opinion,Yes,Yes,the idea that a lot of studies cannot be replicated due to researchers publishing the most interesting significant results and ignoring those studies that have been found to be non significant.,Yes,Yes,Yes,
30/04/2020 14:36,30/04/2020 14:55,IP Address,100,1151,TRUE,30/04/2020 14:55,R_9MgGmzCfJPDundf,anonymous,EN,Yes,Yes,UKRN01,,Full-time,Yes,,4,1st Year,,,psychology ,Yes,female,Agree,Strongly disagree,Agree,Disagree,Agree,Disagree,Agree,Disagree,Agree,Disagree,Disagree,Strongly disagree,Have no opinion,Agree,Agree,Agree,,,,,,,,,,,,,,,,,Agree,Disagree,Agree,Disagree,Agree,Disagree,Agree,Agree,Not sure,,,No,Not sure,Yes,
30/04/2020 15:08,30/04/2020 20:35,IP Address,100,19615,TRUE,30/04/2020 20:35,R_1GwCNo1U3Ws3hkc,anonymous,EN,Yes,Yes,UKRN01,,Full-time,Yes,,4,1st Year,,,psychology ,Yes,female ,Have no opinion,Strongly disagree,Agree,Agree,Agree,Disagree,Agree,Have no opinion,Agree,Agree,Agree,Strongly disagree,Agree,Agree,Disagree,Have no opinion,,,,,,,,I have heard of this,,,,,,,,I have done/used this,Agree,Disagree,Agree,Agree,Agree,Disagree,Disagree,Agree,No,,,Not sure,No,Yes,
30/04/2020 11:47,01/05/2020 08:29,IP Address,100,74549,TRUE,01/05/2020 08:29,R_xGuZ9FbbanZYjJL,anonymous,EN,Yes,Yes,UKRN01,,Full-time,Yes,,4,1st Year,,,psychology bsc,Yes,female,Strongly agree,Strongly disagree,Agree,Agree,Agree,Strongly disagree,Agree,Agree,Agree,Have no opinion,Agree,Disagree,Agree,Agree,Agree,Disagree,,,,,I have heard of this,,I have heard of this,I have heard of this,I have done/used this,I have done/used this,I have done/used this,I have done/used this,,I have done/used this,,I have done/used this,Agree,Agree,Agree,Have no opinion,Disagree,Agree,Agree,Agree,No,,,Not sure,Not sure,Yes,
01/05/2020 08:36,01/05/2020 08:42,IP Address,100,370,TRUE,01/05/2020 08:42,R_3soJ9sNwyNJ69s9,anonymous,EN,Yes,Yes,UKRN01,,Full-time,Yes,,4,1st Year,,,Psychology,Yes,Female,Strongly agree,Strongly disagree,Have no opinion,Disagree,Agree,Strongly disagree,Strongly agree,Disagree,Strongly agree,Strongly agree,Strongly agree,Strongly disagree,Have no opinion,Strongly disagree,Strongly disagree,Strongly agree,,,,,,I have heard of this,,I have heard of this,,,,,,I have done/used this,,,Strongly Agree,Disagree,Agree,Agree,Strongly Agree,Agree,Strongly disagree,Have no opinion,Yes,No,When studies replicated do not reproduce the same results as the original study due to effects such as demand characteristics,No,No,Yes,
01/05/2020 09:14,01/05/2020 09:19,IP Address,100,307,TRUE,01/05/2020 09:19,R_3L741PngBK1orKG,anonymous,EN,Yes,Yes,UKRN01,,Full-time,Yes,,4,1st Year,,,psychology bsc,Yes,female,Agree,Agree,Agree,Have no opinion,Agree,Agree,Agree,Agree,Agree,Have no opinion,Agree,Agree,Agree,Disagree,Agree,Have no opinion,,,,,I have heard of this,,I have heard of this,I have heard of this,I have done/used this,I have done/used this,I have done/used this,I have done/used this,,I have done/used this,,I have done/used this,Agree,Agree,Agree,Have no opinion,Have no opinion,Agree,Agree,Agree,No,,,No,No,Yes,
02/05/2020 12:16,02/05/2020 12:23,IP Address,100,453,TRUE,02/05/2020 12:23,R_2djb3PrHURnLVkU,anonymous,EN,Yes,Yes,UKRN01,,Full-time,Yes,,3,1st Year,,,Psychology BSc,Yes,female,Have no opinion,Strongly disagree,Have no opinion,Disagree,Agree,Disagree,Agree,Disagree,Agree,Disagree,Have no opinion,Strongly disagree,Have no opinion,Strongly agree,Have no opinion,Agree,I have heard of this,,I have heard of this,,,I have heard of this,,I have heard of this,,,,,,I have done/used this,,I have done/used this,Agree,Have no opinion,Agree,Have no opinion,Agree,Have no opinion,Disagree,Agree,No,,,No,No,No,
04/05/2020 10:45,04/05/2020 10:50,IP Address,100,288,TRUE,04/05/2020 10:50,R_3s0ldQamUf42dhG,anonymous,EN,Yes,Yes,UKRN01,,Full-time,Yes,,4,1st Year,,,Psychology Bsc,Yes,Female,Strongly agree,Disagree,Agree,Disagree,Agree,Disagree,Agree,Agree,Have no opinion,Agree,Agree,Disagree,Have no opinion,Have no opinion,Disagree,Strongly agree,I have heard of this,I have heard of this,,I have heard of this,I have heard of this,I have heard of this,I have heard of this,I have heard of this,,,I have done/used this,,,,,,Agree,Have no opinion,Agree,Have no opinion,Strongly Agree,Agree,Disagree,Agree,No,,,No,Not sure,Yes,
07/05/2020 02:40,07/05/2020 02:44,IP Address,100,192,TRUE,07/05/2020 02:44,R_wO6VjuQN1nvtMfD,anonymous,EN,Yes,Yes,UKRN06,,Full-time,No,,3,2nd Year,,,BSc Psychology,Yes,Female,Agree,Disagree,Agree,Disagree,Agree,Disagree,Strongly agree,Agree,Agree,Disagree,Disagree,Disagree,Agree,Disagree,Have no opinion,Have no opinion,I have heard of this,,I have heard of this,I have heard of this,,I have heard of this,I have heard of this,I have heard of this,,,,,,,I have done/used this,I have done/used this,Agree,Disagree,Agree,Disagree,Disagree,Agree,Disagree,Agree,Yes,Yes,Changing variables or data and retesting until a significant result is found ,Yes,Yes,Yes,
07/05/2020 02:40,07/05/2020 02:49,IP Address,100,522,TRUE,07/05/2020 02:49,R_C2ILDCQMa43UNSF,anonymous,EN,Yes,Yes,UKRN06,,Full-time,No,,3,2nd Year,,,BSc Psychology ,Yes,Female ,Strongly agree,Disagree,Strongly agree,Agree,Strongly agree,Strongly disagree,Agree,Disagree,Strongly agree,Agree,Agree,Strongly disagree,Agree,Strongly disagree,Disagree,Agree,,,,I have heard of this,I have heard of this,,,,I have done/used this,I have done/used this,I have done/used this,,,I have done/used this,I have done/used this,I have done/used this,Agree,Strongly disagree,Strongly agree,Have no opinion,Agree,Agree,Strongly disagree,Agree,Yes,Yes,Not enough previous pieces of research have the information available for people to replicate the studies - many studies published journals that have been replicated have also not been able to be reproduced.  ,Yes,Yes,Yes,
07/05/2020 02:42,07/05/2020 02:52,IP Address,100,616,TRUE,07/05/2020 02:52,R_1eK3Mi2jxRoSCC7,anonymous,EN,Yes,Yes,UKRN06,,Full-time,No,,3,1st Year,,,Psychology,No,Female,Strongly agree,Disagree,Strongly agree,Strongly disagree,Strongly agree,Strongly disagree,Strongly agree,Strongly disagree,Strongly agree,Disagree,Agree,Disagree,Strongly agree,Agree,Disagree,Agree,I have heard of this,I have heard of this,I have heard of this,,,I have heard of this,,I have heard of this,,,I have done/used this,,,,,,Strongly Agree,Strongly disagree,Agree,Disagree,Agree,Agree,Disagree,Strongly agree,Yes,Yes,Many psychology studies are being replicated and the results do not show what the original study claims to show. ,Yes,Yes,Yes,
07/05/2020 02:55,07/05/2020 03:04,IP Address,100,538,TRUE,07/05/2020 03:04,R_1DI4YKRxVIvkTb8,anonymous,EN,Yes,Yes,UKRN06,,Full-time,No,,3,2nd Year,,,Psychology BSc,Yes,Female,Have no opinion,Disagree,Agree,Have no opinion,Have no opinion,Disagree,Agree,Disagree,Have no opinion,Disagree,Disagree,Strongly disagree,Disagree,Have no opinion,Disagree,Agree,I have heard of this,I have heard of this,I have heard of this,I have heard of this,,I have heard of this,I have heard of this,I have heard of this,,,,,I have done/used this,,,,Agree,Agree,Agree,Agree,Strongly Agree,Agree,Have no opinion,Have no opinion,Yes,Yes,Meta-analyses of journals shows a very low percentage to reproduce the original results found.,No,Not sure,Yes,
07/05/2020 02:51,07/05/2020 03:20,IP Address,100,1726,TRUE,07/05/2020 03:20,R_QfW2GoEgCpPFKuJ,anonymous,EN,Yes,Yes,UKRN06,,Full-time,Yes,,3,3rd Year,,,BSc Experimental Psychology,Yes,f,Agree,Disagree,Agree,Strongly disagree,Strongly agree,Strongly disagree,Have no opinion,Strongly disagree,Strongly agree,Strongly disagree,Agree,Strongly disagree,Agree,Strongly disagree,Disagree,Have no opinion,I have heard of this,I have heard of this,I have heard of this,I have heard of this,I have heard of this,I have heard of this,I have heard of this,I have heard of this,,I have done/used this,I have done/used this,I have done/used this,I have done/used this,I have done/used this,,,Agree,Strongly disagree,Agree,Strongly disagree,Disagree,Disagree,Strongly disagree,Agree,Yes,Yes,the fact that many psychology-based studies are not easily replicated which undermines the validity of the results in the first place,Not sure,Yes,Yes,
07/05/2020 03:18,07/05/2020 03:23,IP Address,100,313,TRUE,07/05/2020 03:23,R_25QnoV2JT20Ibbs,anonymous,EN,Yes,Yes,UKRN06,,Full-time,No,,4,2nd Year,,,Psychology Msci,Yes,Female,Strongly agree,Strongly disagree,Agree,Strongly disagree,Agree,Disagree,Strongly agree,Disagree,Strongly agree,Strongly disagree,Agree,Strongly disagree,Strongly agree,Strongly disagree,Agree,Disagree,I have heard of this,I have heard of this,I have heard of this,I have heard of this,,,I have heard of this,I have heard of this,I have done/used this,I have done/used this,I have done/used this,,,,I have done/used this,I have done/used this,Strongly Agree,Strongly disagree,Agree,Strongly disagree,Have no opinion,Strongly agree,Strongly disagree,Agree,Yes,Yes,The fact that many classic psychology studies failed to replicate and so their findings may actually not exist,Yes,Yes,Yes,We haven't learnt anything about whether to make things open before publishing
07/05/2020 03:35,07/05/2020 03:54,IP Address,100,1146,TRUE,07/05/2020 03:54,R_33DSgGxqW9QLOnF,anonymous,EN,Yes,Yes,UKRN06,,Full-time,No,,3,3rd Year,,,Experimental psychology,Yes,Male,Agree,Disagree,Agree,Strongly disagree,Disagree,Agree,Disagree,Agree,Agree,Disagree,Agree,Strongly disagree,Agree,Strongly disagree,Have no opinion,Strongly agree,I have heard of this,I have heard of this,I have heard of this,I have heard of this,,,I have heard of this,I have heard of this,,,I have done/used this,,,,,,Agree,Strongly disagree,Agree,Disagree,Agree,Agree,Disagree,Strongly agree,Yes,Yes,Where findings of psychological research don’t replicate,Yes,Yes,Yes,
07/05/2020 03:51,07/05/2020 03:58,IP Address,100,399,TRUE,07/05/2020 03:58,R_xu9Bog3cZ1Q3XtT,anonymous,EN,Yes,Yes,UKRN06,,Full-time,No,,3,1st Year,,,BSc Psychology,Yes,Female ,Agree,Disagree,Agree,Disagree,Have no opinion,Disagree,Disagree,Agree,Agree,Disagree,Disagree,Strongly disagree,Agree,Have no opinion,Have no opinion,Have no opinion,,,,,,,,I have heard of this,,,,,,,,,Agree,Disagree,Agree,Disagree,Agree,Agree,Have no opinion,Have no opinion,Yes,No,Replication another's work and the rules behind this ,No,No,Yes,
07/05/2020 04:32,07/05/2020 04:39,IP Address,100,414,TRUE,07/05/2020 04:39,R_3KpvrElFOzn3jGG,anonymous,EN,Yes,Yes,UKRN06,,Full-time,No,,3,2nd Year,,,BSc psychology ,Yes,Female ,Strongly agree,Have no opinion,Agree,Have no opinion,Strongly agree,Have no opinion,Agree,Disagree,Strongly agree,Disagree,Agree,Disagree,Strongly agree,Disagree,Agree,Have no opinion,I have heard of this,I have heard of this,I have heard of this,I have heard of this,I have heard of this,I have heard of this,I have heard of this,I have heard of this,,,,,,,,,Agree,Disagree,Agree,Have no opinion,Have no opinion,Agree,Disagree,Agree,Yes,Yes,"People conducted mass replications of studies in psychology, found a lot of them did not replicate the results found in the original studies. ",Yes,Yes,Yes,
07/05/2020 04:35,07/05/2020 04:45,IP Address,100,591,TRUE,07/05/2020 04:45,R_1owidkScKjfDvHm,anonymous,EN,Yes,Yes,UKRN06,,Full-time,No,,4,1st Year,,,Msci Psychology ,Yes,Female,Strongly agree,Strongly disagree,Disagree,Strongly disagree,Agree,Have no opinion,Strongly agree,Disagree,Strongly agree,Strongly agree,Strongly agree,Strongly disagree,Agree,Strongly disagree,Agree,Disagree,,,I have heard of this,,I have heard of this,,,I have heard of this,,,,,,,,I have done/used this,Strongly Agree,Strongly disagree,Strongly agree,Strongly agree,Disagree,Strongly agree,Strongly disagree,Strongly agree,No,,,No,Not sure,Yes,
07/05/2020 04:48,07/05/2020 05:07,IP Address,100,1115,TRUE,07/05/2020 05:07,R_3GB58MIvymN09sA,anonymous,EN,Yes,Yes,UKRN06,,Full-time,No,,3,3rd Year,,,Psychological Science,Yes,Female,Agree,Disagree,Agree,Disagree,Have no opinion,Have no opinion,Agree,Have no opinion,Strongly agree,Disagree,Strongly agree,Strongly disagree,Strongly agree,Disagree,Disagree,Disagree,I have heard of this,,I have heard of this,I have heard of this,,,I have heard of this,I have heard of this,I have done/used this,,I have done/used this,I have done/used this,,,I have done/used this,,Strongly Agree,Disagree,Strongly agree,Strongly disagree,Disagree,Agree,Disagree,Have no opinion,Yes,Yes,"Due to file drawer effect and publication/other biases, only successful studies were published (which sometimes had misleading/exaggerated effects) and replications which found the same effect with smaller power or no effect were not published, and not many of those were conducted due to lack of funding ",Not sure,Not sure,Yes,
07/05/2020 05:02,07/05/2020 05:07,IP Address,100,304,TRUE,07/05/2020 05:07,R_3egjKI2tQRTfBSX,anonymous,EN,Yes,Yes,UKRN06,,Full-time,No,,3,1st Year,,,Bsc psychology,Yes,Female,Agree,Have no opinion,Have no opinion,Agree,Agree,Have no opinion,Have no opinion,Disagree,Agree,Disagree,Agree,Disagree,Have no opinion,Agree,Have no opinion,Agree,I have heard of this,I have heard of this,I have heard of this,I have heard of this,I have heard of this,I have heard of this,,I have heard of this,,,I have done/used this,,,I have done/used this,,I have done/used this,Agree,Agree,Agree,Agree,Have no opinion,Agree,Have no opinion,Agree,No,,,No,Not sure,Yes,
07/05/2020 05:32,07/05/2020 05:51,IP Address,100,1121,TRUE,07/05/2020 05:51,R_10wKJd8J8aRuDxu,anonymous,EN,Yes,Yes,UKRN06,,Full-time,No,,4,3rd Year,,,BSc psychology,No,Female,Strongly agree,Strongly disagree,Strongly agree,Strongly disagree,Strongly agree,Strongly disagree,Strongly agree,Disagree,Strongly agree,Strongly disagree,Strongly agree,Strongly disagree,Strongly agree,Strongly disagree,Strongly agree,Strongly disagree,I have heard of this,I have heard of this,I have heard of this,I have heard of this,,,I have heard of this,I have heard of this,,,,,,,,,Strongly Agree,Strongly disagree,Strongly agree,Strongly disagree,Agree,Strongly agree,Strongly disagree,Strongly agree,Yes,Yes,Originally a large number of social and psychology studies were found to have results that could not be replicated when retested (in a super study involving a number of researchers around the world). Since then an inability to replicate results has been found in other diciplines.  ,Yes,No,Yes,
07/05/2020 05:44,07/05/2020 05:52,IP Address,100,444,TRUE,07/05/2020 05:52,R_1IQtwigVjfz6tBP,anonymous,EN,Yes,Yes,UKRN06,,Full-time,No,,3,1st Year,,,Psychology (BSc),No,female,Disagree,Disagree,Have no opinion,Agree,Have no opinion,Have no opinion,Agree,Disagree,Disagree,Have no opinion,Agree,Disagree,Agree,Strongly disagree,Disagree,Have no opinion,,I have heard of this,I have heard of this,I have heard of this,I have heard of this,I have heard of this,I have heard of this,I have heard of this,I have done/used this,,,,,,,,Have no opinion,Agree,Disagree,Agree,Agree,Agree,Disagree,Agree,No,,,Not sure,No,Yes,
07/05/2020 07:35,07/05/2020 07:44,IP Address,100,535,TRUE,07/05/2020 07:44,R_1gi19JpvWnpl5PA,anonymous,EN,Yes,Yes,UKRN06,,Full-time,No,,3,2nd Year,,,Psychology,Yes,Female,Strongly agree,Disagree,Agree,Strongly disagree,Agree,Disagree,Strongly agree,Strongly disagree,Strongly agree,Disagree,Agree,Strongly disagree,Agree,Strongly disagree,Disagree,Strongly agree,I have heard of this,I have heard of this,I have heard of this,I have heard of this,,I have heard of this,I have heard of this,I have heard of this,I have done/used this,I have done/used this,I have done/used this,,,,I have done/used this,I have done/used this,Agree,Strongly disagree,Strongly agree,Strongly disagree,Agree,Strongly agree,Strongly disagree,Strongly agree,Yes,Yes,"only a very small amount of studies have been replicated, we need more replications to ensure that findings are valid",Yes,Yes,Yes,
07/05/2020 09:11,07/05/2020 09:23,IP Address,100,736,TRUE,07/05/2020 09:23,R_2aWZq6MQZWpzupE,anonymous,EN,Yes,Yes,UKRN06,,Full-time,No,,4,2nd Year,,,Psychology with Innovation,Yes,Female,Agree,Strongly disagree,Strongly agree,Strongly disagree,Strongly agree,Disagree,Strongly agree,Strongly disagree,Agree,Strongly disagree,Strongly agree,Strongly disagree,Strongly agree,Disagree,Strongly disagree,Disagree,I have heard of this,I have heard of this,I have heard of this,I have heard of this,,I have heard of this,I have heard of this,I have heard of this,I have done/used this,I have done/used this,I have done/used this,I have done/used this,,I have done/used this,I have done/used this,I have done/used this,Strongly Agree,Strongly disagree,Strongly agree,Strongly disagree,Agree,Strongly agree,Strongly disagree,Agree,Yes,Yes,"It was found that a psychologist was making up his results on several of his studies, but this wasn't caught for a long time because nobody replicated his study. More and more famous/largely cited studies are now being replicated but are not producing the same results. This is causing a lot of theories (some which have made their way into common knowledge) to be questioned and dismissed.",Yes,Yes,Yes,I think it is important for students to know about the replicability crisis and to learn how to avoid this. They are the future of psychological research.
07/05/2020 09:40,07/05/2020 09:47,IP Address,100,397,TRUE,07/05/2020 09:47,R_1duZMjn8oprGpjX,anonymous,EN,Yes,Yes,UKRN06,,Full-time,No,,3,1st Year,,,Psychology,Yes,female,Agree,Disagree,Agree,Strongly disagree,Agree,Disagree,Strongly agree,Disagree,Agree,Agree,Agree,Strongly disagree,Agree,Disagree,Disagree,Agree,I have heard of this,,I have heard of this,I have heard of this,,I have heard of this,,I have heard of this,,I have done/used this,,,I have done/used this,,I have done/used this,,Agree,Disagree,Strongly agree,Have no opinion,Agree,Agree,Disagree,Agree,Yes,No,not sure,No,Yes,Yes,no
07/05/2020 10:56,07/05/2020 11:04,IP Address,100,487,TRUE,07/05/2020 11:04,R_2rZ8TcdefVUvfDn,anonymous,EN,Yes,Yes,UKRN06,,Full-time,No,,3,3rd Year,,,Psychological Science,Yes,Male,Strongly agree,Strongly disagree,Strongly agree,Disagree,Agree,Have no opinion,Have no opinion,Disagree,Strongly agree,Strongly agree,Have no opinion,Have no opinion,Strongly agree,Strongly agree,Strongly disagree,Strongly agree,I have heard of this,I have heard of this,I have heard of this,,,I have heard of this,I have heard of this,,,,,I have done/used this,I have done/used this,,,I have done/used this,Agree,Strongly disagree,Agree,Have no opinion,Strongly Agree,Strongly disagree,Agree,Strongly agree,Yes,Yes,"A crisis man only affecting social sciences/psychology, that previous studies are failing to be replicated & find the same/similar response or effect. ",Not sure,No,Yes,
08/05/2020 04:25,08/05/2020 04:30,IP Address,100,305,TRUE,08/05/2020 04:30,R_TdNrZJFWY6FBlD3,anonymous,EN,Yes,Yes,UKRN06,,Full-time,No,,4,1st Year,,,Msci Psychology,Yes,female,Strongly agree,Strongly disagree,Agree,Have no opinion,Agree,Disagree,Disagree,Agree,Agree,Disagree,Agree,Disagree,Agree,Strongly agree,Disagree,Agree,I have heard of this,I have heard of this,I have heard of this,I have heard of this,,,,I have heard of this,,,,,,,,,Agree,Disagree,Agree,Have no opinion,Agree,Agree,Disagree,Agree,No,,,No,No,Yes,
08/05/2020 05:46,08/05/2020 05:56,IP Address,100,597,TRUE,08/05/2020 05:56,R_3QVRH4jNvavI8OF,anonymous,EN,Yes,Yes,UKRN06,,Full-time,No,,4,2nd Year,,,Psychology (Msci),Yes,Female ,Agree,Strongly disagree,Agree,Strongly disagree,Agree,Disagree,Agree,Agree,Agree,Strongly agree,Have no opinion,Strongly disagree,Agree,Disagree,Have no opinion,Have no opinion,I have heard of this,I have heard of this,I have heard of this,,,I have heard of this,I have heard of this,I have heard of this,,I have done/used this,I have done/used this,,,I have done/used this,I have done/used this,I have done/used this,Strongly Agree,Strongly disagree,Agree,Have no opinion,Agree,Agree,Agree,Have no opinion,Yes,Yes,"It’s a problem in psychological research in that many published studies cannot be replicated either because the initial researchers did not provide enough detail on the methods and procedures of the original experiments or because the methods used were not the most appropriate and as a result, when others try to replicate the experiment they don’t get the same findings.",Not sure,Not sure,Yes,
08/05/2020 07:03,08/05/2020 07:09,IP Address,100,401,TRUE,08/05/2020 07:09,R_3MLNZbEeQTK6mX7,anonymous,EN,Yes,Yes,UKRN01,,Full-time,Yes,,4,3rd Year,,,psychology,No,female,Strongly agree,Disagree,Agree,Disagree,Agree,Disagree,Strongly agree,Disagree,Strongly agree,Disagree,Agree,Disagree,Disagree,Have no opinion,Have no opinion,Agree,I have heard of this,I have heard of this,I have heard of this,I have heard of this,I have heard of this,I have heard of this,I have heard of this,I have heard of this,I have done/used this,,,,I have done/used this,,I have done/used this,,Agree,Have no opinion,Agree,Strongly agree,Agree,Agree,Disagree,Agree,Yes,Yes,,No,No,Yes,
09/05/2020 07:17,09/05/2020 07:33,IP Address,100,968,TRUE,09/05/2020 07:33,R_1hQ0Vdh91bdsygb,anonymous,EN,Yes,Yes,UKRN03,,Full-time,No,,3,2nd Year,,,BSc Psychology,Yes,Female ,Strongly agree,Disagree,Have no opinion,Agree,Agree,Have no opinion,Have no opinion,Have no opinion,Agree,Have no opinion,Have no opinion,Have no opinion,Have no opinion,Have no opinion,Disagree,Have no opinion,I have heard of this,,I have heard of this,,,I have heard of this,,I have heard of this,I have done/used this,,I have done/used this,,,I have done/used this,,I have done/used this,Agree,Agree,Agree,Agree,Agree,Have no opinion,Have no opinion,Disagree,No,,,Not sure,No,Yes,
10/05/2020 05:16,10/05/2020 05:24,IP Address,100,485,TRUE,10/05/2020 05:24,R_tRLcpIVDo0lZUaZ,anonymous,EN,Yes,Yes,UKRN06,,Full-time,No,,3,1st Year,,,Psychology BsC,Yes,Male,Strongly agree,Strongly disagree,Agree,Strongly disagree,Strongly agree,Disagree,Agree,Agree,Agree,Strongly agree,Strongly disagree,Strongly disagree,Agree,Strongly disagree,Strongly disagree,Agree,I have heard of this,I have heard of this,I have heard of this,I have heard of this,,,,I have heard of this,,,,,,,,,Agree,Disagree,Agree,Disagree,Agree,Agree,Disagree,Agree,Yes,Yes,Lots of studies were replicated and found to have non significant or no effect,No,Not sure,Yes,
10/05/2020 06:39,10/05/2020 06:46,IP Address,100,424,TRUE,10/05/2020 06:46,R_3MDxoGbhHBgcXVk,anonymous,EN,Yes,Yes,UKRN06,,Full-time,No,,3,3rd Year,,,Psychology,Yes,Female,Agree,Strongly disagree,Strongly agree,Strongly disagree,Strongly agree,Strongly disagree,Strongly agree,Disagree,Strongly agree,Strongly disagree,Strongly agree,Strongly disagree,Strongly agree,Strongly disagree,Agree,Disagree,I have heard of this,I have heard of this,I have heard of this,I have heard of this,I have heard of this,,I have heard of this,I have heard of this,,,,,,I have done/used this,,,Agree,Strongly disagree,Strongly agree,Strongly disagree,Have no opinion,Strongly agree,Strongly disagree,Strongly agree,Yes,Yes,"Failure for many psychological studies to be replicated, largely due to questionable research practices",Yes,Yes,Yes,I only know about this because of modules that I opted into. It was not part of core modules. I think it is really important that the replication crisis/open science is taught to all students in core modules. 
10/05/2020 10:36,10/05/2020 10:58,IP Address,100,1306,TRUE,10/05/2020 10:58,R_2zhWj6F0yYfKJTB,anonymous,EN,Yes,Yes,UKRN06,,Full-time,No,,3,1st Year,,,Psychology (BSc),No,Female,Strongly agree,Have no opinion,Strongly agree,Strongly disagree,Have no opinion,Strongly disagree,Disagree,Agree,Strongly agree,Strongly disagree,Agree,Strongly disagree,Agree,Disagree,Strongly disagree,Strongly agree,I have heard of this,I have heard of this,,I have heard of this,I have heard of this,,I have heard of this,I have heard of this,,,I have done/used this,,,I have done/used this,,,Strongly Agree,Strongly disagree,Strongly agree,Strongly disagree,Agree,Agree,Strongly disagree,Have no opinion,Yes,Yes,scientific studies that have been carried out many years ago are often impossible to replicate which is a problem because you cannot test the reliabilty of the results,No,No,Yes,"we havent talked about the accessibility of journals (and whether they should be free or not) so I havent really thought about that before, but I guess that it is important to pay for journals to support the researchers/further research. i honestly dont know if its unethical to publish your own research in a journal that is free to access  "
11/05/2020 03:51,11/05/2020 03:57,IP Address,100,374,TRUE,11/05/2020 03:57,R_3e9XQrPeG6czg9a,anonymous,EN,Yes,Yes,UNI04,,Full-time,No,,4,4th Year,,,BSc Psychology with a year abroad,Yes,Female,Agree,Strongly disagree,Strongly agree,Strongly disagree,Strongly agree,Strongly disagree,Strongly agree,Strongly disagree,Strongly agree,Strongly disagree,Strongly agree,Strongly disagree,Strongly agree,Strongly disagree,Disagree,Strongly agree,I have heard of this,I have heard of this,I have heard of this,I have heard of this,,I have heard of this,,I have heard of this,,,,,I have done/used this,,I have done/used this,,Agree,Strongly disagree,Have no opinion,Strongly disagree,Agree,Have no opinion,Strongly disagree,Strongly agree,Yes,Yes,The crisis would refer to the idea that some studies cannot be replicated to be affirmed or disputed whether that is due to the method being hard to follow or materials not made available ,Not sure,No,Yes,
11/05/2020 05:56,11/05/2020 06:03,IP Address,100,464,TRUE,11/05/2020 06:03,R_2B9SKdhVc9Wg0Mz,anonymous,EN,Yes,Yes,UNI04,,Full-time,No,,3,3rd Year,,,PSYCHOLOGY,Yes,FEMALE,Strongly agree,Have no opinion,Agree,Have no opinion,Have no opinion,Disagree,Agree,Have no opinion,Agree,Strongly agree,Agree,Disagree,Have no opinion,Agree,Disagree,Have no opinion,,,,I have heard of this,I have heard of this,,,,I have done/used this,I have done/used this,I have done/used this,,,I have done/used this,I have done/used this,I have done/used this,Agree,Disagree,Have no opinion,Agree,Strongly Agree,Have no opinion,Have no opinion,Strongly agree,Yes,No,Duplicate a copy of the existing study.,No,No,Yes,
11/05/2020 06:18,11/05/2020 06:28,IP Address,100,600,TRUE,11/05/2020 06:28,R_8qAodtiQ9XO706R,anonymous,EN,Yes,Yes,UNI04,,Full-time,No,,3,3rd Year,,,Psychology,No,Female,Strongly agree,Strongly disagree,Agree,Strongly disagree,Strongly agree,Strongly disagree,Agree,Disagree,Agree,Strongly disagree,Agree,Strongly disagree,Agree,Agree,Have no opinion,Have no opinion,,,I have heard of this,,I have heard of this,I have heard of this,I have heard of this,I have heard of this,,,I have done/used this,,,,,I have done/used this,Strongly Agree,Strongly disagree,Strongly agree,Strongly disagree,Disagree,Agree,Disagree,Strongly agree,Not sure,,,Yes,No,Yes,
11/05/2020 08:21,11/05/2020 08:27,IP Address,100,348,TRUE,11/05/2020 08:27,R_2xzQAilZC8AkXaq,anonymous,EN,Yes,Yes,UNI04,,Full-time,No,,3,3rd Year,,,Bsc Psychology,Yes,female ,Agree,Disagree,Strongly disagree,Disagree,Agree,Disagree,Agree,Have no opinion,Agree,Agree,Agree,Disagree,Agree,Disagree,Disagree,Strongly agree,I have heard of this,,I have heard of this,I have heard of this,,,I have heard of this,I have heard of this,,,,,,,,,Agree,Disagree,Have no opinion,Have no opinion,Strongly Agree,Disagree,Strongly disagree,Disagree,Yes,Yes,not being able to replicate results ,No,No,Not sure,
11/05/2020 15:23,11/05/2020 15:35,IP Address,100,700,TRUE,11/05/2020 15:35,R_3p5ZYG2K1lNb80T,anonymous,EN,Yes,Yes,UNI04,,Full-time,No,,4,4th Year,,,Psychology with a year abroad,Yes,Female,Strongly agree,Disagree,Agree,Agree,Agree,Disagree,Strongly agree,Disagree,Strongly agree,Disagree,Agree,Disagree,Have no opinion,Disagree,Disagree,Strongly agree,I have heard of this,I have heard of this,I have heard of this,I have heard of this,I have heard of this,I have heard of this,I have heard of this,I have heard of this,,,I have done/used this,I have done/used this,,,,I have done/used this,Agree,Disagree,Agree,Strongly agree,Agree,Agree,Have no opinion,Agree,Yes,Not sure,,Not sure,No,Yes,
12/05/2020 07:27,12/05/2020 07:38,IP Address,100,687,TRUE,12/05/2020 07:38,R_1Q3XO2YpsC0tgky,anonymous,EN,Yes,Yes,UKRN01,,Full-time,Yes,,4,1st Year,,,Psychology BSc,Yes,Male,Agree,Disagree,Disagree,Disagree,Agree,Disagree,Agree,Disagree,Agree,Agree,Disagree,Strongly disagree,Have no opinion,Disagree,Strongly disagree,Agree,I have heard of this,I have heard of this,I have heard of this,,,I have heard of this,,I have heard of this,I have done/used this,I have done/used this,I have done/used this,,,I have done/used this,,I have done/used this,Agree,Disagree,Agree,Agree,Agree,Have no opinion,Agree,Disagree,Not sure,,,Not sure,Not sure,Yes,no
06/05/2020 05:08,06/05/2020 05:09,IP Address,19,27,FALSE,13/05/2020 05:09,R_6tD5LjWtOpjMoHn,anonymous,EN,Yes,Yes,UNI03,,,,,,,,,,,,,,,,,,,,,,,,,,,,,,,,,,,,,,,,,,,,,,,,,,,,,,,,,,
13/05/2020 12:56,13/05/2020 13:03,IP Address,100,463,TRUE,13/05/2020 13:03,R_26hH7BH1PGUX1jm,anonymous,EN,Yes,Yes,UKRN01,,Full-time,Yes,,3,1st Year,,,Psychology,Yes,Male,Strongly agree,Strongly disagree,Agree,Disagree,Agree,Disagree,Agree,Agree,Strongly agree,Have no opinion,Agree,Disagree,Agree,Agree,Have no opinion,Agree,,,,,,,,I have heard of this,,,,,,,,,Agree,Disagree,Agree,Strongly agree,Agree,Agree,Disagree,Agree,Not sure,,,No,Not sure,Yes,
13/05/2020 17:16,13/05/2020 17:29,IP Address,100,780,TRUE,13/05/2020 17:29,R_2w0sUNru82GelV0,anonymous,EN,Yes,Yes,UKRN01,,Full-time,No,,3,2nd Year,,,Psychology BSc,Yes,Male,Strongly agree,Disagree,Agree,Strongly disagree,Have no opinion,Disagree,Agree,Have no opinion,Strongly agree,Disagree,Agree,Disagree,Agree,Disagree,Have no opinion,Disagree,I have heard of this,I have heard of this,I have heard of this,I have heard of this,I have heard of this,I have heard of this,,I have heard of this,,,I have done/used this,,I have done/used this,I have done/used this,,I have done/used this,Agree,Disagree,Agree,Disagree,Have no opinion,Agree,Have no opinion,Agree,Yes,Not sure,,No,Not sure,Not sure,
07/05/2020 02:40,07/05/2020 02:41,IP Address,27,38,FALSE,14/05/2020 02:41,R_2Su8x9PAEFHkjFC,anonymous,EN,Yes,Yes,UKRN06,,Full-time,No,,,,,,,,,,,,,,,,,,,,,,,,,,,,,,,,,,,,,,,,,,,,,,,,,,,,,,,
07/05/2020 03:20,07/05/2020 03:22,IP Address,46,119,FALSE,14/05/2020 03:22,R_1mVka2hhJ49Um0y,anonymous,EN,Yes,Yes,UKRN06,,Full-time,No,,3,1st Year,,,Psychology Bsc,Yes,female,,,,,,,,,,,,,,,,,,,,,,,,,,,,,,,,,,,,,,,,,,,,,,,
07/05/2020 03:22,07/05/2020 03:23,IP Address,46,50,FALSE,14/05/2020 03:23,R_3lsHocA8xjy1sxY,anonymous,EN,Yes,Yes,UKRN06,,Full-time,No,,3,3rd Year,,,Psychology ,Yes,Female,,,,,,,,,,,,,,,,,,,,,,,,,,,,,,,,,,,,,,,,,,,,,,,
14/05/2020 03:43,14/05/2020 03:49,IP Address,100,383,TRUE,14/05/2020 03:49,R_OvR4YHHk6AWLT5T,anonymous,EN,Yes,Yes,UNI07,,Full-time,No,,3,2nd Year,,,Psychology,No,Female,Agree,Disagree,Have no opinion,Strongly disagree,Agree,Disagree,Have no opinion,Agree,Strongly disagree,Agree,Agree,Strongly disagree,Agree,Agree,Strongly disagree,Agree,I have heard of this,I have heard of this,,I have heard of this,I have heard of this,I have heard of this,I have heard of this,I have heard of this,,,I have done/used this,,,,,,Agree,Have no opinion,Strongly Disagree,Strongly agree,Agree,Disagree,Strongly disagree,Strongly disagree,Not sure,,,Not sure,Not sure,Yes,
14/05/2020 03:44,14/05/2020 03:55,IP Address,100,654,TRUE,14/05/2020 03:55,R_3PcvWWH22Fsv5KS,anonymous,EN,Yes,Yes,UNI07,,Full-time,Yes,,3,2nd Year,,,BSc Psychology ,Yes,Female,Agree,Disagree,Have no opinion,Disagree,Agree,Disagree,Disagree,Agree,Agree,Disagree,Agree,Strongly disagree,Disagree,Disagree,Disagree,Agree,,,I have heard of this,,I have heard of this,I have heard of this,I have heard of this,I have heard of this,I have done/used this,I have done/used this,,I have done/used this,,,,,Agree,Disagree,Disagree,Agree,Agree,Disagree,Disagree,Agree,Not sure,,,No,Not sure,Yes,
14/05/2020 05:01,14/05/2020 05:11,IP Address,100,581,TRUE,14/05/2020 05:11,R_XCjAm4mYHNPQbtf,anonymous,EN,Yes,Yes,UNI07,,Full-time,No,,3,2nd Year,,,BSc Psychology ,Yes,Female ,Strongly agree,Disagree,Agree,Have no opinion,Disagree,Agree,Strongly agree,Strongly disagree,Disagree,Agree,Agree,Strongly disagree,Agree,Disagree,Disagree,Agree,I have heard of this,,I have heard of this,,I have heard of this,I have heard of this,,I have heard of this,I have done/used this,,I have done/used this,,,I have done/used this,,,Agree,Disagree,Agree,Agree,Disagree,Agree,Disagree,Disagree,No,,,Not sure,No,Yes,
07/05/2020 05:25,07/05/2020 05:30,IP Address,51,306,FALSE,14/05/2020 05:30,R_21b1DUBiJbiklqC,anonymous,EN,Yes,Yes,UKRN06,,Full-time,No,,4,1st Year,,,Psychology (Msc),Yes,Male,Strongly agree,Strongly disagree,Have no opinion,Disagree,Agree,Disagree,Agree,Agree,Disagree,Agree,Agree,Strongly disagree,Strongly agree,Agree,Agree,Have no opinion,,,,I have heard of this,,,,I have heard of this,,,,,,,,,,,,,,,,,,,,,,,
14/05/2020 05:36,14/05/2020 05:43,IP Address,100,413,TRUE,14/05/2020 05:43,R_3ekqqECXj16ibK3,anonymous,EN,Yes,Yes,UNI07,,Full-time,No,,3,2nd Year,,,Psychology ,Yes,Female ,Agree,Disagree,Agree,Have no opinion,Agree,Strongly disagree,Agree,Strongly disagree,Strongly disagree,Strongly agree,Agree,Strongly disagree,Agree,Agree,Strongly disagree,Strongly agree,,I have heard of this,,I have heard of this,I have heard of this,,I have heard of this,I have heard of this,I have done/used this,,I have done/used this,,,I have done/used this,,,Agree,Have no opinion,Agree,Agree,Strongly Agree,Agree,Disagree,Have no opinion,Not sure,,,No,No,Yes,
14/05/2020 06:31,14/05/2020 06:38,IP Address,100,441,TRUE,14/05/2020 06:38,R_8Hx5YfATojYaEpP,anonymous,EN,Yes,Yes,UNI07,,Full-time,No,,3,2nd Year,,,Abnormal and clinical psychology,No,Female ,Agree,Strongly disagree,Agree,Disagree,Have no opinion,Have no opinion,Disagree,Agree,Strongly agree,Disagree,Strongly agree,Disagree,Agree,Agree,Have no opinion,Agree,I have heard of this,,I have heard of this,I have heard of this,,I have heard of this,I have heard of this,I have heard of this,,,I have done/used this,,,I have done/used this,I have done/used this,I have done/used this,Strongly Agree,Disagree,Agree,Agree,Agree,Have no opinion,Have no opinion,Strongly agree,No,,,Not sure,Not sure,Yes,
14/05/2020 07:39,14/05/2020 08:23,IP Address,100,2678,TRUE,14/05/2020 08:23,R_R9zVZb4zX2IIeMV,anonymous,EN,Yes,Yes,UNI07,,Full-time,No,,3,2nd Year,,,Psychology ,No,Female,Agree,Strongly disagree,Agree,Strongly disagree,Agree,Disagree,Agree,Agree,Disagree,Strongly agree,Strongly agree,Strongly disagree,Strongly disagree,Strongly disagree,Strongly disagree,Agree,,,I have heard of this,,,,,I have heard of this,,,,,,,,,Agree,Disagree,Have no opinion,Agree,Agree,Disagree,Agree,Agree,Yes,Yes,The problem of studies not bring replicated enough to prove reliably ,No,Not sure,Yes,
14/05/2020 08:54,14/05/2020 09:03,IP Address,100,535,TRUE,14/05/2020 09:03,R_1DP8RzKOoYiLjJz,anonymous,EN,Yes,Yes,UNI07,,Full-time,No,,3,2nd Year,,,abnormal and clinical psychology,Yes,female,Have no opinion,Agree,Agree,Agree,Agree,Have no opinion,Agree,Disagree,Agree,Strongly agree,Agree,Have no opinion,Agree,Disagree,Have no opinion,Agree,I have heard of this,I have heard of this,I have heard of this,I have heard of this,I have heard of this,I have heard of this,I have heard of this,I have heard of this,,I have done/used this,I have done/used this,,,I have done/used this,,I have done/used this,Agree,Disagree,Agree,Agree,Agree,Disagree,Agree,Agree,No,,,Not sure,Not sure,Yes,
14/05/2020 13:16,14/05/2020 13:26,IP Address,100,609,TRUE,14/05/2020 13:26,R_2zjAJgwW43Mtdek,anonymous,EN,Yes,Yes,UKRN08,,Full-time,No,,3,3rd Year,,,Bsc Psychology,Yes,Female,Have no opinion,Strongly disagree,Agree,Strongly agree,Strongly disagree,Agree,Have no opinion,Have no opinion,Have no opinion,Strongly agree,Strongly disagree,Strongly disagree,Have no opinion,Strongly disagree,Strongly disagree,Strongly agree,,,I have heard of this,,,,,I have heard of this,,,I have done/used this,,,,,,Strongly disagree,Strongly agree,Have no opinion,Strongly agree,Strongly Agree,Strongly disagree,Agree,Agree,Yes,Yes,where studies are being replicated but the results are not coming out the same as the original studies,No,No,Yes,
14/05/2020 13:53,14/05/2020 14:03,IP Address,100,616,TRUE,14/05/2020 14:03,R_2bHQZNpPrQPnvLB,anonymous,EN,Yes,Yes,UKRN08,,Full-time,No,,3,3rd Year,,,BSc Psychology ,Yes,Female,Agree,Disagree,Have no opinion,Disagree,Agree,Disagree,Agree,Disagree,Disagree,Agree,Agree,Disagree,Agree,Disagree,Disagree,Agree,,I have heard of this,,,I have heard of this,,,I have heard of this,I have done/used this,,I have done/used this,I have done/used this,,I have done/used this,I have done/used this,,Agree,Disagree,Agree,Disagree,Agree,Agree,Disagree,Agree,Yes,Yes,"Studies are not able to be fully replicated, or may find different results to the previous, power issues/type II errors, lack of open science",Yes,Not sure,Yes,"I used the open science framework for my dissertation, but feel like enough emphasis wasn’t placed on the topic in my course "
14/05/2020 14:01,14/05/2020 14:07,IP Address,100,383,TRUE,14/05/2020 14:07,R_3EyTZGBvnzTSE03,anonymous,EN,Yes,Yes,UKRN08,,Full-time,Yes,,3,2nd Year,,,Psychology ,Yes,Female ,Agree,Strongly disagree,Have no opinion,Disagree,Strongly agree,Have no opinion,Strongly agree,Disagree,Strongly agree,Strongly agree,Agree,Strongly disagree,Strongly agree,Agree,Have no opinion,Agree,I have heard of this,I have heard of this,I have heard of this,I have heard of this,,,,I have heard of this,,,,,I have done/used this,I have done/used this,I have done/used this,,Strongly Agree,Disagree,Agree,Disagree,Disagree,Have no opinion,Strongly disagree,Agree,Yes,Yes,Where not enough research is replicating. Which may be due to p-hacking,Yes,Yes,Yes,
14/05/2020 17:57,14/05/2020 18:05,IP Address,100,508,TRUE,14/05/2020 18:05,R_2t3xv9K0M9nGekr,anonymous,EN,Yes,Yes,UKRN08,,Full-time,No,,3,3rd Year,,,Psychology ,Yes,Female,Strongly disagree,Strongly disagree,Strongly agree,Strongly disagree,Disagree,Strongly disagree,Strongly agree,Strongly agree,Strongly agree,Strongly disagree,Disagree,Strongly disagree,Strongly agree,Strongly disagree,Strongly agree,Disagree,I have heard of this,I have heard of this,I have heard of this,I have heard of this,I have heard of this,I have heard of this,I have heard of this,I have heard of this,I have done/used this,I have done/used this,,I have done/used this,,,,,Strongly Agree,Strongly disagree,Strongly agree,Strongly agree,Strongly Disagree,Strongly agree,Disagree,Strongly agree,Yes,Yes,Only 36% of 100 psych studies replicated when tested and now to try to improve this we are teaching open science practices to educate and reduce the rates of QRPs ,Yes,Yes,Yes,I’ve just written my dissertation on this 
15/05/2020 07:33,15/05/2020 07:45,IP Address,100,706,TRUE,15/05/2020 07:45,R_2Qh72VpGLGOnInO,anonymous,EN,Yes,Yes,UNI07,,Full-time,No,,3,2nd Year,,,Psychology Bsc,No,Female ,Agree,Disagree,Have no opinion,Disagree,Agree,Agree,Agree,Disagree,Agree,Agree,Agree,Disagree,Agree,Strongly disagree,Disagree,Strongly agree,I have heard of this,,I have heard of this,,I have heard of this,I have heard of this,I have heard of this,I have heard of this,,,I have done/used this,,,I have done/used this,,,Agree,Disagree,Agree,Strongly agree,Strongly Agree,Have no opinion,Disagree,Agree,Not sure,,,Not sure,Not sure,Yes,
15/05/2020 09:24,15/05/2020 09:28,IP Address,100,231,TRUE,15/05/2020 09:28,R_2y15DoH6zxw2s7K,anonymous,EN,Yes,Yes,UNI17,,Full-time,No,,3,1st Year,,,Psychology,Yes,Male,Strongly agree,Have no opinion,Have no opinion,Have no opinion,Have no opinion,Disagree,Have no opinion,Have no opinion,Agree,Have no opinion,Agree,Strongly disagree,Agree,Have no opinion,Agree,Have no opinion,,,,,,,I have heard of this,I have heard of this,,,,,,,,,Strongly Agree,Strongly disagree,Strongly agree,Agree,Strongly Disagree,Strongly agree,Strongly disagree,Strongly agree,Yes,Yes,,No,Not sure,Not sure,
15/05/2020 09:41,15/05/2020 09:46,IP Address,100,333,TRUE,15/05/2020 09:46,R_1OUCucOD3nLzASl,anonymous,EN,Yes,Yes,UNI18,,Full-time,No,,3,3rd Year,,,Psychology/Political Science (Liberal Arts),Yes,Female,Agree,Disagree,Agree,Disagree,Agree,Have no opinion,Strongly agree,Have no opinion,Agree,Disagree,Agree,Strongly disagree,Strongly agree,Agree,Have no opinion,Have no opinion,I have heard of this,I have heard of this,I have heard of this,,,I have heard of this,,I have heard of this,,,,I have done/used this,I have done/used this,,I have done/used this,,Agree,Have no opinion,Have no opinion,Agree,Have no opinion,Have no opinion,Strongly disagree,Agree,Yes,Yes,A crisis that occurs when a study in unable to be replicated successfully or accurately,Yes,Yes,Yes,
15/05/2020 09:48,15/05/2020 09:53,IP Address,100,304,TRUE,15/05/2020 09:53,R_1dB4k2GeyTqnXRH,anonymous,EN,Yes,Yes,UKRN05,,Full-time,No,,3,1st Year,,,Psychology Bsc,Yes,Female ,Strongly agree,Disagree,Agree,Strongly agree,Agree,Have no opinion,Have no opinion,Agree,Disagree,Strongly agree,Strongly agree,Disagree,Have no opinion,Agree,Disagree,Agree,,,,,,,,I have heard of this,,,,,,,,,Strongly Agree,Disagree,Agree,Agree,Agree,Agree,Strongly disagree,Agree,No,,,No,No,Yes,
15/05/2020 09:40,15/05/2020 09:56,IP Address,100,997,TRUE,15/05/2020 09:56,R_2aYbC25eyqTOC6U,anonymous,EN,Yes,Yes,UNI18,,Full-time,No,,3,2nd Year,,,Psychology,Yes,Female,Strongly agree,Strongly disagree,Agree,Disagree,Have no opinion,Strongly disagree,Have no opinion,Have no opinion,Have no opinion,Strongly agree,Strongly agree,Strongly disagree,Agree,Strongly disagree,Strongly disagree,Strongly agree,I have heard of this,,I have heard of this,I have heard of this,I have heard of this,I have heard of this,I have heard of this,I have heard of this,I have done/used this,,I have done/used this,,,,I have done/used this,,Strongly Agree,Strongly disagree,Have no opinion,Strongly agree,Strongly Agree,Strongly disagree,Strongly disagree,Strongly agree,Yes,Yes,It’s been found to be difficult to replicate other studies/findings. ,Not sure,Yes,Yes,
15/05/2020 09:56,15/05/2020 10:05,IP Address,100,504,TRUE,15/05/2020 10:05,R_sosC081uGtu5MgV,anonymous,EN,Yes,Yes,UKRN05,,Full-time,No,,4,1st Year,,,Psychology with integrated masters,Yes,Female,Strongly agree,Strongly disagree,Strongly agree,Have no opinion,Have no opinion,Agree,Agree,Disagree,Disagree,Agree,Agree,Disagree,Agree,Agree,Disagree,Agree,I have heard of this,I have heard of this,I have heard of this,,,I have heard of this,,I have heard of this,I have done/used this,,I have done/used this,,,I have done/used this,,I have done/used this,Disagree,Have no opinion,Disagree,Agree,Strongly Agree,Have no opinion,Have no opinion,Agree,Not sure,,,Not sure,Not sure,Yes,
15/05/2020 09:56,15/05/2020 10:07,IP Address,100,674,TRUE,15/05/2020 10:07,R_3PBkVrsvHsV2LTz,anonymous,EN,Yes,Yes,UNI18,,Full-time,No,,4,4th Year,,,BSc Psychology with Foundation Year,Yes,Female ,Agree,Disagree,Agree,Disagree,Agree,Have no opinion,Strongly agree,Strongly disagree,Strongly agree,Agree,Agree,Strongly disagree,Have no opinion,Disagree,Disagree,Agree,,,I have heard of this,,,,I have heard of this,I have heard of this,,,I have done/used this,,,,,,Strongly Agree,Strongly disagree,Agree,Strongly agree,Agree,Have no opinion,Disagree,Agree,No,,,No,Not sure,Yes,Research Methods is the worst module ever. It’s so difficult to understand 
15/05/2020 09:57,15/05/2020 10:11,IP Address,100,819,TRUE,15/05/2020 10:11,R_e4dYV0cNDtFonnj,anonymous,EN,Yes,Yes,UKRN05,,Full-time,Yes,,3,1st Year,,,Psychology ,Yes,Female ,Strongly agree,Disagree,Agree,Disagree,Disagree,Disagree,Agree,Have no opinion,Agree,Disagree,Agree,Strongly disagree,Agree,Disagree,Disagree,Strongly agree,,,I have heard of this,,,,,I have heard of this,,,I have done/used this,,,,,I have done/used this,Strongly Agree,Disagree,Disagree,Agree,Strongly Agree,Have no opinion,Disagree,Disagree,Yes,No,That repeating a study and it coming back as non-significant means that it is non-significant. ,No,No,Yes,
15/05/2020 10:06,15/05/2020 10:12,IP Address,100,365,TRUE,15/05/2020 10:12,R_1mK7kzDUUBT5wUE,anonymous,EN,Yes,Yes,Other,,Full-time,No,,3,2nd Year,,,BSc Psychology,No,Female,Strongly agree,Strongly disagree,Strongly agree,Have no opinion,Agree,Have no opinion,Strongly agree,Strongly disagree,Agree,Have no opinion,Agree,Disagree,Have no opinion,Have no opinion,Have no opinion,Agree,,,I have heard of this,,I have heard of this,I have heard of this,I have heard of this,I have heard of this,,,I have done/used this,,I have done/used this,I have done/used this,,I have done/used this,Strongly Agree,Disagree,Strongly agree,Agree,Disagree,Agree,Agree,Have no opinion,Yes,Yes,95% of psychological research being deemed as potentially false,Yes,No,Yes,
15/05/2020 10:03,15/05/2020 10:18,IP Address,100,904,TRUE,15/05/2020 10:18,R_2uwBc1niHbOW5PK,anonymous,EN,Yes,Yes,UKRN05,,Full-time,No,,3,1st Year,,,Psychology,Yes,Female,Strongly agree,Disagree,Agree,Strongly agree,Agree,Strongly disagree,Agree,Agree,Agree,Strongly agree,Agree,Disagree,Agree,Disagree,Agree,Strongly agree,I have heard of this,,,,,,,,,,I have done/used this,,,I have done/used this,,I have done/used this,Agree,Disagree,Strongly agree,Strongly disagree,Disagree,Agree,Disagree,Disagree,No,,,No,No,Yes,
15/05/2020 10:24,15/05/2020 10:34,IP Address,100,587,TRUE,15/05/2020 10:34,R_21v2MAKjTpasatt,anonymous,EN,Yes,Yes,UKRN05,,Full-time,Yes,,4,1st Year,,,Psychology BSc,Yes,female,Strongly agree,Disagree,Strongly agree,Disagree,Disagree,Agree,Have no opinion,Have no opinion,Disagree,Strongly disagree,Agree,Disagree,Disagree,Agree,Disagree,Agree,I have heard of this,I have heard of this,I have heard of this,,,I have heard of this,I have heard of this,I have heard of this,,,,I have done/used this,I have done/used this,,,,Strongly Agree,Have no opinion,Agree,Strongly agree,Agree,Agree,Have no opinion,Disagree,No,,,Yes,No,Yes,
15/05/2020 10:23,15/05/2020 10:35,IP Address,100,747,TRUE,15/05/2020 10:35,R_sNFVSsFDYTQpTDb,anonymous,EN,Yes,Yes,UKRN05,,Full-time,No,,3,1st Year,,,psychology,No,female,Agree,Disagree,Agree,Disagree,Agree,Agree,Agree,Have no opinion,Strongly disagree,Strongly agree,Agree,Strongly disagree,Have no opinion,Strongly disagree,Disagree,Agree,,,I have heard of this,,,I have heard of this,I have heard of this,,,,,,,,,I have done/used this,Agree,Disagree,Have no opinion,Strongly agree,Agree,Have no opinion,Disagree,Agree,Yes,Yes,only about 60% of the studies that have been replicated gave the same results,Not sure,No,Yes,
15/05/2020 10:12,15/05/2020 10:47,IP Address,100,2117,TRUE,15/05/2020 10:47,R_wO8h0bu4q5KNpZf,anonymous,EN,Yes,Yes,UNI18,,Full-time,No,,3,3rd Year,,,BA (Hons) Liberal Arts Psychology,No,female,Strongly agree,Strongly disagree,Agree,Strongly disagree,Agree,Disagree,Disagree,Agree,Agree,Strongly disagree,Agree,Strongly disagree,Have no opinion,Disagree,Have no opinion,Agree,,,I have heard of this,,,,,I have heard of this,,,I have done/used this,,,,,I have done/used this,Strongly Agree,Disagree,Agree,Agree,Agree,Disagree,Have no opinion,Agree,No,,,No,No,Not sure,
15/05/2020 11:32,15/05/2020 11:46,IP Address,100,809,TRUE,15/05/2020 11:46,R_1itgbgtTsacDklC,anonymous,EN,Yes,Yes,UKRN05,,Full-time,No,,3,1st Year,,,Psychology Bsc,No,female,Agree,Disagree,Agree,Disagree,Have no opinion,Disagree,Disagree,Agree,Agree,Disagree,Disagree,Disagree,Have no opinion,Strongly disagree,Strongly disagree,Strongly agree,,,I have heard of this,,,,I have heard of this,I have heard of this,,,I have done/used this,,,,,I have done/used this,Agree,Agree,Agree,Agree,Agree,Disagree,Agree,Agree,Yes,Not sure,"When replicating a study, the results are different to the results of the original study",No,Not sure,Yes,
15/05/2020 12:14,15/05/2020 12:24,IP Address,100,584,TRUE,15/05/2020 12:24,R_2atLz6lQ4Fw8K64,anonymous,EN,Yes,Yes,UNI18,,Full-time,No,,3,3rd Year,,,Bsc (Hons) Psychology,No,Cis female,Agree,Disagree,Agree,Strongly disagree,Strongly agree,Strongly disagree,Strongly agree,Strongly disagree,Strongly agree,Strongly disagree,Strongly agree,Strongly disagree,Agree,Strongly disagree,Agree,Disagree,I have heard of this,I have heard of this,I have heard of this,I have heard of this,I have heard of this,I have heard of this,I have heard of this,I have heard of this,I have done/used this,I have done/used this,I have done/used this,,,I have done/used this,,I have done/used this,Strongly Agree,Strongly disagree,Strongly agree,Strongly disagree,Agree,Disagree,Disagree,Strongly agree,Yes,Yes,The idea that alot of studies are unable to be reproduced (sometimes due to ethics),Yes,Yes,Yes,There should be a universal method of teaching for all uni’s
15/05/2020 12:19,15/05/2020 12:25,IP Address,100,355,TRUE,15/05/2020 12:25,R_pnqSipE8XfvzdHr,anonymous,EN,Yes,Yes,UNI18,,Full-time,No,,1,1st Year,,,MSc Marketing Psychology,Yes,Female,Agree,Strongly disagree,Agree,Disagree,Agree,Strongly disagree,Agree,Disagree,Strongly agree,Strongly disagree,Strongly agree,Strongly disagree,Agree,Agree,Disagree,Agree,,,I have heard of this,,,,,I have heard of this,,,I have done/used this,,,,,,Strongly Agree,Disagree,Agree,Disagree,Have no opinion,Have no opinion,Disagree,Have no opinion,Not sure,,,No,No,Yes,
15/05/2020 13:05,15/05/2020 13:15,IP Address,100,568,TRUE,15/05/2020 13:15,R_uhbUWxxVqBLfU77,anonymous,EN,Yes,Yes,UKRN05,,Full-time,No,,3,1st Year,,,Psychology Bsc,No,Female,Strongly agree,Disagree,Agree,Agree,Disagree,Disagree,Disagree,Agree,Agree,Agree,Agree,Disagree,Have no opinion,Agree,Agree,Agree,,,I have heard of this,,,,,I have heard of this,,,,,,,,I have done/used this,Strongly Agree,Strongly disagree,Agree,Agree,Agree,Strongly disagree,Disagree,Agree,No,,,No,No,Yes,
06/05/2020 13:08,08/05/2020 16:34,IP Address,46,185207,FALSE,15/05/2020 16:35,R_1eWglbZAAw8GPkx,anonymous,EN,Yes,Yes,UKRN03,,Full-time,No,,3,1st Year,,,psychology bcc,Yes,female,,,,,,,,,,,,,,,,,,,,,,,,,,,,,,,,,,,,,,,,,,,,,,,
15/05/2020 18:16,15/05/2020 18:24,IP Address,100,494,TRUE,15/05/2020 18:24,R_24CnV3Muc1C6rnB,anonymous,EN,Yes,Yes,UKRN08,,Full-time,Yes,,4,1st Year,,,Psychology ,Yes,Female ,Strongly agree,Strongly disagree,Strongly agree,Strongly disagree,Strongly agree,Strongly disagree,Strongly agree,Disagree,Strongly agree,Disagree,Strongly agree,Strongly disagree,Strongly agree,Have no opinion,Strongly agree,Strongly disagree,I have heard of this,I have heard of this,I have heard of this,I have heard of this,,I have heard of this,,I have heard of this,I have done/used this,,,,,I have done/used this,,I have done/used this,Strongly Agree,Strongly disagree,Strongly agree,Strongly disagree,Strongly Disagree,Strongly agree,Strongly disagree,Strongly agree,Yes,Yes,"The lack of published replication in research, often cause by printing bias in journals, making replications seem less desirable.",Yes,Yes,Yes,
16/05/2020 00:58,16/05/2020 01:04,IP Address,100,366,TRUE,16/05/2020 01:04,R_s6GTWQ7lHLf09RD,anonymous,EN,Yes,Yes,UKRN06,,Full-time,No,,3,2nd Year,,,Psychology BSc,Yes,Female,Agree,Strongly disagree,Agree,Disagree,Strongly agree,Strongly disagree,Strongly agree,Disagree,Have no opinion,Disagree,Agree,Strongly disagree,Strongly agree,Disagree,Agree,Agree,,,,I have heard of this,,,,,I have done/used this,I have done/used this,I have done/used this,,,,I have done/used this,I have done/used this,Agree,Disagree,Agree,Disagree,Disagree,Agree,Disagree,Agree,Yes,Yes,A relatively small percentage of psychology studies have been successfully replicated,Yes,Yes,Yes,
07/05/2020 03:00,09/05/2020 01:32,IP Address,46,167531,FALSE,16/05/2020 01:32,R_dnx2htu5K3USIOR,anonymous,EN,Yes,Yes,UKRN06,,Full-time,No,,3,2nd Year,,,Bsc Psychology ,No,Male,,,,,,,,,,,,,,,,,,,,,,,,,,,,,,,,,,,,,,,,,,,,,,,
16/05/2020 02:22,16/05/2020 02:29,IP Address,100,389,TRUE,16/05/2020 02:29,R_1IiqPc3sNqyJiQn,anonymous,EN,Yes,Yes,UKRN05,,Full-time,No,,3,1st Year,,,Psychology BSc,No,Female,Strongly agree,Strongly disagree,Strongly agree,Disagree,Disagree,Disagree,Disagree,Agree,Strongly agree,Strongly agree,Agree,Strongly disagree,Disagree,Agree,Disagree,Disagree,,,I have heard of this,,,,I have heard of this,I have heard of this,,,I have done/used this,,,,I have done/used this,I have done/used this,Strongly Agree,Strongly disagree,Agree,Agree,Agree,Disagree,Agree,Agree,Not sure,,,No,Not sure,Yes,
16/05/2020 03:00,16/05/2020 03:08,IP Address,100,497,TRUE,16/05/2020 03:08,R_2P1Z2f96D5kK0io,anonymous,EN,Yes,Yes,UKRN01,,Full-time,No,,3,2nd Year,,,Psychology BSc (Hons),Yes,Female,Agree,Strongly disagree,Agree,Disagree,Have no opinion,Have no opinion,Agree,Strongly disagree,Strongly agree,Disagree,Agree,Strongly disagree,Have no opinion,Have no opinion,Have no opinion,Have no opinion,I have heard of this,I have heard of this,I have heard of this,,,,I have heard of this,I have heard of this,I have done/used this,I have done/used this,I have done/used this,,,,,,Strongly Agree,Disagree,Agree,Agree,Agree,Agree,Disagree,Agree,No,,,Not sure,Not sure,Yes,
16/05/2020 04:18,16/05/2020 04:27,IP Address,100,507,TRUE,16/05/2020 04:27,R_12MsLoTACQc3tUj,anonymous,EN,Yes,Yes,UKRN05,,Full-time,No,,3,1st Year,,,BSc Psychology,Yes,Non-Binary,Strongly agree,Disagree,Agree,Have no opinion,Have no opinion,Disagree,Agree,Agree,Have no opinion,Have no opinion,Agree,Strongly disagree,Agree,Have no opinion,Disagree,Agree,,,,,,,,I have heard of this,,,,,,,,,Agree,Have no opinion,Agree,Disagree,Agree,Disagree,Disagree,Disagree,No,,,No,No,Not sure,
16/05/2020 05:59,16/05/2020 06:07,IP Address,100,532,TRUE,16/05/2020 06:07,R_3Mbq5Kk39N2VqJL,anonymous,EN,Yes,Yes,UNI18,,Full-time,No,,3,3rd Year,,,BA Psychology,No,Female,Strongly agree,Strongly disagree,Have no opinion,Disagree,Have no opinion,Strongly disagree,Agree,Disagree,Agree,Disagree,Disagree,Disagree,Have no opinion,Agree,Have no opinion,Agree,,,I have heard of this,I have heard of this,,I have heard of this,,I have heard of this,,,,,,I have done/used this,,I have done/used this,Agree,Disagree,Disagree,Agree,Agree,Have no opinion,Have no opinion,Agree,Not sure,,,No,No,Yes,
16/05/2020 09:02,16/05/2020 09:14,IP Address,100,726,TRUE,16/05/2020 09:14,R_aY5HSPabuxC8Bsl,anonymous,EN,Yes,Yes,UKRN05,,Full-time,No,,3,1st Year,,,Psychology BSc,Yes,woman,Strongly agree,Disagree,Strongly agree,Disagree,Strongly agree,Disagree,Strongly agree,Disagree,Strongly agree,Disagree,Have no opinion,Strongly disagree,Disagree,Agree,Disagree,Strongly agree,I have heard of this,I have heard of this,I have heard of this,I have heard of this,I have heard of this,I have heard of this,I have heard of this,I have heard of this,,,I have done/used this,I have done/used this,,I have done/used this,,I have done/used this,Agree,Disagree,Strongly agree,Disagree,Agree,Agree,Agree,Strongly agree,Not sure,,,No,No,Yes,
16/05/2020 11:21,16/05/2020 11:32,IP Address,100,706,TRUE,16/05/2020 11:32,R_2tyFlA60nzwfSu6,anonymous,EN,Yes,Yes,UKRN01,,Full-time,Yes,,3,1st Year,,,Psychology,Yes,Male,Strongly agree,Strongly disagree,Agree,Strongly disagree,Agree,Strongly disagree,Agree,Have no opinion,Agree,Strongly agree,Strongly agree,Strongly disagree,Have no opinion,Have no opinion,Disagree,Disagree,,,I have heard of this,,,,I have heard of this,I have heard of this,,,I have done/used this,,,,,,Strongly Agree,Strongly disagree,Strongly agree,Strongly disagree,Have no opinion,Agree,Agree,Agree,No,,,Not sure,Not sure,Yes,
16/05/2020 11:35,16/05/2020 12:08,IP Address,100,1948,TRUE,16/05/2020 12:08,R_1OHTDAj6EEPRyIE,anonymous,EN,Yes,Yes,UKRN01,,Full-time,Yes,,3,1st Year,,,Psychology,Yes,Male,Strongly agree,Strongly disagree,Strongly agree,Strongly disagree,Strongly agree,Strongly disagree,Have no opinion,Have no opinion,Have no opinion,Strongly disagree,Agree,Strongly disagree,Agree,Disagree,Have no opinion,Disagree,,,I have heard of this,,,,I have heard of this,I have heard of this,,,I have done/used this,,,,,,Strongly Agree,Strongly disagree,Agree,Have no opinion,Disagree,Agree,Disagree,Agree,Yes,No,A lack of replication of studies to see if results are reliable before they are published ,Not sure,No,Yes,
16/05/2020 13:44,16/05/2020 13:56,IP Address,100,727,TRUE,16/05/2020 13:56,R_ablGPkf6KvBun8B,anonymous,EN,Yes,Yes,UNI18,,Full-time,Other (Please specify),foundation,3,2nd Year,,,BSc Psychology,Yes,female,Agree,Strongly disagree,Strongly agree,Have no opinion,Agree,Disagree,Agree,Have no opinion,Strongly agree,Agree,Agree,Strongly disagree,Strongly disagree,Agree,Disagree,Disagree,,I have heard of this,I have heard of this,I have heard of this,,I have heard of this,,I have heard of this,I have done/used this,,,,I have done/used this,,I have done/used this,,Disagree,Disagree,Agree,Disagree,Disagree,Agree,Strongly disagree,Agree,Yes,Yes,"That studies do not get replicated anymore, as researchers rather do studies independently on new studies in hope for finding new results. Rather then replication. ",Not sure,No,Yes,
16/05/2020 15:33,16/05/2020 15:40,IP Address,100,440,TRUE,16/05/2020 15:40,R_XLmaWnDCmolcc3n,anonymous,EN,Yes,Yes,UKRN05,,Full-time,No,,3,1st Year,,,Psychology,Yes,Female,Agree,Strongly disagree,Have no opinion,Disagree,Disagree,Disagree,Agree,Agree,Agree,Strongly agree,Agree,Strongly disagree,Have no opinion,Disagree,Strongly disagree,Strongly agree,,,I have heard of this,,,,,I have heard of this,,,I have done/used this,,,,,,Agree,Disagree,Agree,Strongly agree,Agree,Disagree,Disagree,Disagree,Not sure,,,No,Not sure,Yes,
16/05/2020 19:07,16/05/2020 19:11,IP Address,100,223,TRUE,16/05/2020 19:11,R_3OoACn8Cpu0jmFd,anonymous,EN,Yes,Yes,UKRN05,,Full-time,No,,4,1st Year,,,MSci Psychology ,No,Female ,Agree,Disagree,Agree,Disagree,Have no opinion,Strongly disagree,Strongly agree,Agree,Strongly agree,Strongly disagree,Have no opinion,Disagree,Have no opinion,Have no opinion,Disagree,Agree,,,I have heard of this,,,I have heard of this,,I have heard of this,I have done/used this,I have done/used this,,I have done/used this,I have done/used this,,I have done/used this,,Disagree,Disagree,Strongly agree,Disagree,Have no opinion,Agree,Agree,Agree,Not sure,,,Not sure,Yes,Yes,
16/05/2020 22:07,16/05/2020 22:11,IP Address,100,207,TRUE,16/05/2020 22:11,R_1Q5jFHpYG6GtPNh,anonymous,EN,Yes,Yes,UNI07,,Full-time,No,,3,2nd Year,,,Psychology,Yes,Female,Agree,Strongly disagree,Disagree,Agree,Have no opinion,Strongly disagree,Disagree,Agree,Strongly disagree,Strongly agree,Disagree,Strongly disagree,Agree,Strongly disagree,Disagree,Strongly disagree,,,I have heard of this,,,,,I have heard of this,,,I have done/used this,,,,,,Strongly disagree,Strongly agree,Have no opinion,Agree,Agree,Disagree,Agree,Disagree,No,,,No,No,Yes,
18/05/2020 01:53,18/05/2020 02:00,IP Address,100,398,TRUE,18/05/2020 02:00,R_3HNU0fXjv6qMcEe,anonymous,EN,Yes,Yes,UNI19,,Full-time,No,,3,3rd Year,,,BSc Psychology ,Yes,Female,Strongly disagree,Strongly disagree,Agree,Disagree,Agree,Strongly disagree,Strongly agree,Strongly disagree,Strongly disagree,Disagree,Strongly agree,Strongly disagree,Have no opinion,Agree,Strongly disagree,Strongly agree,I have heard of this,,I have heard of this,,,I have heard of this,,,,,I have done/used this,,,,,,Strongly Agree,Strongly disagree,Strongly agree,Agree,Agree,Disagree,Disagree,Agree,Yes,Yes,a problem with being able to achieve the same results as found in studies when replicating them,Not sure,Not sure,Yes,
18/05/2020 01:51,18/05/2020 02:00,IP Address,100,551,TRUE,18/05/2020 02:00,R_uxGKoEbeoH9JrWN,anonymous,EN,Yes,Yes,UNI19,,Full-time,No,,3,3rd Year,,,Psychology,Yes,F,Strongly agree,Strongly disagree,Have no opinion,Disagree,Agree,Have no opinion,Agree,Have no opinion,Strongly disagree,Agree,Agree,Strongly disagree,Disagree,Disagree,Disagree,Strongly agree,,,I have heard of this,,,,,,,,I have done/used this,,,,,,Agree,Disagree,Strongly Disagree,Strongly agree,Strongly Agree,Strongly disagree,Disagree,Agree,Yes,Not sure,,No,Not sure,Yes,
18/05/2020 02:42,18/05/2020 02:49,IP Address,100,421,TRUE,18/05/2020 02:49,R_1lgapV2LCFxrpO6,anonymous,EN,Yes,Yes,UNI19,,Full-time,No,,3,2nd Year,,,Psychology,No,Female,Strongly agree,Disagree,Agree,Strongly disagree,Agree,Have no opinion,Have no opinion,Agree,Strongly agree,Disagree,Agree,Strongly disagree,Have no opinion,Disagree,Disagree,Agree,,,,,,,,,,,I have done/used this,,I have done/used this,I have done/used this,I have done/used this,I have done/used this,Disagree,Strongly disagree,Agree,Have no opinion,Agree,Have no opinion,Have no opinion,Agree,No,,,Not sure,No,Yes,
18/05/2020 02:41,18/05/2020 02:51,IP Address,100,597,TRUE,18/05/2020 02:51,R_wNbK5D7l0om65jj,anonymous,EN,Yes,Yes,UNI19,,Full-time,No,,3,2nd Year,,,Psychology,No,Male,Strongly agree,Strongly disagree,Strongly agree,Strongly disagree,Agree,Strongly disagree,Agree,Agree,Agree,Strongly disagree,Agree,Strongly disagree,Agree,Agree,Disagree,Agree,I have heard of this,I have heard of this,I have heard of this,I have heard of this,I have heard of this,I have heard of this,I have heard of this,I have heard of this,,,,,,,,,Strongly Agree,Strongly disagree,Agree,Strongly agree,Agree,Disagree,Disagree,Agree,Yes,Yes,Difficulty to reproduce past findings ,Not sure,Not sure,Yes,
18/05/2020 03:07,18/05/2020 03:11,IP Address,100,189,TRUE,18/05/2020 03:11,R_pftSgATbAXJSDrb,anonymous,EN,Yes,Yes,UNI20,,Full-time,No,,3,2nd Year,,,Psychology,Yes,,Have no opinion,Have no opinion,Have no opinion,Have no opinion,Have no opinion,Have no opinion,Have no opinion,Have no opinion,Have no opinion,Have no opinion,Have no opinion,Have no opinion,Have no opinion,Have no opinion,Have no opinion,Have no opinion,I have heard of this,I have heard of this,I have heard of this,,I have heard of this,I have heard of this,I have heard of this,I have heard of this,,,,I have done/used this,,,,,Have no opinion,Have no opinion,Have no opinion,Have no opinion,Have no opinion,Have no opinion,Have no opinion,Have no opinion,Yes,Not sure,,Yes,Not sure,Not sure,
18/05/2020 03:08,18/05/2020 03:17,IP Address,100,493,TRUE,18/05/2020 03:17,R_3QRyfutYtQYwW64,anonymous,EN,Yes,Yes,UNI21,,Full-time,Other (Please specify),Optional,3,2nd Year,,,BSc Psychology,No,Female,Strongly agree,Strongly disagree,Agree,Disagree,Have no opinion,Have no opinion,Disagree,Disagree,Agree,Disagree,Agree,Strongly disagree,Strongly agree,Strongly disagree,Disagree,Strongly agree,,,I have heard of this,,,,I have heard of this,I have heard of this,,,I have done/used this,,,,,I have done/used this,Strongly Agree,Disagree,Agree,Agree,Strongly Agree,Disagree,Disagree,Agree,Yes,Yes,The struggle researchers are having in certain domains of psychology (such as social) to replicate previous studies with similar results,No,Not sure,Yes,
18/05/2020 03:13,18/05/2020 03:19,IP Address,100,365,TRUE,18/05/2020 03:19,R_1GwgK8JCsSze165,anonymous,EN,Yes,Yes,UNI21,,Full-time,No,,3,3rd Year,,,BSc Psychology ,No,Female ,Agree,Strongly disagree,Agree,Strongly disagree,Have no opinion,Have no opinion,Agree,Agree,Strongly agree,Strongly disagree,Strongly agree,Strongly disagree,Strongly agree,Strongly disagree,Disagree,Strongly agree,I have heard of this,,I have heard of this,I have heard of this,I have heard of this,I have heard of this,I have heard of this,I have heard of this,,I have done/used this,,,,,,,Strongly disagree,Strongly disagree,Have no opinion,Strongly agree,Agree,Strongly agree,Strongly disagree,Agree,Yes,Yes,A lot of studies were being replicated and the same results were not found. This was a massive conceptual issue within psychology ,Not sure,Yes,Yes,I took in a lot knowledge about stats and research methods during my course but failed to understand them very well 
18/05/2020 03:13,18/05/2020 03:22,IP Address,100,503,TRUE,18/05/2020 03:22,R_1iamQxOzZIhSwXA,anonymous,EN,Yes,Yes,UNI21,,Full-time,Other (Please specify),It is optional ,3,1st Year,,,BSc Psychology ,No,Female,Strongly agree,Disagree,Agree,Disagree,Disagree,Disagree,Agree,Disagree,Agree,Disagree,Agree,Strongly disagree,Have no opinion,Strongly disagree,Disagree,Agree,,I have heard of this,,,I have heard of this,,I have heard of this,,I have done/used this,,I have done/used this,I have done/used this,,I have done/used this,,I have done/used this,Agree,Disagree,Strongly agree,Agree,Agree,Agree,Disagree,Agree,Yes,Yes,Results can not always be replicated and studies are finding contradictory results  ,No,Not sure,Yes,
18/05/2020 03:15,18/05/2020 03:22,IP Address,100,396,TRUE,18/05/2020 03:22,R_31z42IGL8XbnQ5d,anonymous,EN,Yes,Yes,UNI21,,Full-time,No,,3,3rd Year,,,Psychology BSc (Hons),No,Female,Agree,Disagree,Agree,Have no opinion,Strongly agree,Disagree,Strongly agree,Strongly agree,Strongly agree,Strongly disagree,Agree,Strongly disagree,Have no opinion,Strongly disagree,Disagree,Have no opinion,I have heard of this,,,,I have heard of this,,,,,I have done/used this,I have done/used this,I have done/used this,,I have done/used this,I have done/used this,I have done/used this,Agree,Disagree,Agree,Have no opinion,Agree,Disagree,Disagree,Have no opinion,Not sure,,,Not sure,No,Yes,
18/05/2020 03:20,18/05/2020 03:29,IP Address,100,500,TRUE,18/05/2020 03:29,R_3KJ7HGJILH86kmx,anonymous,EN,Yes,Yes,UNI21,,Full-time,Other (Please specify),Optional ,3,2nd Year,,,Psychology ,No,Female ,Agree,Disagree,Agree,Disagree,Agree,Disagree,Strongly agree,Disagree,Agree,Disagree,Agree,Disagree,Have no opinion,Agree,Disagree,Have no opinion,,,,,,,,I have heard of this,,,,,,,,,Strongly Agree,Strongly disagree,Agree,Disagree,Agree,Disagree,Disagree,Agree,Yes,Yes,A lack of studies that show consistency when replicated. ,No,No,Not sure,
18/05/2020 03:09,18/05/2020 03:29,IP Address,100,1162,TRUE,18/05/2020 03:29,R_20lQqUPYUnkpPkR,anonymous,EN,Yes,Yes,UNI21,,Full-time,Other (Please specify),Optional placement year,3,3rd Year,,,BSc psychology,Yes,Male,Strongly agree,Strongly disagree,Strongly agree,Disagree,Agree,Strongly disagree,Strongly agree,Disagree,Strongly agree,Agree,Agree,Have no opinion,Agree,Disagree,Disagree,Agree,,,,I have heard of this,I have heard of this,,I have heard of this,,I have done/used this,I have done/used this,I have done/used this,,,I have done/used this,,I have done/used this,Strongly Agree,Strongly disagree,Strongly agree,Strongly agree,Agree,Agree,Strongly disagree,Agree,Yes,Yes,Researchers are unable to reproduce the same results when repeating a study previously conpleted by themselves or others ,Not sure,No,Yes,"The first section was hard to complete as its not a black or white issue it depends on individual research, e.g. should materials be shared, yes, but only after they have been peer reviewed and published as this means the original author gets credit but the materials are open source so other researchers can now build on their work. The same goes for free journals, this seems resonable because ive seen some key articles priced upwards of £100, without funding this is too much, rather than prices being free maybe a base rate e.g. articles ahould be priced based on pages 1-10 pages is 2.99 11-15 is 4.99 etc. In terms of the replication crisis all original materials should be included, i always include my full questionaire and spss variable view in my appendix to show how i achieved my results, this allows for my work to be fully criticised and repeated to verify my results, if a researcher does not share original materials then i have little value in their work and assume it cannot be replicated "
18/05/2020 03:27,18/05/2020 03:31,IP Address,100,256,TRUE,18/05/2020 03:31,R_1i862sjfy1OaxY3,anonymous,EN,Yes,Yes,UNI21,,Full-time,Yes,,3,1st Year,,,Psychology ,No,Female ,Disagree,Disagree,Agree,Agree,Disagree,Disagree,Agree,Disagree,Have no opinion,Disagree,Agree,Disagree,Agree,Agree,Have no opinion,Agree,I have heard of this,I have heard of this,I have heard of this,I have heard of this,I have heard of this,I have heard of this,I have heard of this,I have heard of this,,,I have done/used this,,I have done/used this,I have done/used this,,I have done/used this,Agree,Disagree,Agree,Disagree,Agree,Agree,Agree,Have no opinion,Not sure,,,Not sure,Not sure,Yes,
18/05/2020 03:25,18/05/2020 03:36,IP Address,100,624,TRUE,18/05/2020 03:36,R_RdZynD5kdPM2Nwt,anonymous,EN,Yes,Yes,UNI19,,Full-time,No,,3,3rd Year,,,BSc Psychology,Yes,female,Strongly agree,Disagree,Agree,Strongly disagree,Strongly agree,Disagree,Strongly agree,Strongly disagree,Have no opinion,Strongly agree,Disagree,Strongly disagree,Disagree,Strongly agree,Strongly disagree,Strongly agree,I have heard of this,I have heard of this,I have heard of this,,I have heard of this,I have heard of this,,I have heard of this,,,I have done/used this,,,I have done/used this,,I have done/used this,Strongly Agree,Strongly disagree,Strongly agree,Strongly agree,Strongly Agree,Agree,Strongly disagree,Agree,Yes,Yes,many studies are hard to reproduced and therefore they might be wrong,Yes,No,Yes,understandable researchers want money for their papers they put hard work in but normally costs too much for a student to afford 
18/05/2020 03:32,18/05/2020 03:43,IP Address,100,627,TRUE,18/05/2020 03:43,R_2ahTfnlpfUmE5pJ,anonymous,EN,Yes,Yes,UNI21,,Full-time,Yes,,3,2nd Year,,,Psychology bsc,No,Female,Strongly agree,Strongly disagree,Agree,Agree,Agree,Have no opinion,Agree,Disagree,Agree,Disagree,Have no opinion,Strongly disagree,Disagree,Disagree,Disagree,Agree,I have heard of this,I have heard of this,I have heard of this,I have heard of this,,,I have heard of this,,,,,,,,,I have done/used this,Agree,Disagree,Agree,Disagree,Agree,Disagree,Have no opinion,Agree,Yes,Yes,,Not sure,Not sure,Yes,
18/05/2020 03:41,18/05/2020 03:49,IP Address,100,515,TRUE,18/05/2020 03:49,R_PTIsFlRpkTfhRYd,anonymous,EN,Yes,Yes,UNI19,,Full-time,No,,3,1st Year,,,BSc Psychology ,No,female,Disagree,Disagree,Agree,Strongly disagree,Disagree,Disagree,Disagree,Agree,Strongly agree,Strongly disagree,Agree,Disagree,Have no opinion,Disagree,Disagree,Have no opinion,,,,,,,I have heard of this,I have heard of this,,,,,,,,I have done/used this,Agree,Disagree,Agree,Disagree,Agree,Agree,Disagree,Have no opinion,No,,,No,Not sure,Yes,
18/05/2020 03:42,18/05/2020 03:51,IP Address,100,573,TRUE,18/05/2020 03:51,R_2SoTZQ7c1iiOdV4,anonymous,EN,Yes,Yes,UNI21,,Full-time,Other (Please specify),It’s optional,3,3rd Year,,,BSc (Hons) Psychology,Yes,Female,Strongly agree,Strongly disagree,Disagree,Disagree,Have no opinion,Have no opinion,Agree,Have no opinion,Strongly agree,Disagree,Agree,Disagree,Have no opinion,Agree,Strongly disagree,Agree,I have heard of this,I have heard of this,I have heard of this,,I have heard of this,I have heard of this,I have heard of this,I have heard of this,,,I have done/used this,,,I have done/used this,I have done/used this,,Strongly Agree,Disagree,Have no opinion,Agree,Agree,Agree,Strongly disagree,Agree,Yes,No,Studies that were academically acclaimed and many psychological concepts were based on but they cannot be replicated and thus there validity is compromised,Yes,Yes,Yes,
18/05/2020 03:43,18/05/2020 03:53,IP Address,100,607,TRUE,18/05/2020 03:53,R_3MzMRDSO5dUv3C5,anonymous,EN,Yes,Yes,UNI20,,Full-time,Other (Please specify),We have a placement module in our second year.,3,2nd Year,,,Psychology BSc,No,Female ,Agree,Disagree,Agree,Disagree,Have no opinion,Have no opinion,Agree,Disagree,Strongly agree,Agree,Agree,Disagree,Agree,Agree,Have no opinion,Agree,I have heard of this,I have heard of this,I have heard of this,,,I have heard of this,,I have heard of this,,,I have done/used this,,,I have done/used this,,I have done/used this,Strongly Agree,Disagree,Agree,Have no opinion,Agree,Have no opinion,Have no opinion,Have no opinion,Not sure,,,Not sure,Not sure,Yes,
18/05/2020 03:51,18/05/2020 03:58,IP Address,100,407,TRUE,18/05/2020 03:58,R_3Ge1bpKWKoU9R9e,anonymous,EN,Yes,Yes,UNI20,,Full-time,No,,3,3rd Year,,,Bsc (Hons) Psychology ,No,Female ,Strongly agree,Disagree,Agree,Disagree,Agree,Have no opinion,Agree,Strongly disagree,Agree,Strongly agree,Disagree,Disagree,Have no opinion,Agree,Have no opinion,Have no opinion,I have heard of this,I have heard of this,,I have heard of this,I have heard of this,I have heard of this,I have heard of this,I have heard of this,,,I have done/used this,,,,,,Agree,Have no opinion,Agree,Agree,Agree,Disagree,Agree,Agree,Not sure,,,Yes,No,Yes,
18/05/2020 03:51,18/05/2020 03:59,IP Address,100,500,TRUE,18/05/2020 03:59,R_2CmkwjnYkVblY0W,anonymous,EN,Yes,Yes,UNI21,,Full-time,No,,3,2nd Year,,,BSc Psychology ,No,Female,Agree,Disagree,Disagree,Agree,Agree,Disagree,Agree,Disagree,Agree,Disagree,Agree,Strongly disagree,Agree,Disagree,Disagree,Agree,I have heard of this,,,I have heard of this,I have heard of this,,I have heard of this,,,I have done/used this,I have done/used this,,,I have done/used this,,I have done/used this,Agree,Agree,Disagree,Agree,Agree,Agree,Disagree,Agree,Yes,No,That some results cannot be replicated so their findings must be incorrect,No,No,Yes,
18/05/2020 03:49,18/05/2020 04:00,IP Address,100,630,TRUE,18/05/2020 04:00,R_1r1Cu71KAh1SdMD,anonymous,EN,Yes,Yes,UNI21,,Full-time,Other (Please specify),Optional placement year ,3,1st Year,,,Psychology ,No,Female,Agree,Disagree,Agree,Disagree,Agree,Disagree,Agree,Agree,Strongly agree,Disagree,Strongly agree,Strongly disagree,Disagree,Strongly disagree,Strongly disagree,Agree,,,,,,,,,I have done/used this,I have done/used this,I have done/used this,I have done/used this,I have done/used this,I have done/used this,I have done/used this,I have done/used this,Agree,Agree,Agree,Agree,Agree,Agree,Disagree,Agree,Yes,Not sure,Results of many studies cannot be produced and if they are reproduced they are likely to be inaccurate,Yes,Yes,Yes,
18/05/2020 04:00,18/05/2020 04:07,IP Address,100,474,TRUE,18/05/2020 04:07,R_1pPXPIXFpD9NvpA,anonymous,EN,Yes,Yes,UNI21,,Full-time,Other (Please specify),Optional ,3,1st Year,,,Psychology ,No,Female ,Strongly disagree,Strongly disagree,Disagree,Disagree,Agree,Have no opinion,Agree,Disagree,Have no opinion,Have no opinion,Strongly agree,Disagree,Agree,Disagree,Disagree,Agree,I have heard of this,I have heard of this,,I have heard of this,I have heard of this,,,,,,I have done/used this,,,I have done/used this,I have done/used this,I have done/used this,Strongly Agree,Disagree,Agree,Agree,Agree,Agree,Disagree,Have no opinion,Yes,Yes,A lot of studies have been found to be hard to replicate and get similar results ,No,Not sure,Yes,
18/05/2020 04:00,18/05/2020 04:08,IP Address,100,446,TRUE,18/05/2020 04:08,R_265NdfxcNoMBZL3,anonymous,EN,Yes,Yes,UNI19,,Full-time,No,,3,1st Year,,,Psychology ,No,female ,Agree,Disagree,Agree,Strongly disagree,Agree,Disagree,Agree,Have no opinion,Strongly disagree,Disagree,Have no opinion,Strongly disagree,Have no opinion,Disagree,Disagree,Strongly agree,I have heard of this,I have heard of this,I have heard of this,,,,,I have heard of this,,,,I have done/used this,I have done/used this,I have done/used this,I have done/used this,,Strongly Agree,Disagree,Agree,Agree,Agree,Disagree,Agree,Agree,Not sure,,,Yes,Not sure,Yes,
18/05/2020 04:12,18/05/2020 04:18,IP Address,100,367,TRUE,18/05/2020 04:18,R_3fOCUjNTsSUAH6R,anonymous,EN,Yes,Yes,UNI22,,Full-time,No,,3,1st Year,,,Psychology with Counselling,No,Demiguy,Strongly agree,Strongly disagree,Strongly agree,Strongly disagree,Strongly agree,Strongly disagree,Have no opinion,Strongly agree,Strongly agree,Strongly disagree,Strongly agree,Strongly disagree,Have no opinion,Strongly disagree,Have no opinion,Strongly agree,,,,,,,,,,,I have done/used this,,,,,,Strongly Agree,Strongly disagree,Have no opinion,Agree,Strongly Agree,Disagree,Strongly disagree,Strongly agree,No,,,No,Not sure,Yes,
18/05/2020 04:22,18/05/2020 04:40,IP Address,100,1081,TRUE,18/05/2020 04:40,R_3GcG7iaDVLWdUzb,anonymous,EN,Yes,Yes,UNI22,,Full-time,No,,4,3rd Year,,,Psychology BSc,Yes,Male,Strongly agree,Strongly disagree,Agree,Strongly disagree,Disagree,Agree,Disagree,Agree,Agree,Disagree,Agree,Strongly disagree,Disagree,Strongly disagree,Strongly disagree,Strongly agree,,,I have heard of this,,,I have heard of this,,I have heard of this,,,I have done/used this,,,I have done/used this,,I have done/used this,Agree,Disagree,Agree,Strongly agree,Strongly Agree,Disagree,Have no opinion,Have no opinion,Yes,Yes,"Due to the psychologist that fraudelated his results, which has led to studies now needing to to able to be replicated from their following their method.",Yes,Yes,Yes,
18/05/2020 04:38,18/05/2020 04:51,IP Address,100,793,TRUE,18/05/2020 04:51,R_1pZ00STGxsaE166,anonymous,EN,Yes,Yes,UNI22,,Full-time,No,,3,2nd Year,,,Psychology ,Yes,Male ,Agree,Strongly disagree,Agree,Disagree,Agree,Disagree,Agree,Disagree,Strongly agree,Disagree,Strongly agree,Agree,Have no opinion,Strongly agree,Have no opinion,Agree,I have heard of this,I have heard of this,,I have heard of this,I have heard of this,,,,,,I have done/used this,,,I have done/used this,I have done/used this,I have done/used this,Agree,Disagree,Agree,Agree,Agree,Agree,Strongly disagree,Strongly agree,Yes,Yes,Impossibility you’re re-conduct a study because of a specific methodology. ,No,Yes,Yes,
18/05/2020 04:47,18/05/2020 04:53,IP Address,100,367,TRUE,18/05/2020 04:53,R_sNXjw6TzHw6SiKl,anonymous,EN,Yes,Yes,UNI21,,Full-time,Yes,,3,1st Year,,,Psychology ,No,Female,Strongly agree,Strongly disagree,Strongly agree,Strongly disagree,Agree,Disagree,Agree,Disagree,Agree,Agree,Strongly agree,Strongly disagree,Agree,Disagree,Disagree,Strongly agree,,,I have heard of this,,,I have heard of this,I have heard of this,I have heard of this,,,I have done/used this,,,I have done/used this,,I have done/used this,Strongly Agree,Disagree,Strongly agree,Disagree,Strongly Agree,Agree,Strongly disagree,Agree,Yes,Yes,Studies are being published as being significant when they actually can’t be replicated which probably means the findings were a Chance occurrence and weren’t actually significant ,Yes,Yes,Yes,N/A
18/05/2020 04:47,18/05/2020 04:54,IP Address,100,378,TRUE,18/05/2020 04:54,R_1dGCjvwAR9U8rdo,anonymous,EN,Yes,Yes,UNI21,,Full-time,Yes,,3,3rd Year,,,Psychology ,Yes,Female,Strongly agree,Disagree,Have no opinion,Disagree,Agree,Disagree,Agree,Strongly disagree,Disagree,Strongly disagree,Agree,Strongly disagree,Agree,Disagree,Disagree,Agree,,,I have heard of this,,,,I have heard of this,I have heard of this,I have done/used this,I have done/used this,,I have done/used this,I have done/used this,I have done/used this,,,Agree,Have no opinion,Have no opinion,Have no opinion,Agree,Have no opinion,Disagree,Agree,No,,,No,No,Yes,"This survey has really highlighted to me that even after 3 years in university I lack an awareness on many areas within research methods, a lot of the things mentioned within this survey I had never heard of before and really struggled to answer the questions. "
18/05/2020 04:54,18/05/2020 04:59,IP Address,100,300,TRUE,18/05/2020 04:59,R_2EiRCcbTYi4rWGZ,anonymous,EN,Yes,Yes,UNI19,,Full-time,No,,3,3rd Year,,,BSc Psychology,Yes,Female,Strongly agree,Disagree,Strongly agree,Disagree,Strongly agree,Disagree,Strongly agree,Disagree,Agree,Disagree,Have no opinion,Disagree,Disagree,Strongly agree,Have no opinion,Agree,,,I have heard of this,,,,I have heard of this,I have heard of this,,,,,,,,,Agree,Disagree,Agree,Agree,Agree,Agree,Agree,Agree,Not sure,,,No,No,Yes,
18/05/2020 04:54,18/05/2020 05:02,IP Address,100,482,TRUE,18/05/2020 05:02,R_2yaynfNYeH2NZ1E,anonymous,EN,Yes,Yes,UNI22,,Full-time,Yes,,3,2nd Year,,,Psychology with Behaviour Analysis ,Yes,Female,Strongly agree,Disagree,Agree,Disagree,Agree,Disagree,Agree,Disagree,Disagree,Strongly agree,Agree,Strongly disagree,Have no opinion,Have no opinion,Disagree,Strongly agree,I have heard of this,,,,,,,I have heard of this,,,,,,,,I have done/used this,Strongly Agree,Disagree,Agree,Agree,Strongly Agree,Disagree,Disagree,Agree,No,,,No,Not sure,Yes,
18/05/2020 04:53,18/05/2020 05:06,IP Address,100,758,TRUE,18/05/2020 05:06,R_xycs4tnC883k4wh,anonymous,EN,Yes,Yes,UNI19,,Full-time,No,,3,2nd Year,,,Psychology Bsc,Yes,Female,Have no opinion,Strongly disagree,Strongly agree,Have no opinion,Strongly agree,Strongly disagree,Strongly agree,Disagree,Strongly agree,Disagree,Agree,Strongly disagree,Agree,Have no opinion,Have no opinion,Agree,,,I have heard of this,,,I have heard of this,,I have heard of this,,,,,,,,,Strongly Agree,Strongly disagree,Strongly agree,Have no opinion,Agree,Strongly agree,Agree,Agree,Yes,Yes,Lots of older/famous studies are being replicated and the same results are not been found.,Not sure,Yes,Yes,
18/05/2020 05:11,18/05/2020 05:17,IP Address,100,351,TRUE,18/05/2020 05:17,R_2yrYQ0iekbwgzqi,anonymous,EN,Yes,Yes,UNI21,,Full-time,Yes,,4,2nd Year,,,Psychology,No,Female,Strongly agree,Strongly disagree,Have no opinion,Strongly disagree,Agree,Strongly disagree,Strongly agree,Strongly disagree,Strongly agree,Strongly disagree,Strongly agree,Strongly disagree,Agree,Strongly disagree,Disagree,Have no opinion,,,,,,,,I have heard of this,,,,,,,,I have done/used this,Strongly Agree,Strongly disagree,Strongly agree,Agree,Agree,Agree,Strongly disagree,Have no opinion,Yes,Yes,Not being able to repeat the results/findings of studies which proposed a significant effect,No,No,Yes,
18/05/2020 05:14,18/05/2020 05:21,IP Address,100,430,TRUE,18/05/2020 05:21,R_UzoGr6wvR251HNv,anonymous,EN,Yes,Yes,UNI21,,Full-time,Other (Please specify),optional placement year ,3,3rd Year,,,Psychology/ Psychology with year of professional placement ,No,male,Strongly agree,Strongly disagree,Strongly agree,Strongly disagree,Strongly agree,Strongly disagree,Strongly agree,Disagree,Strongly agree,Strongly disagree,Strongly agree,Strongly disagree,Have no opinion,Strongly disagree,Strongly disagree,Strongly agree,,,,,,,,,,,I have done/used this,I have done/used this,,I have done/used this,I have done/used this,I have done/used this,Agree,Strongly disagree,Strongly agree,Disagree,Strongly Agree,Agree,Strongly disagree,Strongly agree,Yes,Yes,"it is when a study, when replicated, does not produce the same findings as the original study",Yes,No,Yes,well designed survey and well tailored to my course
18/05/2020 05:19,18/05/2020 05:27,IP Address,100,532,TRUE,18/05/2020 05:27,R_1hF1jmtDDNZi4xf,anonymous,EN,Yes,Yes,UNI21,,Full-time,No,,3,3rd Year,,,BScHons Psychology,No,Female,Strongly agree,Have no opinion,Agree,Disagree,Have no opinion,Have no opinion,Agree,Agree,Strongly agree,Agree,Agree,Strongly disagree,Agree,Strongly agree,Disagree,Agree,,,I have heard of this,,,,I have heard of this,I have heard of this,,,I have done/used this,,,,I have done/used this,,Agree,Disagree,Disagree,Strongly agree,Agree,Agree,Agree,Disagree,Yes,Yes,When replication of studies was difficult/impossible,No,No,Yes,
18/05/2020 05:24,18/05/2020 05:33,IP Address,100,518,TRUE,18/05/2020 05:33,R_2dxMR7UEZOgU6TK,anonymous,EN,Yes,Yes,UNI22,,Full-time,No,,3,2nd Year,,,\psychology with criminology,Yes,female,Strongly agree,Disagree,Agree,Disagree,Agree,Strongly disagree,Strongly agree,Strongly disagree,Strongly agree,Strongly disagree,Agree,Disagree,Have no opinion,Agree,Agree,Agree,,,,,,,,,I have done/used this,,I have done/used this,,,I have done/used this,,I have done/used this,Agree,Disagree,Disagree,Agree,Agree,Agree,Disagree,Agree,Yes,No,when studies are impossible to replicate,Yes,No,Yes,
18/05/2020 05:32,18/05/2020 05:43,IP Address,100,620,TRUE,18/05/2020 05:43,R_3CU6Bz9zfv3qGjo,anonymous,EN,Yes,Yes,UKRN05,,Full-time,No,,3,1st Year,,,BSc psychology ,No,Female ,Disagree,Disagree,Strongly agree,Disagree,Agree,Have no opinion,Agree,Strongly disagree,Agree,Agree,Strongly agree,Strongly disagree,Agree,Agree,Disagree,Agree,,,I have heard of this,,,I have heard of this,,I have heard of this,,,I have done/used this,,,I have done/used this,,,Disagree,Agree,Agree,Have no opinion,Strongly Agree,Have no opinion,Disagree,Agree,No,,,No,No,No,
18/05/2020 06:11,18/05/2020 06:17,IP Address,100,358,TRUE,18/05/2020 06:17,R_Q3unDD2wnwyAUbD,anonymous,EN,Yes,Yes,UNI19,,Full-time,No,,3,2nd Year,,,Psychology,Yes,Female,Agree,Strongly disagree,Disagree,Strongly disagree,Agree,Have no opinion,Agree,Have no opinion,Strongly disagree,Strongly agree,Agree,Strongly disagree,Disagree,Agree,Disagree,Strongly agree,I have heard of this,I have heard of this,,I have heard of this,I have heard of this,,,,,,I have done/used this,,,I have done/used this,I have done/used this,I have done/used this,Agree,Have no opinion,Agree,Strongly agree,Strongly Agree,Disagree,Disagree,Have no opinion,Not sure,,,Not sure,No,No,
18/05/2020 06:11,18/05/2020 06:17,IP Address,100,367,TRUE,18/05/2020 06:17,R_3dMQE53OYNIT1qk,anonymous,EN,Yes,Yes,UNI22,,Full-time,No,,3,2nd Year,,,Psychology BSc,Yes,Female,Have no opinion,Disagree,Agree,Strongly disagree,Strongly agree,Strongly disagree,Agree,Have no opinion,Agree,Disagree,Agree,Strongly disagree,Agree,Disagree,Disagree,Disagree,,I have heard of this,,I have heard of this,I have heard of this,,I have heard of this,,I have done/used this,,I have done/used this,,,I have done/used this,,I have done/used this,Strongly Agree,Agree,Strongly agree,Agree,Have no opinion,Agree,Strongly disagree,Have no opinion,Not sure,,,Not sure,No,Yes,
18/05/2020 06:21,18/05/2020 06:27,IP Address,100,353,TRUE,18/05/2020 06:27,R_1pSbsLGBMfTqoWj,anonymous,EN,Yes,Yes,UNI19,,Full-time,No,,3,2nd Year,,,Psychology ,Yes,Female ,Agree,Disagree,Agree,Agree,Disagree,Disagree,Agree,Disagree,Agree,Disagree,Agree,Disagree,Disagree,Agree,Disagree,Agree,I have heard of this,,I have heard of this,,,,I have heard of this,I have heard of this,,,I have done/used this,,,,I have done/used this,I have done/used this,Agree,Agree,Have no opinion,Agree,Strongly Agree,Disagree,Disagree,Agree,Yes,No,Where it is difficult to replicate previous research therefore leading to insufficient results ,No,No,Yes,
18/05/2020 06:18,18/05/2020 06:27,IP Address,100,538,TRUE,18/05/2020 06:27,R_2Y9RMFyGLkm6vF6,anonymous,EN,Yes,Yes,UNI19,,Full-time,No,,3,3rd Year,,,BSc Psychology,Yes,Male,Agree,Strongly disagree,Agree,Disagree,Agree,Disagree,Disagree,Agree,Agree,Disagree,Agree,Disagree,Agree,Agree,Disagree,Disagree,I have heard of this,I have heard of this,,,,I have heard of this,I have heard of this,I have heard of this,,,I have done/used this,I have done/used this,,,,,Agree,Disagree,Agree,Agree,Agree,Agree,Agree,Agree,Yes,No,Replicating the methodology of an experiment but findings different results,Not sure,No,Yes,
18/05/2020 06:22,18/05/2020 06:32,IP Address,100,647,TRUE,18/05/2020 06:32,R_XuGGPb4sBznVlvj,anonymous,EN,Yes,Yes,UNI22,,Full-time,No,,3,2nd Year,,,psychology with developmental disorders,No,female,Strongly agree,Disagree,Have no opinion,Agree,Have no opinion,Disagree,Disagree,Have no opinion,Agree,Strongly agree,Strongly agree,Disagree,Agree,Have no opinion,Disagree,Agree,,,,,,,,I have heard of this,I have done/used this,,I have done/used this,,,I have done/used this,,,Disagree,Agree,Have no opinion,Agree,Agree,Strongly disagree,Strongly disagree,Strongly agree,Yes,Not sure,same method of study to find out the similar results,No,No,Yes,undergraduates should learn more about ethic issues and principles
18/05/2020 06:31,18/05/2020 06:41,IP Address,100,570,TRUE,18/05/2020 06:41,R_3eaeXqRWJs5A3UH,anonymous,EN,Yes,Yes,UNI20,,Full-time,No,,3,2nd Year,,,Psychology ,Yes,Female,Strongly agree,Disagree,Agree,Disagree,Agree,Have no opinion,Agree,Disagree,Agree,Have no opinion,Agree,Disagree,Have no opinion,Disagree,Disagree,Have no opinion,I have heard of this,I have heard of this,,,,I have heard of this,I have heard of this,I have heard of this,,I have done/used this,,,,,,I have done/used this,Agree,Disagree,Disagree,Agree,Have no opinion,Have no opinion,Disagree,Agree,Not sure,,,Yes,Yes,Yes,
18/05/2020 07:20,18/05/2020 07:27,IP Address,100,455,TRUE,18/05/2020 07:27,R_yjOGGjaiacNDSjD,anonymous,EN,Yes,Yes,UNI22,,Full-time,No,,3,1st Year,,,Psychology with behavioural analysis,Yes,Female,Agree,Disagree,Agree,Disagree,Agree,Disagree,Agree,Have no opinion,Agree,Disagree,Agree,Disagree,Agree,Disagree,Have no opinion,Agree,,,I have heard of this,,,I have heard of this,,I have heard of this,,,,,,,,,Agree,Disagree,Agree,Have no opinion,Disagree,Agree,Disagree,Agree,Yes,No,Lack of sharing materials which results in less reproductive/accurately reproductive studies ,Not sure,Not sure,Yes,
18/05/2020 07:23,18/05/2020 07:31,IP Address,100,483,TRUE,18/05/2020 07:31,R_2cCSHqSL4IQM4YB,anonymous,EN,Yes,Yes,UNI23,,Full-time,No,,3,1st Year,,,Sociology,Yes,,Strongly agree,Disagree,Strongly disagree,Have no opinion,Have no opinion,Agree,Strongly agree,Strongly disagree,Strongly disagree,Strongly agree,Strongly agree,Strongly disagree,Have no opinion,Strongly disagree,Have no opinion,Have no opinion,I have heard of this,I have heard of this,I have heard of this,I have heard of this,I have heard of this,I have heard of this,I have heard of this,I have heard of this,,,,,,,,,Strongly Agree,Disagree,Strongly agree,Have no opinion,Disagree,Strongly disagree,Have no opinion,Have no opinion,Yes,No,The lack of replication of studies in the social sciences and medical sciences,Yes,Not sure,Yes,None
18/05/2020 07:27,18/05/2020 07:34,IP Address,100,391,TRUE,18/05/2020 07:34,R_2AQgWl6LKss1ej0,anonymous,EN,Yes,Yes,UNI21,,Full-time,No,,3,1st Year,,,Psychology BSc,Yes,Female,Strongly agree,Strongly disagree,Agree,Disagree,Agree,Disagree,Agree,Agree,Strongly agree,Strongly agree,Agree,Strongly disagree,Have no opinion,Have no opinion,Disagree,Strongly agree,,,I have heard of this,I have heard of this,,I have heard of this,,I have heard of this,,,I have done/used this,,,,,,Strongly Agree,Disagree,Agree,Agree,Agree,Agree,Have no opinion,Have no opinion,No,,,No,No,Yes,
18/05/2020 07:48,18/05/2020 07:56,IP Address,100,468,TRUE,18/05/2020 07:56,R_10V0eXV4cHJBsYZ,anonymous,EN,Yes,Yes,UKRN05,,Full-time,Other (Please specify),Can choose to do one between second and third but need to decide by middle of second year. ,3,1st Year,,,BSc psychology ,Yes,Female,Strongly agree,Disagree,Agree,Disagree,Have no opinion,Disagree,Strongly agree,Disagree,Agree,Agree,Agree,Strongly disagree,Agree,Have no opinion,Disagree,Have no opinion,,,I have heard of this,,I have heard of this,,I have heard of this,I have heard of this,,,,,,,,,Agree,Disagree,Agree,Agree,Have no opinion,Agree,Have no opinion,Agree,Not sure,,,Not sure,Not sure,Yes,
18/05/2020 07:54,18/05/2020 08:00,IP Address,100,357,TRUE,18/05/2020 08:00,R_12i3oRgyglWgZST,anonymous,EN,Yes,Yes,UNI24,,Full-time,No,,3,3rd Year,,,Psychology,Yes,Female,Agree,Disagree,Agree,Disagree,Agree,Disagree,Agree,Disagree,Agree,Disagree,Agree,Strongly disagree,Strongly disagree,Agree,Strongly disagree,Agree,,I have heard of this,I have heard of this,,,I have heard of this,I have heard of this,I have heard of this,,,,,,I have done/used this,I have done/used this,I have done/used this,Agree,Disagree,Agree,Strongly agree,Strongly Agree,Strongly disagree,Strongly disagree,Agree,Yes,Yes,That research needs to be replicated exactly in order to see if the results are reliable ,No,No,Yes,
18/05/2020 07:52,18/05/2020 08:00,IP Address,100,471,TRUE,18/05/2020 08:00,R_2rkzD6Sf2qGwWp6,anonymous,EN,Yes,Yes,UNI24,,Full-time,No,,3,1st Year,,,Psychology and criminology ,Yes,Female ,Agree,Have no opinion,Agree,Agree,Agree,Disagree,Agree,Agree,Agree,Disagree,Agree,Disagree,Have no opinion,Agree,Have no opinion,Agree,I have heard of this,I have heard of this,I have heard of this,I have heard of this,I have heard of this,I have heard of this,I have heard of this,I have heard of this,I have done/used this,,I have done/used this,,,I have done/used this,,,Agree,Agree,Agree,Agree,Have no opinion,Agree,Disagree,Agree,Yes,No,Many scientific studies are impossible or very difficult to repeat ,Not sure,No,Yes,
18/05/2020 07:54,18/05/2020 08:01,IP Address,100,379,TRUE,18/05/2020 08:01,R_3O8HlVWLhWy8Ktl,anonymous,EN,Yes,Yes,UNI24,,Full-time,No,,3,2nd Year,,,Psychology ,No,Female,Strongly agree,Strongly disagree,Have no opinion,Strongly agree,Agree,Strongly disagree,Strongly agree,Agree,Strongly disagree,Strongly agree,Agree,Strongly disagree,Strongly agree,Strongly disagree,Have no opinion,Agree,,,,,,,,,,,,,,,,,Strongly disagree,Strongly disagree,Strongly Disagree,Strongly agree,Strongly Agree,Strongly disagree,Strongly disagree,Strongly agree,No,,,No,No,Yes,
18/05/2020 07:54,18/05/2020 08:02,IP Address,100,493,TRUE,18/05/2020 08:02,R_3nC6Ee9rTSxtPGv,anonymous,EN,Yes,Yes,UNI24,,Full-time,Other (Please specify),I’m not sure ,3,1st Year,,,Psychology ,Yes,Female ,Agree,Strongly disagree,Have no opinion,Have no opinion,Agree,Disagree,Strongly agree,Strongly disagree,Agree,Agree,Agree,Strongly disagree,Agree,Agree,Have no opinion,Have no opinion,I have heard of this,I have heard of this,,,I have heard of this,,I have heard of this,,,,I have done/used this,I have done/used this,,I have done/used this,,I have done/used this,Have no opinion,Agree,Agree,Agree,Agree,Have no opinion,Disagree,Have no opinion,No,,,No,No,Yes,
18/05/2020 07:57,18/05/2020 08:03,IP Address,100,311,TRUE,18/05/2020 08:03,R_2916CbaEzAz66kj,anonymous,EN,Yes,Yes,UNI24,,Full-time,No,,3,1st Year,,,Psychology ,No,Female,Strongly agree,Agree,Agree,Agree,Strongly agree,Disagree,Agree,Disagree,Have no opinion,Agree,Have no opinion,Agree,Agree,Agree,Have no opinion,Strongly agree,,I have heard of this,I have heard of this,,I have heard of this,,,I have heard of this,I have done/used this,,,I have done/used this,,I have done/used this,I have done/used this,,Have no opinion,Have no opinion,Agree,Disagree,Agree,Agree,Disagree,Agree,Not sure,,,Yes,No,Yes,
18/05/2020 07:54,18/05/2020 08:04,IP Address,100,576,TRUE,18/05/2020 08:04,R_2COHwi0GGhvL0k7,anonymous,EN,Yes,Yes,UNI24,,Full-time,No,,3,1st Year,,,Psychology ,No,Female,Agree,Disagree,Have no opinion,Disagree,Have no opinion,Have no opinion,Strongly agree,Disagree,Agree,Have no opinion,Agree,Disagree,Have no opinion,Agree,Disagree,Disagree,I have heard of this,I have heard of this,I have heard of this,I have heard of this,I have heard of this,I have heard of this,I have heard of this,I have heard of this,,,,,,,,,Agree,Disagree,Agree,Have no opinion,Agree,Agree,Agree,Agree,No,,,No,Not sure,Yes,
18/05/2020 07:55,18/05/2020 08:04,IP Address,100,591,TRUE,18/05/2020 08:04,R_2qqL8Bd8oUOY5BX,anonymous,EN,Yes,Yes,UNI24,,Full-time,No,,3,1st Year,,,Psychology and Criminology,Yes,Female,Strongly agree,Disagree,Agree,Have no opinion,Agree,Have no opinion,Strongly agree,Disagree,Agree,Strongly agree,Agree,Strongly disagree,Agree,Agree,Disagree,Agree,,,I have heard of this,,,,I have heard of this,I have heard of this,,,,,,,,,Agree,Disagree,Agree,Disagree,Agree,Agree,Agree,Have no opinion,No,,,No,Not sure,Yes,
18/05/2020 07:52,18/05/2020 08:07,IP Address,100,886,TRUE,18/05/2020 08:07,R_x9tFfMRMVPMxbe9,anonymous,EN,Yes,Yes,UNI24,,Full-time,No,,3,1st Year,,,Psychology and criminology ,Yes,Female,Strongly disagree,Strongly disagree,Have no opinion,Strongly agree,Strongly agree,Have no opinion,Have no opinion,Have no opinion,Strongly disagree,Have no opinion,Agree,Have no opinion,Agree,Strongly agree,Disagree,Have no opinion,I have heard of this,I have heard of this,I have heard of this,I have heard of this,I have heard of this,I have heard of this,I have heard of this,I have heard of this,,,,,,,,,Have no opinion,Have no opinion,Have no opinion,Have no opinion,Have no opinion,Have no opinion,Have no opinion,Have no opinion,Not sure,,,No,Not sure,Yes,
18/05/2020 08:03,18/05/2020 08:08,IP Address,100,292,TRUE,18/05/2020 08:08,R_VWpYW9NIUSP4LCN,anonymous,EN,Yes,Yes,UNI24,,Full-time,Yes,,3,1st Year,,,Psychology of sport,Yes,Male,Strongly agree,Disagree,Agree,Have no opinion,Agree,Have no opinion,Agree,Have no opinion,Agree,Have no opinion,Agree,Disagree,Have no opinion,Agree,Agree,Have no opinion,I have heard of this,,I have heard of this,,,I have heard of this,,,,,,,,,,I have done/used this,Agree,Disagree,Have no opinion,Agree,Have no opinion,Agree,Disagree,Have no opinion,No,,,No,No,Not sure,
18/05/2020 08:09,18/05/2020 08:15,IP Address,100,369,TRUE,18/05/2020 08:15,R_1eQzxWpVMWSKqf9,anonymous,EN,Yes,Yes,UKRN01,,Full-time,Yes,,4,1st Year,,,Psychology BSc,Yes,Female,Strongly agree,Disagree,Have no opinion,Have no opinion,Agree,Disagree,Agree,Have no opinion,Strongly agree,Disagree,Have no opinion,Disagree,Have no opinion,Agree,Have no opinion,Agree,I have heard of this,I have heard of this,I have heard of this,I have heard of this,,I have heard of this,,I have heard of this,,,,,I have done/used this,,I have done/used this,,Agree,Disagree,Disagree,Agree,Have no opinion,Have no opinion,Disagree,Agree,No,,,Not sure,Not sure,Yes,
18/05/2020 08:15,18/05/2020 08:21,IP Address,100,389,TRUE,18/05/2020 08:21,R_2Qxig0jG9clVraQ,anonymous,EN,Yes,Yes,UNI24,,Full-time,No,,1,1st Year,,,Media Psychology,No,Male,Agree,Disagree,Agree,Strongly disagree,Agree,Disagree,Agree,Disagree,Disagree,Strongly agree,Agree,Strongly disagree,Have no opinion,Have no opinion,Disagree,Agree,I have heard of this,,I have heard of this,,I have heard of this,I have heard of this,I have heard of this,I have heard of this,,,I have done/used this,,I have done/used this,I have done/used this,I have done/used this,,Agree,Disagree,Have no opinion,Strongly agree,Agree,Strongly disagree,Strongly disagree,Have no opinion,Not sure,,,No,Not sure,Yes,
18/05/2020 08:10,18/05/2020 08:25,IP Address,100,853,TRUE,18/05/2020 08:25,R_PFl4S1nWogeKTK1,anonymous,EN,Yes,Yes,UNI24,,Full-time,No,,3,1st Year,,,Psychology ,No,Female ,Strongly agree,Strongly disagree,Strongly agree,Disagree,Strongly agree,Agree,Strongly agree,Disagree,Agree,Strongly agree,Agree,Disagree,Have no opinion,Strongly agree,Strongly disagree,Strongly agree,I have heard of this,I have heard of this,I have heard of this,I have heard of this,,I have heard of this,I have heard of this,I have heard of this,,I have done/used this,I have done/used this,I have done/used this,,I have done/used this,I have done/used this,I have done/used this,Agree,Strongly disagree,Agree,Strongly agree,Strongly Agree,Strongly agree,Disagree,Agree,No,,,Yes,No,Not sure,
18/05/2020 08:37,18/05/2020 08:43,IP Address,100,389,TRUE,18/05/2020 08:43,R_21iZfEzlHRp0604,anonymous,EN,Yes,Yes,UNI24,,Full-time,No,,3,1st Year,,,Psychology of Human and Animal Behaviour,No,Female,Strongly agree,Strongly disagree,Have no opinion,Disagree,Have no opinion,Agree,Have no opinion,Agree,Agree,Strongly disagree,Agree,Disagree,Agree,Agree,Disagree,Disagree,I have heard of this,,I have heard of this,,I have heard of this,I have heard of this,,I have heard of this,,,I have done/used this,,,I have done/used this,,,Strongly Agree,Have no opinion,Agree,Disagree,Disagree,Agree,Disagree,Have no opinion,No,,,Not sure,Not sure,Yes,
18/05/2020 08:34,18/05/2020 08:45,IP Address,100,636,TRUE,18/05/2020 08:45,R_2QfktdiWbAKLWTE,anonymous,EN,Yes,Yes,UNI22,,Full-time,No,,3,2nd Year,,,Psychology with Behaviour Analysis,Yes,Female,Agree,Have no opinion,Strongly agree,Agree,Strongly agree,Agree,Strongly agree,Agree,Strongly agree,Agree,Have no opinion,Strongly disagree,Agree,Strongly disagree,Have no opinion,Strongly agree,,,,I have heard of this,I have heard of this,,I have heard of this,,I have done/used this,I have done/used this,I have done/used this,,,I have done/used this,,I have done/used this,Strongly disagree,Strongly agree,Strongly Disagree,Strongly agree,Strongly Agree,Strongly agree,Strongly disagree,Have no opinion,Not sure,,,Not sure,Not sure,Not sure,
18/05/2020 08:43,18/05/2020 08:51,IP Address,100,440,TRUE,18/05/2020 08:51,R_2tmx3aAjI6KVquX,anonymous,EN,Yes,Yes,UNI21,,Full-time,Yes,,4,2nd Year,,,Psychology of Ageing,Yes,Female ,Strongly agree,Have no opinion,Have no opinion,Disagree,Agree,Have no opinion,Agree,Disagree,Agree,Disagree,Agree,Have no opinion,Agree,Strongly agree,Disagree,Agree,,,I have heard of this,,,,,,,,I have done/used this,,,,,,Strongly disagree,Agree,Agree,Disagree,Have no opinion,Agree,Have no opinion,Have no opinion,No,,,Not sure,No,Yes,
18/05/2020 09:06,18/05/2020 09:12,IP Address,100,369,TRUE,18/05/2020 09:12,R_294hLUokM9wQ6iR,anonymous,EN,Yes,Yes,UNI24,,Full-time,No,,3,1st Year,,,Psychology,Yes,Female,Strongly agree,Strongly disagree,Agree,Agree,Agree,Strongly disagree,Agree,Disagree,Strongly agree,Have no opinion,Have no opinion,Strongly disagree,Have no opinion,Agree,Disagree,Strongly agree,I have heard of this,,,,,I have heard of this,,I have heard of this,,I have done/used this,I have done/used this,I have done/used this,I have done/used this,,I have done/used this,,Agree,Disagree,Have no opinion,Strongly agree,Agree,Have no opinion,Disagree,Have no opinion,Not sure,,,No,No,Yes,
18/05/2020 09:13,18/05/2020 09:19,IP Address,100,398,TRUE,18/05/2020 09:19,R_3fqSLUUsWc4WJXE,anonymous,EN,Yes,Yes,UKRN03,,Full-time,No,,3,1st Year,,,Bsc Psychology,Yes,Female,Strongly agree,Disagree,Have no opinion,Disagree,Agree,Disagree,Strongly agree,Agree,Strongly agree,Disagree,Strongly agree,Disagree,Have no opinion,Agree,Strongly disagree,Strongly agree,I have heard of this,,I have heard of this,,I have heard of this,,,,,,,,,I have done/used this,,I have done/used this,Disagree,Agree,Agree,Agree,Strongly Agree,Agree,Strongly disagree,Have no opinion,Not sure,,,No,No,Yes,
18/05/2020 09:12,18/05/2020 09:20,IP Address,100,498,TRUE,18/05/2020 09:20,R_3dEAkNWAeVVbanH,anonymous,EN,Yes,Yes,UNI19,,Full-time,No,,3,2nd Year,,,Psychology ,Yes,Female ,Strongly agree,Strongly disagree,Agree,Disagree,Strongly agree,Disagree,Strongly agree,Disagree,Strongly agree,Agree,Agree,Disagree,Have no opinion,Disagree,Disagree,Agree,I have heard of this,,I have heard of this,I have heard of this,,I have heard of this,I have heard of this,I have heard of this,,,I have done/used this,I have done/used this,I have done/used this,,,I have done/used this,Strongly Agree,Strongly disagree,Strongly agree,Agree,Agree,Agree,Have no opinion,Strongly agree,Not sure,,,Not sure,Not sure,Yes,
18/05/2020 09:20,18/05/2020 09:26,IP Address,100,378,TRUE,18/05/2020 09:26,R_DwdqGjTF8Em8PFn,anonymous,EN,Yes,Yes,UKRN03,,Full-time,No,,3,2nd Year,,,Criminology and Psychology,Yes,Female ,Strongly agree,Disagree,Have no opinion,Disagree,Agree,Disagree,Strongly agree,Disagree,Strongly agree,Agree,Have no opinion,Strongly disagree,Agree,Agree,Disagree,Agree,,,I have heard of this,,,,,I have heard of this,,,I have done/used this,,,,,I have done/used this,Agree,Disagree,Agree,Have no opinion,Agree,Have no opinion,Have no opinion,Agree,Yes,Yes,Older studies that are now being replicated and finding different or no results. Suggests that older studies may not have been conducted correctly or effectively.,No,No,Yes,
18/05/2020 09:12,18/05/2020 09:27,IP Address,100,848,TRUE,18/05/2020 09:27,R_RRENXLWDRtes4y5,anonymous,EN,Yes,Yes,UNI19,,Full-time,Yes,,3,2nd Year,,,BSc Hons Psychology ,Yes,Female,Strongly agree,Disagree,Agree,Agree,Agree,Disagree,Agree,Strongly disagree,Have no opinion,Agree,Strongly agree,Disagree,Have no opinion,Disagree,Disagree,Agree,,,,,,,I have heard of this,I have heard of this,,,I have done/used this,,,,,,Agree,Have no opinion,Disagree,Strongly agree,Strongly Agree,Have no opinion,Disagree,Disagree,Not sure,,,No,Yes,Yes,No. 
18/05/2020 09:20,18/05/2020 09:30,IP Address,100,592,TRUE,18/05/2020 09:30,R_1hT4XA7ynNZEJoA,anonymous,EN,Yes,Yes,UKRN03,,Full-time,No,,3,1st Year,,,Psychology Bsc (Hons),No,Female,Agree,Strongly disagree,Strongly agree,Disagree,Agree,Strongly disagree,Strongly agree,Disagree,Strongly agree,Disagree,Agree,Strongly disagree,Have no opinion,Agree,Agree,Agree,I have heard of this,,,I have heard of this,,,I have heard of this,,,I have done/used this,I have done/used this,,I have done/used this,I have done/used this,,I have done/used this,Agree,Disagree,Strongly agree,Agree,Have no opinion,Agree,Agree,Agree,No,,,Not sure,Not sure,Yes,
18/05/2020 09:21,18/05/2020 09:30,IP Address,100,554,TRUE,18/05/2020 09:30,R_27B67mYhGwTKeMh,anonymous,EN,Yes,Yes,UKRN03,,Full-time,No,,3,3rd Year,,,BSc (hons) Psychology,No,Woman,Agree,Strongly disagree,Agree,Disagree,Agree,Disagree,Strongly agree,Strongly disagree,Strongly agree,Disagree,Agree,Strongly disagree,Strongly agree,Disagree,Have no opinion,Disagree,I have heard of this,I have heard of this,I have heard of this,I have heard of this,,I have heard of this,I have heard of this,I have heard of this,I have done/used this,,I have done/used this,,,,I have done/used this,,Strongly Agree,Disagree,Strongly agree,Disagree,Disagree,Strongly agree,Strongly disagree,Agree,Yes,Yes,Results from previous studies were unable to be reproduced when studied again. This was especially the case in social psychology and medical science,Yes,Yes,Yes,
18/05/2020 09:25,18/05/2020 09:32,IP Address,100,441,TRUE,18/05/2020 09:32,R_2ARzuSlwRm1RkdM,anonymous,EN,Yes,Yes,UKRN03,,Full-time,No,,4,1st Year,,,MPsych Hons ,Yes,Female,Strongly agree,Disagree,Have no opinion,Disagree,Agree,Have no opinion,Agree,Agree,Disagree,Agree,Disagree,Strongly disagree,Agree,Agree,Have no opinion,Strongly agree,I have heard of this,,,,I have heard of this,,I have heard of this,I have heard of this,,I have done/used this,I have done/used this,I have done/used this,,I have done/used this,,,Agree,Agree,Disagree,Agree,Strongly Agree,Disagree,Agree,Have no opinion,Not sure,,,Yes,Yes,Not sure,
18/05/2020 09:30,18/05/2020 09:35,IP Address,100,286,TRUE,18/05/2020 09:35,R_1C9Oi0QBd4L6iAa,anonymous,EN,Yes,Yes,UNI24,,Full-time,No,,3,2nd Year,,,Psychology and Criminology,Yes,Female,Strongly agree,Strongly disagree,Agree,Disagree,Agree,Have no opinion,Have no opinion,Agree,Disagree,Strongly agree,Strongly agree,Strongly disagree,Agree,Strongly disagree,Strongly disagree,Agree,,,I have heard of this,,,I have heard of this,,I have heard of this,,,I have done/used this,,,I have done/used this,,,Strongly Agree,Strongly agree,Strongly agree,Have no opinion,Agree,Strongly disagree,Strongly disagree,Strongly agree,No,,,No,No,Yes,
18/05/2020 09:32,18/05/2020 09:38,IP Address,100,387,TRUE,18/05/2020 09:38,R_1HhinwhHmLdFv0v,anonymous,EN,Yes,Yes,UKRN03,,Full-time,Other (Please specify),Year abroad,4,1st Year,,,Psychology and French Studies,Yes,Female ,Strongly agree,Disagree,Disagree,Disagree,Agree,Disagree,Agree,Agree,Agree,Agree,Strongly agree,Strongly disagree,Disagree,Disagree,Strongly disagree,Strongly agree,,,,,,,,I have heard of this,,,,,,,,I have done/used this,Agree,Disagree,Have no opinion,Strongly agree,Strongly Agree,Have no opinion,Strongly disagree,Strongly agree,Yes,No,Studies can’t be replicated ,No,No,Yes,
18/05/2020 09:33,18/05/2020 09:43,IP Address,100,597,TRUE,18/05/2020 09:43,R_2DNbiiKIUBg7P5h,anonymous,EN,Yes,Yes,UKRN03,,Full-time,No,,3,3rd Year,,,BSc Psychology,Yes,Female,Agree,Strongly disagree,Strongly agree,Strongly disagree,Have no opinion,Strongly disagree,Have no opinion,Have no opinion,Strongly agree,Have no opinion,Agree,Strongly disagree,Strongly agree,Strongly disagree,Disagree,Have no opinion,I have heard of this,,I have heard of this,I have heard of this,,I have heard of this,,I have heard of this,,,I have done/used this,,,I have done/used this,,I have done/used this,Strongly Agree,Disagree,Strongly agree,Strongly disagree,Agree,Agree,Have no opinion,Agree,Yes,Yes,The issue of whether major findings in psychology are actually true. Lots of big findings and famous papers have never been replicated showing that their results may not be reliable which in some cases has massive implications. People have been accused of p-hacking etc and since researchers have been urged to be more transparent about their research methods/analyses.,Not sure,Not sure,Yes,I think understanding this topic is majorly important in learning psychology as a discipline. Even if you arent going to progress into research it is important to know that just because a paper has been published somewhere once that you still need to look at it critically. 
18/05/2020 09:36,18/05/2020 09:46,IP Address,100,623,TRUE,18/05/2020 09:46,R_2QyTvHTYs9cw9pD,anonymous,EN,Yes,Yes,UNI21,,Full-time,No,,3,3rd Year,,,BSc Psychology,Yes,Female,Strongly agree,Strongly disagree,Agree,Agree,Agree,Strongly disagree,Agree,Agree,Strongly agree,Strongly agree,Strongly agree,Strongly disagree,Agree,Disagree,Disagree,Disagree,,,I have heard of this,,,I have heard of this,I have heard of this,I have heard of this,I have done/used this,I have done/used this,,I have done/used this,I have done/used this,,,,Strongly Agree,Strongly disagree,Strongly Disagree,Strongly agree,Strongly Agree,Strongly disagree,Strongly disagree,Strongly agree,Yes,Yes,Research was replicated and similar results were not found and cast doubt on a lot of research ,No,No,Yes,
18/05/2020 09:40,18/05/2020 09:46,IP Address,100,346,TRUE,18/05/2020 09:46,R_22nzRSeHjkG5LGI,anonymous,EN,Yes,Yes,UKRN03,,Full-time,No,,3,1st Year,,,Psychology Bsc,Yes,Female,Agree,Disagree,Agree,Have no opinion,Agree,Disagree,Disagree,Disagree,Agree,Disagree,Agree,Disagree,Disagree,Disagree,Disagree,Agree,I have heard of this,I have heard of this,I have heard of this,,I have heard of this,I have heard of this,I have heard of this,I have heard of this,,,,,,,,I have done/used this,Agree,Disagree,Agree,Disagree,Agree,Agree,Disagree,Agree,Yes,Yes,"Once repeated studies have been found to produce different results from the initial study, particularly a problem when the initial study has reported significant findings, and once replicated the findings have not been found to be significant.",Not sure,Not sure,Yes,
18/05/2020 09:38,18/05/2020 09:49,IP Address,100,662,TRUE,18/05/2020 09:49,R_3O9qO8yEhswi40s,anonymous,EN,Yes,Yes,UNI19,,Full-time,No,,3,2nd Year,,,Psychology,No,female ,Agree,Disagree,Have no opinion,Disagree,Agree,Have no opinion,Agree,Disagree,Strongly agree,Disagree,Agree,Disagree,Have no opinion,Agree,Disagree,Agree,,I have heard of this,,I have heard of this,I have heard of this,,,,I have done/used this,,I have done/used this,,,I have done/used this,I have done/used this,I have done/used this,Strongly Agree,Disagree,Agree,Strongly agree,Strongly Agree,Agree,Disagree,Agree,Yes,Yes,when studies are published and are almost impossible/ very hard to replicate ,No,Not sure,Yes,
18/05/2020 09:46,18/05/2020 09:51,IP Address,100,279,TRUE,18/05/2020 09:51,R_aW9TNhBQqtvnuoh,anonymous,EN,Yes,Yes,UNI22,,Full-time,No,,3,2nd Year,,,Sports psychology bsc ,No,Female ,Strongly agree,Disagree,Disagree,Have no opinion,Agree,Have no opinion,Agree,Strongly disagree,Strongly agree,Strongly agree,Agree,Strongly disagree,Strongly agree,Strongly disagree,Agree,Strongly agree,I have heard of this,I have heard of this,,I have heard of this,I have heard of this,I have heard of this,I have heard of this,I have heard of this,,,I have done/used this,,,,,,Disagree,Agree,Agree,Have no opinion,Agree,Disagree,Disagree,Have no opinion,Yes,Not sure,Na,No,No,Yes,
18/05/2020 09:46,18/05/2020 09:51,IP Address,100,286,TRUE,18/05/2020 09:51,R_2Ebl0oNei6pxR0n,anonymous,EN,Yes,Yes,UNI25,,Full-time,No,,3,3rd Year,,,Psychology with Counselling,No,Female,Agree,Strongly disagree,Agree,Disagree,Have no opinion,Strongly disagree,Strongly agree,Strongly disagree,Strongly agree,Strongly agree,Agree,Strongly disagree,Have no opinion,Have no opinion,Strongly agree,Agree,I have heard of this,I have heard of this,I have heard of this,I have heard of this,I have heard of this,,I have heard of this,I have heard of this,,,,,,,,,Agree,Disagree,Agree,Have no opinion,Agree,Disagree,Disagree,Have no opinion,No,,,No,No,Yes,
18/05/2020 09:47,18/05/2020 09:54,IP Address,100,445,TRUE,18/05/2020 09:54,R_2YglNjESU5y6qsT,anonymous,EN,Yes,Yes,UKRN03,,Full-time,No,,3,1st Year,,,BA (hons) Psychology,Yes,Female,Strongly agree,Strongly disagree,Agree,Disagree,Agree,Disagree,Agree,Disagree,Agree,Disagree,Agree,Strongly disagree,Agree,Agree,Have no opinion,Strongly agree,,,I have heard of this,,,,,I have heard of this,,,,,,,,,Agree,Have no opinion,Agree,Agree,Strongly Agree,Agree,Disagree,Have no opinion,Yes,Yes,Only some replications of studies (40%) produce the same results as the original. This discredits psychology as a science  ,No,No,Yes,
18/05/2020 09:47,18/05/2020 09:55,IP Address,100,511,TRUE,18/05/2020 09:55,R_8dMC6JWIjisQ86Z,anonymous,EN,Yes,Yes,UNI24,,Full-time,No,,3,3rd Year,,,Psychology,Yes,Female,Strongly agree,Disagree,Agree,Strongly disagree,Strongly agree,Strongly disagree,Strongly agree,Disagree,Strongly agree,Strongly agree,Strongly agree,Strongly disagree,Strongly agree,Disagree,Disagree,Agree,,,I have heard of this,,,I have heard of this,I have heard of this,I have heard of this,,,I have done/used this,,,I have done/used this,,,Strongly Agree,Strongly disagree,Agree,Agree,Strongly Agree,Disagree,Strongly disagree,Strongly agree,No,,,No,Not sure,Yes,
18/05/2020 09:46,18/05/2020 09:56,IP Address,100,585,TRUE,18/05/2020 09:56,R_2Tw4Ov71OZTtIl1,anonymous,EN,Yes,Yes,UKRN03,,Full-time,Other (Please specify),Study abroad year ,4,1st Year,,,Psychology and Spanish studies ,No,Female ,Agree,Disagree,Agree,Disagree,Agree,Disagree,Agree,Agree,Agree,Disagree,Strongly agree,Disagree,Agree,Agree,Disagree,Have no opinion,I have heard of this,,I have heard of this,,,I have heard of this,,I have heard of this,,,I have done/used this,,,I have done/used this,,I have done/used this,Agree,Have no opinion,Agree,Agree,Have no opinion,Agree,Strongly disagree,Agree,Yes,Not sure,,Not sure,Not sure,Yes,
18/05/2020 09:54,18/05/2020 09:57,IP Address,100,205,TRUE,18/05/2020 09:57,R_3oHJ2rzwNv4fYjm,anonymous,EN,Yes,Yes,UKRN03,,Full-time,No,,3,1st Year,,,Psychology (BA),Yes,Female,Strongly agree,Strongly disagree,Strongly agree,Strongly disagree,Strongly agree,Strongly disagree,Strongly agree,Strongly disagree,Strongly agree,Strongly disagree,Have no opinion,Strongly disagree,Have no opinion,Agree,Disagree,Strongly agree,I have heard of this,I have heard of this,I have heard of this,,,I have heard of this,,I have heard of this,,,,I have done/used this,I have done/used this,,I have done/used this,,Strongly Agree,Strongly disagree,Strongly agree,Strongly disagree,Strongly Agree,Strongly agree,Have no opinion,Strongly agree,No,,,Yes,No,Yes,
18/05/2020 09:49,18/05/2020 09:57,IP Address,100,463,TRUE,18/05/2020 09:57,R_1l3IMg5m7UHmP41,anonymous,EN,Yes,Yes,UNI25,,Full-time,Other (Please specify),Doesn’t include a year purely dedicated to placement but has placement running alongside 2nd year,3,2nd Year,,,Psychology ,Yes,Female ,Agree,Disagree,Have no opinion,Agree,Have no opinion,Have no opinion,Strongly agree,Disagree,Have no opinion,Strongly agree,Agree,Disagree,Agree,Disagree,Disagree,Agree,I have heard of this,,I have heard of this,I have heard of this,,,I have heard of this,I have heard of this,,,I have done/used this,I have done/used this,,,,,Agree,Agree,Have no opinion,Agree,Strongly Agree,Disagree,Agree,Have no opinion,Yes,Yes,When studies are difficult to reproduce,Not sure,Yes,Not sure,
18/05/2020 09:51,18/05/2020 10:01,IP Address,100,625,TRUE,18/05/2020 10:01,R_3MQmrINMLntFwMe,anonymous,EN,Yes,Yes,UNI24,,Full-time,No,,3,2nd Year,,,BSc Psychology,Yes,Female,Strongly agree,Strongly disagree,Have no opinion,Agree,Agree,Disagree,Agree,Disagree,Strongly agree,Agree,Agree,Strongly disagree,Agree,Disagree,Disagree,Strongly agree,I have heard of this,I have heard of this,I have heard of this,I have heard of this,,I have heard of this,,I have heard of this,,I have done/used this,I have done/used this,,,I have done/used this,,I have done/used this,Strongly Agree,Disagree,Agree,Agree,Strongly Agree,Disagree,Strongly disagree,Agree,Not sure,,,Not sure,Not sure,Yes,
18/05/2020 09:53,18/05/2020 10:02,IP Address,100,549,TRUE,18/05/2020 10:02,R_2yj50F6KZwVLccd,anonymous,EN,Yes,Yes,UKRN03,,Full-time,No,,3,3rd Year,,,BSc Psychology,Yes,Female,Strongly agree,Strongly disagree,Strongly agree,Strongly disagree,Agree,Strongly disagree,Strongly agree,Strongly disagree,Agree,Strongly disagree,Strongly agree,Strongly disagree,Agree,Disagree,Disagree,Strongly agree,,,,I have heard of this,I have heard of this,,I have heard of this,,I have done/used this,I have done/used this,I have done/used this,,,I have done/used this,,I have done/used this,Strongly Agree,Strongly disagree,Agree,Have no opinion,Strongly Agree,Strongly disagree,Disagree,Agree,Yes,Yes,,Yes,Yes,Yes,
18/05/2020 09:58,18/05/2020 10:03,IP Address,100,284,TRUE,18/05/2020 10:03,R_3O1B8d8Wc2UtUEy,anonymous,EN,Yes,Yes,UKRN03,,Full-time,No,,3,1st Year,,,Psychology ,No,Female,Strongly agree,Strongly disagree,Strongly disagree,Have no opinion,Agree,Strongly disagree,Agree,Disagree,Agree,Strongly agree,Agree,Strongly disagree,Agree,Agree,Disagree,Disagree,I have heard of this,,I have heard of this,I have heard of this,I have heard of this,I have heard of this,,I have heard of this,,I have done/used this,,,,,I have done/used this,,Agree,Agree,Strongly agree,Disagree,Disagree,Disagree,Disagree,Agree,No,,,No,No,Yes,
18/05/2020 09:58,18/05/2020 10:03,IP Address,100,339,TRUE,18/05/2020 10:03,R_2dRQE3THTzexORL,anonymous,EN,Yes,Yes,UNI25,,Full-time,No,,3,3rd Year,,,Psychology with counselling ,Yes,Female ,Strongly agree,Disagree,Strongly agree,Strongly disagree,Agree,Strongly disagree,Agree,Have no opinion,Strongly agree,Strongly agree,Agree,Strongly disagree,Agree,Disagree,Disagree,Agree,,,I have heard of this,,,I have heard of this,,I have heard of this,,,I have done/used this,,,,,I have done/used this,Strongly Agree,Agree,Agree,Agree,Strongly Agree,Disagree,Disagree,Agree,Yes,No,,No,No,Yes,
18/05/2020 09:55,18/05/2020 10:05,IP Address,100,578,TRUE,18/05/2020 10:05,R_wUn9BK6FOL899Nn,anonymous,EN,Yes,Yes,UNI25,,Full-time,No,,3,2nd Year,,,Psychology,Yes,Female,Agree,Strongly disagree,Have no opinion,Strongly disagree,Have no opinion,Have no opinion,Strongly agree,Disagree,Strongly agree,Strongly disagree,Agree,Strongly disagree,Agree,Disagree,Agree,Have no opinion,I have heard of this,,I have heard of this,I have heard of this,,,I have heard of this,I have heard of this,,,,I have done/used this,,,I have done/used this,I have done/used this,Strongly Agree,Strongly disagree,Strongly agree,Strongly disagree,Have no opinion,Agree,Disagree,Agree,Yes,Yes,A crisis in psychology where many studies were unable to be replicated with the same results,Not sure,Yes,Yes,
18/05/2020 10:00,18/05/2020 10:06,IP Address,100,344,TRUE,18/05/2020 10:06,R_tYS7QMwvMGvIDkJ,anonymous,EN,Yes,Yes,UKRN03,,Full-time,No,,3,3rd Year,,,Psychology ,Yes,Female,Strongly agree,Strongly disagree,Have no opinion,Have no opinion,Disagree,Agree,Disagree,Agree,Disagree,Strongly agree,Strongly agree,Strongly disagree,Agree,Have no opinion,Have no opinion,Have no opinion,I have heard of this,,I have heard of this,I have heard of this,,I have heard of this,I have heard of this,I have heard of this,,I have done/used this,,,I have done/used this,,,,Disagree,Agree,Have no opinion,Have no opinion,Agree,Disagree,Strongly disagree,Disagree,Yes,Yes,Where researchers are struggling to replicate findings of famous research,Not sure,Yes,Yes,
11/05/2020 10:08,11/05/2020 10:12,IP Address,65,221,FALSE,18/05/2020 10:12,R_3KBz9OPpkAs9ekm,anonymous,EN,Yes,Yes,UNI04,,Full-time,No,,3,3rd Year,,,Developmental Psychology ,Yes,Male ,Agree,Strongly disagree,Agree,Strongly disagree,Have no opinion,Disagree,Disagree,Disagree,Agree,Have no opinion,Have no opinion,Disagree,Have no opinion,Strongly disagree,Disagree,Agree,I have heard of this,I have heard of this,,,,,,I have heard of this,I have done/used this,,I have done/used this,,,,,,Strongly Agree,Strongly disagree,Have no opinion,Agree,,,,,,,,,,,
18/05/2020 10:09,18/05/2020 10:17,IP Address,100,465,TRUE,18/05/2020 10:17,R_z1n4TrTij6T0yyZ,anonymous,EN,Yes,Yes,UKRN03,,Full-time,No,,3,3rd Year,,,BA Management and Psychology,No,Female,Strongly agree,Disagree,Agree,Have no opinion,Agree,Have no opinion,Have no opinion,Agree,Agree,Strongly agree,Agree,Disagree,Strongly agree,Disagree,Have no opinion,Agree,I have heard of this,I have heard of this,,I have heard of this,I have heard of this,I have heard of this,,I have heard of this,,,I have done/used this,,,,I have done/used this,,Disagree,Agree,Have no opinion,Agree,Strongly Agree,Have no opinion,Disagree,Have no opinion,Not sure,,,Not sure,No,Yes,
18/05/2020 10:19,18/05/2020 10:24,IP Address,100,278,TRUE,18/05/2020 10:24,R_2Ph607EtycyRLC9,anonymous,EN,Yes,Yes,UKRN03,,Full-time,No,,3,3rd Year,,,Psychology ,Yes,Female ,Strongly agree,Strongly disagree,Agree,Agree,Agree,Strongly disagree,Strongly agree,Disagree,Disagree,Strongly agree,Strongly agree,Strongly disagree,Have no opinion,Disagree,Strongly disagree,Strongly agree,I have heard of this,I have heard of this,,I have heard of this,I have heard of this,,I have heard of this,,,,I have done/used this,,,I have done/used this,,I have done/used this,Agree,Have no opinion,Agree,Agree,Strongly Agree,Strongly disagree,Strongly disagree,Agree,Yes,Yes,The issue with replicating research and receiving different results from the original research.,Not sure,No,Not sure,
18/05/2020 10:14,18/05/2020 10:25,IP Address,100,638,TRUE,18/05/2020 10:25,R_UT2VBtJ7uCIsPzb,anonymous,EN,Yes,Yes,UNI25,,Full-time,No,,3,2nd Year,,,Psychology,Yes,Female,Strongly agree,Strongly disagree,Strongly agree,Disagree,Agree,Strongly disagree,Strongly agree,Disagree,Agree,Agree,Agree,Have no opinion,Have no opinion,Strongly disagree,Disagree,Agree,,I have heard of this,,,I have heard of this,I have heard of this,,,I have done/used this,,I have done/used this,I have done/used this,,,I have done/used this,I have done/used this,Agree,Disagree,Agree,Have no opinion,Agree,Have no opinion,Disagree,Agree,Yes,Yes,Studies being hard to replicate/ reproduce the same data,Not sure,Yes,Yes,
18/05/2020 10:22,18/05/2020 10:28,IP Address,100,378,TRUE,18/05/2020 10:28,R_214gZDO7QGRHyuL,anonymous,EN,Yes,Yes,UNI22,,Full-time,No,,3,2nd Year,,,Psychology with Counselling,No,Female,Disagree,Strongly disagree,Disagree,Agree,Agree,Disagree,Agree,Agree,Strongly disagree,Strongly agree,Agree,Strongly disagree,Have no opinion,Strongly disagree,Have no opinion,Have no opinion,,,I have heard of this,,,I have heard of this,,I have heard of this,,,I have done/used this,,,I have done/used this,,I have done/used this,Strongly Agree,Have no opinion,Agree,Agree,Agree,Agree,Strongly disagree,Agree,Yes,Yes,"It surrounds the replication of existing studies, reproducability is crucial to gain more data and a wider understanding of a subject",No,No,Yes,N/A
18/05/2020 10:21,18/05/2020 10:29,IP Address,100,480,TRUE,18/05/2020 10:29,R_1eLsXxYfyfLu1rO,anonymous,EN,Yes,Yes,UKRN03,,Full-time,No,,3,1st Year,,,Bachelor of Science in Psychology and Linguistics ,No,Male,Strongly agree,Strongly disagree,Agree,Strongly disagree,Agree,Disagree,Strongly agree,Strongly disagree,Agree,Disagree,Agree,Strongly disagree,Agree,Disagree,Agree,Disagree,I have heard of this,,I have heard of this,I have heard of this,,,I have heard of this,I have heard of this,,,,,,,,,Strongly Agree,Strongly disagree,Strongly agree,Strongly disagree,Disagree,Strongly agree,Disagree,Agree,Yes,No,"Should be solved as soon as possible, to make findings more reliable ",Not sure,No,Yes,A lecture on replication crises and open science should be mandatory 
18/05/2020 10:26,18/05/2020 10:32,IP Address,100,384,TRUE,18/05/2020 10:32,R_1S4la3xkVMsRn33,anonymous,EN,Yes,Yes,UNI25,,Full-time,No,,3,2nd Year,,,Psychology with Counselling,Yes,Female,Agree,Strongly disagree,Strongly agree,Disagree,Have no opinion,Strongly disagree,Agree,Disagree,Have no opinion,Disagree,Strongly agree,Strongly disagree,Agree,Strongly disagree,Strongly disagree,Agree,I have heard of this,I have heard of this,,,I have heard of this,,,,,,I have done/used this,I have done/used this,,I have done/used this,I have done/used this,I have done/used this,Agree,Disagree,Agree,Agree,Strongly Agree,Have no opinion,Strongly disagree,Disagree,Yes,Yes,Studies aren't able to be replicated properly,Yes,Yes,Yes,
18/05/2020 10:33,18/05/2020 10:41,IP Address,100,522,TRUE,18/05/2020 10:41,R_1M3ORkbbP6ASV0m,anonymous,EN,Yes,Yes,UNI21,,Full-time,Yes,,3,3rd Year,,,BSC Psychology,Yes,female,Strongly agree,Disagree,Strongly disagree,Disagree,Strongly agree,Strongly agree,Strongly agree,Strongly disagree,Agree,Strongly agree,Strongly agree,Strongly disagree,Have no opinion,Strongly agree,Strongly disagree,Strongly agree,,,I have heard of this,,,,,,,,I have done/used this,,,,,,Strongly Agree,Disagree,Have no opinion,Strongly agree,Strongly Agree,Strongly disagree,Strongly disagree,Have no opinion,Yes,Yes,Many results of psychological studies fail to be replicated and are thus likely to be invalid/wrong. ,No,No,Yes,
18/05/2020 10:23,18/05/2020 10:43,IP Address,100,1195,TRUE,18/05/2020 10:43,R_R5qCywrsvuLzrBT,anonymous,EN,Yes,Yes,UNI25,,Full-time,No,,3,3rd Year,,,Psychology ,Yes,Female,Agree,Disagree,Have no opinion,Disagree,Have no opinion,Disagree,Disagree,Agree,Agree,Strongly agree,Agree,Strongly disagree,Agree,Disagree,Disagree,Agree,I have heard of this,I have heard of this,,,I have heard of this,,I have heard of this,I have heard of this,,,I have done/used this,,,I have done/used this,,,Agree,Disagree,Agree,Agree,Have no opinion,Disagree,Disagree,Have no opinion,Yes,Yes,Replications of previous research failing to find similar findings to previous studies that were considered to be accurate and reliable ,No,Not sure,No,
18/05/2020 10:40,18/05/2020 10:46,IP Address,100,330,TRUE,18/05/2020 10:46,R_2ClbtMjruBGJZbd,anonymous,EN,Yes,Yes,UKRN03,,Full-time,No,,3,3rd Year,,,BSc Psychology,Yes,Female,Agree,Disagree,Disagree,Have no opinion,Agree,Agree,Have no opinion,Agree,Agree,Strongly agree,Agree,Strongly disagree,Agree,Disagree,Disagree,Disagree,,,I have heard of this,,,,I have heard of this,I have heard of this,,,I have done/used this,,,,,,Agree,Have no opinion,Agree,Disagree,Strongly Agree,Disagree,Disagree,Agree,Yes,Yes,Many psychological studies that have been used to inform theory have been replicated and the same results have not been found. It suggests research may have not been carried out properly,No,No,Yes,
18/05/2020 10:43,18/05/2020 10:50,IP Address,100,412,TRUE,18/05/2020 10:50,R_eWHDmyWSQWgqC3L,anonymous,EN,Yes,Yes,UNI25,,Full-time,No,,3,3rd Year,,,Psychology BSc,Yes,,Strongly agree,Strongly disagree,Have no opinion,Strongly agree,Agree,Disagree,Strongly agree,Agree,Disagree,Agree,Agree,Strongly disagree,Agree,Disagree,Strongly disagree,Agree,,,I have heard of this,,,,I have heard of this,I have heard of this,,,I have done/used this,,,,,,Strongly Agree,Disagree,Agree,Disagree,Strongly Agree,Agree,Disagree,Disagree,Yes,No,A failure to find similar results to the orignial paper when copying the method,No,No,Yes,
18/05/2020 10:45,18/05/2020 10:51,IP Address,100,367,TRUE,18/05/2020 10:51,R_w66k7JXgt8cOlrz,anonymous,EN,Yes,Yes,UNI21,,Full-time,Yes,,3,1st Year,,,Psychology BSC,No,female,Agree,Disagree,Have no opinion,Disagree,Agree,Disagree,Agree,Disagree,Disagree,Agree,Agree,Disagree,Have no opinion,Disagree,Strongly disagree,Agree,I have heard of this,,I have heard of this,,I have heard of this,,I have heard of this,I have heard of this,,I have done/used this,,I have done/used this,,I have done/used this,,,Agree,Disagree,Disagree,Agree,Agree,Have no opinion,Disagree,Agree,No,,,No,Not sure,Yes,
18/05/2020 10:45,18/05/2020 10:51,IP Address,100,376,TRUE,18/05/2020 10:51,R_1Lhufvtqz0CkrC2,anonymous,EN,Yes,Yes,UKRN03,,Full-time,No,,3,2nd Year,,,Psychology ,Yes,Female,Agree,Disagree,Agree,Agree,Agree,Disagree,Strongly agree,Strongly agree,Disagree,Agree,Agree,Strongly disagree,Have no opinion,Disagree,Disagree,Agree,I have heard of this,I have heard of this,I have heard of this,I have heard of this,I have heard of this,I have heard of this,I have heard of this,I have heard of this,,,I have done/used this,,,I have done/used this,,,Agree,Disagree,Agree,Have no opinion,Agree,Disagree,Disagree,Agree,Yes,Yes,"There are now proving to be issues in reproducing significant results in replications of previous studies, suggesting that research that theories and assumptions have been based upon may now no longer be applicable to society  ",No,No,Yes,
18/05/2020 10:47,18/05/2020 10:54,IP Address,100,389,TRUE,18/05/2020 10:54,R_3szuYInP6y9m4ce,anonymous,EN,Yes,Yes,UNI24,,Full-time,No,,3,3rd Year,,,Psychology and Criminology ,Yes,Female,Agree,Disagree,Have no opinion,Disagree,Disagree,Have no opinion,Have no opinion,Agree,Disagree,Agree,Agree,Disagree,Have no opinion,Disagree,Disagree,Agree,I have heard of this,I have heard of this,I have heard of this,I have heard of this,I have heard of this,,,I have heard of this,,,,,,I have done/used this,I have done/used this,,Agree,Disagree,Disagree,Strongly agree,Agree,Strongly disagree,Disagree,Have no opinion,No,,,Not sure,No,Yes,
18/05/2020 10:50,18/05/2020 10:56,IP Address,100,329,TRUE,18/05/2020 10:56,R_3CPB0FAQRovfP21,anonymous,EN,Yes,Yes,UKRN03,,Full-time,No,,3,1st Year,,,psychology ,Yes,female,Strongly agree,Disagree,Agree,Disagree,Agree,Disagree,Disagree,Agree,Agree,Disagree,Disagree,Disagree,Disagree,Disagree,Disagree,Agree,I have heard of this,I have heard of this,,I have heard of this,I have heard of this,,I have heard of this,I have heard of this,,,I have done/used this,,,I have done/used this,,,Agree,Disagree,Agree,Disagree,Strongly Agree,Agree,Agree,Agree,No,,,No,No,Yes,
18/05/2020 10:48,18/05/2020 11:05,IP Address,100,1031,TRUE,18/05/2020 11:05,R_2WBCWSTBYLT4IvO,anonymous,EN,Yes,Yes,UKRN03,,Full-time,No,,3,1st Year,,,BA (Hons) Criminology and Psychology ,No,Female,Agree,Strongly disagree,Agree,Strongly disagree,Strongly disagree,Strongly disagree,Strongly agree,Strongly disagree,Strongly agree,Strongly agree,Have no opinion,Strongly disagree,Strongly disagree,Strongly disagree,Agree,Strongly agree,I have heard of this,,I have heard of this,,,I have heard of this,,I have heard of this,I have done/used this,,I have done/used this,,,,,I have done/used this,Strongly Agree,Strongly disagree,Strongly agree,Strongly agree,Strongly Agree,Strongly agree,Disagree,Strongly agree,No,,,Yes,No,Yes,
18/05/2020 10:58,18/05/2020 11:06,IP Address,100,490,TRUE,18/05/2020 11:06,R_01V2LnU2Fm6x8el,anonymous,EN,Yes,Yes,UKRN03,,Full-time,No,,3,3rd Year,,,Psychology ,Yes,Female ,Agree,Disagree,Agree,Disagree,Agree,Disagree,Have no opinion,Agree,Agree,Disagree,Disagree,Disagree,Agree,Disagree,Disagree,Agree,,I have heard of this,,I have heard of this,I have heard of this,I have heard of this,,,I have done/used this,,I have done/used this,,,,I have done/used this,I have done/used this,Agree,Disagree,Disagree,Disagree,Agree,Disagree,Disagree,Agree,Yes,Yes,That many key areas of research could not produce replicable results which reflected negatively on psychology ,Not sure,No,Yes,
18/05/2020 10:58,18/05/2020 11:06,IP Address,100,523,TRUE,18/05/2020 11:06,R_qD8xfYGn8cRmdvr,anonymous,EN,Yes,Yes,UNI20,,Full-time,Other (Please specify),"Not a placement year, but a placement module",3,3rd Year,,,BSc Psychology,Yes,Female,Agree,Disagree,Strongly agree,Strongly disagree,Strongly agree,Strongly disagree,Strongly agree,Strongly disagree,Have no opinion,Strongly disagree,Agree,Strongly disagree,Have no opinion,Agree,Have no opinion,Disagree,I have heard of this,I have heard of this,I have heard of this,,,I have heard of this,,,,,I have done/used this,,,,,,Strongly Agree,Strongly disagree,Strongly agree,Have no opinion,Disagree,Agree,Have no opinion,Strongly agree,No,,,Yes,No,Yes,
18/05/2020 11:13,18/05/2020 11:20,IP Address,100,423,TRUE,18/05/2020 11:20,R_1gzFinjmwp7HHrl,anonymous,EN,Yes,Yes,UNI25,,Full-time,No,,3,1st Year,,,Psychology with Counselling ,No,Female ,Strongly agree,Disagree,Have no opinion,Disagree,Agree,Disagree,Agree,Strongly disagree,Disagree,Strongly agree,Strongly agree,Strongly disagree,Disagree,Disagree,Disagree,Disagree,,,I have heard of this,,,,I have heard of this,I have heard of this,,,I have done/used this,,,,I have done/used this,I have done/used this,Strongly disagree,Agree,Agree,Agree,Agree,Have no opinion,Strongly disagree,Have no opinion,No,,,No,No,Not sure,
18/05/2020 11:10,18/05/2020 11:21,IP Address,100,682,TRUE,18/05/2020 11:21,R_1GxC9uHc91dLtOX,anonymous,EN,Yes,Yes,UKRN03,,Full-time,No,,3,1st Year,,,BCs Psychology,Yes,Female,Agree,Strongly disagree,Disagree,Disagree,Agree,Have no opinion,Agree,Disagree,Strongly disagree,Strongly agree,Disagree,Strongly disagree,Disagree,Disagree,Strongly disagree,Strongly agree,,,I have heard of this,I have heard of this,,I have heard of this,,I have heard of this,,,I have done/used this,I have done/used this,,I have done/used this,,I have done/used this,Strongly Agree,Disagree,Disagree,Disagree,Strongly Agree,Have no opinion,Have no opinion,Agree,Yes,Yes,Many psychological studies are impossible/ very difficult to replicate the studies with similar results,Not sure,No,Yes,
18/05/2020 11:52,18/05/2020 12:01,IP Address,100,486,TRUE,18/05/2020 12:01,R_3Mu6cp2yF8Of96e,anonymous,EN,Yes,Yes,UNI21,,Full-time,No,,3,3rd Year,,,Psychology,Yes,Female,Strongly agree,Disagree,Agree,Agree,Agree,Have no opinion,Agree,Disagree,Agree,Strongly agree,Agree,Disagree,Disagree,Strongly agree,Disagree,Strongly agree,I have heard of this,I have heard of this,I have heard of this,,,I have heard of this,,I have heard of this,,,,,,,,,Agree,Disagree,Disagree,Strongly agree,Strongly Agree,Strongly disagree,Disagree,Agree,Yes,Not sure,The issue that some studied done previously cannot be correctly replicated,No,Not sure,Yes,
18/05/2020 11:58,18/05/2020 12:11,IP Address,100,749,TRUE,18/05/2020 12:11,R_2OOqZTt2kCYS10x,anonymous,EN,Yes,Yes,UKRN03,,Full-time,No,,3,2nd Year,,,Psychology ,Yes,Female ,Strongly agree,Disagree,Agree,Strongly agree,Agree,Disagree,Strongly agree,Disagree,Agree,Strongly agree,Strongly agree,Disagree,Agree,Agree,Agree,Disagree,I have heard of this,I have heard of this,I have heard of this,I have heard of this,I have heard of this,,I have heard of this,,,,,,,I have done/used this,,I have done/used this,Agree,Disagree,Agree,Strongly agree,Agree,Agree,Disagree,Agree,Yes,Yes,Findings from previous studies can not be replicated in the future and therefore must be wrong.,No,No,Yes,
18/05/2020 12:11,18/05/2020 12:16,IP Address,100,300,TRUE,18/05/2020 12:16,R_3r00GbY6b8feeq4,anonymous,EN,Yes,Yes,UNI25,,Full-time,No,,3,3rd Year,,,Psychology ,Yes,Female,Agree,Strongly disagree,Have no opinion,Disagree,Strongly agree,Disagree,Strongly agree,Disagree,Disagree,Strongly agree,Agree,Disagree,Have no opinion,Agree,Disagree,Agree,I have heard of this,,I have heard of this,,,I have heard of this,,I have heard of this,,,I have done/used this,,,,,I have done/used this,Agree,Strongly disagree,Have no opinion,Have no opinion,Agree,Disagree,Disagree,Agree,No,,,Not sure,Not sure,Yes,
18/05/2020 12:12,18/05/2020 12:20,IP Address,100,467,TRUE,18/05/2020 12:20,R_rlGdnShTb2XjFYJ,anonymous,EN,Yes,Yes,UKRN03,,Full-time,No,,3,2nd Year,,,Psychology,Yes,female,Strongly agree,Disagree,Agree,Have no opinion,Agree,Have no opinion,Strongly agree,Have no opinion,Strongly agree,Agree,Agree,Disagree,Agree,Have no opinion,Have no opinion,Disagree,I have heard of this,,I have heard of this,,,,,I have heard of this,,,I have done/used this,,,I have done/used this,,,Have no opinion,Agree,Strongly agree,Disagree,Disagree,Have no opinion,Have no opinion,Agree,Yes,Yes,,No,Yes,Yes,
18/05/2020 11:22,18/05/2020 12:32,IP Address,100,4168,TRUE,18/05/2020 12:32,R_vYWF40lUDv2f6Ap,anonymous,EN,Yes,Yes,UNI24,,Full-time,No,,3,1st Year,,,Psychology Bsc,No,Female,Have no opinion,Disagree,Have no opinion,Disagree,Agree,Strongly disagree,Agree,Disagree,Strongly agree,Disagree,Agree,Strongly disagree,Have no opinion,Strongly agree,Have no opinion,Have no opinion,I have heard of this,I have heard of this,,I have heard of this,I have heard of this,I have heard of this,I have heard of this,I have heard of this,,,I have done/used this,,,,,,Have no opinion,Have no opinion,Agree,Have no opinion,Have no opinion,Agree,Disagree,Agree,No,,,No,No,Yes,
18/05/2020 12:53,18/05/2020 13:09,IP Address,100,958,TRUE,18/05/2020 13:09,R_1GBt1BwqMv19cpl,anonymous,EN,Yes,Yes,UNI22,,Full-time,No,,3,1st Year,,,Psychology ,Yes,Female,Agree,Disagree,Agree,Disagree,Strongly agree,Disagree,Agree,Strongly disagree,Strongly agree,Agree,Agree,Disagree,Have no opinion,Have no opinion,Have no opinion,Have no opinion,I have heard of this,,I have heard of this,,,I have heard of this,,I have heard of this,I have done/used this,,I have done/used this,,,I have done/used this,,I have done/used this,Agree,Disagree,Agree,Agree,Agree,Have no opinion,Disagree,Strongly agree,No,,,Not sure,No,Yes,
18/05/2020 13:04,18/05/2020 13:13,IP Address,100,520,TRUE,18/05/2020 13:13,R_3NFeGp5x3EKcIjN,anonymous,EN,Yes,Yes,UNI21,,Full-time,Other (Please specify),Optional ,3,2nd Year,,,BcS Psychology,No,Female,Agree,Agree,Have no opinion,Have no opinion,Agree,Have no opinion,Strongly agree,Strongly disagree,Agree,Disagree,Strongly agree,Have no opinion,Agree,Disagree,Disagree,Have no opinion,,,I have heard of this,,I have heard of this,I have heard of this,I have heard of this,,,,I have done/used this,,,,,,Agree,Agree,Strongly agree,Agree,Have no opinion,Strongly agree,Strongly disagree,Have no opinion,No,,,Not sure,Not sure,Yes,
18/05/2020 13:03,18/05/2020 13:17,IP Address,100,810,TRUE,18/05/2020 13:17,R_832qNL0GBUIxsoV,anonymous,EN,Yes,Yes,UNI19,,Full-time,No,,3,3rd Year,,,Psychology (PX),Yes,Non-Binary,Strongly agree,Strongly disagree,Agree,Strongly agree,Strongly agree,Disagree,Strongly agree,Strongly disagree,Strongly agree,Strongly agree,Disagree,Strongly disagree,Agree,Agree,Have no opinion,Have no opinion,I have heard of this,I have heard of this,I have heard of this,I have heard of this,,I have heard of this,,I have heard of this,,,I have done/used this,I have done/used this,,I have done/used this,,I have done/used this,Agree,Disagree,Strongly agree,Disagree,Agree,Have no opinion,Agree,Have no opinion,Not sure,,,Yes,No,Yes,
18/05/2020 13:07,18/05/2020 13:17,IP Address,100,611,TRUE,18/05/2020 13:17,R_2Xjp97xZlY7rAQa,anonymous,EN,Yes,Yes,UKRN03,,Full-time,No,,3,2nd Year,,,Psychology,Yes,Female,Strongly agree,Strongly disagree,Agree,Strongly disagree,Strongly agree,Disagree,Strongly agree,Strongly disagree,Agree,Have no opinion,Disagree,Strongly disagree,Have no opinion,Disagree,Strongly disagree,Strongly agree,I have heard of this,I have heard of this,I have heard of this,I have heard of this,I have heard of this,I have heard of this,I have heard of this,I have heard of this,I have done/used this,I have done/used this,I have done/used this,,,I have done/used this,I have done/used this,,Strongly Agree,Disagree,Strongly agree,Have no opinion,Strongly Agree,Strongly agree,Have no opinion,Agree,Yes,No,"The difficulty in reproducing results of original studies during replication, which is theorized to be caused by a variety of reasons. ",Yes,Yes,Yes,
18/05/2020 13:19,18/05/2020 13:29,IP Address,100,602,TRUE,18/05/2020 13:29,R_1ineuEV9s3n8K2y,anonymous,EN,Yes,Yes,UNI22,,Full-time,No,,3,2nd Year,,,Sport and Exercise Psychology,Yes,Female,Agree,Strongly disagree,Strongly disagree,Disagree,Have no opinion,Disagree,Agree,Disagree,Strongly disagree,Agree,Strongly agree,Strongly disagree,Agree,Strongly disagree,Strongly disagree,Agree,,,,,,,,I have heard of this,,,,,,,,,Agree,Have no opinion,Agree,Disagree,Agree,Disagree,Disagree,Agree,No,,,Yes,No,Yes,
18/05/2020 13:37,18/05/2020 13:44,IP Address,100,392,TRUE,18/05/2020 13:44,R_3L5v2zOjeOata6D,anonymous,EN,Yes,Yes,UNI21,,Full-time,No,,3,1st Year,,,Psychology,Yes,Female,Agree,Strongly disagree,Agree,Agree,Disagree,Disagree,Strongly disagree,Strongly agree,Disagree,Strongly agree,Strongly agree,Strongly disagree,Have no opinion,Strongly disagree,Strongly disagree,Strongly agree,,,I have heard of this,,,I have heard of this,I have heard of this,I have heard of this,,,,,,,,,Strongly Agree,Have no opinion,Agree,Agree,Strongly Agree,Strongly disagree,Strongly disagree,Agree,Yes,Yes,Replicating until desired results are found,No,No,Yes,No
18/05/2020 13:45,18/05/2020 13:52,IP Address,100,445,TRUE,18/05/2020 13:52,R_eRjUsqADoWrF2UN,anonymous,EN,Yes,Yes,UNI22,,Full-time,No,,3,1st Year,,,Psychology with Counselling ,Yes,Female ,Strongly agree,Strongly disagree,Have no opinion,Have no opinion,Agree,Strongly disagree,Agree,Disagree,Agree,Strongly disagree,Strongly agree,Disagree,Disagree,Agree,Disagree,Strongly agree,I have heard of this,I have heard of this,I have heard of this,,,I have heard of this,,I have heard of this,,,I have done/used this,,,,,I have done/used this,Strongly Agree,Agree,Agree,Strongly agree,Strongly Agree,Have no opinion,Disagree,Have no opinion,Yes,Yes,,Not sure,Yes,Yes,
18/05/2020 14:10,18/05/2020 14:18,IP Address,100,476,TRUE,18/05/2020 14:18,R_5o61ZM078qoYO3f,anonymous,EN,Yes,Yes,UNI20,,Full-time,Yes,,3,1st Year,,,Bcs hons psychology ,Yes,female,Agree,Disagree,Have no opinion,Disagree,Agree,Have no opinion,Agree,Disagree,Agree,Disagree,Agree,Have no opinion,Agree,Agree,Agree,Have no opinion,I have heard of this,I have heard of this,I have heard of this,I have heard of this,I have heard of this,I have heard of this,I have heard of this,I have heard of this,,,I have done/used this,,,,,,Agree,Disagree,Strongly agree,Agree,Have no opinion,Agree,Agree,Agree,Not sure,,,Not sure,Not sure,Yes,
18/05/2020 14:07,18/05/2020 14:19,IP Address,100,681,TRUE,18/05/2020 14:19,R_339Hi0S1bDmNPjh,anonymous,EN,Yes,Yes,UNI25,,Full-time,No,,3,3rd Year,,,Psychology ,Yes,Female ,Strongly agree,Disagree,Disagree,Agree,Agree,Have no opinion,Agree,Disagree,Strongly disagree,Strongly agree,Agree,Disagree,Have no opinion,Disagree,Disagree,Agree,I have heard of this,I have heard of this,,I have heard of this,I have heard of this,,I have heard of this,I have heard of this,,,I have done/used this,,,I have done/used this,,,Agree,Disagree,Agree,Agree,Agree,Disagree,Agree,Disagree,Yes,Yes,Current researchers struggle to replicate results from previous studies. ,Not sure,No,Yes,
18/05/2020 14:09,18/05/2020 14:22,IP Address,100,802,TRUE,18/05/2020 14:22,R_3EviaWOkTH8TnIw,anonymous,EN,Yes,Yes,UKRN03,,Full-time,No,,3,2nd Year,,,BSc (Hons) Psychology,Yes,Female,Agree,Disagree,Agree,Disagree,Agree,Disagree,Agree,Disagree,Agree,Strongly agree,Agree,Strongly disagree,Strongly agree,Have no opinion,Agree,Agree,I have heard of this,I have heard of this,I have heard of this,I have heard of this,I have heard of this,I have heard of this,I have heard of this,I have heard of this,I have done/used this,I have done/used this,I have done/used this,,,I have done/used this,I have done/used this,,Agree,Disagree,Agree,Agree,Agree,Agree,Disagree,Agree,Yes,Yes,"Replication crisis is that a lot of psychologists right now are trying to replicate previous studies, but failing to find significant results. ",Yes,Yes,Yes,
18/05/2020 14:43,18/05/2020 14:49,IP Address,100,372,TRUE,18/05/2020 14:49,R_2WHDctmukH94gIi,anonymous,EN,Yes,Yes,UNI25,,Full-time,No,,3,1st Year,,,Psychology ,No,Female,Strongly agree,Strongly disagree,Agree,Have no opinion,Have no opinion,Disagree,Agree,Disagree,Agree,Disagree,Strongly agree,Strongly disagree,Have no opinion,Agree,Agree,Agree,I have heard of this,I have heard of this,,,,,I have heard of this,I have heard of this,,,I have done/used this,I have done/used this,I have done/used this,I have done/used this,,,Agree,Disagree,Strongly agree,Disagree,Strongly Agree,Agree,Strongly disagree,Agree,Not sure,,,Not sure,No,Yes,
18/05/2020 14:48,18/05/2020 14:57,IP Address,100,536,TRUE,18/05/2020 14:57,R_2ydCLdg5fyEZcKd,anonymous,EN,Yes,Yes,UNI24,,Full-time,No,,3,3rd Year,,,Psychology and Criminology BSc,Yes,Female,Strongly agree,Disagree,Agree,Disagree,Agree,Have no opinion,Strongly agree,Agree,Strongly agree,Strongly agree,Strongly agree,Strongly disagree,Strongly disagree,Agree,Strongly disagree,Agree,,,,,,,,I have heard of this,,,I have done/used this,,,,I have done/used this,,Agree,Strongly disagree,Strongly agree,Have no opinion,Have no opinion,Disagree,Strongly disagree,Agree,No,,,No,No,Yes,
18/05/2020 16:02,18/05/2020 16:09,IP Address,100,426,TRUE,18/05/2020 16:09,R_BLJll4xngtlFObn,anonymous,EN,Yes,Yes,UNI21,,Full-time,Other (Please specify),Optional Year or a Final Year Placement Module,3,3rd Year,,,BSc Psychology,No,Female,Agree,Disagree,Have no opinion,Disagree,Agree,Disagree,Strongly agree,Disagree,Strongly agree,Disagree,Strongly agree,Disagree,Have no opinion,Have no opinion,Have no opinion,Have no opinion,I have heard of this,I have heard of this,I have heard of this,,I have heard of this,I have heard of this,,I have heard of this,,,,I have done/used this,,,I have done/used this,,Strongly Agree,Disagree,Agree,Have no opinion,Disagree,Agree,Disagree,Have no opinion,Yes,Yes,Issues surrounding replicating previous studies ,Not sure,Not sure,Yes,
18/05/2020 17:37,18/05/2020 17:43,IP Address,100,408,TRUE,18/05/2020 17:43,R_27go0adzsdjaPyN,anonymous,EN,Yes,Yes,UNI24,,Full-time,No,,3,1st Year,,,Psychology ,Yes,Female ,Agree,Strongly disagree,Agree,Disagree,Agree,Disagree,Agree,Disagree,Agree,Strongly disagree,Strongly agree,Strongly disagree,Disagree,Agree,Disagree,Agree,I have heard of this,,,I have heard of this,I have heard of this,I have heard of this,I have heard of this,,,I have done/used this,I have done/used this,,,,,I have done/used this,Agree,Disagree,Agree,Agree,Strongly Agree,Have no opinion,Strongly disagree,Agree,No,,,Yes,Not sure,Yes,
18/05/2020 17:52,18/05/2020 18:04,IP Address,100,728,TRUE,18/05/2020 18:04,R_1jZ0hAnB8dGahwV,anonymous,EN,Yes,Yes,UNI21,,Full-time,No,,3,1st Year,,,BSc Psychology,Yes,Male,Strongly agree,Strongly disagree,Agree,Disagree,Agree,Have no opinion,Agree,Agree,Strongly disagree,Strongly agree,Agree,Strongly disagree,Agree,Disagree,Disagree,Disagree,I have heard of this,,I have heard of this,I have heard of this,,I have heard of this,,I have heard of this,,I have done/used this,,,I have done/used this,,I have done/used this,,Agree,Disagree,Agree,Agree,Disagree,Agree,Disagree,Disagree,Yes,Yes,Failure to reproduce studies accurately,Yes,Not sure,Yes,
18/05/2020 17:55,18/05/2020 18:06,IP Address,100,686,TRUE,18/05/2020 18:06,R_roJARdk9xv0aiQ1,anonymous,EN,Yes,Yes,UKRN03,,Full-time,No,,4,2nd Year,,,Psychology (Study Abroad) BSc,Yes,Female,Agree,Disagree,Disagree,Disagree,Agree,Agree,Agree,Agree,Disagree,Strongly agree,Agree,Disagree,Strongly agree,Agree,Disagree,Agree,I have heard of this,I have heard of this,I have heard of this,,,I have heard of this,,I have heard of this,,,I have done/used this,,,,,I have done/used this,Agree,Agree,Agree,Disagree,Agree,Disagree,Have no opinion,Agree,Yes,Yes,Issues of replicating studies to gain a certain result. Issues replicating where there are publication issues etc. Multifaceted issue ,Not sure,No,Yes,
18/05/2020 19:12,18/05/2020 19:22,IP Address,100,580,TRUE,18/05/2020 19:22,R_2Vq02TE4YolLtvr,anonymous,EN,Yes,Yes,UKRN03,,Full-time,No,,3,2nd Year,,,management and psychology joint honors,Yes,female,Have no opinion,Disagree,Agree,Disagree,Have no opinion,Have no opinion,Strongly agree,Disagree,Strongly agree,Strongly agree,Strongly agree,Strongly disagree,Agree,Disagree,Disagree,Agree,,,,,I have heard of this,,I have heard of this,,I have done/used this,I have done/used this,I have done/used this,I have done/used this,,I have done/used this,,I have done/used this,Strongly Agree,Disagree,Agree,Agree,Agree,Agree,Strongly disagree,Agree,Not sure,,,Not sure,Not sure,Yes,
18/05/2020 20:06,18/05/2020 20:13,IP Address,100,416,TRUE,18/05/2020 20:13,R_31WPHm5GhbWylNt,anonymous,EN,Yes,Yes,UKRN01,,Full-time,Yes,,4,1st Year,,,Psychology,Yes,Female,Agree,Disagree,Agree,Have no opinion,Have no opinion,Have no opinion,Have no opinion,Have no opinion,Agree,Have no opinion,Agree,Disagree,Agree,Agree,Agree,Have no opinion,I have heard of this,I have heard of this,I have heard of this,I have heard of this,,I have heard of this,,I have heard of this,I have done/used this,I have done/used this,I have done/used this,,I have done/used this,,,,Agree,Agree,Have no opinion,Agree,Agree,Agree,Disagree,Have no opinion,Not sure,,,Not sure,Not sure,No,
18/05/2020 20:33,18/05/2020 20:40,IP Address,100,413,TRUE,18/05/2020 20:40,R_3PS1MSYyOyCz3ME,anonymous,EN,Yes,Yes,UNI24,,Full-time,No,,3,1st Year,,,Bsc Psychology ,Yes,,Agree,Disagree,Agree,Disagree,Agree,Agree,Agree,Agree,Agree,Strongly agree,Strongly agree,Have no opinion,Have no opinion,Have no opinion,Agree,Disagree,I have heard of this,I have heard of this,I have heard of this,I have heard of this,,,I have heard of this,I have heard of this,,,,,,I have done/used this,,,Strongly Agree,Strongly disagree,Agree,Disagree,Agree,Agree,Disagree,Agree,Yes,No,,No,No,Not sure,
19/05/2020 00:06,19/05/2020 00:26,IP Address,100,1205,TRUE,19/05/2020 00:26,R_0AjfCn2ys652Qpj,anonymous,EN,Yes,Yes,UKRN03,,Full-time,No,,3,3rd Year,,,Psychology ,Yes,Female,Strongly agree,Strongly disagree,Agree,Strongly disagree,Agree,Disagree,Strongly agree,Disagree,Disagree,Strongly agree,Have no opinion,Strongly disagree,Have no opinion,Disagree,Have no opinion,Have no opinion,,I have heard of this,,,I have heard of this,I have heard of this,,I have heard of this,,,I have done/used this,,,,,,Agree,Disagree,Agree,Agree,Agree,Disagree,Disagree,Agree,Yes,Yes,"Where researchers do not adequately report their methodology, making it very difficult to replicate their studies.",Not sure,Not sure,Yes,
19/05/2020 02:04,19/05/2020 02:12,IP Address,100,467,TRUE,19/05/2020 02:12,R_27p023971eSV5VI,anonymous,EN,Yes,Yes,UNI26,,Full-time,No,,3,2nd Year,,,Psychology BSc,No,Sex = female,Agree,Disagree,Agree,Disagree,Disagree,Disagree,Have no opinion,Agree,Agree,Disagree,Agree,Strongly disagree,Have no opinion,Strongly disagree,Disagree,Agree,I have heard of this,I have heard of this,,,I have heard of this,,,I have heard of this,,,I have done/used this,I have done/used this,,I have done/used this,,,Strongly Agree,Strongly disagree,Disagree,Agree,Agree,Have no opinion,Strongly disagree,Agree,Yes,Yes,That a lot of research can’t be reliably replicated so results may not be valid ,Yes,No,Yes,
19/05/2020 02:10,19/05/2020 02:26,IP Address,100,974,TRUE,19/05/2020 02:26,R_27lmTdP7Q2WQOdd,anonymous,EN,Yes,Yes,UNI24,,Full-time,No,,1,1st Year,,,MSc Psychology of Coercive Control,Yes,Male,Agree,Strongly disagree,Strongly agree,Disagree,Agree,Strongly disagree,Strongly agree,Have no opinion,Agree,Disagree,Have no opinion,Strongly disagree,Strongly disagree,Disagree,Have no opinion,Disagree,I have heard of this,I have heard of this,I have heard of this,,,,,I have heard of this,,,,,,,,,Strongly Agree,Strongly disagree,Strongly agree,Disagree,Strongly Disagree,Agree,Strongly disagree,Agree,Yes,No,Results of studies are not verified to be generalisable but are assumed to be; further cannonical knowledge is built upon the inadequetly-verified study results/assumptions. ,No,No,Yes,"there's alot of bullshit theorising in the study of Psychology and Social Sciences, as well as naked political/personal bias of those studying/teaching it, creating an orthodoxy, which skews the outcoming 'knowledge' generated"
19/05/2020 02:27,19/05/2020 02:35,IP Address,100,457,TRUE,19/05/2020 02:35,R_2PqkloVmvWbrCVH,anonymous,EN,Yes,Yes,UNI27,,Full-time,No,,3,1st Year,,,BSc Psychology ,No,Female,Agree,Disagree,Have no opinion,Disagree,Have no opinion,Have no opinion,Agree,Have no opinion,Strongly agree,Disagree,Agree,Strongly disagree,Disagree,Disagree,Strongly disagree,Agree,I have heard of this,,I have heard of this,,I have heard of this,I have heard of this,,I have heard of this,,I have done/used this,,I have done/used this,,,I have done/used this,,Agree,Have no opinion,Have no opinion,Agree,Strongly Agree,Have no opinion,Strongly disagree,Agree,No,,,Not sure,Not sure,Yes,
19/05/2020 02:30,19/05/2020 02:40,IP Address,100,616,TRUE,19/05/2020 02:40,R_24r7Fi6Mugr9yVL,anonymous,EN,Yes,Yes,UNI27,,Part-time,No,,,,6,4th Year,BSC Psychology ,No,Female,Strongly agree,Disagree,Agree,Have no opinion,Agree,Disagree,Agree,Disagree,Strongly agree,Strongly disagree,Agree,Strongly disagree,Agree,Agree,Have no opinion,Agree,,,,I have heard of this,I have heard of this,,I have heard of this,,I have done/used this,I have done/used this,I have done/used this,,,I have done/used this,,I have done/used this,Disagree,Agree,Have no opinion,Strongly agree,Agree,Disagree,Strongly disagree,Strongly disagree,Yes,Not sure,The need for transparency and being able to reproduce the method. Problems with both ,Not sure,Not sure,Yes,
19/05/2020 02:42,19/05/2020 02:48,IP Address,100,352,TRUE,19/05/2020 02:48,R_3CH6J4IFKlqeAPR,anonymous,EN,Yes,Yes,UNI28,,Full-time,No,,4,4th Year,,,,No,,Strongly agree,Strongly disagree,Agree,Disagree,Agree,Disagree,Strongly agree,Strongly disagree,Strongly agree,Disagree,Agree,Strongly disagree,Strongly agree,Strongly disagree,Agree,Have no opinion,I have heard of this,,I have heard of this,I have heard of this,I have heard of this,,I have heard of this,I have heard of this,,I have done/used this,,,,I have done/used this,,,Strongly Agree,Disagree,Strongly agree,Strongly disagree,Have no opinion,Strongly agree,Agree,Strongly agree,Yes,No,,Not sure,No,Yes,
19/05/2020 02:41,19/05/2020 02:58,IP Address,100,1049,TRUE,19/05/2020 02:58,R_28zwLUogVeLnaBH,anonymous,EN,Yes,Yes,UNI10,,Full-time,No,,3,3rd Year,,,Bachelor of Psychology (Hons.),Yes,Female,Strongly agree,Disagree,Have no opinion,Agree,Agree,Strongly disagree,Agree,Disagree,Agree,Strongly agree,Strongly agree,Disagree,Strongly agree,Agree,Have no opinion,Have no opinion,I have heard of this,,I have heard of this,,,I have heard of this,,I have heard of this,,I have done/used this,,I have done/used this,I have done/used this,,I have done/used this,,Strongly Agree,Agree,Strongly agree,Strongly agree,Strongly Agree,Strongly disagree,Disagree,Agree,No,,,Yes,Yes,Yes,
19/05/2020 03:05,19/05/2020 03:13,IP Address,100,489,TRUE,19/05/2020 03:13,R_2eULNZXDJjC4ORe,anonymous,EN,Yes,Yes,UKRN06,,Full-time,No,,3,2nd Year,,,psychology bsc,Yes,female,Strongly agree,Strongly disagree,Strongly agree,Strongly disagree,Strongly agree,Strongly disagree,Agree,Disagree,Strongly agree,Strongly disagree,Disagree,Strongly disagree,Strongly agree,Strongly disagree,Strongly agree,Disagree,I have heard of this,I have heard of this,,I have heard of this,,,I have heard of this,I have heard of this,,,,,,,I have done/used this,I have done/used this,Strongly Agree,Strongly disagree,Strongly agree,Strongly disagree,Disagree,Agree,Strongly disagree,Strongly agree,Yes,Yes,"many important studies, in psychology and a few other fields, have been found not to replicate- this crisis was likely brought on due to due to the practicing of questionable research methods",Yes,Yes,Yes,
19/05/2020 02:45,19/05/2020 03:17,IP Address,100,1911,TRUE,19/05/2020 03:17,R_12mqdDlhbfT24RO,anonymous,EN,Yes,Yes,UNI21,,Full-time,No,,3,2nd Year,,,Psychology MSc ,Yes,Female,Strongly agree,Disagree,Strongly agree,Strongly disagree,Agree,Disagree,Strongly agree,Disagree,Strongly agree,Strongly agree,Disagree,Disagree,Agree,Strongly agree,Disagree,Agree,I have heard of this,I have heard of this,,I have heard of this,I have heard of this,,I have heard of this,I have heard of this,,,I have done/used this,,,I have done/used this,,,Disagree,Disagree,Disagree,Disagree,Agree,Disagree,Agree,Agree,Yes,Yes,Falsified data,Yes,Yes,Yes,"I think all data should be made available regardless of the findings. This will enable further in-depth collaborations between researchers who share the same ideas. The bigger the data, the better chance of finding identifying related concerns. "
19/05/2020 03:13,19/05/2020 03:20,IP Address,100,404,TRUE,19/05/2020 03:20,R_3RjFxUHbZ8L7qUS,anonymous,EN,Yes,Yes,UNI29,,Full-time,Other (Please specify),Year in China,4,3rd Year,,,Psychology with a year in China,Yes,Female ,Agree,Disagree,Have no opinion,Disagree,Agree,Disagree,Strongly agree,Disagree,Strongly agree,Agree,Agree,Strongly disagree,Agree,Disagree,Disagree,Have no opinion,I have heard of this,I have heard of this,I have heard of this,,,I have heard of this,,I have heard of this,,,I have done/used this,,,I have done/used this,,,Agree,Have no opinion,Agree,Have no opinion,Agree,Agree,Disagree,Agree,No,,,No,Not sure,Yes,
19/05/2020 03:22,19/05/2020 03:26,IP Address,100,255,TRUE,19/05/2020 03:26,R_10T0xtus5U0ED6H,anonymous,EN,Yes,Yes,UKRN03,,Full-time,No,,3,1st Year,,,Psychology,Yes,Female,Strongly agree,Disagree,Agree,Disagree,Agree,Disagree,Agree,Disagree,Agree,Strongly disagree,Agree,Disagree,Agree,Have no opinion,Have no opinion,Agree,,,I have heard of this,,,I have heard of this,,,,,I have done/used this,,,I have done/used this,,,Strongly Agree,Strongly disagree,Agree,Disagree,Strongly Agree,Disagree,Disagree,Agree,No,,,No,No,Yes,
19/05/2020 03:37,19/05/2020 03:47,IP Address,100,588,TRUE,19/05/2020 03:47,R_31NQ6hgyFKpmf1v,anonymous,EN,Yes,Yes,UNI21,,Full-time,Other (Please specify),It's optional,3,3rd Year,,,Psychology BSc,No,Female ,Strongly agree,Strongly disagree,Agree,Disagree,Strongly agree,Strongly disagree,Agree,Agree,Agree,Agree,Agree,Strongly disagree,Strongly agree,Agree,Disagree,Agree,I have heard of this,I have heard of this,,I have heard of this,I have heard of this,I have heard of this,,I have heard of this,,,I have done/used this,,,,I have done/used this,,Strongly Agree,Agree,Strongly agree,Agree,Agree,Agree,Have no opinion,Disagree,Yes,Yes,Finding that many psychological studies are difficult to recreate/produce same results ,Not sure,No,Yes,Most was learnt through personal reading and further research. University only very briefly touched upon some of these topics.
19/05/2020 03:41,19/05/2020 03:49,IP Address,100,468,TRUE,19/05/2020 03:49,R_2wuIhFJfTyHU9j9,anonymous,EN,Yes,Yes,UNI20,,Full-time,Other (Please specify),Placement Module,3,3rd Year,,,Psychology,Yes,Female,Agree,Disagree,Have no opinion,Agree,Agree,Disagree,Agree,Disagree,Agree,Disagree,Disagree,Strongly disagree,Agree,Agree,Have no opinion,Agree,I have heard of this,,I have heard of this,,I have heard of this,I have heard of this,,I have heard of this,,I have done/used this,,I have done/used this,,,I have done/used this,,Agree,Disagree,Agree,Agree,Agree,Disagree,Agree,Agree,No,,,Not sure,No,Yes,
19/05/2020 03:45,19/05/2020 03:52,IP Address,100,434,TRUE,19/05/2020 03:52,R_31gRzDnkqFbfquw,anonymous,EN,Yes,Yes,UNI03,,Full-time,Other (Please specify),"Placement within the course, one day a week",3,1st Year,,,Psychology ,Yes,Female,Strongly agree,Strongly disagree,Disagree,Strongly agree,Agree,Disagree,Strongly agree,Strongly disagree,Agree,Disagree,Strongly agree,Strongly disagree,Strongly agree,Agree,Disagree,Strongly agree,I have heard of this,I have heard of this,I have heard of this,I have heard of this,I have heard of this,I have heard of this,I have heard of this,I have heard of this,,,,,,,,,Agree,Agree,Agree,Strongly agree,Strongly Agree,Agree,Strongly disagree,Agree,No,,,Yes,No,Yes,
19/05/2020 03:51,19/05/2020 03:56,IP Address,100,312,TRUE,19/05/2020 03:56,R_zYz2kLQmymOOaNr,anonymous,EN,Yes,Yes,UNI24,,Full-time,No,,3,1st Year,,,psychology of sport,No,male,Strongly agree,Strongly disagree,Strongly agree,Disagree,Agree,Agree,Disagree,Agree,Agree,Strongly agree,Agree,Strongly disagree,Have no opinion,Agree,Agree,Disagree,I have heard of this,I have heard of this,I have heard of this,,,,,I have heard of this,,,,,,,,,Agree,Disagree,Agree,Disagree,Disagree,Agree,Disagree,Agree,No,,,Yes,No,Yes,
19/05/2020 03:52,19/05/2020 04:00,IP Address,100,520,TRUE,19/05/2020 04:00,R_2wQwADD1634IKWg,anonymous,EN,Yes,Yes,UNI30,,Full-time,No,,3,1st Year,,,Psychology,No,Female,Agree,Disagree,Agree,Disagree,Agree,Strongly disagree,Disagree,Agree,Strongly agree,Disagree,Strongly agree,Strongly disagree,Agree,Disagree,Disagree,Agree,I have heard of this,I have heard of this,,I have heard of this,,,,I have heard of this,,,I have done/used this,,,I have done/used this,,,Agree,Disagree,Agree,Disagree,Agree,Agree,Disagree,Agree,Yes,Yes,That it is not always possible to replicate the results of past studies,Yes,Yes,Yes,
19/05/2020 03:57,19/05/2020 04:08,IP Address,100,676,TRUE,19/05/2020 04:08,R_1lAEuuoTZ1ScwTs,anonymous,EN,Yes,Yes,UNI22,,Full-time,No,,3,2nd Year,,,Psychology,No,Female,Strongly agree,Disagree,Disagree,Disagree,Agree,Disagree,Strongly agree,Disagree,Disagree,Agree,Agree,Disagree,Have no opinion,Agree,Disagree,Have no opinion,I have heard of this,I have heard of this,I have heard of this,,,I have heard of this,,I have heard of this,I have done/used this,I have done/used this,I have done/used this,,,I have done/used this,,,Strongly Agree,Agree,Agree,Agree,Have no opinion,Have no opinion,Agree,Disagree,Yes,Yes,Past studies are hard to replicate and therefore the results differ.,No,Not sure,Yes,
19/05/2020 04:10,19/05/2020 04:22,IP Address,100,727,TRUE,19/05/2020 04:22,R_3oR7ui6m7FdDaeR,anonymous,EN,Yes,Yes,UNI22,,Part-time,No,,,,6,4th Year,BSc Psychology with Counselling,No,F,Agree,Agree,Strongly disagree,Disagree,Agree,Have no opinion,Strongly agree,Strongly disagree,Strongly disagree,Strongly agree,Agree,Disagree,Agree,Disagree,Disagree,Disagree,,,I have heard of this,,,,,I have heard of this,,,I have done/used this,,,,,I have done/used this,Have no opinion,Disagree,Strongly Disagree,Agree,Strongly Agree,Disagree,Disagree,Agree,Not sure,,,No,No,Yes,
19/05/2020 04:19,19/05/2020 04:29,IP Address,100,590,TRUE,19/05/2020 04:29,R_294zzK9AtHurGwB,anonymous,EN,Yes,Yes,UKRN03,,Full-time,No,,3,3rd Year,,,Psychology (BSc),Yes,Male,Agree,Disagree,Agree,Have no opinion,Have no opinion,Agree,Agree,Agree,Strongly agree,Disagree,Strongly agree,Strongly disagree,Agree,Disagree,Disagree,Agree,I have heard of this,I have heard of this,I have heard of this,I have heard of this,,I have heard of this,,I have heard of this,,,I have done/used this,,,I have done/used this,,,Agree,Disagree,Have no opinion,Disagree,Agree,Agree,Disagree,Disagree,Yes,Yes,"A current crisis in science where many studies over the past few decades are failing to be replicated under similar conditions, or have not been documented well enough to replicate the method accurately. There is also an issue of Journals not hosting articles that contain insignificant results, leaving many of these insignificant replications unpublished.",Yes,Yes,Yes,
19/05/2020 04:32,19/05/2020 04:40,IP Address,100,439,TRUE,19/05/2020 04:40,R_279EtypLSsXPj4l,anonymous,EN,Yes,Yes,UKRN03,,Full-time,Other (Please specify),Study Abroad,4,1st Year,,,Bsc Psychology with Study Abroad,Yes,Female,Agree,Disagree,Have no opinion,Strongly disagree,Agree,Disagree,Agree,Disagree,Strongly agree,Disagree,Agree,Disagree,Agree,Agree,Disagree,Agree,I have heard of this,,,,,,,I have heard of this,,,I have done/used this,,,I have done/used this,,,Agree,Have no opinion,Agree,Agree,Strongly Agree,Have no opinion,Disagree,Agree,Yes,Not sure,studies that are difficult to reproduce in different social groups,No,No,Yes,
19/05/2020 04:45,19/05/2020 04:56,IP Address,100,693,TRUE,19/05/2020 04:56,R_3F4oMvV7hF2vJp4,anonymous,EN,Yes,Yes,UNI31,,Part-time,No,,,,3,2nd Year,MSc Psychology ,No,Female ,Agree,Strongly disagree,Agree,Disagree,Agree,Disagree,Strongly agree,Strongly disagree,Strongly agree,Strongly disagree,Agree,Strongly disagree,Disagree,Disagree,Disagree,Have no opinion,,,I have heard of this,,,,,I have heard of this,,,,,,,I have done/used this,,Strongly Agree,Strongly disagree,Agree,Have no opinion,Agree,Disagree,Disagree,Agree,Yes,Yes,I think this where only successful replication studies are published ,Not sure,Not sure,Yes,I was confused about the first questions and whether data meant raw data or the results of the study 
19/05/2020 04:51,19/05/2020 04:59,IP Address,100,489,TRUE,19/05/2020 04:59,R_UrOr3ZEYOEwwOtz,anonymous,EN,Yes,Yes,UKRN03,,Full-time,No,,4,1st Year,,,Psychology ,Yes,Female,Agree,Disagree,Have no opinion,Agree,Agree,Disagree,Strongly agree,Have no opinion,Have no opinion,Have no opinion,Have no opinion,Disagree,Agree,Agree,Disagree,Agree,I have heard of this,I have heard of this,I have heard of this,,,I have heard of this,I have heard of this,I have heard of this,I have done/used this,I have done/used this,I have done/used this,,,I have done/used this,I have done/used this,I have done/used this,Strongly Agree,Agree,Agree,Agree,Agree,Agree,Have no opinion,Agree,Yes,No,People arent sharing how they conduct studies and also arent sharing studies are not significant ,Yes,Yes,Yes,
19/05/2020 04:58,19/05/2020 05:03,IP Address,100,300,TRUE,19/05/2020 05:03,R_27PTftCnxG6vj6U,anonymous,EN,Yes,Yes,UNI25,,Full-time,No,,3,3rd Year,,,Psychology ,Yes,Female,Agree,Disagree,Agree,Strongly disagree,Agree,Disagree,Strongly agree,Strongly disagree,Agree,Strongly disagree,Disagree,Disagree,Agree,Agree,Disagree,Agree,,,I have heard of this,,,,,,,,,,,,,I have done/used this,Strongly Agree,Disagree,Disagree,Agree,Strongly Agree,Strongly disagree,Agree,Agree,Yes,No,The large amounts of people who replicate previous research ,No,No,Yes,
19/05/2020 04:59,19/05/2020 05:09,IP Address,100,573,TRUE,19/05/2020 05:09,R_3mf6ktfHezgkH7v,anonymous,EN,Yes,Yes,UKRN05,,Full-time,Yes,,3,1st Year,,,BSc (Hons) Psychology,No,Female,Agree,Agree,Agree,Disagree,Have no opinion,Agree,Agree,Disagree,Agree,Disagree,Agree,Strongly disagree,Agree,Disagree,Have no opinion,Strongly agree,,,I have heard of this,,,I have heard of this,,I have heard of this,,,I have done/used this,,,,,,Strongly Agree,Have no opinion,Have no opinion,Agree,Agree,Have no opinion,Agree,Agree,No,,,No,Not sure,Yes,
19/05/2020 05:04,19/05/2020 05:10,IP Address,100,416,TRUE,19/05/2020 05:10,R_1CJ890WSu2iSz9Y,anonymous,EN,Yes,Yes,UNI32,,Full-time,No,,3,3rd Year,,,Psychology ,Yes,Female,Strongly agree,Strongly disagree,Agree,Disagree,Agree,Disagree,Agree,Have no opinion,Agree,Disagree,Have no opinion,Disagree,Agree,Agree,Disagree,Disagree,,,I have heard of this,,,I have heard of this,I have heard of this,I have heard of this,,,I have done/used this,,,,I have done/used this,I have done/used this,Disagree,Disagree,Agree,Agree,Have no opinion,Have no opinion,Disagree,Have no opinion,Not sure,,,Not sure,No,Yes,
19/05/2020 05:37,19/05/2020 05:53,IP Address,100,983,TRUE,19/05/2020 05:53,R_1HbDEGKjd3Kglsd,anonymous,EN,Yes,Yes,UNI33,,Full-time,No,,1,4th Year,,,MSc Forensic Psychology,Yes,Female,Agree,Disagree,Agree,Disagree,Agree,Disagree,Agree,Disagree,Agree,Strongly agree,Agree,Strongly disagree,Disagree,Agree,Disagree,Agree,I have heard of this,I have heard of this,I have heard of this,I have heard of this,I have heard of this,I have heard of this,I have heard of this,I have heard of this,,,,,,,,,Agree,Agree,Disagree,Agree,Agree,Strongly disagree,Disagree,Agree,Yes,Yes,Findings of a large number of scientific studies are either hard or impossible to replicate ,Yes,Yes,Yes,
19/05/2020 05:50,19/05/2020 06:02,IP Address,100,717,TRUE,19/05/2020 06:02,R_pltRiWg5w7E2Sat,anonymous,EN,Yes,Yes,UNI22,,Full-time,No,,3,2nd Year,,,Psychology with criminology and the criminal justice system,No,female,Agree,Disagree,Agree,Strongly disagree,Strongly agree,Strongly disagree,Strongly agree,Strongly agree,Strongly agree,Strongly agree,Strongly agree,Disagree,Have no opinion,Disagree,Strongly disagree,Strongly agree,,,,,,,,,,,I have done/used this,,,,I have done/used this,,Strongly disagree,Agree,Agree,Agree,Strongly Disagree,Have no opinion,Disagree,Agree,No,,,Not sure,No,Yes,
19/05/2020 06:11,19/05/2020 06:18,IP Address,100,385,TRUE,19/05/2020 06:18,R_0kbZp2kflKWoT73,anonymous,EN,Yes,Yes,UKRN01,,Full-time,Yes,,4,2nd Year,,,Psychology (BSc Hons),Yes,Female,Agree,Disagree,Strongly agree,Agree,Agree,Disagree,Agree,Have no opinion,Agree,Disagree,Agree,Strongly disagree,Agree,Agree,Disagree,Agree,I have heard of this,I have heard of this,,,,I have heard of this,I have heard of this,,,,I have done/used this,I have done/used this,,,,I have done/used this,Agree,Disagree,Agree,Disagree,Agree,Agree,Strongly disagree,Have no opinion,Yes,Yes,I think it might be about researchers being unable to replicate studies due to previous studies not being transparent enough about how the original study was conducted.,Not sure,Yes,Yes,
19/05/2020 06:32,19/05/2020 06:41,IP Address,100,558,TRUE,19/05/2020 06:41,R_3pshtS1wB5PDfqb,anonymous,EN,Yes,Yes,Other,,Full-time,No,,2,2nd Year,,,MA Clinical Psychology ,Yes,Female,Strongly agree,Strongly agree,Agree,Strongly disagree,Agree,Agree,Strongly agree,Agree,Strongly agree,Agree,Strongly agree,Strongly disagree,Disagree,Disagree,Disagree,Agree,I have heard of this,,I have heard of this,,I have heard of this,I have heard of this,I have heard of this,I have heard of this,,,,,I have done/used this,I have done/used this,,I have done/used this,Strongly Agree,Strongly disagree,Strongly agree,Agree,Strongly Agree,Strongly disagree,Strongly disagree,Disagree,Not sure,,,Yes,Yes,Yes,
19/05/2020 06:34,19/05/2020 06:46,IP Address,100,727,TRUE,19/05/2020 06:46,R_12JALiscNAF78bE,anonymous,EN,Yes,Yes,UNI28,,Full-time,No,,3,3rd Year,,,BSc Psychology,Yes,Female,Agree,Disagree,Agree,Disagree,Agree,Disagree,Strongly agree,Disagree,Strongly agree,Disagree,Agree,Disagree,Have no opinion,Agree,Have no opinion,Agree,,I have heard of this,I have heard of this,,,I have heard of this,,,,,I have done/used this,,,,,,Disagree,Disagree,Strongly agree,Have no opinion,Agree,Agree,Agree,Agree,Not sure,,,No,No,Yes,Education and knowledge should be free to everyone 
19/05/2020 06:42,19/05/2020 06:54,IP Address,100,691,TRUE,19/05/2020 06:54,R_1pzFAbxr7tW4Hsi,anonymous,EN,Yes,Yes,UNI17,,Full-time,No,,3,3rd Year,,,Psychology,Yes,Female ,Strongly agree,Strongly disagree,Agree,Disagree,Have no opinion,Have no opinion,Disagree,Disagree,Agree,Strongly agree,Strongly agree,Strongly disagree,Have no opinion,Strongly disagree,Agree,Strongly agree,,,I have heard of this,,,,I have heard of this,I have heard of this,,,I have done/used this,,,,I have done/used this,,Strongly Agree,Strongly disagree,Agree,Strongly agree,Agree,Disagree,Have no opinion,Agree,Not sure,,,Not sure,No,Yes,
19/05/2020 06:57,19/05/2020 07:02,IP Address,100,307,TRUE,19/05/2020 07:02,R_3hFLSoaYMnJVUtB,anonymous,EN,Yes,Yes,UNI30,,Full-time,No,,1,,,,Msc Organisational PSy,Yes,Female,Agree,Agree,Disagree,Agree,Agree,Agree,Agree,Agree,Agree,Agree,Agree,Disagree,Agree,Disagree,Agree,Disagree,I have heard of this,I have heard of this,I have heard of this,I have heard of this,I have heard of this,I have heard of this,I have heard of this,I have heard of this,,,,,,,,,Strongly disagree,Agree,Agree,Agree,Agree,Strongly disagree,Strongly disagree,Agree,Yes,Yes,,Yes,Yes,Yes,
12/05/2020 07:03,12/05/2020 07:08,IP Address,70,266,FALSE,19/05/2020 07:08,R_1E5vJAxtsWqT2G8,anonymous,EN,Yes,Yes,UNI04,,Full-time,No,,3,2nd Year,,,Psychology bsc ,Yes,Female,Agree,Strongly disagree,Strongly agree,Disagree,Agree,Agree,Strongly agree,Strongly agree,Strongly agree,Strongly disagree,Strongly agree,Strongly disagree,Agree,Strongly disagree,Strongly disagree,Strongly agree,I have heard of this,I have heard of this,I have heard of this,I have heard of this,,,I have heard of this,I have heard of this,,,,,,,,,Agree,Strongly disagree,Disagree,Disagree,Strongly Agree,Agree,,,,,,,,,
19/05/2020 08:19,19/05/2020 08:26,IP Address,100,403,TRUE,19/05/2020 08:26,R_1KqhydAIPZoSidM,anonymous,EN,Yes,Yes,UNI25,,Full-time,Other (Please specify),Required volunteer placement ,3,2nd Year,,,Psychology with counselling,Yes,Female,Have no opinion,Have no opinion,Have no opinion,Have no opinion,Have no opinion,Have no opinion,Agree,Disagree,Agree,Disagree,Strongly agree,Strongly disagree,Disagree,Have no opinion,Have no opinion,Agree,,,I have heard of this,I have heard of this,,,I have heard of this,I have heard of this,,,,I have done/used this,,,I have done/used this,I have done/used this,Strongly Agree,Disagree,Agree,Agree,Have no opinion,Have no opinion,Strongly disagree,Have no opinion,Not sure,,,No,Not sure,Yes,N/A
19/05/2020 08:21,19/05/2020 08:28,IP Address,100,444,TRUE,19/05/2020 08:28,R_2Ys5K0qHWNOdtcu,anonymous,EN,Yes,Yes,UNI24,,Full-time,No,,3,2nd Year,,,Psychology,Yes,Man; Androgynous (feel free to put me in with either men or other),Strongly agree,Strongly disagree,Strongly agree,Strongly disagree,Agree,Strongly disagree,Strongly agree,Strongly disagree,Strongly disagree,Strongly agree,Have no opinion,Strongly disagree,Strongly agree,Strongly disagree,Disagree,Agree,,I have heard of this,I have heard of this,I have heard of this,,I have heard of this,I have heard of this,I have heard of this,,I have done/used this,I have done/used this,,,I have done/used this,I have done/used this,I have done/used this,Agree,Have no opinion,Strongly agree,Have no opinion,Have no opinion,Have no opinion,Disagree,Have no opinion,Yes,No,The rate at which studies are or are not essentially 'remade' ,Yes,No,Yes,
19/05/2020 08:26,19/05/2020 08:36,IP Address,100,561,TRUE,19/05/2020 08:36,R_UVKqrHUa8Q6qvZv,anonymous,EN,Yes,Yes,UNI25,,Full-time,No,,3,3rd Year,,,Psychology BSc Hons,Yes,Female,Strongly agree,Strongly disagree,Have no opinion,Disagree,Agree,Have no opinion,Strongly agree,Strongly disagree,Strongly agree,Strongly disagree,Agree,Strongly disagree,Agree,Have no opinion,Disagree,Agree,,,,,,,,I have heard of this,,,I have done/used this,,,,I have done/used this,,Agree,Have no opinion,Strongly agree,Agree,Agree,Agree,Disagree,Agree,Not sure,,,No,No,Not sure,
19/05/2020 08:40,19/05/2020 08:50,IP Address,100,553,TRUE,19/05/2020 08:50,R_2qFawQ8eDo901Gm,anonymous,EN,Yes,Yes,UNI25,,Full-time,No,,3,3rd Year,,,Psychology ,Yes,Female ,Agree,Disagree,Disagree,Agree,Agree,Disagree,Agree,Disagree,Agree,Agree,Agree,Strongly disagree,Have no opinion,Agree,Have no opinion,Have no opinion,I have heard of this,,I have heard of this,,,I have heard of this,,I have heard of this,I have done/used this,,I have done/used this,,,I have done/used this,,,Disagree,Agree,Disagree,Agree,Agree,Disagree,Disagree,Agree,Not sure,,,No,No,Yes,"Overall I think research should share their results with others, if others want to replicate the study they should get consent from the researcher "
19/05/2020 09:52,19/05/2020 10:00,IP Address,100,430,TRUE,19/05/2020 10:00,R_11ijPqW5OLvdq8y,anonymous,EN,Yes,Yes,UKRN03,,Full-time,No,,,1st Year,,,Psychology (Study abroad) Bsc (Hons),Yes,Female,Strongly agree,Strongly disagree,Strongly agree,Strongly disagree,Strongly agree,Strongly disagree,Agree,Disagree,Strongly agree,Have no opinion,Strongly agree,Strongly disagree,Strongly agree,Have no opinion,Agree,Strongly agree,,,,,I have heard of this,,,I have heard of this,,,I have done/used this,,,,,I have done/used this,Strongly Agree,Strongly disagree,Strongly agree,Disagree,Agree,Have no opinion,Strongly disagree,Strongly agree,Yes,Yes,"It is affecting the entirety of psychology but especially social psychology. It is the crisis in which studies are being replicated but the same results are not being found years later, bring in to question the original results.",No,Yes,Yes,
19/05/2020 10:37,19/05/2020 10:49,IP Address,100,713,TRUE,19/05/2020 10:49,R_1i8K1v7uyJCKX8s,anonymous,EN,Yes,Yes,UNI21,,Full-time,Other (Please specify),It can but it isn't necessary,3,2nd Year,,,BSc Psychology,No,Female,Strongly agree,Disagree,Have no opinion,Strongly agree,Have no opinion,Have no opinion,Agree,Agree,Strongly agree,Strongly agree,Strongly agree,Strongly disagree,Agree,Strongly disagree,Strongly disagree,Strongly agree,I have heard of this,,I have heard of this,I have heard of this,,,,I have heard of this,,,,,,,,,Strongly Agree,Disagree,Strongly agree,Agree,Strongly Agree,Have no opinion,Strongly disagree,Agree,Yes,Yes,"Many studies do not provide detailed enough information, in order to be replicated by other researchers to falsify or support the theories.",Yes,Yes,Yes,
19/05/2020 10:33,19/05/2020 10:50,IP Address,100,1016,TRUE,19/05/2020 10:50,R_3HHaCwUXLKBsUxP,anonymous,EN,Yes,Yes,UNI24,,Full-time,No,,3,2nd Year,,,Single honours psychology,No,Male,Strongly agree,Strongly disagree,Agree,Strongly disagree,Disagree,Disagree,Have no opinion,Have no opinion,Disagree,Strongly agree,Agree,Strongly disagree,Disagree,Strongly disagree,Have no opinion,Agree,I have heard of this,I have heard of this,,I have heard of this,,,I have heard of this,,,,I have done/used this,,I have done/used this,I have done/used this,,I have done/used this,Strongly Agree,Strongly disagree,Have no opinion,Agree,Agree,Have no opinion,Disagree,Agree,Yes,No,"The replication crisis is the current issue of researchers not wanting to replicate prior studies to ensure those studies obtained consistent results. Perhaps because people want to get the glory of coming up with a new research idea that has yielded fruit, or because replicating past research is seen as dull. Regardless, it is necessary to ensure past research is not treated as factual because it has not been disproven, for, a lot of the time nowadays, no one has attempted to try ",No,No,Yes,
19/05/2020 10:52,19/05/2020 11:00,IP Address,100,514,TRUE,19/05/2020 11:00,R_oXLOl9xamX3uRSF,anonymous,EN,Yes,Yes,UNI21,,Full-time,No,,3,1st Year,,,Psychology,Yes,female,Agree,Disagree,Agree,Have no opinion,Agree,Disagree,Strongly agree,Have no opinion,Have no opinion,Disagree,Agree,Strongly disagree,Strongly agree,Disagree,Agree,Strongly agree,,,,,,,,,,,I have done/used this,,I have done/used this,,,,Strongly disagree,Strongly disagree,Disagree,Agree,Agree,Disagree,Disagree,Agree,Yes,No,"this understanding that the results for scientific studies cannot be replicated, which inevitably makes it inaccurate. ",Not sure,No,Yes,
19/05/2020 11:14,19/05/2020 11:31,IP Address,100,1039,TRUE,19/05/2020 11:31,R_1qh4dBYWJShgH63,anonymous,EN,Yes,Yes,UNI24,,Part-time,No,,,,6,2nd Year,BSc Psychology,Yes,Female,Agree,Strongly disagree,Agree,Strongly agree,Disagree,Agree,Strongly agree,Disagree,Disagree,Strongly agree,Strongly agree,Strongly disagree,Disagree,Strongly disagree,Strongly disagree,Agree,,,I have heard of this,,,,,,,,I have done/used this,,,,,,Agree,Have no opinion,Have no opinion,Strongly agree,Agree,Disagree,Strongly disagree,Agree,No,,,No,No,Not sure,
19/05/2020 11:33,19/05/2020 11:43,IP Address,100,577,TRUE,19/05/2020 11:43,R_2aIF0PUf56aCJMB,anonymous,EN,Yes,Yes,UKRN01,,Full-time,Yes,,3,1st Year,,,psychology BSC,Yes,Female,Agree,Disagree,Agree,Have no opinion,Have no opinion,Have no opinion,Agree,Have no opinion,Agree,Have no opinion,Agree,Disagree,Agree,Strongly disagree,Have no opinion,Disagree,I have heard of this,,I have heard of this,I have heard of this,,I have heard of this,I have heard of this,I have heard of this,,,I have done/used this,,,,I have done/used this,,Agree,Agree,Agree,Agree,Have no opinion,Disagree,Have no opinion,Have no opinion,Not sure,,,Yes,Not sure,Yes,
19/05/2020 11:56,19/05/2020 12:06,IP Address,100,574,TRUE,19/05/2020 12:06,R_1C8w5u8i6IIZd1P,anonymous,EN,Yes,Yes,UNI34,,Part-time,No,,,,3,1st Year,Psychology and Sociology ,No,Female,Disagree,Agree,Agree,Agree,Have no opinion,Agree,Agree,Disagree,Have no opinion,Agree,Agree,Strongly disagree,Disagree,Disagree,Disagree,Agree,,,,,,,,,,,I have done/used this,,,I have done/used this,,,Agree,Agree,Have no opinion,Agree,Agree,Have no opinion,Agree,Agree,No,,,No,Not sure,Yes,
19/05/2020 12:16,19/05/2020 12:30,IP Address,100,846,TRUE,19/05/2020 12:30,R_YaiLCPXkMZCs71T,anonymous,EN,Yes,Yes,UNI35,,Full-time,Other (Please specify),It's optional.,3,2nd Year,,,BSc Psychology with Education Studies,Yes,Female,Agree,Strongly disagree,Agree,Disagree,Have no opinion,Have no opinion,Have no opinion,Agree,Disagree,Strongly agree,Strongly agree,Strongly disagree,Strongly agree,Strongly disagree,Strongly disagree,Strongly agree,I have heard of this,,I have heard of this,I have heard of this,I have heard of this,I have heard of this,I have heard of this,I have heard of this,,I have done/used this,,,,,,,Strongly disagree,Strongly disagree,Agree,Strongly agree,Strongly Agree,Disagree,Strongly disagree,Have no opinion,Yes,Yes,"It's the lack of replicability of significant results that's have been published. It is also an issue of journal articels failing to publish insignificant results, with some researchers potentially using unscientific methods to try and gain a significant p-value. It's also the issue of researchers being required to keep producing and publishing novel studies. ",Yes,Yes,Yes,I think thatevery Psychology student should be made aware of problems that have arisen from the Replication Crisis. It's important to acknolwedge this and be aware of unscientific practices for when we undertake our own research.
19/05/2020 12:18,19/05/2020 12:33,IP Address,100,894,TRUE,19/05/2020 12:33,R_2OVbu0c40FBPBEK,anonymous,EN,Yes,Yes,UNI36,,Full-time,No,,4,2nd Year,,,BSc Psychology,No,Female,Strongly agree,Strongly disagree,Strongly agree,Strongly disagree,Strongly agree,Strongly disagree,Strongly agree,Strongly disagree,Agree,Agree,Agree,Strongly disagree,Strongly agree,Strongly disagree,Strongly agree,Strongly disagree,I have heard of this,I have heard of this,I have heard of this,I have heard of this,I have heard of this,I have heard of this,I have heard of this,I have heard of this,,,,,,,,,Strongly Agree,Strongly disagree,Strongly agree,Strongly disagree,Strongly Disagree,Strongly agree,Strongly disagree,Strongly agree,Yes,Yes,A crisis currently faced by psychology and other sciences wherein various previously upheld results have failed to replicate when the studies were rerun.,Yes,Yes,Yes,
19/05/2020 12:46,19/05/2020 12:52,IP Address,100,388,TRUE,19/05/2020 12:52,R_yIyTRUB6TvNx7yN,anonymous,EN,Yes,Yes,UNI10,,Full-time,No,,3,2nd Year,,,Psychology and Criminology ,Yes,Female,Agree,Disagree,Have no opinion,Disagree,Agree,Disagree,Strongly agree,Strongly disagree,Agree,Disagree,Agree,Strongly disagree,Disagree,Disagree,Have no opinion,Agree,I have heard of this,I have heard of this,I have heard of this,I have heard of this,I have heard of this,I have heard of this,I have heard of this,I have heard of this,,,,,,,,,Agree,Disagree,Strongly agree,Strongly agree,Have no opinion,Agree,Disagree,Agree,Yes,No,Studies conducted are not replicable and therefore do not stand strong ,Yes,No,Yes,
19/05/2020 13:01,19/05/2020 13:07,IP Address,100,358,TRUE,19/05/2020 13:07,R_3lWg323RgYKBpjy,anonymous,EN,Yes,Yes,UNI03,,Full-time,No,,3,3rd Year,,,Psychology ,Yes,Female ,Agree,Strongly disagree,Agree,Strongly disagree,Agree,Disagree,Agree,Disagree,Have no opinion,Strongly agree,Disagree,Disagree,Have no opinion,Strongly disagree,Disagree,Agree,,,I have heard of this,,I have heard of this,I have heard of this,,I have heard of this,I have done/used this,I have done/used this,,I have done/used this,,,I have done/used this,,Agree,Disagree,Have no opinion,Strongly agree,Agree,Disagree,Have no opinion,Have no opinion,Not sure,,,No,No,Yes,
19/05/2020 13:58,19/05/2020 14:10,IP Address,100,731,TRUE,19/05/2020 14:10,R_Brzr9LwstFT1eMh,anonymous,EN,Yes,Yes,UNI21,,Full-time,Other (Please specify),Yes but not mandatory (I did not take one),3,3rd Year,,,Psychology ,No,Female,Agree,Strongly disagree,Strongly agree,Strongly disagree,Have no opinion,Have no opinion,Strongly agree,Have no opinion,Strongly agree,Disagree,Strongly agree,Disagree,Agree,Agree,Strongly disagree,Agree,I have heard of this,I have heard of this,I have heard of this,,,I have heard of this,,I have heard of this,I have done/used this,I have done/used this,I have done/used this,,,I have done/used this,,I have done/used this,Strongly Agree,Have no opinion,Strongly agree,Disagree,Strongly Agree,Agree,Disagree,Have no opinion,Yes,Not sure,It is very difficult to replicate studies and many do not stand the test of time,Not sure,No,Yes,
19/05/2020 14:04,19/05/2020 14:15,IP Address,100,670,TRUE,19/05/2020 14:15,R_21hzfAv4RVQLt3B,anonymous,EN,Yes,Yes,UKRN03,,Full-time,No,,3,2nd Year,,,Psychology BSc,Yes,Female,Agree,Disagree,Agree,Agree,Agree,Disagree,Agree,Disagree,Agree,Disagree,Disagree,Strongly disagree,Disagree,Disagree,Disagree,Agree,I have heard of this,I have heard of this,I have heard of this,I have heard of this,,,,I have heard of this,,,,,,,,,Agree,Disagree,Agree,Disagree,Agree,Disagree,Disagree,Agree,Yes,Yes,When people copy each other’s research ,Not sure,Not sure,Yes,
19/05/2020 14:36,19/05/2020 14:42,IP Address,100,384,TRUE,19/05/2020 14:42,R_1HiwNilQ2d3VUPJ,anonymous,EN,Yes,Yes,UNI37,,Full-time,No,,3,2nd Year,,,Psychology with Criminology,No,Female,Agree,Disagree,Have no opinion,Disagree,Agree,Have no opinion,Agree,Disagree,Strongly agree,Agree,Agree,Disagree,Have no opinion,Have no opinion,Strongly disagree,Strongly agree,,,I have heard of this,,,,I have heard of this,I have heard of this,I have done/used this,I have done/used this,,I have done/used this,I have done/used this,I have done/used this,,,Agree,Have no opinion,Strongly agree,Strongly agree,Agree,Agree,Disagree,Agree,Yes,Yes,Researchers being unable to replicate results previously found,No,No,Yes,
19/05/2020 14:39,19/05/2020 14:57,IP Address,100,1124,TRUE,19/05/2020 14:57,R_bOrnkefwa5KXUrv,anonymous,EN,Yes,Yes,UNI28,,Full-time,No,,3,3rd Year,,,Psychology (Single hons),Yes,Female,Strongly agree,Strongly disagree,Agree,Strongly disagree,Disagree,Have no opinion,Strongly agree,Strongly disagree,Strongly agree,Strongly agree,Strongly agree,Strongly disagree,Strongly agree,Strongly disagree,Disagree,Strongly agree,,,,,I have heard of this,,I have heard of this,,I have done/used this,I have done/used this,I have done/used this,I have done/used this,,I have done/used this,,I have done/used this,Strongly Agree,Disagree,Strongly agree,Strongly disagree,Agree,Strongly agree,Agree,Agree,Yes,Yes,The issue with replicating influential psychological studies and finding non significant results,No,No,Yes,
19/05/2020 16:10,19/05/2020 16:18,IP Address,100,477,TRUE,19/05/2020 16:18,R_xsifOucZ7UVJs2t,anonymous,EN,Yes,Yes,UNI38,,Full-time,No,,3,2nd Year,,,BSc Psychology ,Yes,Female,Agree,Disagree,Strongly agree,Strongly disagree,Strongly agree,Strongly disagree,Strongly agree,Disagree,Strongly agree,Strongly disagree,Have no opinion,Strongly disagree,Agree,Strongly disagree,Disagree,Have no opinion,,I have heard of this,,,,I have heard of this,,I have heard of this,,,I have done/used this,,,,,,Have no opinion,Strongly disagree,Strongly agree,Strongly agree,Agree,Have no opinion,Have no opinion,Agree,Yes,No,Studies that are being repeated aren't producing the same results ,No,Not sure,Yes,
19/05/2020 16:38,19/05/2020 16:43,IP Address,100,292,TRUE,19/05/2020 16:43,R_2BmOLsufVAVglLR,anonymous,EN,Yes,Yes,UNI22,,Full-time,Yes,,3,1st Year,,,Psychology with criminology and criminal justice ,Yes,Female ,Strongly agree,Strongly disagree,Agree,Agree,Agree,Disagree,Strongly agree,Agree,Agree,Disagree,Agree,Agree,Agree,Agree,Disagree,Have no opinion,,,I have heard of this,,,I have heard of this,I have heard of this,I have heard of this,,,I have done/used this,,,I have done/used this,,,Agree,Agree,Agree,Agree,Disagree,Agree,Disagree,Agree,No,,,Not sure,Not sure,Yes,
19/05/2020 17:12,19/05/2020 17:20,IP Address,100,455,TRUE,19/05/2020 17:20,R_eVaPvwf7pMNAFl7,anonymous,EN,Yes,Yes,UNI20,,Full-time,Yes,,3,2nd Year,,,Bsc Psychology,Yes,Female,Agree,Strongly disagree,Agree,Disagree,Agree,Disagree,Agree,Disagree,Agree,Disagree,Strongly agree,Strongly disagree,Have no opinion,Strongly disagree,Disagree,Strongly disagree,I have heard of this,I have heard of this,,,I have heard of this,,I have heard of this,,,,I have done/used this,,,I have done/used this,,I have done/used this,Strongly Agree,Disagree,Agree,Disagree,Disagree,Strongly agree,Disagree,Agree,No,,,Yes,No,Yes,
19/05/2020 17:23,19/05/2020 17:29,IP Address,100,358,TRUE,19/05/2020 17:29,R_e9iwlAIe61g1SSJ,anonymous,EN,Yes,Yes,UKRN05,,Full-time,No,,3,2nd Year,,,Sociology with Social Psychology,Yes,Female,Agree,Strongly disagree,Agree,Disagree,Agree,Have no opinion,Agree,Strongly agree,Strongly disagree,Agree,Agree,Disagree,Agree,Have no opinion,Disagree,Agree,I have heard of this,I have heard of this,I have heard of this,I have heard of this,I have heard of this,I have heard of this,I have heard of this,I have heard of this,I have done/used this,,I have done/used this,,I have done/used this,,,I have done/used this,Agree,Agree,Disagree,Agree,Agree,Strongly disagree,Disagree,Agree,Yes,Yes,To see if results are the same after being replicated.,Yes,Yes,Yes,
19/05/2020 20:54,19/05/2020 21:04,IP Address,100,613,TRUE,19/05/2020 21:04,R_2pLhkIWVRRc3RAF,anonymous,EN,Yes,Yes,UNI21,,Full-time,No,,3,3rd Year,,,Psychology ,No,Female ,Strongly agree,Disagree,Have no opinion,Disagree,Have no opinion,Disagree,Agree,Strongly disagree,Agree,Strongly disagree,Agree,Strongly disagree,Have no opinion,Agree,Have no opinion,Have no opinion,,,,I have heard of this,I have heard of this,,I have heard of this,,I have done/used this,I have done/used this,I have done/used this,,,I have done/used this,,I have done/used this,Strongly Agree,Disagree,Have no opinion,Agree,Have no opinion,Agree,Disagree,Have no opinion,Not sure,,,Yes,Not sure,Yes,
19/05/2020 21:48,19/05/2020 21:58,IP Address,100,625,TRUE,19/05/2020 21:58,R_3qkfJ8AAazssgvL,anonymous,EN,Yes,Yes,UNI06,,Full-time,Yes,,4,4th Year,,,Psychology,Yes,Female,Strongly agree,Strongly disagree,Strongly disagree,Agree,Strongly agree,Have no opinion,Strongly agree,Strongly disagree,Strongly agree,Disagree,Strongly agree,Strongly disagree,Strongly agree,Strongly disagree,Have no opinion,Agree,I have heard of this,,,I have heard of this,,,,,,I have done/used this,I have done/used this,,,,I have done/used this,I have done/used this,Agree,Disagree,Strongly agree,Strongly disagree,Agree,Disagree,Strongly disagree,Agree,Yes,Not sure,Papers published often don’t include exact information of how they carried out their studies which prevents exact replication which effects the opportunity to reproduce findings.,Not sure,Not sure,Yes,"An option module was Perspectives on Improving Methods in Psychological Science (PIMPS) which was really enjoyable and gave an insight into the potential biases in papers and how it can be improved e.g. HARKing, p-hacking, pre-registration etc. This was a useful insight to know how to ethically conduct research and how researchers can get lured into these potential bias traps.  "
20/05/2020 00:26,20/05/2020 00:35,IP Address,100,563,TRUE,20/05/2020 00:35,R_1NgdeyPj1zAbvpU,anonymous,EN,Yes,Yes,UNI39,,Full-time,No,,4,4th Year,,,BSc (Hons) Psychology ,No,Female ,Agree,Disagree,Agree,Strongly disagree,Agree,Have no opinion,Agree,Have no opinion,Agree,Disagree,Strongly agree,Strongly disagree,Strongly agree,Strongly disagree,Have no opinion,Agree,,,I have heard of this,I have heard of this,,,I have heard of this,I have heard of this,,,I have done/used this,I have done/used this,,,I have done/used this,,Agree,Strongly disagree,Strongly agree,Strongly disagree,Agree,Have no opinion,Strongly disagree,Agree,Yes,Yes,The fact that many effects in psychology have been found to not replicate,Yes,Yes,Yes,
20/05/2020 02:00,20/05/2020 02:09,IP Address,100,550,TRUE,20/05/2020 02:09,R_3WTevz9rJqJaepH,anonymous,EN,Yes,Yes,UNI05,,Full-time,No,,3,2nd Year,,,Sport psychology ,Yes,Female,Agree,Have no opinion,Agree,Disagree,Agree,Disagree,Agree,Agree,Agree,Have no opinion,Agree,Disagree,Agree,Agree,Agree,Agree,I have heard of this,I have heard of this,,I have heard of this,I have heard of this,I have heard of this,,,,,I have done/used this,,,,I have done/used this,I have done/used this,Agree,Agree,Agree,Disagree,Strongly Agree,Agree,Disagree,Have no opinion,No,,,No,No,Yes,
20/05/2020 02:06,20/05/2020 02:12,IP Address,100,354,TRUE,20/05/2020 02:12,R_3Du2INViQg6TsYE,anonymous,EN,Yes,Yes,UKRN05,,Full-time,No,,3,3rd Year,,,Psychology,Yes,Female,Agree,Strongly disagree,Agree,Disagree,Have no opinion,Have no opinion,Agree,Disagree,Have no opinion,Disagree,Agree,Strongly disagree,Have no opinion,Disagree,Have no opinion,Agree,,,I have heard of this,I have heard of this,,,I have heard of this,I have heard of this,,,I have done/used this,,,,I have done/used this,,Strongly Agree,Disagree,Agree,Agree,Strongly Agree,Have no opinion,Have no opinion,Agree,Not sure,,,No,No,Not sure,
20/05/2020 02:42,20/05/2020 02:50,IP Address,100,425,TRUE,20/05/2020 02:50,R_UbgEhNpq2vtXQoV,anonymous,EN,Yes,Yes,UNI40,,Full-time,No,,3,2nd Year,,,BSc Psychology,Yes,Female,Strongly agree,Disagree,Have no opinion,Strongly disagree,Have no opinion,Have no opinion,Strongly agree,Strongly disagree,Disagree,Strongly agree,Agree,Strongly disagree,Have no opinion,Strongly disagree,Disagree,Strongly agree,,,I have heard of this,,,I have heard of this,,I have heard of this,,,I have done/used this,,,,,,Strongly Agree,Strongly disagree,Agree,Have no opinion,Strongly Agree,Strongly disagree,Disagree,Agree,No,,,Not sure,No,Yes,
20/05/2020 02:48,20/05/2020 02:53,IP Address,100,302,TRUE,20/05/2020 02:53,R_2ahlGxUsysN2Zp8,anonymous,EN,Yes,Yes,UNI41,,Full-time,Yes,,4,2nd Year,,,Psychology Bsc Hons with placement ,Yes,Male,Strongly agree,Strongly disagree,Strongly agree,Strongly disagree,Agree,Disagree,Strongly agree,Strongly disagree,Strongly agree,Strongly agree,Strongly agree,Strongly disagree,Have no opinion,Strongly disagree,Disagree,Agree,I have heard of this,I have heard of this,I have heard of this,I have heard of this,I have heard of this,I have heard of this,I have heard of this,I have heard of this,,I have done/used this,,I have done/used this,I have done/used this,I have done/used this,,I have done/used this,Strongly Agree,Strongly disagree,Strongly agree,Strongly disagree,Agree,Strongly agree,Strongly disagree,Strongly agree,Yes,Yes,Failure to replicate results,Yes,Yes,Yes,
20/05/2020 02:57,20/05/2020 03:11,IP Address,100,843,TRUE,20/05/2020 03:11,R_2WSk4WnlfXLJN4U,anonymous,EN,Yes,Yes,UKRN03,,Full-time,No,,3,1st Year,,,BA Hons Psychology and Linguistics,Yes,Female,Strongly agree,Strongly disagree,Have no opinion,Agree,Have no opinion,Strongly disagree,Agree,Disagree,Disagree,Have no opinion,Agree,Strongly disagree,Agree,Strongly disagree,Strongly disagree,Disagree,,,I have heard of this,,I have heard of this,I have heard of this,,I have heard of this,,,I have done/used this,,I have done/used this,I have done/used this,,,Strongly Agree,Have no opinion,Agree,Strongly agree,Agree,Agree,Disagree,Have no opinion,Yes,Yes,a recent crisis where many studies are being replicated but the results in those studies do not have a high enough replicability rate,No,No,Yes,The questions were slightly confusing and too general at times
20/05/2020 04:12,20/05/2020 04:19,IP Address,100,433,TRUE,20/05/2020 04:19,R_1esL1GR8gEWn54T,anonymous,EN,Yes,Yes,UKRN03,,Full-time,No,,3,1st Year,,,Psychology BSc Hons,Yes,Female,Strongly agree,Disagree,Agree,Disagree,Agree,Disagree,Strongly agree,Disagree,Agree,Agree,Agree,Disagree,Agree,Agree,Have no opinion,Agree,I have heard of this,,I have heard of this,,,I have heard of this,,I have heard of this,,I have done/used this,,I have done/used this,I have done/used this,,I have done/used this,,Agree,Disagree,Agree,Strongly agree,Strongly Agree,Agree,Agree,Disagree,Yes,No,"An event which occurs where the exact procedure is replicated in another study, however different results are obtained without reason.",Yes,No,No,
20/05/2020 04:45,20/05/2020 04:52,IP Address,100,470,TRUE,20/05/2020 04:52,R_2XgKVGApw5fwczb,anonymous,EN,Yes,Yes,UKRN03,,Full-time,No,,3,1st Year,,,Psychology,No,Male,Strongly agree,Disagree,Agree,Strongly disagree,Agree,Disagree,Agree,Have no opinion,Agree,Strongly disagree,Disagree,Strongly disagree,Have no opinion,Agree,Disagree,Strongly disagree,I have heard of this,I have heard of this,I have heard of this,I have heard of this,,I have heard of this,,I have heard of this,,,I have done/used this,,,I have done/used this,,,Strongly Agree,Disagree,Agree,Strongly disagree,Strongly Disagree,Agree,Have no opinion,Agree,Yes,Yes,Broad failure across the discipline to replicate/reproduce research findings,Not sure,No,Yes,
20/05/2020 05:10,20/05/2020 05:16,IP Address,100,368,TRUE,20/05/2020 05:16,R_1j7KuyQMbbW9DTW,anonymous,EN,Yes,Yes,UKRN03,,Full-time,No,,4,3rd Year,,,Psychology MPsych,Yes,Male,Agree,Disagree,Strongly agree,Strongly disagree,Agree,Strongly disagree,Strongly agree,Strongly disagree,Strongly agree,Strongly disagree,Agree,Strongly disagree,Strongly agree,Strongly disagree,Strongly disagree,Strongly agree,I have heard of this,I have heard of this,I have heard of this,I have heard of this,,I have heard of this,I have heard of this,I have heard of this,,,,,,,,,Agree,Strongly disagree,Strongly agree,Strongly disagree,Agree,Strongly agree,Disagree,Agree,Yes,Yes,"A large portion of scientific findings in the psychological literature may actually not be significant results and instead the result of p-hacking. This is where researchers manipulate or are selective in their analysis to achieve a non-null result, which are more publishable ",Not sure,No,Yes,
20/05/2020 04:56,20/05/2020 05:37,IP Address,100,2426,TRUE,20/05/2020 05:37,R_3NQWIfcyKNfaj9R,anonymous,EN,Yes,Yes,UNI42,,Full-time,No,,4,1st Year,,,Psychology (Hons.),Yes,Female,Strongly agree,Strongly disagree,Have no opinion,Disagree,Agree,Disagree,Strongly agree,Strongly disagree,Strongly agree,Disagree,Agree,Strongly disagree,Agree,Strongly disagree,Disagree,Strongly agree,,,I have heard of this,I have heard of this,,,,,,,,,,,,I have done/used this,Strongly Agree,Strongly disagree,Strongly agree,Agree,Strongly Agree,Agree,Strongly disagree,Have no opinion,Yes,No,"Not enough importance is given to studies which replicate previous studies. Hence, many studies have low reliability ",Not sure,No,Yes,
20/05/2020 05:33,20/05/2020 05:45,IP Address,100,710,TRUE,20/05/2020 05:45,R_2PbchvfxFQLpzHn,anonymous,EN,Yes,Yes,UKRN03,,Full-time,No,,3,2nd Year,,,BSc Hons Psychology Full Time,Yes,Female,Strongly agree,Disagree,Strongly agree,Strongly disagree,Strongly agree,Disagree,Have no opinion,Have no opinion,Agree,Have no opinion,Strongly agree,Strongly disagree,Strongly agree,Strongly disagree,Disagree,Agree,I have heard of this,I have heard of this,I have heard of this,I have heard of this,,I have heard of this,I have heard of this,I have heard of this,I have done/used this,I have done/used this,I have done/used this,,,,,,Agree,Strongly disagree,Strongly agree,Disagree,Agree,Have no opinion,Strongly disagree,Strongly agree,Yes,Yes,Many studies do not replicate and there is a bias to publish positive results over negative results,Yes,Yes,Yes,
20/05/2020 06:01,20/05/2020 06:08,IP Address,100,409,TRUE,20/05/2020 06:08,R_1IFBWYhhysDP0Ju,anonymous,EN,Yes,Yes,UNI43,,Full-time,Yes,,4,2nd Year,,,BSc Psychology ,Yes,Female ,Strongly agree,Disagree,Agree,Strongly disagree,Agree,Strongly agree,Strongly agree,Disagree,Strongly agree,Strongly agree,Agree,Strongly disagree,Have no opinion,Agree,Disagree,Strongly agree,I have heard of this,I have heard of this,I have heard of this,I have heard of this,I have heard of this,I have heard of this,I have heard of this,I have heard of this,,,I have done/used this,,,,I have done/used this,I have done/used this,Agree,Disagree,Strongly agree,Agree,Strongly Agree,Have no opinion,Disagree,Strongly agree,Yes,Yes,"Many famous studies have failed to be replicated at a later date, which may suggest that the effects and results found before may not be reliable. ",Yes,No,Yes,
20/05/2020 07:12,20/05/2020 07:22,IP Address,100,619,TRUE,20/05/2020 07:22,R_123emkqWUKjnVBk,anonymous,EN,Yes,Yes,UNI21,,Full-time,Yes,,3,1st Year,,,psychology,No,female,Agree,Disagree,Agree,Disagree,Have no opinion,Disagree,Agree,Agree,Agree,Disagree,Agree,Disagree,Have no opinion,Disagree,Disagree,Have no opinion,I have heard of this,I have heard of this,,,,,,,,,I have done/used this,,,I have done/used this,,I have done/used this,Agree,Have no opinion,Strongly agree,Agree,Have no opinion,Agree,Disagree,Have no opinion,Yes,Yes,hypotheses cant be supported after theyve been replicated so therefore can you make a solid conclusion?,Not sure,Not sure,Yes,
20/05/2020 08:17,20/05/2020 08:22,IP Address,100,288,TRUE,20/05/2020 08:22,R_3l6hPWi10Z6ZGyR,anonymous,EN,Yes,Yes,UNI39,,Full-time,No,,4,3rd Year,,,Psychology,No,Female,Strongly agree,Strongly disagree,Strongly agree,Strongly disagree,Strongly agree,Disagree,Strongly agree,Strongly disagree,Strongly agree,Strongly agree,Agree,Strongly disagree,Have no opinion,Disagree,Strongly disagree,Disagree,,,I have heard of this,,,,,I have heard of this,,,I have done/used this,,,,,,Strongly Agree,Disagree,Strongly agree,Disagree,Disagree,Agree,Disagree,Agree,Yes,Yes,Studies in psychology are often difficult to replicate,No,Not sure,Yes,
20/05/2020 09:10,20/05/2020 09:15,IP Address,100,290,TRUE,20/05/2020 09:15,R_1cUtzgd0MWKjFfv,anonymous,EN,Yes,Yes,UNI40,,Full-time,Yes,,4,4th Year,,,BSc Psychology (Mental Health) (SW),Yes,Female,Disagree,Disagree,Agree,Strongly disagree,Strongly disagree,Have no opinion,Agree,Agree,Agree,Disagree,Agree,Strongly disagree,Disagree,Disagree,Disagree,Agree,I have heard of this,I have heard of this,I have heard of this,I have heard of this,,I have heard of this,I have heard of this,I have heard of this,,,I have done/used this,I have done/used this,,I have done/used this,I have done/used this,I have done/used this,Disagree,Have no opinion,Strongly agree,Agree,Disagree,Agree,Agree,Have no opinion,Yes,Not sure,That things are often not replicable? ,No,No,Not sure,
20/05/2020 10:10,20/05/2020 10:17,IP Address,100,430,TRUE,20/05/2020 10:17,R_2v847ZTG1ojppwt,anonymous,EN,Yes,Yes,UNI44,,Full-time,No,,3,2nd Year,,,Psychology with Criminology ,Yes,F,Strongly agree,Strongly disagree,Strongly agree,Strongly disagree,Agree,Have no opinion,Strongly agree,Disagree,Have no opinion,Strongly disagree,Strongly agree,Strongly disagree,Strongly agree,Strongly disagree,Strongly disagree,Agree,I have heard of this,I have heard of this,I have heard of this,I have heard of this,,,I have heard of this,I have heard of this,I have done/used this,,I have done/used this,,,,,I have done/used this,Strongly Agree,Strongly disagree,Strongly agree,Have no opinion,Strongly Agree,Disagree,Strongly disagree,Have no opinion,Yes,Yes,"Research was published that had poor reliability/validity. Researchers replicated these studys and found fraudulant data, p-hacking etc",Yes,Yes,Yes, I am unsure about the rules re confidentially and publishing anonymous data.
20/05/2020 10:10,20/05/2020 10:19,IP Address,100,547,TRUE,20/05/2020 10:19,R_12lmiyeyuLMAWj8,anonymous,EN,Yes,Yes,UNI44,,Full-time,No,,3,3rd Year,,,Psychology ,Yes,Female,Strongly agree,Strongly disagree,Agree,Strongly disagree,Strongly agree,Strongly disagree,Disagree,Agree,Strongly agree,Disagree,Agree,Strongly disagree,Have no opinion,Strongly disagree,Disagree,Have no opinion,I have heard of this,I have heard of this,I have heard of this,I have heard of this,,I have heard of this,I have heard of this,I have heard of this,,,I have done/used this,I have done/used this,,,,,Strongly Agree,Strongly disagree,Have no opinion,Agree,Have no opinion,Disagree,Strongly disagree,Agree,Yes,Yes,Research was found not to be replicable meaning the results were not reliable. This was true of a vast array of research calling into question the reliability of psychological research as a scientific subject.,Yes,Yes,Yes,
20/05/2020 10:50,20/05/2020 10:59,IP Address,100,552,TRUE,20/05/2020 10:59,R_6iq74gwif3xbclj,anonymous,EN,Yes,Yes,UNI24,,Full-time,No,,3,2nd Year,,,Psychology and Criminology ,No,Female ,Strongly agree,Disagree,Agree,Disagree,Agree,Disagree,Agree,Disagree,Agree,Disagree,Agree,Strongly disagree,Agree,Strongly disagree,Disagree,Strongly agree,I have heard of this,,I have heard of this,,,I have heard of this,,I have heard of this,I have done/used this,,I have done/used this,,,I have done/used this,,I have done/used this,Strongly disagree,Disagree,Strongly agree,Disagree,Strongly Agree,Disagree,Strongly disagree,Disagree,No,,,No,No,Yes,
20/05/2020 11:42,20/05/2020 11:47,IP Address,100,323,TRUE,20/05/2020 11:47,R_1rwVkaHPu1Mt8O7,anonymous,EN,Yes,Yes,UNI22,,Full-time,Yes,,3,1st Year,,,Psychology with Criminology and Criminal Justice,Yes,Female,Agree,Disagree,Have no opinion,Disagree,Agree,Agree,Disagree,Have no opinion,Agree,Agree,Agree,Strongly disagree,Have no opinion,Disagree,Disagree,Agree,I have heard of this,I have heard of this,I have heard of this,I have heard of this,I have heard of this,I have heard of this,I have heard of this,I have heard of this,,,,,,,,,Agree,Agree,Disagree,Agree,Strongly Agree,Disagree,Disagree,Disagree,No,,,No,No,Yes,
20/05/2020 11:31,20/05/2020 11:49,IP Address,100,1042,TRUE,20/05/2020 11:49,R_eri7IvFjjp4Tlip,anonymous,EN,Yes,Yes,UNI25,,Full-time,No,,3,3rd Year,,,Psychology BSc Hons,Yes,Female,Agree,Disagree,Disagree,Strongly disagree,Have no opinion,Have no opinion,Disagree,Agree,Have no opinion,Agree,Agree,Strongly disagree,Agree,Strongly disagree,Disagree,Agree,,,I have heard of this,,I have heard of this,I have heard of this,I have heard of this,I have heard of this,,,,,,,,,Agree,Disagree,Have no opinion,Have no opinion,Agree,Disagree,Disagree,Agree,Yes,Yes,Many studies are difficult to replicate due to methodological issues. Therefore some scientific theories are based on studies that can’t be tested again.,No,No,Yes,
20/05/2020 12:23,20/05/2020 12:30,IP Address,100,409,TRUE,20/05/2020 12:30,R_2ONL0aTj6TlnjX6,anonymous,EN,Yes,Yes,UNI11,,Full-time,No,,3,3rd Year,,,Psychology BSc,Yes,Female,Agree,Disagree,Disagree,Agree,Agree,Disagree,Agree,Have no opinion,Strongly disagree,Strongly agree,Disagree,Disagree,Agree,Disagree,Strongly disagree,Agree,,,,,,,,I have heard of this,,,I have done/used this,,,,I have done/used this,,Agree,Disagree,Agree,Strongly agree,Agree,Strongly disagree,Disagree,Agree,No,,,No,No,Yes,
20/05/2020 13:37,20/05/2020 13:48,IP Address,100,641,TRUE,20/05/2020 13:48,R_21pPdkRNrMSi0pK,anonymous,EN,Yes,Yes,UNI21,,Full-time,No,,3,1st Year,,,BSc Psychology,Yes,Female,Strongly agree,Strongly disagree,Agree,Agree,Have no opinion,Disagree,Strongly agree,Strongly disagree,Strongly agree,Strongly agree,Strongly agree,Strongly disagree,Agree,Disagree,Strongly disagree,Strongly agree,I have heard of this,I have heard of this,I have heard of this,I have heard of this,I have heard of this,I have heard of this,I have heard of this,I have heard of this,,,,,I have done/used this,,,I have done/used this,Agree,Disagree,Agree,Agree,Strongly Agree,Agree,Disagree,Agree,Yes,Yes,That the scientific studies cannot be reproduced and are likely to be incorrect,No,No,Yes,
20/05/2020 13:41,20/05/2020 13:50,IP Address,100,547,TRUE,20/05/2020 13:50,R_2TSjLDt7Ugjxb7N,anonymous,EN,Yes,Yes,UNI45,,Full-time,No,,3,2nd Year,,,Psychology,Yes,Female,Strongly agree,Strongly disagree,Strongly agree,Strongly disagree,Strongly agree,Strongly disagree,Strongly agree,Disagree,Strongly agree,Strongly disagree,Strongly agree,Strongly disagree,Strongly agree,Agree,Agree,Strongly agree,,I have heard of this,,,I have heard of this,,I have heard of this,,I have done/used this,,I have done/used this,I have done/used this,,I have done/used this,,I have done/used this,Strongly Agree,Strongly disagree,Strongly agree,Disagree,Agree,Disagree,Disagree,Agree,Yes,Yes,studies are unable / hard to be replicated and so might be wrong ,Yes,Yes,Yes,"As Dr Jessica Taylor has raised recently, academic papers should be accessible to all - even in the language written in"
20/05/2020 14:49,20/05/2020 14:55,IP Address,100,358,TRUE,20/05/2020 14:55,R_BWKTHqdggHN3dM5,anonymous,EN,Yes,Yes,UNI44,,Full-time,No,,3,1st Year,,,Psychology,Yes,Female,Strongly agree,Strongly disagree,Agree,Agree,Agree,Disagree,Agree,Disagree,Agree,Agree,Agree,Disagree,Agree,Agree,Have no opinion,Agree,I have heard of this,,I have heard of this,I have heard of this,I have heard of this,I have heard of this,,I have heard of this,,I have done/used this,,,,,I have done/used this,,Disagree,Agree,Disagree,Agree,Agree,Agree,Disagree,Agree,Yes,Yes,Problems with repeating studies,Yes,Yes,Yes,
20/05/2020 15:38,20/05/2020 15:45,IP Address,100,397,TRUE,20/05/2020 15:45,R_2EnTVHTC0II2ZD8,anonymous,EN,Yes,Yes,UNI46,,Full-time,No,,3,3rd Year,,,Psychology ,Yes,Female,Agree,Disagree,Strongly agree,Disagree,Have no opinion,Have no opinion,Agree,Agree,Agree,Agree,Agree,Strongly disagree,Have no opinion,Disagree,Disagree,Agree,I have heard of this,,,I have heard of this,,,,I have heard of this,,I have done/used this,I have done/used this,,,I have done/used this,I have done/used this,,Agree,Agree,Agree,Have no opinion,Agree,Have no opinion,Disagree,Have no opinion,Yes,No,When studies are impossible to replicate exactly,Not sure,No,Yes,
20/05/2020 15:41,20/05/2020 15:50,IP Address,100,543,TRUE,20/05/2020 15:50,R_1YcvVgUAWD1EeEp,anonymous,EN,Yes,Yes,UNI47,,Full-time,No,,3,1st Year,,,BSc Education & Psychology,No,Female ,Have no opinion,Disagree,Agree,Agree,Agree,Disagree,Agree,Have no opinion,Agree,Have no opinion,Agree,Disagree,Disagree,Disagree,Disagree,Have no opinion,I have heard of this,I have heard of this,I have heard of this,I have heard of this,,,I have heard of this,I have heard of this,,I have done/used this,I have done/used this,I have done/used this,,,,,Agree,Disagree,Agree,Agree,Have no opinion,Agree,Have no opinion,Agree,Not sure,,,Not sure,Not sure,Yes,
20/05/2020 16:41,20/05/2020 16:48,IP Address,100,430,TRUE,20/05/2020 16:48,R_2xxApcfknGtsGnS,anonymous,EN,Yes,Yes,UNI48,,Full-time,No,,4,2nd Year,,,BSc Psychology ,No,Female ,Have no opinion,Disagree,Agree,Disagree,Agree,Disagree,Agree,Agree,Agree,Disagree,Agree,Disagree,Strongly agree,Have no opinion,Have no opinion,Agree,I have heard of this,I have heard of this,,I have heard of this,I have heard of this,,,I have heard of this,,,I have done/used this,,,I have done/used this,,,Agree,Disagree,Agree,Disagree,Have no opinion,Have no opinion,Disagree,Agree,Yes,Yes,"Earlier studies did not have to publish details of their method, so now we cannot replicate them exactly to see if they are accurate ",Not sure,Not sure,Yes,
20/05/2020 17:26,20/05/2020 17:31,IP Address,100,274,TRUE,20/05/2020 17:31,R_1oaUpnb8nbyphys,anonymous,EN,Yes,Yes,UNI44,,Full-time,No,,3,2nd Year,,,Psychology Bsc,Yes,Female,Strongly agree,Strongly disagree,Strongly agree,Strongly disagree,Agree,Agree,Strongly agree,Disagree,Strongly agree,Strongly disagree,Disagree,Strongly disagree,Agree,Disagree,Strongly disagree,Strongly agree,I have heard of this,,I have heard of this,,,,,I have heard of this,,,,,,,,,Strongly Agree,Disagree,Strongly agree,Agree,Strongly Agree,Agree,Disagree,Have no opinion,Yes,Yes,It’s something around how even if you keep replicating studies you can never 100% prove anytbing I think? Is it linked to the dodo bird hypothesis?,Yes,Yes,Yes,This was a great survey thank you
20/05/2020 17:48,20/05/2020 17:59,IP Address,100,650,TRUE,20/05/2020 17:59,R_9KSUT3IhcT2GkvL,anonymous,EN,Yes,Yes,UNI49,,Full-time,No,,3,1st Year,,,Psychology & Counselling BSc,Yes,Male,Strongly agree,Strongly disagree,Disagree,Strongly disagree,Agree,Strongly disagree,Strongly agree,Strongly disagree,Agree,Disagree,Strongly agree,Strongly disagree,Disagree,Strongly disagree,Disagree,Agree,I have heard of this,I have heard of this,I have heard of this,,,,,I have heard of this,I have done/used this,,I have done/used this,,,,,,Strongly Agree,Disagree,Strongly agree,Have no opinion,Disagree,Strongly agree,Disagree,Strongly agree,No,,,Yes,No,Yes,"The traditionally ‘institutionalised’ and inaccessibility of access to robust research only widens the gap between poor media reporting and genuine research. Promoting open journal access and better educating the wider public about the use of statistics and research can only be a positive, surely!"
14/05/2020 03:46,14/05/2020 03:54,IP Address,59,469,FALSE,21/05/2020 03:54,R_2CkWeD2UdCLJri0,anonymous,EN,Yes,Yes,UNI07,,Full-time,No,,3,2nd Year,,,Psychology BSc,Yes,Female,Agree,Disagree,Have no opinion,Have no opinion,Strongly agree,Disagree,Agree,Disagree,Agree,Strongly agree,Agree,Strongly disagree,Have no opinion,Disagree,Disagree,Strongly agree,,,I have heard of this,,,,,I have heard of this,I have done/used this,I have done/used this,,I have done/used this,I have done/used this,I have done/used this,I have done/used this,,Agree,Disagree,,,,,,,,,,,,,
21/05/2020 04:42,21/05/2020 04:46,IP Address,100,242,TRUE,21/05/2020 04:46,R_6Pv8sDyOAboyYyR,anonymous,EN,Yes,Yes,UNI50,,Full-time,No,,3,2nd Year,,,Psychology ,Yes,Female ,Agree,Strongly disagree,Strongly agree,Strongly disagree,Strongly agree,Strongly disagree,Strongly agree,Strongly disagree,Agree,Disagree,Disagree,Strongly disagree,Agree,Disagree,Have no opinion,Have no opinion,,I have heard of this,,,I have heard of this,I have heard of this,,,I have done/used this,,I have done/used this,I have done/used this,,,,I have done/used this,Agree,Disagree,Agree,Agree,Agree,Have no opinion,Strongly disagree,Agree,Yes,Yes,,Yes,Yes,Yes,
21/05/2020 04:42,21/05/2020 04:46,IP Address,100,253,TRUE,21/05/2020 04:46,R_XNwsiWMFsvG8QQ9,anonymous,EN,Yes,Yes,UNI50,,Full-time,No,,3,3rd Year,,,BsC Psychology (Hons),Yes,Female,Strongly agree,Disagree,Agree,Agree,Strongly agree,Disagree,Strongly agree,Have no opinion,Agree,Have no opinion,Agree,Disagree,Agree,Agree,Have no opinion,Agree,,,,,,,,,,,I have done/used this,,,,,I have done/used this,Agree,Have no opinion,Agree,Agree,Agree,Agree,Disagree,Agree,Yes,Not sure,Too many people repeating the same study,No,No,Yes,
21/05/2020 04:41,21/05/2020 04:46,IP Address,100,308,TRUE,21/05/2020 04:46,R_1NrzrVaGRb6gUn1,anonymous,EN,Yes,Yes,UNI50,,Full-time,No,,3,3rd Year,,,Psychology with forensic psychology ,Yes,Female,Agree,Strongly disagree,Have no opinion,Disagree,Agree,Strongly disagree,Strongly agree,Disagree,Agree,Disagree,Agree,Disagree,Agree,Agree,Disagree,Agree,,,I have heard of this,I have heard of this,,,,I have heard of this,,,,,,,,,Disagree,Disagree,Disagree,Agree,Strongly Agree,Disagree,Strongly disagree,Agree,Yes,Yes,Where studies are difficult to replicate,Not sure,No,Yes,
21/05/2020 04:42,21/05/2020 04:47,IP Address,100,301,TRUE,21/05/2020 04:47,R_2zN3zwfXxcsttcG,anonymous,EN,Yes,Yes,UNI50,,Full-time,No,,3,1st Year,,,Psychology with Clinical Psychology ,Yes,Female,Agree,Disagree,Agree,Disagree,Agree,Disagree,Strongly agree,Disagree,Agree,Agree,Agree,Agree,Agree,Agree,Disagree,Agree,I have heard of this,,,I have heard of this,,,I have heard of this,I have heard of this,,,,,,,,,Agree,Agree,Agree,Agree,Strongly Agree,Agree,Disagree,Disagree,No,,,No,No,Yes,
21/05/2020 04:41,21/05/2020 04:47,IP Address,100,355,TRUE,21/05/2020 04:47,R_27pdLgxeooa7a91,anonymous,EN,Yes,Yes,UNI50,,Full-time,No,,3,2nd Year,,,Psychology,Yes,Female,Strongly agree,Disagree,Agree,Disagree,Have no opinion,Disagree,Have no opinion,Agree,Agree,Agree,Strongly agree,Strongly disagree,Strongly agree,Disagree,Disagree,Agree,I have heard of this,I have heard of this,,,I have heard of this,I have heard of this,,,,,I have done/used this,I have done/used this,,,I have done/used this,I have done/used this,Strongly Agree,Disagree,Agree,Strongly disagree,Agree,Agree,Strongly disagree,Agree,Yes,Yes,Not enough studies are reliably being replicated which causes doubts on the validity of the original studies findings or suggests populations are not comparable or that p hacking may have occurred ,No,No,Yes,
21/05/2020 04:41,21/05/2020 04:48,IP Address,100,379,TRUE,21/05/2020 04:48,R_2OZwdwLQTJyoHLW,anonymous,EN,Yes,Yes,UNI50,,Full-time,No,,3,3rd Year,,,Psychology,Yes,Female ,Strongly agree,Disagree,Disagree,Have no opinion,Agree,Have no opinion,Strongly agree,Disagree,Agree,Agree,Agree,Disagree,Have no opinion,Agree,Disagree,Agree,I have heard of this,,I have heard of this,,,I have heard of this,,I have heard of this,,I have done/used this,,I have done/used this,I have done/used this,,I have done/used this,,Agree,Disagree,Agree,Agree,Agree,Disagree,Have no opinion,Disagree,Yes,Yes,Issues with repeating studies,Yes,Yes,Yes,
21/05/2020 04:42,21/05/2020 04:48,IP Address,100,375,TRUE,21/05/2020 04:48,R_1mq1qTCiOj0wkQH,anonymous,EN,Yes,Yes,UNI50,,Full-time,No,,3,3rd Year,,,Psychology BSc,Yes,Female,Strongly agree,Disagree,Agree,Disagree,Agree,Disagree,Agree,Disagree,Agree,Have no opinion,Agree,Disagree,Have no opinion,Have no opinion,Have no opinion,Have no opinion,I have heard of this,I have heard of this,I have heard of this,,I have heard of this,I have heard of this,I have heard of this,I have heard of this,,,I have done/used this,,,,I have done/used this,I have done/used this,Disagree,Have no opinion,Agree,Agree,Have no opinion,Disagree,Disagree,Have no opinion,Yes,Yes,a lot of studies are hard to replicate.,No,No,Yes,
21/05/2020 04:42,21/05/2020 04:48,IP Address,100,391,TRUE,21/05/2020 04:48,R_2S6xehaT5UYr60N,anonymous,EN,Yes,Yes,UNI50,,Full-time,No,,3,3rd Year,,,Psychology with clinical,Yes,Male,Strongly agree,Disagree,Have no opinion,Disagree,Agree,Disagree,Strongly agree,Disagree,Strongly agree,Strongly disagree,Agree,Strongly disagree,Have no opinion,Agree,Disagree,Strongly agree,I have heard of this,I have heard of this,I have heard of this,,,I have heard of this,,I have heard of this,,,I have done/used this,,,I have done/used this,,I have done/used this,Strongly Agree,Strongly disagree,Strongly agree,Disagree,Strongly Agree,Have no opinion,Agree,Agree,Yes,Yes,The issue that many studies are not possible to reproduce due to factors such as the materials not being available or studying naturally occurring events that don't repeat,Not sure,Yes,Yes,
21/05/2020 04:43,21/05/2020 04:49,IP Address,100,389,TRUE,21/05/2020 04:49,R_1pAJRAZNuf9O9R8,anonymous,EN,Yes,Yes,UNI50,,Full-time,No,,3,2nd Year,,,Psychology BSc,Yes,Female,Strongly agree,Strongly disagree,Disagree,Disagree,Agree,Disagree,Strongly agree,Disagree,Agree,Strongly agree,Agree,Disagree,Agree,Agree,Have no opinion,Agree,,,I have heard of this,,I have heard of this,I have heard of this,I have heard of this,I have heard of this,,,I have done/used this,,,,,I have done/used this,Agree,Disagree,Agree,Agree,Agree,Agree,Disagree,Agree,Yes,No,Older studies are very difficult to replicate so previous results can’t be supported or disproved ,No,No,Yes,
21/05/2020 04:42,21/05/2020 04:49,IP Address,100,454,TRUE,21/05/2020 04:49,R_1rjFRqMbRZKXwyt,anonymous,EN,Yes,Yes,UNI50,,Full-time,No,,3,2nd Year,,,Psychology ,Yes,Female ,Strongly agree,Disagree,Agree,Disagree,Agree,Disagree,Strongly agree,Disagree,Agree,Agree,Agree,Strongly disagree,Agree,Disagree,Disagree,Agree,,,,,,,,,,,,,,,,,Strongly Agree,Disagree,Agree,Agree,Agree,Have no opinion,Disagree,Have no opinion,Yes,Not sure,Some studies being impossible to replicate ,No,Not sure,Yes,
21/05/2020 04:43,21/05/2020 04:49,IP Address,100,414,TRUE,21/05/2020 04:49,R_2V3icnaVfCOmuMa,anonymous,EN,Yes,Yes,UNI50,,Full-time,No,,3,3rd Year,,,BSc Psychology,Yes,Female,Agree,Disagree,Agree,Disagree,Agree,Strongly disagree,Strongly agree,Strongly disagree,Agree,Disagree,Agree,Strongly disagree,Strongly agree,Disagree,Agree,Agree,I have heard of this,I have heard of this,I have heard of this,I have heard of this,,,I have heard of this,I have heard of this,,,I have done/used this,,,,I have done/used this,I have done/used this,Agree,Disagree,Strongly agree,Strongly disagree,Agree,Agree,Disagree,Agree,Yes,Yes,"A lot of published research is difficult/impossible to replicate, meaning some theories are unfalsifiable",Not sure,Yes,Yes,
21/05/2020 04:43,21/05/2020 04:50,IP Address,100,416,TRUE,21/05/2020 04:50,R_3kaIL5fc7fVUehZ,anonymous,EN,Yes,Yes,UNI50,,Full-time,No,,3,2nd Year,,,Psychology ,Yes,Female,Strongly agree,Disagree,Agree,Disagree,Agree,Have no opinion,Agree,Disagree,Agree,Have no opinion,Agree,Strongly disagree,Strongly agree,Agree,Disagree,Have no opinion,I have heard of this,,,,,,,,,I have done/used this,I have done/used this,,,I have done/used this,,I have done/used this,Agree,Disagree,Disagree,Have no opinion,Have no opinion,Disagree,Disagree,Agree,Yes,Yes,Previous studies are carried out again and the results are not the same. Most of the time the results are no longer significant ,Not sure,Not sure,Yes,
21/05/2020 04:41,21/05/2020 04:51,IP Address,100,585,TRUE,21/05/2020 04:51,R_uh93tas5OooXeiR,anonymous,EN,Yes,Yes,UNI50,,Full-time,No,,3,2nd Year,,,Psychology,Yes,Female,Strongly agree,Disagree,Agree,Disagree,Agree,Disagree,Agree,Disagree,Agree,Disagree,Agree,Strongly disagree,Agree,Agree,Disagree,Agree,I have heard of this,,I have heard of this,,,I have heard of this,I have heard of this,I have heard of this,,,I have done/used this,,,,,,Agree,Disagree,Agree,Agree,Strongly Agree,Agree,Disagree,Agree,Yes,Yes,Hard to replicate people’s studies ,Yes,Not sure,Yes,
21/05/2020 04:44,21/05/2020 04:52,IP Address,100,518,TRUE,21/05/2020 04:52,R_voCrptNXgaQqf29,anonymous,EN,Yes,Yes,UNI50,,Full-time,No,,3,2nd Year,,,Psychology with forensic psychology ,No,Female,Strongly agree,Disagree,Agree,Disagree,Disagree,Strongly disagree,Agree,Disagree,Strongly agree,Agree,Strongly agree,Strongly disagree,Disagree,Disagree,Disagree,Agree,I have heard of this,,I have heard of this,I have heard of this,,,,I have heard of this,,,,,,,,,Strongly Agree,Disagree,Disagree,Agree,Strongly Agree,Disagree,Strongly disagree,Agree,No,,,Not sure,Not sure,Yes,
21/05/2020 04:47,21/05/2020 04:54,IP Address,100,441,TRUE,21/05/2020 04:54,R_1F4cUjO8xpcWkO1,anonymous,EN,Yes,Yes,UNI50,,Full-time,No,,3,3rd Year,,,Psychology with Forensic Psychology ,Yes,Female,Strongly agree,Disagree,Disagree,Disagree,Agree,Disagree,Strongly agree,Strongly disagree,Disagree,Agree,Strongly agree,Strongly disagree,Agree,Disagree,Have no opinion,Have no opinion,I have heard of this,,I have heard of this,I have heard of this,,,I have heard of this,I have heard of this,,I have done/used this,,,I have done/used this,I have done/used this,,,Agree,Disagree,Strongly agree,Disagree,Agree,Have no opinion,Disagree,Disagree,Yes,Yes,The assimilation between original and replicated research poses a problem to its usefulness  ,Yes,Yes,Yes,
21/05/2020 04:42,21/05/2020 04:54,IP Address,100,699,TRUE,21/05/2020 04:54,R_2VKEuJoR96hfeDX,anonymous,EN,Yes,Yes,UNI50,,Full-time,No,,3,2nd Year,,,BSc Psychology ,Yes,Female,Agree,Disagree,Have no opinion,Disagree,Have no opinion,Disagree,Have no opinion,Have no opinion,Agree,Strongly agree,Agree,Strongly disagree,Agree,Disagree,Disagree,Agree,I have heard of this,I have heard of this,I have heard of this,I have heard of this,I have heard of this,I have heard of this,,I have heard of this,,,I have done/used this,,,I have done/used this,,I have done/used this,Agree,Have no opinion,Agree,Agree,Strongly Agree,Strongly disagree,Have no opinion,Have no opinion,Not sure,,,Yes,No,Yes,
21/05/2020 04:56,21/05/2020 05:02,IP Address,100,340,TRUE,21/05/2020 05:02,R_7UPFwkGmZjXl5mx,anonymous,EN,Yes,Yes,UNI50,,Full-time,No,,3,1st Year,,,BSc Psychology,Yes,Female,Strongly agree,Strongly disagree,Strongly agree,Strongly disagree,Strongly agree,Disagree,Agree,Disagree,Strongly agree,Strongly disagree,Agree,Strongly disagree,Have no opinion,Have no opinion,Have no opinion,Have no opinion,I have heard of this,I have heard of this,,I have heard of this,I have heard of this,,I have heard of this,,,,I have done/used this,,,I have done/used this,,I have done/used this,Strongly Agree,Disagree,Agree,Have no opinion,Agree,Disagree,Strongly disagree,Strongly agree,No,,,No,Not sure,Yes,
21/05/2020 04:59,21/05/2020 05:06,IP Address,100,380,TRUE,21/05/2020 05:06,R_0CHUFtWh2iJr6M1,anonymous,EN,Yes,Yes,UNI50,,Full-time,No,,3,3rd Year,,,BSc (Hons) Psychology,Yes,Female,Strongly agree,Disagree,Disagree,Have no opinion,Agree,Have no opinion,Strongly agree,Disagree,Agree,Strongly agree,Strongly agree,Disagree,Strongly agree,Agree,Disagree,Have no opinion,,,I have heard of this,,,,,I have heard of this,,,I have done/used this,,,,,,Disagree,Have no opinion,Strongly agree,Disagree,Have no opinion,Have no opinion,Disagree,Agree,Not sure,,,No,No,Yes,
21/05/2020 05:03,21/05/2020 05:10,IP Address,100,380,TRUE,21/05/2020 05:10,R_z8QUi0yhtQ7bSOB,anonymous,EN,Yes,Yes,UNI50,,Full-time,No,,3,2nd Year,,,Psychology ,Yes,Female ,Strongly agree,Strongly disagree,Have no opinion,Agree,Have no opinion,Have no opinion,Agree,Agree,Strongly agree,Agree,Agree,Agree,Have no opinion,Agree,Have no opinion,Strongly agree,,,I have heard of this,,I have heard of this,,I have heard of this,I have heard of this,,,,,,,I have done/used this,,Agree,Have no opinion,Agree,Disagree,Strongly Agree,Disagree,Disagree,Have no opinion,Yes,Yes,When some methodological studies seem impossible to replicate ,No,No,Yes,
21/05/2020 04:43,21/05/2020 05:12,IP Address,100,1760,TRUE,21/05/2020 05:12,R_1hYeBn14r2LRjaC,anonymous,EN,Yes,Yes,UNI50,,Full-time,No,,3,3rd Year,,,BSc Hons Psychology,Yes,Female,Agree,Strongly disagree,Strongly agree,Disagree,Agree,Have no opinion,Agree,Disagree,Agree,Strongly agree,Agree,Strongly disagree,Agree,Have no opinion,Agree,Have no opinion,I have heard of this,,,,I have heard of this,,,,,I have done/used this,I have done/used this,I have done/used this,,,I have done/used this,I have done/used this,Strongly Agree,Agree,Strongly agree,Have no opinion,Agree,Have no opinion,Disagree,Agree,Yes,Yes,"An attempt is sometimes made to replicate findings of previous studies, but sometimes researchers alter methods slightly, not necessarily deliberately, leading to a change in results. A classic example of this is explained by Noah et al. (2018) on the facial feedback effect. Furthermore, researchers can feel pressured to obtain significant results, or findings consistent with their hypothesis. If this does not happen, results may not be published, despite them contradicting findings of earlier studies and providing insight into the topic. Though it is (hopefully) less common practice now, some researchers have been known for 'p-hacking,' or to use a very small or large sample size, then stop collecting data as soon as their results are significant. Therefore, as these results may not be accurate, it is important to replicate studies with different participants. The point is, if researchers' results aren't significant in the first place, the findings are less likely to be published, meaning some researchers always strive for a significant result, even if that means having a small sample size etc. It is only recently professionals have read papers and considered replicating studies of which the findings don't 'add up.' However, to replicate a study EXACTLY can be difficult, and to get a non-significant result published can be even harder. ",Yes,Not sure,Yes,"A non-significant finding is still a finding. We shouldn't look at a finding as being 'correct' or 'incorrect' based on its p value. Its reliability and accuracy should depend on the methodology and materials. If research is carried out 'properly,' we should see the finding as informative, be it significant or not. (I'm sorry this is an essay, I'm passionate about this)."
21/05/2020 05:06,21/05/2020 05:13,IP Address,100,446,TRUE,21/05/2020 05:13,R_WoBjLtdRdMZrgPv,anonymous,EN,Yes,Yes,UNI50,,Full-time,No,,3,1st Year,,,Bsc Psychology,Yes,female,Strongly agree,Strongly disagree,Strongly agree,Strongly disagree,Have no opinion,Have no opinion,Agree,Have no opinion,Have no opinion,Strongly agree,Strongly agree,Disagree,Strongly agree,Strongly disagree,Strongly disagree,Strongly agree,I have heard of this,I have heard of this,I have heard of this,,,I have heard of this,,I have heard of this,,,I have done/used this,,,,,,Disagree,Disagree,Strongly Disagree,Strongly agree,Strongly Agree,Strongly disagree,Strongly disagree,Have no opinion,No,,,No,No,Yes,
21/05/2020 05:20,21/05/2020 05:29,IP Address,100,591,TRUE,21/05/2020 05:29,R_URzwxddMIKAvyCJ,anonymous,EN,Yes,Yes,UNI50,,Full-time,No,,3,2nd Year,,,Psychology ,Yes,Female,Agree,Disagree,Agree,Disagree,Have no opinion,Have no opinion,Agree,Agree,Disagree,Strongly agree,Agree,Disagree,Disagree,Agree,Disagree,Strongly agree,I have heard of this,I have heard of this,I have heard of this,,,I have heard of this,,I have heard of this,,,I have done/used this,,,I have done/used this,,I have done/used this,Agree,Disagree,Have no opinion,Agree,Strongly Agree,Disagree,Disagree,Have no opinion,Yes,Yes,"No study is perfectly replicable as differences in samples will most likely have an effect, either due to culture, size, or time difference between original and replica",Not sure,No,Yes,
21/05/2020 05:38,21/05/2020 05:46,IP Address,100,521,TRUE,21/05/2020 05:46,R_3EbzKmK9VHQma4H,anonymous,EN,Yes,Yes,UNI50,,Full-time,No,,3,1st Year,,,Psychology ,Yes,Female ,Agree,Disagree,Have no opinion,Agree,Agree,Disagree,Agree,Disagree,Agree,Agree,Agree,Disagree,Agree,Disagree,Have no opinion,Agree,,I have heard of this,I have heard of this,I have heard of this,I have heard of this,I have heard of this,I have heard of this,,I have done/used this,,,,,,,I have done/used this,Disagree,Agree,Agree,Agree,Agree,Agree,Disagree,Agree,Not sure,,,Not sure,Not sure,Yes,
21/05/2020 06:05,21/05/2020 06:16,IP Address,100,621,TRUE,21/05/2020 06:16,R_3svwIzPSNehHZLx,anonymous,EN,Yes,Yes,UNI50,,Full-time,No,,3,3rd Year,,,Psychology BSc(Hons),Yes,Female,Agree,Disagree,Agree,Disagree,Agree,Disagree,Strongly agree,Disagree,Agree,Strongly agree,Disagree,Strongly disagree,Have no opinion,Agree,Disagree,Agree,I have heard of this,I have heard of this,I have heard of this,I have heard of this,,I have heard of this,,I have heard of this,,,,,,,,,Agree,Disagree,Strongly agree,Have no opinion,Disagree,Have no opinion,Agree,Agree,Not sure,,,Not sure,Not sure,Yes,
21/05/2020 06:07,21/05/2020 06:23,IP Address,100,946,TRUE,21/05/2020 06:23,R_3g5ShKkB2kcSyKR,anonymous,EN,Yes,Yes,UNI50,,Full-time,No,,3,3rd Year,,,Psychology with clinical psychology ,Yes,Female,Agree,Disagree,Disagree,Disagree,Agree,Disagree,Agree,Strongly disagree,Strongly disagree,Strongly agree,Strongly agree,Strongly disagree,Have no opinion,Disagree,Have no opinion,Have no opinion,,,I have heard of this,,,,I have heard of this,,,,I have done/used this,,,,I have done/used this,,Have no opinion,Disagree,Agree,Agree,Have no opinion,Disagree,Disagree,Have no opinion,Not sure,,,Not sure,No,Yes,
21/05/2020 06:23,21/05/2020 06:29,IP Address,100,332,TRUE,21/05/2020 06:29,R_2pY6MO3G2EqQ3B3,anonymous,EN,Yes,Yes,UNI50,,Full-time,No,,3,2nd Year,,,Psychology ,Yes,Female ,Strongly agree,Strongly disagree,Agree,Disagree,Disagree,Have no opinion,Agree,Disagree,Agree,Disagree,Have no opinion,Strongly disagree,Agree,Agree,Disagree,Agree,I have heard of this,,I have heard of this,,,,,I have heard of this,,I have done/used this,,I have done/used this,I have done/used this,I have done/used this,I have done/used this,,Agree,Disagree,Strongly agree,Have no opinion,Agree,Agree,Agree,Have no opinion,Yes,Yes,Where researchers are running out of absolutely new ideas for studies and so eventually every piece of research conducted will end up being a replica or something similar to another piece of research previously done. ,No,No,Not sure,
21/05/2020 06:52,21/05/2020 07:00,IP Address,100,491,TRUE,21/05/2020 07:00,R_1NzDNamg8KcTczM,anonymous,EN,Yes,Yes,UNI50,,Full-time,No,,3,3rd Year,,,BSc (Hons) Psychology,Yes,Female ,Agree,Disagree,Agree,Have no opinion,Have no opinion,Disagree,Agree,Have no opinion,Strongly agree,Strongly agree,Agree,Strongly disagree,Agree,Disagree,Have no opinion,Agree,I have heard of this,I have heard of this,,,,,I have heard of this,I have heard of this,,,I have done/used this,,,,,,Agree,Have no opinion,Strongly agree,Disagree,Agree,Agree,Disagree,Have no opinion,Yes,Yes,Researchers not sharing their findings and materials for others to be able to replicate the study,Yes,Yes,Yes,
21/05/2020 06:57,21/05/2020 07:23,IP Address,100,1590,TRUE,21/05/2020 07:23,R_1IBrfOrWLHmIeMA,anonymous,EN,Yes,Yes,UNI50,,Full-time,No,,3,3rd Year,,,psychology,Yes,F,Strongly agree,Disagree,Disagree,Agree,Strongly agree,Disagree,Strongly agree,Strongly disagree,Strongly agree,Strongly disagree,Agree,Disagree,Agree,Disagree,Disagree,Agree,I have heard of this,I have heard of this,,I have heard of this,I have heard of this,,,,,,I have done/used this,,,I have done/used this,I have done/used this,I have done/used this,Strongly Agree,Disagree,Strongly agree,Strongly disagree,Agree,Agree,Disagree,Agree,Not sure,,,Not sure,Not sure,Yes,
21/05/2020 07:29,21/05/2020 07:38,IP Address,100,545,TRUE,21/05/2020 07:38,R_1H18UWDslv1zOk1,anonymous,EN,Yes,Yes,UNI50,,Full-time,No,,3,2nd Year,,,Psychology ,Yes,Female,Agree,Disagree,Agree,Disagree,Agree,Strongly disagree,Disagree,Disagree,Disagree,Strongly agree,Agree,Disagree,Disagree,Disagree,Strongly disagree,Disagree,,,I have heard of this,,I have heard of this,I have heard of this,,I have heard of this,,,I have done/used this,,I have done/used this,I have done/used this,,I have done/used this,Agree,Disagree,Strongly Disagree,Agree,Disagree,Have no opinion,Disagree,Disagree,Yes,No,Many studies are difficult or impossible to replicate,No,No,Yes,
21/05/2020 07:50,21/05/2020 07:56,IP Address,100,386,TRUE,21/05/2020 07:56,R_AhQeK4j9hfQnLON,anonymous,EN,Yes,Yes,UKRN03,,Full-time,No,,3,1st Year,,,Psychology and Linguistics,Yes,Female,Strongly agree,Strongly disagree,Strongly agree,Disagree,Agree,Disagree,Agree,Have no opinion,Strongly agree,Disagree,Agree,Strongly disagree,Agree,Strongly disagree,Disagree,Agree,I have heard of this,I have heard of this,I have heard of this,I have heard of this,,I have heard of this,I have heard of this,I have heard of this,,,,,I have done/used this,,,,Strongly Agree,Disagree,Have no opinion,Have no opinion,Agree,Agree,Strongly disagree,Agree,Yes,Yes,"Key studies in Psychology were replicated, but the results produced were not the same as the original studies. This puts into question conclusions that were made by key figures in Psychology.",Yes,No,Yes,
21/05/2020 08:04,21/05/2020 08:11,IP Address,100,375,TRUE,21/05/2020 08:11,R_3saUWpTSkSfWAWe,anonymous,EN,Yes,Yes,UNI50,,Full-time,No,,3,2nd Year,,,Psychology BSc,Yes,Female,Agree,Disagree,Disagree,Disagree,Have no opinion,Disagree,Have no opinion,Have no opinion,Have no opinion,Have no opinion,Agree,Strongly disagree,Agree,Have no opinion,Disagree,Agree,,I have heard of this,I have heard of this,,,,,I have heard of this,,,I have done/used this,,,,,,Agree,Disagree,Have no opinion,Strongly agree,Agree,Have no opinion,Disagree,Agree,Yes,No,The fact that a lot of research is unable to produce the same results when it is done again.,No,No,Yes,
21/05/2020 08:19,21/05/2020 08:27,IP Address,100,483,TRUE,21/05/2020 08:27,R_3gX8k1RfyFMXciz,qr,EN,Yes,Yes,UNI50,,Full-time,No,,3,3rd Year,,,Psychology ,Yes,Female,Strongly agree,Disagree,Agree,Disagree,Have no opinion,Disagree,Agree,Agree,Disagree,Strongly agree,Agree,Disagree,Agree,Agree,Disagree,Agree,I have heard of this,I have heard of this,I have heard of this,I have heard of this,I have heard of this,I have heard of this,I have heard of this,I have heard of this,I have done/used this,I have done/used this,I have done/used this,,I have done/used this,I have done/used this,,,Agree,Disagree,Agree,Agree,Agree,Disagree,Agree,Disagree,Yes,Not sure,"From what I understand, it is a methodology crisis that means that a study is impossible to replicate and when replicated different results are found by different people. ",Yes,Yes,Yes,
21/05/2020 08:31,21/05/2020 08:40,IP Address,100,526,TRUE,21/05/2020 08:40,R_cx28J7eRd7EgMwh,anonymous,EN,Yes,Yes,UKRN05,,Full-time,No,,3,1st Year,,,Psychology (BSc),Yes,Female,Strongly agree,Disagree,Agree,Strongly disagree,Disagree,Disagree,Strongly agree,Strongly disagree,Strongly agree,Disagree,Agree,Strongly disagree,Agree,Agree,Disagree,Strongly agree,,,I have heard of this,I have heard of this,,,,I have heard of this,,,,,,,,,Agree,Disagree,Strongly agree,Strongly agree,Strongly Agree,Agree,Have no opinion,Strongly disagree,Yes,Yes,A problem in which it is difficult to replicate the findings of a lot of studies,No,No,Yes,
21/05/2020 08:31,21/05/2020 08:42,IP Address,100,626,TRUE,21/05/2020 08:42,R_1lt54DEIuJ5W7bS,anonymous,EN,Yes,Yes,UKRN03,,Full-time,No,,3,1st Year,,,BA Hons Psychology and Management ,Yes,Female,Strongly agree,Strongly disagree,Strongly agree,Disagree,Strongly agree,Disagree,Agree,Agree,Agree,Strongly disagree,Have no opinion,Strongly disagree,Agree,Strongly agree,Disagree,Strongly agree,I have heard of this,I have heard of this,I have heard of this,,I have heard of this,I have heard of this,,I have heard of this,,I have done/used this,I have done/used this,,,I have done/used this,,I have done/used this,Strongly Agree,Strongly disagree,Strongly Disagree,Strongly agree,Agree,Agree,Have no opinion,Strongly agree,Yes,No,When other researchers cannot actually reproduce previous scientific studies ,Yes,No,Yes,
21/05/2020 08:44,21/05/2020 09:03,IP Address,100,1132,TRUE,21/05/2020 09:03,R_10HqIdS4JUB1pR6,anonymous,EN,Yes,Yes,UNI50,,Full-time,No,,3,2nd Year,,,BSc Psychology ,Yes,Female,Agree,Strongly disagree,Disagree,Strongly disagree,Have no opinion,Disagree,Agree,Have no opinion,Agree,Disagree,Strongly agree,Strongly disagree,Agree,Agree,Disagree,Strongly agree,I have heard of this,I have heard of this,I have heard of this,I have heard of this,I have heard of this,I have heard of this,I have heard of this,I have heard of this,,,I have done/used this,,,I have done/used this,,,Strongly Agree,Strongly disagree,Agree,Disagree,Strongly Agree,Have no opinion,Strongly disagree,Have no opinion,Yes,Yes,"Studies are getting different results when replicated, suggesting a lack of validity/reliability or in some cases, societal change",Yes,Yes,Yes,
21/05/2020 09:13,21/05/2020 09:18,IP Address,100,299,TRUE,21/05/2020 09:18,R_1dtRBAcwTYhb5wk,anonymous,EN,Yes,Yes,UNI50,,Full-time,Yes,,3,2nd Year,,,Psychology,Yes,Female ,Strongly agree,Disagree,Have no opinion,Agree,Agree,Have no opinion,Strongly agree,Have no opinion,Strongly agree,Agree,Strongly agree,Strongly disagree,Have no opinion,Disagree,Have no opinion,Have no opinion,,,I have heard of this,,,I have heard of this,I have heard of this,I have heard of this,,,,,,,,,Agree,Have no opinion,Have no opinion,Have no opinion,Have no opinion,Have no opinion,Strongly disagree,Have no opinion,Yes,Yes,When studies are really difficult and sometimes completely impossible to replicate and produce Unreplicating results ,No,No,Yes,
21/05/2020 09:40,21/05/2020 09:49,IP Address,100,573,TRUE,21/05/2020 09:49,R_11XF5qhMg490sgl,anonymous,EN,Yes,Yes,UNI50,,Full-time,No,,3,2nd Year,,,Psychology BSc,Yes,Male,Strongly agree,Strongly disagree,Strongly agree,Agree,Strongly agree,Strongly disagree,Strongly agree,Strongly disagree,Strongly agree,Strongly disagree,Agree,Strongly disagree,Strongly agree,Agree,Agree,Have no opinion,I have heard of this,I have heard of this,I have heard of this,I have heard of this,I have heard of this,I have heard of this,I have heard of this,I have heard of this,I have done/used this,I have done/used this,I have done/used this,I have done/used this,,I have done/used this,,,Strongly Agree,Strongly disagree,Strongly agree,Disagree,Agree,Agree,Have no opinion,Strongly agree,Yes,Yes,A continuous struggle to replicate studies to 'check' the accuracy of it's generalisability ,Yes,No,Yes,
21/05/2020 10:05,21/05/2020 10:13,IP Address,100,483,TRUE,21/05/2020 10:13,R_3s1tho7nvOzy6cj,anonymous,EN,Yes,Yes,UNI50,,Full-time,Yes,,4,3rd Year,,,Psychology with Clinical Psychology with Study Abroad,No,male,Agree,Disagree,Agree,Disagree,Agree,Disagree,Strongly agree,Strongly disagree,Agree,Disagree,Agree,Strongly disagree,Agree,Disagree,Agree,Disagree,I have heard of this,I have heard of this,I have heard of this,I have heard of this,,I have heard of this,I have heard of this,I have heard of this,,,I have done/used this,,,,,,Strongly Agree,Disagree,Strongly agree,Strongly disagree,Agree,Agree,Disagree,Agree,Yes,Yes,I think it is a serious problem in social science that should be tackled as it damages the value of social science research and reputation.,Yes,Yes,Yes,
21/05/2020 10:09,21/05/2020 10:15,IP Address,100,324,TRUE,21/05/2020 10:15,R_2wbkugirloUdixB,anonymous,EN,Yes,Yes,Other,,Part-time,No,,,,6,5th Year,Psychology ,Yes,F,Strongly agree,Strongly disagree,Have no opinion,Disagree,Agree,Disagree,Agree,Agree,Strongly agree,Strongly disagree,Agree,Strongly disagree,Agree,Agree,Disagree,Have no opinion,I have heard of this,,,,,,,,,I have done/used this,I have done/used this,,,I have done/used this,,,Strongly Agree,Strongly disagree,Strongly agree,Strongly agree,Have no opinion,Strongly agree,Disagree,Disagree,Yes,Not sure,,Not sure,Yes,Yes,
21/05/2020 10:17,21/05/2020 10:25,IP Address,100,496,TRUE,21/05/2020 10:25,R_24TkZrOsYpYCFi1,anonymous,EN,Yes,Yes,UNI21,,Full-time,No,,3,3rd Year,,,Psychology ,No,Female ,Agree,Strongly disagree,Agree,Have no opinion,Agree,Have no opinion,Strongly agree,Agree,Agree,Strongly agree,Agree,Strongly agree,Agree,Disagree,Disagree,Agree,I have heard of this,I have heard of this,I have heard of this,,,I have heard of this,,I have heard of this,,,,,,,,,Agree,Disagree,Disagree,Agree,Strongly Agree,Disagree,Disagree,Agree,Yes,Yes,Studies do not show the same results when they are repeated. ,No,Not sure,Yes,
21/05/2020 12:08,21/05/2020 12:15,IP Address,100,405,TRUE,21/05/2020 12:15,R_2QxKdzchtDwDsnu,anonymous,EN,Yes,Yes,UNI50,,Full-time,No,,3,1st Year,,,Psychology with Clinical Psychology,Yes,Female,Agree,Strongly disagree,Agree,Agree,Strongly agree,Disagree,Strongly agree,Strongly disagree,Have no opinion,Strongly agree,Agree,Strongly disagree,Agree,Agree,Disagree,Have no opinion,I have heard of this,I have heard of this,I have heard of this,I have heard of this,I have heard of this,I have heard of this,I have heard of this,I have heard of this,,,I have done/used this,,,I have done/used this,,I have done/used this,Disagree,Agree,Disagree,Agree,Disagree,Agree,Disagree,Agree,No,,,Yes,No,Yes,
21/05/2020 12:18,21/05/2020 12:24,IP Address,100,403,TRUE,21/05/2020 12:24,R_2VaOo9ZwLgesyFu,anonymous,EN,Yes,Yes,UNI44,,Full-time,Other (Please specify),Placement for 6 weeks at the end of second year ,3,3rd Year,,,Psychology,Yes,Female,Agree,Strongly disagree,Have no opinion,Have no opinion,Disagree,Strongly disagree,Agree,Strongly disagree,Strongly disagree,Agree,Agree,Agree,Have no opinion,Disagree,Have no opinion,Disagree,I have heard of this,I have heard of this,I have heard of this,I have heard of this,I have heard of this,I have heard of this,I have heard of this,I have heard of this,,,,,,,,,Disagree,Agree,Agree,Have no opinion,Agree,Disagree,Disagree,Agree,Not sure,,,Yes,Yes,Yes,
21/05/2020 12:45,21/05/2020 12:55,IP Address,100,574,TRUE,21/05/2020 12:55,R_1l3jXZlOhJEB0dd,anonymous,EN,Yes,Yes,UNI21,,Full-time,No,,3,1st Year,,,psychology,No,female,Agree,Disagree,Have no opinion,Disagree,Agree,Strongly disagree,Agree,Agree,Agree,Disagree,Strongly agree,Strongly disagree,Have no opinion,Disagree,Disagree,Strongly agree,I have heard of this,,I have heard of this,,I have heard of this,,,I have heard of this,,I have done/used this,,I have done/used this,,I have done/used this,I have done/used this,,Agree,Agree,Strongly agree,Agree,Strongly Agree,Strongly disagree,Have no opinion,Disagree,Yes,Yes,not being able to repilcate studies,No,Not sure,Yes,
21/05/2020 12:53,21/05/2020 12:59,IP Address,100,352,TRUE,21/05/2020 12:59,R_3DcKRKelUH2Dqbp,anonymous,EN,Yes,Yes,UNI50,,Full-time,No,,3,1st Year,,,Psychology BSc,Yes,Female ,Agree,Disagree,Agree,Agree,Agree,Disagree,Have no opinion,Have no opinion,Agree,Disagree,Agree,Strongly disagree,Disagree,Agree,Disagree,Agree,I have heard of this,I have heard of this,,I have heard of this,I have heard of this,,I have heard of this,,,,I have done/used this,,,I have done/used this,,I have done/used this,Agree,Disagree,Have no opinion,Agree,Agree,Have no opinion,Disagree,Agree,No,,,Yes,Not sure,Yes,
21/05/2020 16:25,21/05/2020 16:41,IP Address,100,959,TRUE,21/05/2020 16:41,R_1NwXc9IrcWuh2Cl,anonymous,EN,Yes,Yes,UNI50,,Full-time,No,,3,1st Year,,,Psychology Bsc,Yes,Female,Strongly agree,Strongly disagree,Strongly agree,Disagree,Strongly agree,Disagree,Strongly agree,Strongly disagree,Have no opinion,Have no opinion,Strongly agree,Strongly disagree,Agree,Agree,Disagree,Strongly agree,I have heard of this,I have heard of this,I have heard of this,,,I have heard of this,,I have heard of this,,,,,,,,,Strongly Agree,Disagree,Strongly agree,Agree,Strongly Agree,Have no opinion,Disagree,Have no opinion,Not sure,,,Not sure,No,Yes,
21/05/2020 23:14,21/05/2020 23:21,IP Address,100,410,TRUE,21/05/2020 23:21,R_3MmWLC6TrovKcAf,anonymous,EN,Yes,Yes,UNI50,,Full-time,No,,3,3rd Year,,,BSc Psychology ,Yes,Female,Strongly agree,Strongly disagree,Disagree,Disagree,Agree,Disagree,Strongly agree,Disagree,Agree,Agree,Agree,Strongly disagree,Disagree,Strongly disagree,Disagree,Strongly agree,,,I have heard of this,I have heard of this,I have heard of this,I have heard of this,,I have heard of this,I have done/used this,I have done/used this,,,,,I have done/used this,,Agree,Disagree,Agree,Agree,Strongly Disagree,Disagree,Agree,Agree,Yes,Yes,Difficulty replicating studies,Not sure,No,Yes,
22/05/2020 01:30,22/05/2020 01:37,IP Address,100,408,TRUE,22/05/2020 01:37,R_4IyYUnUFbb7aXex,anonymous,EN,Yes,Yes,UNI24,,Full-time,No,,3,2nd Year,,,BSc Psychology,No,Female,Agree,Disagree,Agree,Disagree,Agree,Disagree,Disagree,Agree,Strongly agree,Strongly disagree,Strongly agree,Strongly disagree,Agree,Strongly disagree,Have no opinion,Agree,I have heard of this,I have heard of this,I have heard of this,I have heard of this,I have heard of this,I have heard of this,I have heard of this,I have heard of this,,,,,,,,I have done/used this,Agree,Disagree,Agree,Disagree,Have no opinion,Agree,Disagree,Agree,Yes,Yes,Lots of initial results not being deposited in later studies,Not sure,No,Yes,Only share data if anonymised (answer to some of these questions did not make this clear!)
15/05/2020 01:47,15/05/2020 01:49,IP Address,46,105,FALSE,22/05/2020 01:49,R_1IGjoPDjlxSJ2XM,anonymous,EN,Yes,Yes,UNI51,,Full-time,No,,3,3rd Year,,,,No,,,,,,,,,,,,,,,,,,,,,,,,,,,,,,,,,,,,,,,,,,,,,,,,
22/05/2020 01:55,22/05/2020 02:04,IP Address,100,503,TRUE,22/05/2020 02:04,R_1hGdnW6mnfBUTLy,anonymous,EN,Yes,Yes,UNI50,,Full-time,No,,3,2nd Year,,,Psychology,Yes,Female ,Strongly agree,Strongly disagree,Strongly agree,Strongly disagree,Agree,Disagree,Agree,Disagree,Agree,Disagree,Strongly agree,Strongly disagree,Strongly agree,Disagree,Agree,Strongly agree,I have heard of this,I have heard of this,I have heard of this,,,,,I have heard of this,I have done/used this,,I have done/used this,,,,,I have done/used this,Agree,Disagree,Agree,Strongly disagree,Agree,Agree,Strongly disagree,Strongly disagree,Yes,Yes,Many studies in Psychology are believed to face the issue of not producing the same results when other researchers replicate the study. ,No,Not sure,Yes,
22/05/2020 02:10,22/05/2020 02:16,IP Address,100,369,TRUE,22/05/2020 02:16,R_ZEqv4Sm1JitG4Tf,anonymous,EN,Yes,Yes,UNI50,,Full-time,No,,3,3rd Year,,,Psychology,Yes,Female,Agree,Have no opinion,Disagree,Disagree,Agree,Disagree,Strongly agree,Disagree,Have no opinion,Agree,Agree,Strongly disagree,Have no opinion,Have no opinion,Have no opinion,Have no opinion,I have heard of this,I have heard of this,,I have heard of this,I have heard of this,I have heard of this,I have heard of this,I have heard of this,,,I have done/used this,,,,,,Agree,Disagree,Agree,Agree,Have no opinion,Agree,Disagree,Have no opinion,Yes,Yes,Researchers trying to replicate other studies but not finding similar results,No,No,Yes,
22/05/2020 02:13,22/05/2020 02:18,IP Address,100,338,TRUE,22/05/2020 02:18,R_2dtD6unQhZrAUoh,anonymous,EN,Yes,Yes,UNI08,,Full-time,No,,4,3rd Year,,,Psychology ,No,Na ,Agree,Strongly disagree,Agree,Strongly disagree,Strongly agree,Strongly disagree,Agree,Have no opinion,Agree,Strongly disagree,Agree,Disagree,Agree,Disagree,Have no opinion,Have no opinion,I have heard of this,I have heard of this,I have heard of this,I have heard of this,I have heard of this,I have heard of this,I have heard of this,I have heard of this,I have done/used this,I have done/used this,I have done/used this,I have done/used this,,,I have done/used this,,Agree,Have no opinion,Agree,Disagree,Disagree,Have no opinion,Disagree,Agree,Yes,No,Failure to replicate results of prior findings,Yes,Yes,Yes,
22/05/2020 03:17,22/05/2020 03:26,IP Address,100,481,TRUE,22/05/2020 03:26,R_wLiWqIS9uoPKzK1,anonymous,EN,Yes,Yes,UNI50,,Full-time,No,,3,2nd Year,,,Psychology ,Yes,Female,Strongly agree,Strongly disagree,Agree,Agree,Agree,Disagree,Agree,Agree,Agree,Agree,Strongly agree,Strongly disagree,Strongly agree,Strongly agree,Disagree,Have no opinion,I have heard of this,I have heard of this,I have heard of this,I have heard of this,I have heard of this,I have heard of this,I have heard of this,I have heard of this,,,,,,,I have done/used this,,Agree,Agree,Agree,Have no opinion,Agree,Agree,Disagree,Disagree,Yes,Yes,issues surrounding the replication of experiments and studies ,No,No,Yes,
22/05/2020 04:18,22/05/2020 04:25,IP Address,100,421,TRUE,22/05/2020 04:25,R_1PYGymFXHdr1kdi,anonymous,EN,Yes,Yes,UNI21,,Full-time,Other (Please specify),Optional ,3,1st Year,,,Psychology ,Yes,Female ,Agree,Disagree,Have no opinion,Disagree,Disagree,Disagree,Agree,Disagree,Agree,Agree,Agree,Strongly disagree,Agree,Disagree,Disagree,Agree,,,I have heard of this,,,I have heard of this,,I have heard of this,,,I have done/used this,,,I have done/used this,,,Agree,Disagree,Have no opinion,Disagree,Agree,Have no opinion,Disagree,Have no opinion,Yes,Yes,When a study cannot be replicated because of methodological issues,No,No,Yes,
22/05/2020 04:25,22/05/2020 04:38,IP Address,100,763,TRUE,22/05/2020 04:38,R_3MxMMxsQPd4zZGd,anonymous,EN,Yes,Yes,UNI21,,Full-time,No,,3,2nd Year,,,Psychology,Yes,Female,Strongly agree,Strongly disagree,Agree,Strongly disagree,Strongly disagree,Have no opinion,Have no opinion,Have no opinion,Agree,Agree,Strongly agree,Strongly disagree,Have no opinion,Disagree,Disagree,Agree,,,,,,,,I have heard of this,,,,,,,,I have done/used this,Agree,Disagree,Agree,Disagree,Agree,Have no opinion,Have no opinion,Disagree,Not sure,,,Not sure,No,Yes,
22/05/2020 04:58,22/05/2020 05:08,IP Address,100,588,TRUE,22/05/2020 05:08,R_bkERe2SsSIzkXJf,anonymous,EN,Yes,Yes,UNI50,,Full-time,No,,3,3rd Year,,,psychology ,Yes,Female,Agree,Disagree,Disagree,Disagree,Agree,Have no opinion,Agree,Disagree,Disagree,Strongly agree,Agree,Disagree,Have no opinion,Agree,Disagree,Agree,,,,,,,I have heard of this,I have heard of this,,,I have done/used this,,,,,,Agree,Have no opinion,Agree,Agree,Agree,Disagree,Disagree,Have no opinion,Yes,Not sure,that studies are hard to replicate and find the same results,No,No,Yes,
22/05/2020 05:15,22/05/2020 05:24,IP Address,100,551,TRUE,22/05/2020 05:24,R_9GIFncAIs47gZoZ,anonymous,EN,Yes,Yes,UNI24,,Full-time,Yes,,3,2nd Year,,,BSc Psychology,No,Female,Strongly agree,Strongly disagree,Agree,Strongly disagree,Strongly agree,Strongly disagree,Strongly agree,Strongly disagree,Strongly disagree,Strongly agree,Strongly agree,Strongly disagree,Strongly disagree,Strongly disagree,Have no opinion,Strongly agree,,,I have heard of this,I have heard of this,I have heard of this,I have heard of this,I have heard of this,I have heard of this,,,,,,,,,Strongly Agree,Strongly disagree,Strongly Disagree,Strongly agree,Strongly Agree,Strongly disagree,Strongly disagree,Strongly agree,Not sure,,,Not sure,No,Yes,
22/05/2020 06:18,22/05/2020 06:24,IP Address,100,383,TRUE,22/05/2020 06:24,R_3FOJzlNGQ9vnpYm,anonymous,EN,Yes,Yes,UNI50,,Full-time,No,,3,3rd Year,,,Psychology with Forensic Psychology,Yes,Female,Agree,Disagree,Agree,Disagree,Agree,Disagree,Agree,Disagree,Agree,Disagree,Agree,Disagree,Have no opinion,Disagree,Disagree,Agree,,,I have heard of this,I have heard of this,,I have heard of this,,I have heard of this,I have done/used this,I have done/used this,,,I have done/used this,,I have done/used this,,Agree,Have no opinion,Strongly agree,Disagree,Agree,Have no opinion,Disagree,Agree,Not sure,,,No,No,Yes,
22/05/2020 06:19,22/05/2020 06:32,IP Address,100,755,TRUE,22/05/2020 06:32,R_1k1YSR3iZ1PPU3P,anonymous,EN,Yes,Yes,UNI50,,Full-time,No,,3,1st Year,,,BSc (Hons) Psychology with Clinical Psychology,Yes,Female,Disagree,Strongly disagree,Strongly agree,Strongly disagree,Strongly agree,Strongly disagree,Strongly agree,Strongly disagree,Strongly agree,Strongly agree,Strongly agree,Strongly disagree,Have no opinion,Agree,Agree,Have no opinion,I have heard of this,,,I have heard of this,I have heard of this,I have heard of this,I have heard of this,I have heard of this,,I have done/used this,I have done/used this,,,,,,Strongly Agree,Strongly disagree,Strongly agree,Strongly agree,Disagree,Agree,Strongly disagree,Strongly agree,No,,,Yes,Not sure,Yes,
22/05/2020 07:00,22/05/2020 07:06,IP Address,100,397,TRUE,22/05/2020 07:06,R_30kLlCH2Vyanf5a,anonymous,EN,Yes,Yes,UNI21,,Full-time,No,,3,2nd Year,,,Psychology,No,Female,Strongly agree,Disagree,Strongly agree,Disagree,Agree,Have no opinion,Have no opinion,Have no opinion,Strongly agree,Strongly disagree,Strongly agree,Strongly disagree,Strongly agree,Strongly agree,Have no opinion,Have no opinion,,,,,,,I have heard of this,I have heard of this,,,,,,,I have done/used this,I have done/used this,Agree,Strongly disagree,Agree,Have no opinion,Agree,Agree,Agree,Agree,Yes,Yes,increasing belief that results from previous studies cannot be reproduced or thus are not reliable ,No,No,Yes,
22/05/2020 06:34,22/05/2020 07:42,IP Address,100,4063,TRUE,22/05/2020 07:42,R_28TcqDqGhEUdYGh,anonymous,EN,Yes,Yes,UKRN03,,Full-time,No,,3,3rd Year,,,BSc Psychology,Yes,Female,Strongly agree,Disagree,Have no opinion,Agree,Agree,Disagree,Disagree,Agree,Agree,Strongly agree,Agree,Disagree,Agree,Agree,Disagree,Strongly agree,I have heard of this,,I have heard of this,I have heard of this,,,I have heard of this,I have heard of this,,,I have done/used this,,,,I have done/used this,,Agree,Have no opinion,Agree,Disagree,Strongly Agree,Disagree,Disagree,Agree,Yes,Yes,"Where many scientific studies are difficult to replicate, causing them to have poor reliability. ",Yes,Yes,Yes,
22/05/2020 09:32,22/05/2020 09:40,IP Address,100,507,TRUE,22/05/2020 09:40,R_2fBRo1fwYZZqFOj,anonymous,EN,Yes,Yes,UNI50,,Full-time,No,,3,1st Year,,,Psychology with Clinical Psychology ,Yes,Female,Agree,Disagree,Agree,Strongly disagree,Agree,Disagree,Agree,Disagree,Agree,Disagree,Agree,Disagree,Have no opinion,Agree,Disagree,Agree,I have heard of this,,,,,,,I have heard of this,,,,,,,,I have done/used this,Agree,Disagree,Agree,Agree,Agree,Have no opinion,Have no opinion,Agree,No,,,Not sure,Not sure,Yes,
15/05/2020 09:56,15/05/2020 10:00,IP Address,51,271,FALSE,22/05/2020 10:00,R_czOREXSNOViHaaR,anonymous,EN,Yes,Yes,UKRN05,,Full-time,No,,3,1st Year,,,Psychology ,No,Female,Strongly agree,Strongly disagree,Agree,Disagree,Have no opinion,Have no opinion,Agree,Have no opinion,Agree,Disagree,Agree,Disagree,Agree,Disagree,Disagree,Have no opinion,I have heard of this,,I have heard of this,,,I have heard of this,,I have heard of this,I have done/used this,,I have done/used this,,,I have done/used this,,I have done/used this,,,,,,,,,,,,,,,
15/05/2020 10:17,15/05/2020 10:18,IP Address,14,12,FALSE,22/05/2020 10:18,R_20Pta1btSW23w8R,anonymous,EN,Yes,Yes,,,,,,,,,,,,,,,,,,,,,,,,,,,,,,,,,,,,,,,,,,,,,,,,,,,,,,,,,,,
22/05/2020 11:25,22/05/2020 11:33,IP Address,100,456,TRUE,22/05/2020 11:33,R_2ZKWvjt73v00kFx,anonymous,EN,Yes,Yes,UNI24,,Full-time,No,,3,3rd Year,,,BSc (Hons.) Psychology ,Yes,Female,Have no opinion,Disagree,Have no opinion,Strongly agree,Strongly agree,Disagree,Strongly agree,Agree,Agree,Agree,Agree,Disagree,Agree,Strongly disagree,Disagree,Have no opinion,,,I have heard of this,I have heard of this,I have heard of this,I have heard of this,I have heard of this,I have heard of this,,,I have done/used this,,,I have done/used this,I have done/used this,I have done/used this,Strongly Agree,Disagree,Agree,Agree,Agree,Agree,Disagree,Agree,Not sure,,,Not sure,No,Yes,
22/05/2020 12:07,22/05/2020 12:13,IP Address,100,375,TRUE,22/05/2020 12:13,R_xtP6TClHEovLvkB,anonymous,EN,Yes,Yes,UNI50,,Full-time,No,,3,1st Year,,,Bsc psychology,Yes,Female ,Strongly agree,Strongly disagree,Agree,Disagree,Strongly agree,Strongly disagree,Have no opinion,Have no opinion,Strongly agree,Have no opinion,Strongly agree,Disagree,Agree,Have no opinion,Have no opinion,Strongly agree,,,I have heard of this,,,,,I have heard of this,,,I have done/used this,,,,,,Strongly Agree,Strongly disagree,Have no opinion,Agree,Strongly Agree,Have no opinion,Disagree,Strongly agree,Yes,Not sure,Issues with replication ,No,No,Yes,
15/05/2020 12:24,15/05/2020 12:32,IP Address,51,456,FALSE,22/05/2020 12:32,R_2EFcjfMozHLVYCZ,anonymous,EN,Yes,Yes,UKRN05,,Full-time,Yes,,3,1st Year,,,BSc Psychology,No,Female,Strongly agree,Strongly disagree,Agree,Disagree,Agree,Strongly disagree,Disagree,Agree,Strongly agree,Disagree,Strongly agree,Disagree,Strongly agree,Strongly agree,Agree,Agree,I have heard of this,I have heard of this,I have heard of this,I have heard of this,I have heard of this,I have heard of this,I have heard of this,I have heard of this,I have done/used this,,I have done/used this,,,,,,,,,,,,,,,,,,,,
16/05/2020 05:11,16/05/2020 05:12,IP Address,46,63,FALSE,23/05/2020 05:12,R_2t5JK7DEb8mHvFO,anonymous,EN,Yes,Yes,UKRN05,,Full-time,No,,4,1st Year,,,MPsych,Yes,Female,,,,,,,,,,,,,,,,,,,,,,,,,,,,,,,,,,,,,,,,,,,,,,,
16/05/2020 06:29,16/05/2020 06:30,IP Address,46,60,FALSE,23/05/2020 06:30,R_3nwlPqiDfrJbZSB,qr,EN,Yes,Yes,UKRN05,,Full-time,No,,3,1st Year,,,Psychology,Yes,Female,,,,,,,,,,,,,,,,,,,,,,,,,,,,,,,,,,,,,,,,,,,,,,,
23/05/2020 16:42,23/05/2020 16:52,IP Address,100,603,TRUE,23/05/2020 16:52,R_OOOQZJtOHDS4NeF,anonymous,EN,Yes,Yes,UNI27,,Part-time,No,,,,6,2nd Year,Psychology (honours) Bsc,No,Female,Agree,Disagree,Have no opinion,Disagree,Disagree,Agree,Have no opinion,Agree,Agree,Disagree,Agree,Strongly disagree,Agree,Have no opinion,Disagree,Have no opinion,,,I have heard of this,,,,,I have heard of this,,,,,,,,,Agree,Have no opinion,Disagree,Agree,Agree,Have no opinion,Disagree,Agree,No,,,Not sure,No,Yes,
24/05/2020 03:29,24/05/2020 03:35,IP Address,100,376,TRUE,24/05/2020 03:35,R_3pbVcB5iYQkGSLl,anonymous,EN,Yes,Yes,UKRN03,,Full-time,No,,4,2nd Year,,,MPsych Psychology ,Yes,Female ,Agree,Strongly disagree,Agree,Disagree,Agree,Disagree,Agree,Strongly disagree,Agree,Disagree,Agree,Strongly disagree,Strongly agree,Disagree,Have no opinion,Agree,I have heard of this,I have heard of this,I have heard of this,I have heard of this,I have heard of this,I have heard of this,I have heard of this,I have heard of this,,,,,,,,,Agree,Disagree,Strongly agree,Strongly disagree,Agree,Strongly agree,Disagree,Agree,Yes,Yes,Lots of classic studies have not had their finding a replicated in recent years ,No,Yes,Yes,
24/05/2020 04:43,24/05/2020 04:51,IP Address,100,437,TRUE,24/05/2020 04:51,R_1CIS1H2WO5SRm2h,anonymous,EN,Yes,Yes,UNI25,,Full-time,Other (Please specify),Optional ,3,1st Year,,,Psychology,No,Female,Have no opinion,Disagree,Agree,Have no opinion,Agree,Have no opinion,Have no opinion,Disagree,Agree,Agree,Agree,Disagree,Agree,Agree,Disagree,Agree,I have heard of this,I have heard of this,I have heard of this,I have heard of this,I have heard of this,I have heard of this,I have heard of this,I have heard of this,,,,,,,,,Agree,Agree,Have no opinion,Agree,Agree,Have no opinion,Have no opinion,Have no opinion,Yes,Yes,past studies can’t be replicated so the results etc are probably wrong,Yes,No,Yes,
24/05/2020 08:50,24/05/2020 08:56,IP Address,100,354,TRUE,24/05/2020 08:56,R_2BakEGJ8T1Nu2tY,anonymous,EN,Yes,Yes,UKRN05,,Full-time,Other (Please specify),MSci,4,1st Year,,,Psychology,Yes,,Strongly agree,Disagree,Agree,Have no opinion,Agree,Disagree,Agree,Disagree,Strongly agree,Disagree,Strongly agree,Strongly disagree,Agree,Agree,Disagree,Agree,I have heard of this,I have heard of this,,I have heard of this,I have heard of this,I have heard of this,I have heard of this,,,,I have done/used this,,,,,I have done/used this,Agree,Have no opinion,Agree,Disagree,Agree,Have no opinion,Disagree,Have no opinion,Not sure,,,Yes,Not sure,Not sure,
17/05/2020 12:52,17/05/2020 12:52,IP Address,14,28,FALSE,24/05/2020 12:52,R_1giIdkn3gFK8GTE,anonymous,EN,Yes,Yes,,,,,,,,,,,,,,,,,,,,,,,,,,,,,,,,,,,,,,,,,,,,,,,,,,,,,,,,,,,
17/05/2020 15:01,17/05/2020 15:04,IP Address,46,130,FALSE,24/05/2020 15:04,R_1SLXHtdVtClr6EN,anonymous,EN,Yes,Yes,UNI52,,Full-time,Yes,,3,1st Year,,,,Yes,,,,,,,,,,,,,,,,,,,,,,,,,,,,,,,,,,,,,,,,,,,,,,,,
18/05/2020 02:54,18/05/2020 02:55,IP Address,46,82,FALSE,25/05/2020 02:55,R_2QhXOgQkcv8544m,anonymous,EN,Yes,Yes,UNI18,,Full-time,No,,1,4th Year,,,MSc Psychology,No,Female,,,,,,,,,,,,,,,,,,,,,,,,,,,,,,,,,,,,,,,,,,,,,,,
18/05/2020 03:11,18/05/2020 03:11,IP Address,14,12,FALSE,25/05/2020 03:11,R_1IlM9eQvLMLQYeC,anonymous,EN,Yes,Yes,,,,,,,,,,,,,,,,,,,,,,,,,,,,,,,,,,,,,,,,,,,,,,,,,,,,,,,,,,,
18/05/2020 03:10,18/05/2020 03:11,IP Address,27,41,FALSE,25/05/2020 03:11,R_ugeSy7FZu7YBvy1,anonymous,EN,Yes,Yes,UNI18,,Full-time,No,,,,,,,,,,,,,,,,,,,,,,,,,,,,,,,,,,,,,,,,,,,,,,,,,,,,,,,
18/05/2020 03:52,18/05/2020 03:54,IP Address,46,123,FALSE,25/05/2020 03:55,R_2Ui2KJuZjd3EyPb,anonymous,EN,Yes,Yes,UNI21,,Full-time,No,,3,3rd Year,,,Psychology ,Yes,Female,,,,,,,,,,,,,,,,,,,,,,,,,,,,,,,,,,,,,,,,,,,,,,,
18/05/2020 04:51,18/05/2020 04:52,IP Address,27,29,FALSE,25/05/2020 04:52,R_OpojxSpXgARsgA9,anonymous,EN,Yes,Yes,UNI22,,Full-time,No,,,,,,,,,,,,,,,,,,,,,,,,,,,,,,,,,,,,,,,,,,,,,,,,,,,,,,,
18/05/2020 05:30,18/05/2020 05:31,IP Address,46,57,FALSE,25/05/2020 05:31,R_ebxylpOMEmLHvJT,anonymous,EN,Yes,Yes,UNI22,,Full-time,No,,3,2nd Year,,,Psychology with Criminology,Yes,Female,,,,,,,,,,,,,,,,,,,,,,,,,,,,,,,,,,,,,,,,,,,,,,,
18/05/2020 05:58,18/05/2020 05:59,IP Address,46,59,FALSE,25/05/2020 05:59,R_2349Ihq9ixh5d85,anonymous,EN,Yes,Yes,UNI21,,Full-time,Yes,,3,1st Year,,,psychology,No,female,,,,,,,,,,,,,,,,,,,,,,,,,,,,,,,,,,,,,,,,,,,,,,,
18/05/2020 07:38,18/05/2020 07:42,IP Address,51,258,FALSE,25/05/2020 07:42,R_1f1vw133o2zICJW,anonymous,EN,Yes,Yes,UNI24,,Part-time,No,,,,6,1st Year,Psychology & counselling ,No,M,Strongly agree,Disagree,Strongly agree,Strongly disagree,Agree,Strongly disagree,Strongly agree,Strongly disagree,Strongly agree,Strongly disagree,Strongly agree,Strongly disagree,Agree,Strongly disagree,Agree,Disagree,,,,,,,,,I have done/used this,I have done/used this,I have done/used this,I have done/used this,I have done/used this,I have done/used this,I have done/used this,I have done/used this,,,,,,,,,,,,,,,
18/05/2020 07:52,18/05/2020 07:54,IP Address,49,135,FALSE,25/05/2020 07:54,R_3n3o9zAs45Re7cg,anonymous,EN,Yes,Yes,UNI24,,Full-time,No,,3,1st Year,,,Psychology and criminology ,No,Female ,Agree,Disagree,Agree,Have no opinion,Disagree,Disagree,Strongly agree,Strongly disagree,Disagree,Strongly agree,Agree,Strongly agree,Strongly agree,Agree,Agree,Have no opinion,,,,,,,,,,,,,,,,,,,,,,,,,,,,,,,
18/05/2020 07:59,18/05/2020 07:59,IP Address,46,23,FALSE,25/05/2020 07:59,R_2CKvpVgeasHyTxI,anonymous,EN,Yes,Yes,UNI07,,Full-time,Yes,,1,2nd Year,,,,Yes,,,,,,,,,,,,,,,,,,,,,,,,,,,,,,,,,,,,,,,,,,,,,,,,
18/05/2020 08:11,18/05/2020 08:12,IP Address,46,72,FALSE,25/05/2020 08:12,R_2e8qHv2N1iKCuaD,anonymous,EN,Yes,Yes,UNI24,,Full-time,No,,3,2nd Year,,,psychology,No,female,,,,,,,,,,,,,,,,,,,,,,,,,,,,,,,,,,,,,,,,,,,,,,,
18/05/2020 03:21,18/05/2020 08:16,IP Address,46,17697,FALSE,25/05/2020 08:16,R_25ygwca24X8OiTp,anonymous,EN,Yes,Yes,UNI21,,Full-time,No,,3,1st Year,,,Psychology ,No,Female,,,,,,,,,,,,,,,,,,,,,,,,,,,,,,,,,,,,,,,,,,,,,,,
18/05/2020 08:07,18/05/2020 08:20,IP Address,49,761,FALSE,25/05/2020 08:20,R_3njzMye7pLwPGVi,anonymous,EN,Yes,Yes,UNI19,,Full-time,No,,3,2nd Year,,,BSc Psychology,Yes,Male,Agree,Disagree,Agree,Have no opinion,Have no opinion,Disagree,Have no opinion,Agree,Agree,Have no opinion,Agree,Have no opinion,Have no opinion,Agree,Disagree,Agree,,,,,,,,,,,,,,,,,,,,,,,,,,,,,,,
18/05/2020 08:29,18/05/2020 08:29,IP Address,14,10,FALSE,25/05/2020 08:29,R_2OOwKEApb1AIoYO,anonymous,EN,Yes,Yes,,,,,,,,,,,,,,,,,,,,,,,,,,,,,,,,,,,,,,,,,,,,,,,,,,,,,,,,,,,
18/05/2020 09:04,18/05/2020 09:05,IP Address,46,52,FALSE,25/05/2020 09:05,R_1eODyugxGDBdkdV,anonymous,EN,Yes,Yes,UNI22,,Full-time,No,,3,3rd Year,,,Psychology,No,Female,,,,,,,,,,,,,,,,,,,,,,,,,,,,,,,,,,,,,,,,,,,,,,,
18/05/2020 09:11,18/05/2020 09:12,IP Address,14,45,FALSE,25/05/2020 09:12,R_1QB1JBfJL5OxSOb,anonymous,EN,Yes,Yes,,,,,,,,,,,,,,,,,,,,,,,,,,,,,,,,,,,,,,,,,,,,,,,,,,,,,,,,,,,
18/05/2020 09:14,18/05/2020 09:16,IP Address,46,139,FALSE,25/05/2020 09:16,R_9RKMDH7LVaBQPmx,anonymous,EN,Yes,Yes,UNI24,,Full-time,No,,3,3rd Year,,,Psychology and counselling ,Yes,Male ,,,,,,,,,,,,,,,,,,,,,,,,,,,,,,,,,,,,,,,,,,,,,,,
18/05/2020 09:12,18/05/2020 09:17,IP Address,49,296,FALSE,25/05/2020 09:17,R_1q2ENuQlQSBi4Mj,anonymous,EN,Yes,Yes,UKRN03,,Full-time,No,,3,1st Year,,,Bsc psychology ,Yes,Female,Strongly agree,Strongly disagree,Agree,Strongly disagree,Agree,Disagree,Agree,Disagree,Agree,Disagree,Agree,Strongly disagree,Have no opinion,Agree,Disagree,Agree,,,,,,,,,,,,,,,,,,,,,,,,,,,,,,,
18/05/2020 09:17,18/05/2020 09:19,IP Address,46,92,FALSE,25/05/2020 09:19,R_BsHvqWlEM380JDH,anonymous,EN,Yes,Yes,UKRN03,,Part-time,No,,,,3,1st Year,Geography with minor in psychology,Yes,Female ,,,,,,,,,,,,,,,,,,,,,,,,,,,,,,,,,,,,,,,,,,,,,,,
18/05/2020 09:17,18/05/2020 09:21,IP Address,14,242,FALSE,25/05/2020 09:21,R_31R625JWXBdYCn9,anonymous,EN,Yes,Yes,,,,,,,,,,,,,,,,,,,,,,,,,,,,,,,,,,,,,,,,,,,,,,,,,,,,,,,,,,,
18/05/2020 09:24,18/05/2020 09:24,IP Address,14,48,FALSE,25/05/2020 09:25,R_WB4rLBx1k5DKVjj,anonymous,EN,Yes,Yes,,,,,,,,,,,,,,,,,,,,,,,,,,,,,,,,,,,,,,,,,,,,,,,,,,,,,,,,,,,
18/05/2020 09:27,18/05/2020 09:28,IP Address,27,24,FALSE,25/05/2020 09:28,R_BqRA6LNTTH5NK8x,anonymous,EN,Yes,Yes,UKRN03,,Full-time,Yes,,,,,,,,,,,,,,,,,,,,,,,,,,,,,,,,,,,,,,,,,,,,,,,,,,,,,,,
18/05/2020 09:47,18/05/2020 09:48,IP Address,46,55,FALSE,25/05/2020 09:48,R_2zSjeA8cjoZDcVv,anonymous,EN,Yes,Yes,UNI24,,Full-time,No,,3,3rd Year,,,Psychology and counselling ,Yes,Female,,,,,,,,,,,,,,,,,,,,,,,,,,,,,,,,,,,,,,,,,,,,,,,
18/05/2020 09:48,18/05/2020 09:54,IP Address,65,397,FALSE,25/05/2020 09:54,R_dbuuP0kn3DA3jUd,anonymous,EN,Yes,Yes,UNI24,,Full-time,No,,3,1st Year,,,Psychology and Criminology ,No,Female,Strongly agree,Strongly disagree,Agree,Have no opinion,Disagree,Disagree,Strongly agree,Strongly disagree,Strongly agree,Disagree,Strongly agree,Disagree,Strongly disagree,Strongly agree,Disagree,Have no opinion,I have heard of this,I have heard of this,,I have heard of this,I have heard of this,I have heard of this,I have heard of this,I have heard of this,,,I have done/used this,,,,,,Strongly Agree,Disagree,Strongly agree,Disagree,,,,,,,,,,,
18/05/2020 09:54,18/05/2020 09:55,IP Address,46,85,FALSE,25/05/2020 09:55,R_3NxI9H3cdv2BjR3,anonymous,EN,Yes,Yes,UNI25,,Full-time,No,,3,2nd Year,,,Psychology,Yes,Female ,,,,,,,,,,,,,,,,,,,,,,,,,,,,,,,,,,,,,,,,,,,,,,,
18/05/2020 10:12,18/05/2020 10:15,IP Address,51,238,FALSE,25/05/2020 10:16,R_3dQyIXSjkMOlFG8,anonymous,EN,Yes,Yes,UNI22,,Full-time,Yes,,3,2nd Year,,,Psychology with Developmental Disorders,Yes,Female,Agree,Agree,Disagree,Disagree,Agree,Have no opinion,Agree,Disagree,Agree,Have no opinion,Agree,Disagree,Agree,Disagree,Agree,Agree,I have heard of this,I have heard of this,,I have heard of this,I have heard of this,I have heard of this,I have heard of this,I have heard of this,,,I have done/used this,,,,,,,,,,,,,,,,,,,,
18/05/2020 11:16,18/05/2020 11:16,IP Address,14,13,FALSE,25/05/2020 11:17,R_2ferCxbboz4aQED,anonymous,EN,Yes,Yes,,,,,,,,,,,,,,,,,,,,,,,,,,,,,,,,,,,,,,,,,,,,,,,,,,,,,,,,,,,
18/05/2020 11:24,18/05/2020 11:34,IP Address,59,577,FALSE,25/05/2020 11:34,R_3RqDauLiV3aq84o,anonymous,EN,Yes,Yes,UNI25,,Full-time,Yes,,3,1st Year,,,psychology BSc,Yes,female,Agree,Strongly disagree,Strongly disagree,Disagree,Disagree,Have no opinion,Agree,Disagree,Disagree,Agree,Agree,Strongly disagree,Disagree,Strongly disagree,Disagree,Strongly agree,I have heard of this,I have heard of this,I have heard of this,,,I have heard of this,I have heard of this,I have heard of this,I have done/used this,I have done/used this,I have done/used this,,,I have done/used this,,I have done/used this,Agree,Strongly agree,,,,,,,,,,,,,
18/05/2020 10:46,18/05/2020 11:48,IP Address,81,3732,FALSE,25/05/2020 11:48,R_10MAqeFQ23Zv0Cw,anonymous,EN,Yes,Yes,UNI24,,Full-time,No,,3,2nd Year,,,BSc Psychology with Counselling,No,Female,Agree,Disagree,Agree,Disagree,Disagree,Agree,Disagree,Agree,Agree,Agree,Agree,Strongly disagree,Agree,Disagree,Have no opinion,Disagree,I have heard of this,I have heard of this,I have heard of this,,,I have heard of this,,I have heard of this,I have done/used this,I have done/used this,I have done/used this,,,,,,Agree,Disagree,Agree,Agree,Disagree,Agree,Disagree,Disagree,Yes,,,,,,
18/05/2020 11:52,18/05/2020 11:58,IP Address,81,331,FALSE,25/05/2020 11:58,R_XnXmcppZMDoynsZ,anonymous,EN,Yes,Yes,UNI19,,Full-time,No,,3,1st Year,,,Psychology (BSC),Yes,Female,Strongly agree,Strongly disagree,Strongly agree,Disagree,Agree,Disagree,Agree,Have no opinion,Have no opinion,Strongly agree,Agree,Strongly disagree,Have no opinion,Agree,Disagree,Agree,,,,I have heard of this,I have heard of this,,,,I have done/used this,I have done/used this,I have done/used this,,,I have done/used this,I have done/used this,I have done/used this,Strongly Agree,Have no opinion,Agree,Disagree,Agree,Agree,Agree,Have no opinion,No,,,,,,
18/05/2020 11:57,18/05/2020 12:01,IP Address,51,246,FALSE,25/05/2020 12:02,R_2zNG5rFcIw7LjL9,anonymous,EN,Yes,Yes,UNI24,,Full-time,No,,3,1st Year,,,Psychology snd criminology ,Yes,,Agree,Strongly disagree,Have no opinion,Disagree,Agree,Disagree,Strongly agree,Strongly disagree,Disagree,Disagree,Strongly agree,Have no opinion,Agree,Agree,Have no opinion,Strongly disagree,I have heard of this,I have heard of this,I have heard of this,,,I have heard of this,,,,,I have done/used this,,,,,,,,,,,,,,,,,,,,
18/05/2020 12:19,18/05/2020 12:20,IP Address,46,40,FALSE,25/05/2020 12:20,R_1kTiagS7keIAmx1,anonymous,EN,Yes,Yes,UNI22,,Full-time,No,,3,1st Year,,,Psychology ,No,Female,,,,,,,,,,,,,,,,,,,,,,,,,,,,,,,,,,,,,,,,,,,,,,,
18/05/2020 15:00,18/05/2020 15:04,IP Address,59,251,FALSE,25/05/2020 15:04,R_214W8hyKX8lTKFc,anonymous,EN,Yes,Yes,UNI22,,Full-time,Yes,,3,1st Year,,,BSc Psychology,Yes,female ,Strongly agree,Disagree,Agree,Disagree,Strongly agree,Disagree,Strongly agree,Disagree,Strongly agree,Strongly agree,Strongly agree,Strongly disagree,Strongly agree,Strongly agree,Disagree,Have no opinion,,I have heard of this,I have heard of this,,,I have heard of this,,I have heard of this,,,I have done/used this,,,,,I have done/used this,Disagree,Have no opinion,,,,,,,,,,,,,
18/05/2020 15:23,18/05/2020 15:25,IP Address,46,65,FALSE,25/05/2020 15:25,R_1rkUn43ywUIuamN,anonymous,EN,Yes,Yes,Other,,Full-time,No,,3,3rd Year,,,psychology and counselling studies,No,female,,,,,,,,,,,,,,,,,,,,,,,,,,,,,,,,,,,,,,,,,,,,,,,
18/05/2020 17:23,18/05/2020 17:24,IP Address,46,78,FALSE,25/05/2020 17:24,R_1DSS0Md1JJC4fuh,anonymous,EN,Yes,Yes,UNI21,,Full-time,No,,3,3rd Year,,,BSc Psychology,No,Female ,,,,,,,,,,,,,,,,,,,,,,,,,,,,,,,,,,,,,,,,,,,,,,,
25/05/2020 17:27,25/05/2020 17:32,IP Address,100,353,TRUE,25/05/2020 17:32,R_21HbhNTUPUraFlD,anonymous,EN,Yes,Yes,UNI53,,Full-time,No,,3,1st Year,,,Psychology with Behaviour Analysis,Yes,Female,Strongly agree,Strongly disagree,Agree,Have no opinion,Strongly agree,Disagree,Strongly agree,Strongly agree,Strongly agree,Have no opinion,Agree,Strongly disagree,Have no opinion,Agree,Disagree,Have no opinion,,,,,,,,,,,,,,,,I have done/used this,Agree,Disagree,Agree,Have no opinion,Agree,Have no opinion,Disagree,Agree,Not sure,,,No,No,Yes,
19/05/2020 02:01,19/05/2020 02:02,IP Address,27,45,FALSE,26/05/2020 02:02,R_1IZvtDyA4La4Mi3,anonymous,EN,Yes,Yes,UNI34,,Full-time,No,,,,,,,,,,,,,,,,,,,,,,,,,,,,,,,,,,,,,,,,,,,,,,,,,,,,,,,
19/05/2020 02:08,19/05/2020 02:18,IP Address,70,573,FALSE,26/05/2020 02:18,R_21ufhbNCnCmtuc0,anonymous,EN,Yes,Yes,Other,,Part-time,No,,,,6,3rd Year,Psychology,No,male,Agree,Strongly disagree,Agree,Agree,Strongly agree,Have no opinion,Strongly agree,Disagree,Agree,Agree,Agree,Disagree,Agree,Agree,Agree,Strongly agree,I have heard of this,I have heard of this,I have heard of this,,,I have heard of this,I have heard of this,,,,,,I have done/used this,I have done/used this,,I have done/used this,Strongly disagree,Disagree,Disagree,Agree,Have no opinion,Disagree,,,,,,,,,
19/05/2020 02:20,19/05/2020 02:21,IP Address,46,73,FALSE,26/05/2020 02:21,R_1jVcU8jjHpYFBt1,anonymous,EN,Yes,Yes,UNI27,,Part-time,No,,,,6,2nd Year,BSc Psychology,No,Female,,,,,,,,,,,,,,,,,,,,,,,,,,,,,,,,,,,,,,,,,,,,,,,
19/05/2020 02:39,19/05/2020 02:40,IP Address,19,71,FALSE,26/05/2020 02:41,R_1DU88uEY3TGYpN7,anonymous,EN,Yes,Yes,Other,,,,,,,,,,,,,,,,,,,,,,,,,,,,,,,,,,,,,,,,,,,,,,,,,,,,,,,,,,
19/05/2020 03:01,19/05/2020 03:16,IP Address,59,913,FALSE,26/05/2020 03:16,R_1jqdV3U3ke824TS,anonymous,EN,Yes,Yes,UNI54,,Full-time,No,,3,3rd Year,,,BSc Psychology ,Yes,Female,Agree,Disagree,Disagree,Agree,Agree,Disagree,Agree,Disagree,Agree,Strongly agree,Strongly agree,Disagree,Agree,Agree,Disagree,Agree,I have heard of this,I have heard of this,,,,I have heard of this,I have heard of this,,,,I have done/used this,I have done/used this,I have done/used this,,,I have done/used this,Disagree,Agree,,,,,,,,,,,,,
19/05/2020 03:13,19/05/2020 03:30,IP Address,51,1014,FALSE,26/05/2020 03:30,R_1OrBAIzzfgD72Nf,anonymous,EN,Yes,Yes,UNI27,,Full-time,No,,3,2nd Year,,,Bsc Hons Psychology,Yes,F,Agree,Disagree,Disagree,Have no opinion,Disagree,Disagree,Strongly agree,Agree,Strongly agree,Strongly agree,Strongly agree,Strongly disagree,Agree,Strongly agree,Strongly disagree,Strongly agree,I have heard of this,I have heard of this,I have heard of this,,,I have heard of this,I have heard of this,I have heard of this,,,,,,,,,,,,,,,,,,,,,,,
19/05/2020 03:55,19/05/2020 03:57,IP Address,27,133,FALSE,26/05/2020 03:57,R_3Jq526t4QLiunCx,anonymous,EN,Yes,Yes,Other,,Full-time,Yes,,,,,,,,,,,,,,,,,,,,,,,,,,,,,,,,,,,,,,,,,,,,,,,,,,,,,,,
19/05/2020 04:00,19/05/2020 04:07,IP Address,59,390,FALSE,26/05/2020 04:07,R_2cbjnynmUYAaaLN,anonymous,EN,Yes,Yes,UNI27,,Part-time,No,,,,6,5th Year,Psychology with counselling ,No,F,Have no opinion,Disagree,Strongly agree,Strongly disagree,Agree,Strongly disagree,Strongly agree,Strongly disagree,Agree,Strongly disagree,Agree,Strongly disagree,Have no opinion,Strongly disagree,Strongly disagree,Strongly agree,,I have heard of this,,I have heard of this,I have heard of this,I have heard of this,I have heard of this,,I have done/used this,,I have done/used this,,,,,I have done/used this,Agree,Strongly disagree,,,,,,,,,,,,,
19/05/2020 04:11,19/05/2020 04:12,IP Address,27,34,FALSE,26/05/2020 04:12,R_zZtnKkBFS2Hdv7X,anonymous,EN,Yes,Yes,UNI55,,Full-time,Yes,,,,,,,,,,,,,,,,,,,,,,,,,,,,,,,,,,,,,,,,,,,,,,,,,,,,,,,
19/05/2020 04:45,19/05/2020 04:48,IP Address,49,183,FALSE,26/05/2020 04:48,R_D2Bmw9xhTl3RlNn,anonymous,EN,Yes,Yes,UKRN03,,Full-time,No,,3,2nd Year,,,Psychology Bsc (Hons),Yes,Female,Agree,Disagree,Have no opinion,Agree,Have no opinion,Disagree,Have no opinion,Have no opinion,Agree,Have no opinion,Agree,Strongly disagree,Have no opinion,Agree,Have no opinion,Agree,,,,,,,,,,,,,,,,,,,,,,,,,,,,,,,
19/05/2020 06:07,19/05/2020 06:10,IP Address,46,162,FALSE,26/05/2020 06:10,R_3EbEgpVXszG6XTY,anonymous,EN,Yes,Yes,UKRN03,,Full-time,No,,3,2nd Year,,,BSc Hons Psychology,Yes,Female,,,,,,,,,,,,,,,,,,,,,,,,,,,,,,,,,,,,,,,,,,,,,,,
19/05/2020 06:22,19/05/2020 06:23,IP Address,19,25,FALSE,26/05/2020 06:23,R_2OGQdcHXAnvCOcY,anonymous,EN,Yes,Yes,UNI25,,,,,,,,,,,,,,,,,,,,,,,,,,,,,,,,,,,,,,,,,,,,,,,,,,,,,,,,,,
19/05/2020 07:04,19/05/2020 07:04,IP Address,46,48,FALSE,26/05/2020 07:05,R_79bqZUwYHGVVrjz,anonymous,EN,Yes,Yes,UNI25,,Full-time,No,,3,2nd Year,,,Psychology,Yes,Female,,,,,,,,,,,,,,,,,,,,,,,,,,,,,,,,,,,,,,,,,,,,,,,
26/05/2020 07:19,26/05/2020 07:31,IP Address,100,717,TRUE,26/05/2020 07:31,R_2bIXZ1WFwgYaeMF,anonymous,EN,Yes,Yes,UKRN05,,Full-time,No,,3,1st Year,,,Psychology,Yes,Female,Strongly agree,Strongly disagree,Agree,Disagree,Have no opinion,Have no opinion,Strongly agree,Agree,Have no opinion,Agree,Agree,Strongly disagree,Have no opinion,Agree,Strongly disagree,Agree,,,I have heard of this,,I have heard of this,I have heard of this,I have heard of this,I have heard of this,,,I have done/used this,,,,,I have done/used this,Agree,Disagree,Disagree,Strongly agree,Strongly Agree,Have no opinion,Strongly disagree,Agree,Not sure,,,No,Not sure,Not sure,
26/05/2020 07:50,26/05/2020 08:00,IP Address,100,613,TRUE,26/05/2020 08:00,R_2WzYASqYoahQAxP,anonymous,EN,Yes,Yes,UNI56,,Full-time,No,,4,4th Year,,,BA(Hons) Psychology,No,Female,Strongly agree,Disagree,Agree,Disagree,Agree,Disagree,Agree,Have no opinion,Agree,Have no opinion,Strongly agree,Disagree,Have no opinion,Strongly disagree,Have no opinion,Agree,I have heard of this,I have heard of this,I have heard of this,I have heard of this,,,,,,,,,,,I have done/used this,I have done/used this,Strongly Agree,Disagree,Strongly agree,Strongly disagree,Agree,Agree,Disagree,Agree,Yes,Yes,a difficulty (somewhat impossibility) in replicating previous studies,No,No,Yes,There were some questions which were difficult to rate strongly disagree-strong agree as in some cases would be appropriate and in others not
19/05/2020 09:02,19/05/2020 09:06,IP Address,59,247,FALSE,26/05/2020 09:07,R_O3VZ4doBWjHQPgl,anonymous,EN,Yes,Yes,UKRN03,,Full-time,No,,3,2nd Year,,,Psychology ,Yes,Female ,Agree,Disagree,Agree,Have no opinion,Agree,Disagree,Strongly agree,Disagree,Agree,Strongly agree,Disagree,Disagree,Have no opinion,Disagree,Strongly disagree,Strongly agree,I have heard of this,I have heard of this,I have heard of this,,,I have heard of this,,I have heard of this,I have done/used this,,,,,,,,Have no opinion,Have no opinion,,,,,,,,,,,,,
19/05/2020 10:09,19/05/2020 10:21,IP Address,65,668,FALSE,26/05/2020 10:21,R_2QVEK3vnDNnLNJL,anonymous,EN,Yes,Yes,UKRN05,,Full-time,No,,3,1st Year,,,Psychology,Yes,Female,Have no opinion,Agree,Have no opinion,Have no opinion,Have no opinion,Have no opinion,Agree,Have no opinion,Agree,Disagree,Disagree,Disagree,Have no opinion,Have no opinion,Disagree,Agree,I have heard of this,,I have heard of this,,,,,,,,,,,,,,Have no opinion,Have no opinion,Agree,Strongly agree,,,,,,,,,,,
19/05/2020 11:42,19/05/2020 11:42,IP Address,14,25,FALSE,26/05/2020 11:42,R_2OTNlp8DYNWH15v,anonymous,EN,Yes,Yes,,,,,,,,,,,,,,,,,,,,,,,,,,,,,,,,,,,,,,,,,,,,,,,,,,,,,,,,,,,
19/05/2020 11:45,19/05/2020 13:10,IP Address,49,5091,FALSE,26/05/2020 13:10,R_bfQVzRthUxUsbGp,anonymous,EN,Yes,Yes,Other,,Full-time,No,,3,2nd Year,,,Bsc Psychology,Yes,Female,Have no opinion,Have no opinion,Agree,Strongly agree,Have no opinion,Disagree,Have no opinion,Agree,Strongly agree,Strongly agree,Strongly agree,Disagree,Have no opinion,Agree,Disagree,Agree,,,,,,,,,,,,,,,,,,,,,,,,,,,,,,,
19/05/2020 13:47,19/05/2020 13:49,IP Address,51,144,FALSE,26/05/2020 13:49,R_3itkC3eWHsOp4nq,anonymous,EN,Yes,Yes,UNI57,,Full-time,No,,4,3rd Year,,,Psychology,No,F,Strongly agree,Disagree,Strongly agree,Strongly disagree,Strongly agree,Disagree,Strongly agree,Strongly disagree,Strongly agree,Strongly disagree,Strongly agree,Strongly disagree,Strongly agree,Strongly disagree,Agree,Disagree,,,,,,,,,,,,,,,,,,,,,,,,,,,,,,,
19/05/2020 14:06,19/05/2020 14:07,IP Address,14,60,FALSE,26/05/2020 14:08,R_2S2JPs34wRwoAde,anonymous,EN,Yes,Yes,,,,,,,,,,,,,,,,,,,,,,,,,,,,,,,,,,,,,,,,,,,,,,,,,,,,,,,,,,,
26/05/2020 16:05,26/05/2020 16:09,IP Address,100,203,TRUE,26/05/2020 16:09,R_3QGgMUu9D4dERb2,anonymous,EN,Yes,Yes,UNI58,,Part-time,No,,,,2,1st Year,Msc psychology ,No,Female,Agree,Disagree,Have no opinion,Disagree,Have no opinion,Disagree,Agree,Agree,Have no opinion,Disagree,Strongly agree,Strongly disagree,Strongly agree,Disagree,Disagree,Disagree,I have heard of this,I have heard of this,I have heard of this,I have heard of this,I have heard of this,I have heard of this,I have heard of this,I have heard of this,,,I have done/used this,I have done/used this,,I have done/used this,,,Strongly Agree,Strongly agree,Strongly agree,Strongly disagree,Strongly Disagree,Strongly agree,Strongly disagree,Strongly disagree,No,,,Yes,No,Yes,
27/05/2020 01:45,27/05/2020 01:52,IP Address,100,431,TRUE,27/05/2020 01:52,R_2taHzmPLVT5cVxK,anonymous,EN,Yes,Yes,UNI50,,Full-time,Other (Please specify),Optional year abroad ,4,3rd Year,,,Psychology BSc,Yes,Female,Strongly agree,Disagree,Agree,Strongly disagree,Have no opinion,Disagree,Strongly agree,Disagree,Strongly agree,Disagree,Agree,Strongly disagree,Agree,Disagree,Strongly disagree,Agree,,,I have heard of this,,,I have heard of this,,I have heard of this,,,,,,,,,Strongly Agree,Strongly disagree,Strongly agree,Agree,Agree,Agree,Disagree,Have no opinion,Yes,Yes,Researchers not being able replicate previous findings with a new participant sample,Not sure,No,Yes,"These feel like important things to learn as an undergraduate to help you understand the context of the research you read, and to help you be better researchers if you pursue an academic career"
27/05/2020 02:03,27/05/2020 02:08,IP Address,100,325,TRUE,27/05/2020 02:08,R_0oG9ex7JkN1go4F,anonymous,EN,Yes,Yes,UNI50,,Full-time,No,,3,1st Year,,,Psychology ,Yes,female ,Strongly agree,Disagree,Disagree,Disagree,Agree,Disagree,Strongly agree,Disagree,Agree,Strongly agree,Strongly agree,Strongly disagree,Agree,Agree,Agree,Agree,,,I have heard of this,,,,I have heard of this,I have heard of this,,,,,,,,,Strongly Agree,Agree,Agree,Disagree,Agree,Agree,Disagree,Agree,No,,,No,No,Yes,
27/05/2020 02:06,27/05/2020 02:14,IP Address,100,491,TRUE,27/05/2020 02:14,R_2qeXDlK8ncL6AoB,anonymous,EN,Yes,Yes,UNI50,,Full-time,No,,3,3rd Year,,,Psychology with Forensic Psychology,Yes,Female,Strongly agree,Strongly disagree,Strongly agree,Disagree,Strongly agree,Have no opinion,Strongly agree,Strongly disagree,Strongly agree,Have no opinion,Disagree,Strongly disagree,Have no opinion,Strongly agree,Strongly disagree,Strongly agree,I have heard of this,I have heard of this,,I have heard of this,I have heard of this,,I have heard of this,I have heard of this,,,I have done/used this,,,I have done/used this,,,Strongly Agree,Strongly disagree,Strongly agree,Agree,Strongly Agree,Disagree,Agree,Strongly agree,Yes,Yes,When studies are not replicated enough to generalise findings to other members of the population,Yes,Not sure,Yes,
27/05/2020 02:13,27/05/2020 02:19,IP Address,100,390,TRUE,27/05/2020 02:19,R_2wKV4VHxctApEnR,anonymous,EN,Yes,Yes,UNI50,,Full-time,No,,3,1st Year,,,Psychology with forensics,Yes,Female,Agree,Have no opinion,Agree,Disagree,Agree,Disagree,Have no opinion,Agree,Agree,Agree,Agree,Strongly disagree,Agree,Disagree,Disagree,Have no opinion,I have heard of this,I have heard of this,I have heard of this,,,I have heard of this,,I have heard of this,,,,I have done/used this,I have done/used this,,I have done/used this,,Agree,Disagree,Agree,Agree,Agree,Disagree,Disagree,Agree,No,,,Yes,Not sure,Yes,
20/05/2020 02:13,20/05/2020 02:24,IP Address,14,657,FALSE,27/05/2020 02:24,R_pgEayP0jOXX4Ajn,anonymous,EN,Yes,Yes,,,,,,,,,,,,,,,,,,,,,,,,,,,,,,,,,,,,,,,,,,,,,,,,,,,,,,,,,,,
27/05/2020 03:07,27/05/2020 03:13,IP Address,100,389,TRUE,27/05/2020 03:13,R_0PMgkiKFqg5w6t3,anonymous,EN,Yes,Yes,UNI50,,Full-time,No,,3,1st Year,,,Psychology,Yes,Female,Agree,Strongly disagree,Have no opinion,Have no opinion,Agree,Disagree,Agree,Disagree,Strongly agree,Disagree,Agree,Strongly disagree,Agree,Agree,Disagree,Strongly agree,I have heard of this,I have heard of this,I have heard of this,,,,,I have heard of this,,,,I have done/used this,I have done/used this,I have done/used this,I have done/used this,,Agree,Disagree,Have no opinion,Agree,Agree,Disagree,Disagree,Agree,No,,,Not sure,Yes,Yes,
27/05/2020 03:07,27/05/2020 03:13,IP Address,100,390,TRUE,27/05/2020 03:13,R_3MleWBTXQwIKQXn,anonymous,EN,Yes,Yes,UNI50,,Full-time,No,,3,1st Year,,,Psychology BSc (Hons),Yes,female,Strongly agree,Strongly disagree,Agree,Disagree,Have no opinion,Disagree,Have no opinion,Have no opinion,Disagree,Have no opinion,Strongly agree,Strongly disagree,Agree,Agree,Disagree,Strongly agree,,I have heard of this,,,,,,,,,I have done/used this,,,I have done/used this,,I have done/used this,Strongly Agree,Disagree,Disagree,Agree,Strongly Agree,Strongly disagree,Disagree,Agree,Yes,Not sure,studies are hard to replicate ,Not sure,No,Yes,
27/05/2020 03:09,27/05/2020 03:18,IP Address,100,579,TRUE,27/05/2020 03:18,R_2flZVRGQU5zEIhl,anonymous,EN,Yes,Yes,UNI50,,Full-time,No,,3,2nd Year,,,Psychology with forensics psychology ,Yes,Female ,Strongly agree,Strongly disagree,Agree,Have no opinion,Agree,Strongly disagree,Strongly agree,Strongly disagree,Agree,Strongly disagree,Strongly agree,Strongly disagree,Have no opinion,Disagree,Strongly disagree,Strongly agree,,,I have heard of this,,I have heard of this,I have heard of this,I have heard of this,I have heard of this,,,I have done/used this,,I have done/used this,I have done/used this,I have done/used this,I have done/used this,Strongly Agree,Strongly disagree,Agree,Have no opinion,Agree,Disagree,Strongly disagree,Strongly agree,Yes,Yes,Need to gain similar results to back up original findings but many times the replication study is too different in methodology to be reliable ,No,No,Yes,
27/05/2020 03:17,27/05/2020 03:32,IP Address,100,928,TRUE,27/05/2020 03:32,R_32VpHz50FlX6ASR,anonymous,EN,Yes,Yes,UNI50,,Full-time,No,,3,3rd Year,,,Psychology,Yes,Female,Strongly agree,Strongly disagree,Agree,Strongly disagree,Agree,Disagree,Strongly agree,Strongly disagree,Agree,Disagree,Agree,Strongly disagree,Strongly agree,Strongly disagree,Have no opinion,Have no opinion,,,,,,,I have heard of this,I have heard of this,,,I have done/used this,,,,,,Agree,Disagree,Strongly agree,Disagree,Have no opinion,Disagree,Strongly disagree,Strongly agree,Yes,Yes,An inability to replicate studies or results ,No,No,Yes,
27/05/2020 03:27,27/05/2020 03:35,IP Address,100,464,TRUE,27/05/2020 03:35,R_2zqJAJvANb20u45,anonymous,EN,Yes,Yes,UNI50,,Full-time,No,,3,1st Year,,,Psychology ,No,Female,Agree,Strongly disagree,Agree,Strongly agree,Strongly agree,Disagree,Strongly agree,Disagree,Strongly agree,Agree,Strongly agree,Disagree,Disagree,Agree,Strongly disagree,Agree,,,,I have heard of this,I have heard of this,,I have heard of this,,I have done/used this,I have done/used this,I have done/used this,,,I have done/used this,,I have done/used this,Strongly Agree,Disagree,Disagree,Disagree,Agree,Disagree,Strongly disagree,Agree,Yes,Not sure,Where the results of many studies are impossible to recreate,Yes,No,Yes,
27/05/2020 03:37,27/05/2020 03:45,IP Address,100,474,TRUE,27/05/2020 03:45,R_9pizjxA3PIGucs9,anonymous,EN,Yes,Yes,UNI50,,Full-time,No,,3,3rd Year,,,BSc Psychology (Hons),No,Nonbinary,Strongly agree,Strongly disagree,Agree,Strongly disagree,Have no opinion,Have no opinion,Strongly agree,Strongly disagree,Strongly agree,Strongly disagree,Strongly agree,Strongly disagree,Strongly agree,Disagree,Agree,Disagree,,,I have heard of this,I have heard of this,I have heard of this,,I have heard of this,I have heard of this,,,I have done/used this,,,,I have done/used this,I have done/used this,Strongly Agree,Strongly disagree,Strongly agree,Disagree,Strongly Agree,Strongly agree,Strongly disagree,Agree,Yes,Yes,Results in psychology do not replicate we,Not sure,Not sure,Yes,"I don't recognise some of the names like open code and open data, but think we may have discussed them on the course in more vague terms about making your research practice transparent"
27/05/2020 03:28,27/05/2020 04:29,IP Address,100,3701,TRUE,27/05/2020 04:29,R_1WYBZKVkIQlztGp,anonymous,EN,Yes,Yes,UNI50,,Full-time,No,,3,3rd Year,,,Psychology Bsc ,Yes,female ,Strongly agree,Strongly disagree,Agree,Have no opinion,Agree,Disagree,Have no opinion,Strongly agree,Agree,Have no opinion,Have no opinion,Strongly disagree,Agree,Have no opinion,Disagree,Agree,,,I have heard of this,,,,,I have heard of this,,,I have done/used this,,,,,I have done/used this,Disagree,Have no opinion,Agree,Have no opinion,Agree,Disagree,Disagree,Agree,Yes,Yes,,No,Not sure,Yes,
20/05/2020 04:44,20/05/2020 04:50,IP Address,70,332,FALSE,27/05/2020 04:50,R_vCs7E3hdxzY4DQZ,anonymous,EN,Yes,Yes,UNI19,,Full-time,No,,3,1st Year,,,Psychology,Yes,Female,Strongly agree,Strongly disagree,Strongly agree,Strongly disagree,Agree,Disagree,Strongly agree,Disagree,Agree,Disagree,Strongly agree,Strongly disagree,Agree,Strongly agree,Disagree,Have no opinion,,,I have heard of this,,,I have heard of this,,I have heard of this,,,I have done/used this,,,I have done/used this,,I have done/used this,Strongly Agree,Strongly disagree,Disagree,Agree,Agree,Have no opinion,,,,,,,,,
20/05/2020 05:29,20/05/2020 05:37,IP Address,70,487,FALSE,27/05/2020 05:37,R_CfeZr0TNBLitgBz,anonymous,EN,Yes,Yes,UNI59,,Full-time,No,,1,3rd Year,,,Graduate Diploma Psychology ,Yes,Female ,Agree,Disagree,Have no opinion,Disagree,Agree,Have no opinion,Agree,Disagree,Disagree,Agree,Strongly agree,Have no opinion,Agree,Disagree,Agree,Agree,I have heard of this,I have heard of this,I have heard of this,I have heard of this,I have heard of this,I have heard of this,I have heard of this,I have heard of this,I have done/used this,,I have done/used this,I have done/used this,,I have done/used this,I have done/used this,,Agree,Disagree,Agree,Agree,Strongly Agree,Disagree,,,,,,,,,
27/05/2020 05:50,27/05/2020 06:00,IP Address,100,589,TRUE,27/05/2020 06:00,R_7V5wqYQdesJVZRv,anonymous,EN,Yes,Yes,UNI50,,Full-time,No,,3,2nd Year,,,Psychology ,Yes,Male,Strongly agree,Strongly disagree,Agree,Strongly disagree,Agree,Strongly disagree,Agree,Disagree,Agree,Strongly disagree,Agree,Strongly disagree,Strongly agree,Agree,Disagree,Strongly agree,I have heard of this,I have heard of this,,,I have heard of this,,I have heard of this,I have heard of this,,,I have done/used this,I have done/used this,,I have done/used this,,,Strongly Agree,Strongly disagree,Strongly agree,Have no opinion,Agree,Strongly agree,Disagree,Agree,Yes,Yes,many studies are proving to be impossible to replicate or reproduce even though this is an essential part of the scientific method,Yes,Not sure,Yes,
27/05/2020 06:18,27/05/2020 06:24,IP Address,100,390,TRUE,27/05/2020 06:24,R_3I0ikKoATbxdHte,anonymous,EN,Yes,Yes,UNI50,,Full-time,No,,3,2nd Year,,,Psychology with clinical psychology,Yes,,Agree,Disagree,Disagree,Disagree,Have no opinion,Disagree,Agree,Disagree,Strongly agree,Disagree,Strongly agree,Strongly disagree,Disagree,Agree,Disagree,Disagree,I have heard of this,I have heard of this,,I have heard of this,I have heard of this,,I have heard of this,,,,I have done/used this,,,I have done/used this,,I have done/used this,Agree,Disagree,Strongly agree,Agree,Disagree,Disagree,Disagree,Disagree,Yes,No,Many pieces of scientific research are being made impossible to replicate ,Yes,No,Yes,
20/05/2020 06:35,20/05/2020 06:35,IP Address,14,28,FALSE,27/05/2020 06:35,R_30bEswPBsbyZLjq,anonymous,EN,Yes,Yes,,,,,,,,,,,,,,,,,,,,,,,,,,,,,,,,,,,,,,,,,,,,,,,,,,,,,,,,,,,
27/05/2020 06:59,27/05/2020 07:12,IP Address,100,749,TRUE,27/05/2020 07:12,R_2TnmT9UuojVJ0Yc,anonymous,EN,Yes,Yes,UNI50,,Part-time,No,,,,3,1st Year,Psychonolgy Hons,Yes,Male Trans,Strongly agree,Strongly disagree,Have no opinion,Agree,Have no opinion,Disagree,Disagree,Agree,Agree,Disagree,Agree,Strongly disagree,Have no opinion,Agree,Disagree,Agree,I have heard of this,,I have heard of this,I have heard of this,,I have heard of this,,I have heard of this,,,I have done/used this,I have done/used this,,I have done/used this,,I have done/used this,Agree,Disagree,Have no opinion,Disagree,Agree,Disagree,Disagree,Agree,Yes,No,I think it creates difficaulty in falsifying specific theories or testing to see if the methodology is accurate. The mixed findings make it difficault to make inferences and predicitions of behaviour.,Yes,No,Yes,
20/05/2020 08:05,20/05/2020 08:06,IP Address,46,95,FALSE,27/05/2020 08:07,R_3QQ5qNWSyrHeruP,anonymous,EN,Yes,Yes,UNI22,,Full-time,Yes,,3,2nd Year,,,Psychology,No,Female,,,,,,,,,,,,,,,,,,,,,,,,,,,,,,,,,,,,,,,,,,,,,,,
20/05/2020 09:13,20/05/2020 09:13,IP Address,46,47,FALSE,27/05/2020 09:14,R_2QX2Zw6IejjZIHZ,anonymous,EN,Yes,Yes,UNI44,,Full-time,No,,3,3rd Year,,,Psychology ,Yes,Female ,,,,,,,,,,,,,,,,,,,,,,,,,,,,,,,,,,,,,,,,,,,,,,,
20/05/2020 10:39,20/05/2020 10:41,IP Address,46,127,FALSE,27/05/2020 10:41,R_C7zrRgNuGAG5Fm1,anonymous,EN,Yes,Yes,UNI60,,Full-time,No,,3,3rd Year,,,C800 Psychology,Yes,Female,,,,,,,,,,,,,,,,,,,,,,,,,,,,,,,,,,,,,,,,,,,,,,,
20/05/2020 13:17,20/05/2020 13:32,IP Address,70,940,FALSE,27/05/2020 13:33,R_2yf5XRoGLKlKC0d,anonymous,EN,Yes,Yes,UNI25,,Full-time,No,,3,2nd Year,,,Psychology ,Yes,Female ,Strongly agree,Strongly disagree,Have no opinion,Strongly disagree,Agree,Strongly disagree,Agree,Strongly disagree,Strongly agree,Strongly disagree,Agree,Strongly disagree,Agree,Disagree,Disagree,Agree,,,,,,,,,,,I have done/used this,I have done/used this,,,I have done/used this,I have done/used this,Strongly Agree,Strongly disagree,Agree,Disagree,Strongly Agree,Agree,,,,,,,,,
20/05/2020 13:38,20/05/2020 13:39,IP Address,19,61,FALSE,27/05/2020 13:39,R_25NGffXUIWeQD8Y,anonymous,EN,Yes,Yes,UNI21,,,,,,,,,,,,,,,,,,,,,,,,,,,,,,,,,,,,,,,,,,,,,,,,,,,,,,,,,,
27/05/2020 13:38,27/05/2020 13:49,IP Address,100,664,TRUE,27/05/2020 13:49,R_3qHXuAixfDQHRbP,anonymous,EN,Yes,Yes,UNI50,,Full-time,No,,3,3rd Year,,,BSc Psychology with Forensic Psychology,Yes,Female,Strongly agree,Strongly disagree,Strongly agree,Agree,Agree,Agree,Agree,Disagree,Agree,Disagree,Disagree,Strongly disagree,Have no opinion,Have no opinion,Strongly agree,Agree,,,I have heard of this,I have heard of this,,I have heard of this,,I have heard of this,I have done/used this,I have done/used this,,,I have done/used this,,I have done/used this,,Strongly Agree,Strongly disagree,Agree,Disagree,Agree,Strongly agree,Have no opinion,Strongly agree,Yes,Yes,"The fact that not many studies are replicated and when they are not everything is kept the same so certain factors can affect the results, i.e. the same hypothesis to be tested with different participants but the questionnaires are slightly different. ",Yes,No,Yes,"We should definitely improve the way we do oir research and stop putting emphasis on NEW research if the one we have isn't reliable. The question arrises, how can I build on a research if its reliability is questionable?"
27/05/2020 14:38,27/05/2020 14:50,IP Address,100,747,TRUE,27/05/2020 14:50,R_1j8ms5ZRfd4rV2t,anonymous,EN,Yes,Yes,UNI50,,Full-time,No,,3,1st Year,,,BSc Psychology ,No,Female,Strongly agree,Strongly disagree,Strongly agree,Strongly disagree,Have no opinion,Strongly disagree,Strongly agree,Strongly disagree,Agree,Strongly disagree,Strongly disagree,Strongly disagree,Agree,Agree,Strongly agree,Have no opinion,I have heard of this,I have heard of this,I have heard of this,I have heard of this,I have heard of this,I have heard of this,I have heard of this,I have heard of this,,,I have done/used this,,,I have done/used this,,,Strongly Agree,Strongly disagree,Agree,Disagree,Strongly Agree,Strongly disagree,Agree,Strongly agree,Not sure,,,Yes,Yes,Yes,
20/05/2020 13:06,20/05/2020 15:04,IP Address,51,7070,FALSE,27/05/2020 15:04,R_PTlIRm2DE11FhRL,anonymous,EN,Yes,Yes,UNI19,,Full-time,No,,3,3rd Year,,,Psychology BSc,No,female,Have no opinion,Disagree,Strongly disagree,Strongly disagree,Agree,Agree,Agree,Disagree,Strongly agree,Agree,Agree,Strongly disagree,Strongly disagree,Strongly agree,Strongly disagree,Strongly agree,,,I have heard of this,,I have heard of this,I have heard of this,I have heard of this,I have heard of this,,,I have done/used this,,I have done/used this,I have done/used this,I have done/used this,I have done/used this,,,,,,,,,,,,,,,
20/05/2020 20:24,20/05/2020 20:29,IP Address,51,307,FALSE,27/05/2020 20:30,R_2COHqgMGzAjPpBq,anonymous,EN,Yes,Yes,UNI22,,Full-time,No,,3,1st Year,,,Psychology ,Yes,Female ,Strongly agree,Disagree,Have no opinion,Agree,Agree,Disagree,Strongly agree,Disagree,Agree,Disagree,Agree,Agree,Agree,Agree,Agree,Have no opinion,,,,I have heard of this,,,,I have heard of this,,,I have done/used this,,,I have done/used this,,,,,,,,,,,,,,,,,
21/05/2020 00:47,21/05/2020 00:48,IP Address,46,79,FALSE,28/05/2020 00:48,R_2zOtjiCZP1xNjiB,anonymous,EN,Yes,Yes,UNI22,,Full-time,Yes,,3,3rd Year,,,Psychology with criminology and criminal justice ,No,Female ,,,,,,,,,,,,,,,,,,,,,,,,,,,,,,,,,,,,,,,,,,,,,,,
21/05/2020 04:42,21/05/2020 04:45,IP Address,46,155,FALSE,28/05/2020 04:45,R_2nMkqHxBpNjacbn,anonymous,EN,Yes,Yes,UNI50,,Full-time,No,,3,1st Year,,,Psychology with forensics,Yes,Female,,,,,,,,,,,,,,,,,,,,,,,,,,,,,,,,,,,,,,,,,,,,,,,
21/05/2020 04:41,21/05/2020 04:45,IP Address,51,234,FALSE,28/05/2020 04:46,R_2pRlJNTp00WIYjz,anonymous,EN,Yes,Yes,UNI50,,Full-time,Yes,,3,1st Year,,,Psychology ,Yes,Female,Agree,Disagree,Agree,Strongly agree,Agree,Disagree,Agree,Have no opinion,Strongly agree,Have no opinion,Disagree,Strongly disagree,Have no opinion,Strongly agree,Disagree,Strongly agree,I have heard of this,,,,,,,I have heard of this,,,,,,,,I have done/used this,,,,,,,,,,,,,,,
21/05/2020 04:42,21/05/2020 04:48,IP Address,59,341,FALSE,28/05/2020 04:48,R_31bDxeMnBg3NNOc,anonymous,EN,Yes,Yes,UNI50,,Full-time,No,,3,1st Year,,,Bsc psychology ,Yes,Female,Agree,Disagree,Disagree,Strongly disagree,Have no opinion,Disagree,Agree,Have no opinion,Disagree,Disagree,Agree,Strongly disagree,Have no opinion,Agree,Strongly disagree,Agree,I have heard of this,I have heard of this,,I have heard of this,I have heard of this,I have heard of this,I have heard of this,,,,I have done/used this,,,I have done/used this,,I have done/used this,Strongly Agree,Disagree,,,,,,,,,,,,,
21/05/2020 04:49,21/05/2020 04:49,IP Address,14,12,FALSE,28/05/2020 04:49,R_r8cQ4yDZdvNgjId,anonymous,EN,Yes,Yes,,,,,,,,,,,,,,,,,,,,,,,,,,,,,,,,,,,,,,,,,,,,,,,,,,,,,,,,,,,
21/05/2020 05:04,21/05/2020 05:05,IP Address,27,53,FALSE,28/05/2020 05:05,R_2QzVQ5sT3bmSrzw,anonymous,EN,Yes,Yes,UNI50,,Full-time,No,,,,,,,,,,,,,,,,,,,,,,,,,,,,,,,,,,,,,,,,,,,,,,,,,,,,,,,
21/05/2020 05:45,21/05/2020 05:46,IP Address,46,60,FALSE,28/05/2020 05:46,R_2Tn8ljhVqwEl4xQ,anonymous,EN,Yes,Yes,UNI50,,Full-time,No,,3,1st Year,,,Psychology,Yes,Female,,,,,,,,,,,,,,,,,,,,,,,,,,,,,,,,,,,,,,,,,,,,,,,
21/05/2020 05:35,21/05/2020 05:50,IP Address,70,874,FALSE,28/05/2020 05:50,R_23pOPobOXCH8WBz,anonymous,EN,Yes,Yes,UNI50,,Full-time,No,,3,2nd Year,,,Pathology with forensic psychology ,Yes,Female ,Agree,Strongly disagree,Have no opinion,Disagree,Agree,Strongly disagree,Strongly agree,Disagree,Disagree,Agree,Agree,Strongly disagree,Disagree,Disagree,Strongly disagree,Disagree,I have heard of this,I have heard of this,I have heard of this,I have heard of this,I have heard of this,I have heard of this,I have heard of this,I have heard of this,I have done/used this,I have done/used this,I have done/used this,,,,I have done/used this,,Strongly Agree,Disagree,Strongly agree,Agree,Agree,Agree,,,,,,,,,
21/05/2020 14:52,21/05/2020 14:56,IP Address,51,244,FALSE,28/05/2020 14:56,R_1Igh9R72iW41mHX,anonymous,EN,Yes,Yes,UKRN03,,Full-time,No,,3,2nd Year,,,Psychology ,No,Female,Agree,Strongly disagree,Agree,Disagree,Have no opinion,Agree,Agree,Disagree,Have no opinion,Have no opinion,Agree,Strongly disagree,Strongly agree,Disagree,Have no opinion,Agree,I have heard of this,,I have heard of this,I have heard of this,I have heard of this,,,I have heard of this,,,,,,,,,,,,,,,,,,,,,,,
28/05/2020 18:04,28/05/2020 18:31,IP Address,100,1604,TRUE,28/05/2020 18:31,R_QchjyMXzV6xZHYl,anonymous,EN,Yes,Yes,UNI21,,Full-time,Other (Please specify),Optional placement year or module,3,1st Year,,,Psychology,No,Female,Strongly agree,Strongly disagree,Agree,Strongly disagree,Disagree,Agree,Agree,Disagree,Agree,Disagree,Agree,Strongly disagree,Strongly agree,Disagree,Disagree,Agree,,,,I have heard of this,,,,I have heard of this,I have done/used this,I have done/used this,I have done/used this,,I have done/used this,I have done/used this,I have done/used this,,Strongly Agree,Disagree,Have no opinion,Have no opinion,Strongly Agree,Disagree,Disagree,Agree,Not sure,,,No,No,Yes,
22/05/2020 04:12,22/05/2020 04:13,IP Address,46,63,FALSE,29/05/2020 04:13,R_2CKARquLPWc9Mwi,anonymous,EN,Yes,Yes,UNI50,,Full-time,No,,3,1st Year,,,Psychology ,Yes,Male,,,,,,,,,,,,,,,,,,,,,,,,,,,,,,,,,,,,,,,,,,,,,,,
22/05/2020 04:52,22/05/2020 04:53,IP Address,46,66,FALSE,29/05/2020 04:53,R_xEm4vmJEG51oxQB,anonymous,EN,Yes,Yes,UNI27,,Part-time,No,,,,6,4th Year,Psychology BSc (Hons),No,Female ,,,,,,,,,,,,,,,,,,,,,,,,,,,,,,,,,,,,,,,,,,,,,,,
29/05/2020 07:19,29/05/2020 07:32,IP Address,100,772,TRUE,29/05/2020 07:32,R_3fHHocc97XktqsS,anonymous,EN,Yes,Yes,UKRN01,,Full-time,Yes,,4,2nd Year,,,Psychology BSc,Yes,Female,Agree,Disagree,Strongly agree,Disagree,Agree,Disagree,Agree,Disagree,Agree,Agree,Agree,Disagree,Have no opinion,Disagree,Agree,Strongly agree,I have heard of this,I have heard of this,,I have heard of this,I have heard of this,I have heard of this,I have heard of this,,,,I have done/used this,,,,,I have done/used this,Agree,Disagree,Agree,Disagree,Agree,Disagree,Disagree,Have no opinion,Not sure,,,No,No,Yes,
22/05/2020 08:07,22/05/2020 08:10,IP Address,46,163,FALSE,29/05/2020 08:10,R_UA6WH06Kbrm7I53,anonymous,EN,Yes,Yes,Other,,Full-time,No,,4,4th Year,,,Psychology,No,F,,,,,,,,,,,,,,,,,,,,,,,,,,,,,,,,,,,,,,,,,,,,,,,
22/05/2020 16:38,22/05/2020 16:40,IP Address,46,70,FALSE,29/05/2020 16:40,R_yObaAbelqU6OPbH,anonymous,EN,Yes,Yes,UKRN05,,Full-time,No,,4,3rd Year,,,Forensic psychology,Yes,Female ,,,,,,,,,,,,,,,,,,,,,,,,,,,,,,,,,,,,,,,,,,,,,,,
29/05/2020 16:41,29/05/2020 16:54,IP Address,100,792,TRUE,29/05/2020 16:54,R_2sduHD7w8AzZcmo,anonymous,EN,Yes,Yes,UNI50,,Full-time,No,,3,1st Year,,,Psychology BSc Hons,Yes,female,Agree,Disagree,Have no opinion,Strongly disagree,Agree,Have no opinion,Agree,Strongly disagree,Have no opinion,Have no opinion,Agree,Strongly disagree,Have no opinion,Have no opinion,Strongly disagree,Strongly agree,,,I have heard of this,,I have heard of this,,,I have heard of this,I have done/used this,I have done/used this,,I have done/used this,,I have done/used this,I have done/used this,,Agree,Agree,Disagree,Strongly agree,Strongly Agree,Strongly disagree,Disagree,Agree,Not sure,,,No,Not sure,Yes,
22/05/2020 18:30,22/05/2020 18:30,IP Address,46,53,FALSE,29/05/2020 18:31,R_AI3q8aAZjYgx7vr,anonymous,EN,Yes,Yes,UNI22,,Full-time,No,,3,2nd Year,,,Psychology,No,female,,,,,,,,,,,,,,,,,,,,,,,,,,,,,,,,,,,,,,,,,,,,,,,
23/05/2020 09:52,23/05/2020 09:53,IP Address,46,70,FALSE,30/05/2020 09:53,R_3MxMdZroFKHHJlK,anonymous,EN,Yes,Yes,UNI22,,Full-time,No,,4,2nd Year,,,Psychology Bsc incl Foundation year,Yes,Female,,,,,,,,,,,,,,,,,,,,,,,,,,,,,,,,,,,,,,,,,,,,,,,
30/05/2020 10:09,30/05/2020 10:26,IP Address,100,1021,TRUE,30/05/2020 10:26,R_2VR3Ln0WuHu9rJx,anonymous,EN,Yes,Yes,UNI50,,Full-time,No,,3,2nd Year,,,BSc Psychology,Yes,Female,Strongly agree,Disagree,Agree,Disagree,Agree,Disagree,Disagree,Agree,Agree,Disagree,Agree,Disagree,Disagree,Agree,Have no opinion,Agree,I have heard of this,I have heard of this,I have heard of this,,,I have heard of this,,I have heard of this,,,,,,,,,Agree,Disagree,Agree,Have no opinion,Agree,Agree,Disagree,Agree,Yes,Yes,When findings of a study cannot be replicated,No,No,Yes,
01/06/2020 02:37,01/06/2020 02:43,IP Address,100,335,TRUE,01/06/2020 02:43,R_vV0jZkdi5CoJcI1,anonymous,EN,Yes,Yes,UNI61,,Full-time,No,,4,4th Year,,,BA Hons Psychology,Yes,Female,Strongly agree,Strongly disagree,Strongly disagree,Strongly agree,Disagree,Agree,Agree,Disagree,Agree,Agree,Strongly agree,Strongly disagree,Strongly agree,Strongly disagree,Strongly disagree,Agree,I have heard of this,I have heard of this,I have heard of this,I have heard of this,I have heard of this,I have heard of this,I have heard of this,I have heard of this,I have done/used this,I have done/used this,I have done/used this,,,,I have done/used this,I have done/used this,Agree,Agree,Disagree,Agree,Strongly Agree,Strongly disagree,Disagree,Agree,Yes,No,"to reproduce classic studies and find if they are still reliable, if not, then to explain why",Yes,No,Yes,
01/06/2020 03:24,01/06/2020 03:31,IP Address,100,396,TRUE,01/06/2020 03:31,R_1rB7VTDQrYQukSm,anonymous,EN,Yes,Yes,UNI50,,Full-time,Yes,,3,1st Year,,,Psychology with clinical psychology,Yes,Female,Strongly agree,Strongly disagree,Strongly agree,Disagree,Agree,Have no opinion,Agree,Disagree,Agree,Agree,Agree,Disagree,Have no opinion,Disagree,Disagree,Have no opinion,I have heard of this,I have heard of this,I have heard of this,,,I have heard of this,,I have heard of this,,,I have done/used this,,,,,I have done/used this,Strongly Agree,Strongly disagree,Have no opinion,Disagree,Agree,Have no opinion,Strongly disagree,Strongly agree,Not sure,,,Not sure,Yes,Yes,
26/05/2020 05:45,26/05/2020 05:46,IP Address,46,45,FALSE,02/06/2020 05:46,R_3Jq01emvuaoaH0Y,anonymous,EN,Yes,Yes,UNI24,,Full-time,No,,3,1st Year,,,Psychology & Counselling ,No,Female,,,,,,,,,,,,,,,,,,,,,,,,,,,,,,,,,,,,,,,,,,,,,,,
26/05/2020 10:02,26/05/2020 10:08,IP Address,46,348,FALSE,02/06/2020 10:08,R_3el5rO8kAnN1gvf,anonymous,EN,Yes,Yes,UNI19,,Full-time,No,,3,2nd Year,,,BSc Psychology,Yes,Female,,,,,,,,,,,,,,,,,,,,,,,,,,,,,,,,,,,,,,,,,,,,,,,
03/06/2020 07:27,03/06/2020 07:37,IP Address,100,580,TRUE,03/06/2020 07:37,R_2hINbHJsd6yaqjv,anonymous,EN,Yes,Yes,UNI51,,Full-time,No,,3,3rd Year,,,Criminology with Psychology ,Yes,Female,Strongly agree,Disagree,Agree,Agree,Have no opinion,Have no opinion,Agree,Have no opinion,Agree,Agree,Agree,Disagree,Agree,Agree,Have no opinion,Agree,,,,I have heard of this,I have heard of this,,,,I have done/used this,I have done/used this,I have done/used this,,,I have done/used this,I have done/used this,I have done/used this,Have no opinion,Agree,Agree,Agree,Agree,Disagree,Disagree,Agree,Yes,No,I thinks it is about those studies difficult to be replicated.,Yes,No,Not sure,
03/06/2020 12:23,03/06/2020 12:32,IP Address,100,534,TRUE,03/06/2020 12:32,R_2xLZ1rn5l0VDo2m,anonymous,EN,Yes,Yes,UNI24,,Full-time,No,,3,1st Year,,,Psychology,No,Female,Strongly agree,Disagree,Agree,Have no opinion,Have no opinion,Strongly disagree,Agree,Disagree,Agree,Agree,Agree,Strongly disagree,Agree,Agree,Strongly disagree,Strongly agree,I have heard of this,,I have heard of this,,,I have heard of this,,I have heard of this,,I have done/used this,,I have done/used this,I have done/used this,,I have done/used this,,Agree,Agree,Strongly agree,Have no opinion,Agree,Agree,Agree,Have no opinion,Not sure,,,Yes,No,Yes,
03/06/2020 12:18,03/06/2020 12:39,IP Address,100,1291,TRUE,03/06/2020 12:39,R_PFEyxg3ZJSYktIR,anonymous,EN,Yes,Yes,UNI55,,Full-time,No,,3,3rd Year,,,Psychology BSc,No,Female ,Strongly agree,Disagree,Strongly agree,Have no opinion,Agree,Disagree,Strongly agree,Disagree,Strongly agree,Strongly agree,Agree,Strongly disagree,Agree,Strongly agree,Agree,Agree,I have heard of this,I have heard of this,I have heard of this,I have heard of this,I have heard of this,I have heard of this,I have heard of this,I have heard of this,,,,,,,,,Strongly Agree,Disagree,Agree,Disagree,Agree,Agree,Have no opinion,Strongly agree,Yes,Yes,A crises whereby it is impossible to accurately and reliably reproduce a scientific study's findings ,Yes,Yes,Yes,Intersting study topic 
03/06/2020 13:00,03/06/2020 13:22,IP Address,100,1317,TRUE,03/06/2020 13:22,R_eyPNaGURoKZp4Yh,anonymous,EN,Yes,Yes,UNI50,,Full-time,No,,3,3rd Year,,,BSc (Hons) Psychology,Yes,Female,Have no opinion,Strongly disagree,Have no opinion,Disagree,Agree,Disagree,Strongly agree,Disagree,Agree,Strongly agree,Agree,Strongly disagree,Agree,Have no opinion,Have no opinion,Agree,I have heard of this,I have heard of this,I have heard of this,I have heard of this,I have heard of this,I have heard of this,I have heard of this,I have heard of this,I have done/used this,I have done/used this,I have done/used this,,,I have done/used this,I have done/used this,I have done/used this,Strongly Agree,Strongly disagree,Strongly agree,Strongly disagree,Agree,Agree,Disagree,Agree,Yes,Yes,"The current perceived crisis in scientific research, and heavily discussed in psychological research, that findings can't be replicated or that not enough studies are being replicated. It also involves discussion of habits such as p-hacking or analysing data until you find what you need appearing like common practice (even though they may not be). The crisis is also heavily caused by pressure from publishers who require new and exciting findings, over replicated work, including significant findings (p-value). Therefore, several studies that do not find a significant p-value are not being published, but the one study that does is being published, leading to a bias or 'crisis'.",Yes,Yes,Yes,"Both myself and a fellow student completed a study on the replication crisis (as part of a funded research project), where we looked into the attitudes and opinions of psychology undergrads (and a few staff members too). We presented our pilot findings at a conference but due to covid were unable to write-up or present our final findings together. More than happy to share pilot poster and full data however; my email is jemjjemj@gmail.com"
03/06/2020 16:05,03/06/2020 16:12,IP Address,100,385,TRUE,03/06/2020 16:12,R_WD8uWwpxnv4OUqR,anonymous,EN,Yes,Yes,UNI62,,Full-time,No,,3,2nd Year,,,Natural Sciences ,No,Female,Agree,Disagree,Strongly agree,Disagree,Have no opinion,Have no opinion,Agree,Have no opinion,Agree,Strongly disagree,Strongly agree,Strongly disagree,Strongly agree,Strongly disagree,Disagree,Disagree,I have heard of this,I have heard of this,,I have heard of this,I have heard of this,I have heard of this,,I have heard of this,,,I have done/used this,,,,,,Strongly Agree,Disagree,Strongly agree,Agree,Disagree,Agree,Strongly disagree,Strongly disagree,Yes,Yes,That a large number of results of psychological studies are hard to replicate,Not sure,No,Yes,
03/06/2020 18:11,03/06/2020 18:18,IP Address,100,419,TRUE,03/06/2020 18:18,R_3KW8oNv01SKO36t,anonymous,EN,Yes,Yes,UNI22,,Full-time,Yes,,3,2nd Year,,,Bsc Psychology ,No,Male,Strongly agree,Disagree,Agree,Have no opinion,Agree,Strongly agree,Agree,Strongly disagree,Agree,Have no opinion,Strongly agree,Agree,Agree,Agree,Disagree,Agree,I have heard of this,,I have heard of this,,,I have heard of this,I have heard of this,,,,I have done/used this,,,I have done/used this,,,Agree,Disagree,Disagree,Agree,Strongly Agree,Agree,Disagree,Agree,Not sure,,,Not sure,Yes,Yes,
04/06/2020 02:34,04/06/2020 02:42,IP Address,100,469,TRUE,04/06/2020 02:42,R_24dtHUnMhhCNBll,anonymous,EN,Yes,Yes,UNI63,,Full-time,No,,3,1st Year,,,Psychology and Counselling ,Yes,Female,Strongly agree,Disagree,Strongly agree,Strongly disagree,Strongly agree,Disagree,Strongly agree,Strongly disagree,Strongly agree,Disagree,Agree,Disagree,Agree,Disagree,Disagree,Agree,I have heard of this,I have heard of this,I have heard of this,I have heard of this,,,I have heard of this,I have heard of this,I have done/used this,,I have done/used this,,,,I have done/used this,I have done/used this,Strongly Agree,Disagree,Strongly agree,Disagree,Agree,Strongly agree,Disagree,Agree,Yes,Yes,The issue of replicating past researchers and trying to find similar results ,Yes,Yes,Yes,
04/06/2020 03:28,04/06/2020 03:58,IP Address,100,1832,TRUE,04/06/2020 03:58,R_XgCqf6akOIwpJLz,anonymous,EN,Yes,Yes,UKRN04,,Full-time,No,,3,3rd Year,,,Psychology ,Yes,Female ,Strongly agree,Strongly disagree,Have no opinion,Agree,Have no opinion,Have no opinion,Agree,Agree,Have no opinion,Disagree,Have no opinion,Disagree,Strongly agree,Disagree,Disagree,Have no opinion,I have heard of this,I have heard of this,I have heard of this,,,I have heard of this,,I have heard of this,,,I have done/used this,,,,,,Strongly Agree,Have no opinion,Agree,Have no opinion,Have no opinion,Agree,Have no opinion,Agree,Yes,Yes,Where previous psychological research is failing to be replicated with the same results ,No,Not sure,Yes,
04/06/2020 05:23,04/06/2020 05:35,IP Address,100,715,TRUE,04/06/2020 05:35,R_27BtnmQIli2RsGv,anonymous,EN,Yes,Yes,UKRN04,,Full-time,No,,3,2nd Year,,,Psychology,Yes,Male,Strongly agree,Strongly disagree,Agree,Have no opinion,Agree,Disagree,Agree,Agree,Agree,Strongly disagree,Strongly agree,Strongly disagree,Strongly agree,Strongly disagree,Disagree,Strongly agree,,,,,,,,,I have done/used this,I have done/used this,I have done/used this,I have done/used this,I have done/used this,I have done/used this,I have done/used this,I have done/used this,Agree,Disagree,Have no opinion,Have no opinion,Strongly Agree,Strongly disagree,Disagree,Have no opinion,Yes,Yes,it is hard to replicate a study,Yes,Yes,Yes,
04/06/2020 07:14,04/06/2020 07:18,IP Address,100,244,TRUE,04/06/2020 07:18,R_yDDBuStW7Y14Tqp,anonymous,EN,Yes,Yes,UNI22,,Full-time,Yes,,3,1st Year,,,Psychology with Developmental Disorders ,No,Female,Strongly agree,Agree,Have no opinion,Strongly agree,Have no opinion,Disagree,Disagree,Strongly agree,Have no opinion,Strongly agree,Strongly agree,Agree,Strongly agree,Strongly agree,Have no opinion,Agree,,I have heard of this,I have heard of this,,I have heard of this,I have heard of this,,I have heard of this,I have done/used this,,,I have done/used this,,,I have done/used this,,Strongly disagree,Strongly disagree,Have no opinion,Strongly agree,Agree,Have no opinion,Agree,Strongly agree,Not sure,,,Not sure,Not sure,Yes,I think this is a refreshing survey to take and it relates to my studies. 
04/06/2020 08:39,04/06/2020 08:44,IP Address,100,301,TRUE,04/06/2020 08:44,R_XFaYlosqRwLyBIl,anonymous,EN,Yes,Yes,UKRN03,,Full-time,No,,3,1st Year,,,Psychology and Linguistics,Yes,Female,Strongly agree,Strongly disagree,Agree,Disagree,Agree,Disagree,Agree,Disagree,Strongly agree,Disagree,Agree,Strongly disagree,Have no opinion,Agree,Have no opinion,Agree,I have heard of this,,I have heard of this,,,,,I have heard of this,,,,,,,,,Disagree,Disagree,Agree,Agree,Strongly Agree,Agree,Disagree,Agree,Yes,Yes,a test conducted by various psychologists to see if the results from previous studies were still accurate today. they found that 60% of studies weren't replicable,No,No,Yes,
04/06/2020 15:42,04/06/2020 15:52,IP Address,100,628,TRUE,04/06/2020 15:52,R_3nwNj7RRpy35JvP,anonymous,EN,Yes,Yes,UKRN04,,Full-time,No,,3,2nd Year,,,Psychology,Yes,Female,Strongly agree,Strongly disagree,Strongly agree,Disagree,Agree,Disagree,Have no opinion,Agree,Disagree,Have no opinion,Strongly agree,Strongly disagree,Agree,Strongly disagree,Strongly disagree,Agree,I have heard of this,I have heard of this,,I have heard of this,I have heard of this,I have heard of this,I have heard of this,I have heard of this,,,I have done/used this,,,,,,Strongly disagree,Have no opinion,Strongly agree,Strongly disagree,Agree,Agree,Strongly disagree,Agree,Yes,Yes,Results are not able to be replicated ,Yes,Yes,Yes,
04/06/2020 16:59,04/06/2020 17:04,IP Address,100,296,TRUE,04/06/2020 17:04,R_R8rvDiIdEbAGtot,anonymous,EN,Yes,Yes,UNI62,,Full-time,No,,3,2nd Year,,,Psychological and Behavioural Sciences,Yes,Female,Strongly agree,Strongly disagree,Agree,Strongly disagree,Strongly agree,Strongly disagree,Strongly agree,Strongly disagree,Strongly agree,Disagree,Strongly agree,Strongly disagree,Agree,Agree,Strongly disagree,Disagree,I have heard of this,I have heard of this,I have heard of this,I have heard of this,I have heard of this,I have heard of this,I have heard of this,I have heard of this,,,I have done/used this,,,I have done/used this,I have done/used this,I have done/used this,Strongly Agree,Disagree,Agree,Agree,Agree,Strongly agree,Strongly disagree,Strongly agree,Yes,Yes,A distinct lack of research studies in psychology get replicated and re-published. ,Not sure,No,Yes,
05/06/2020 03:56,05/06/2020 04:09,IP Address,100,798,TRUE,05/06/2020 04:09,R_1i9wreiLueFI22T,anonymous,EN,Yes,Yes,UNI07,,Full-time,Yes,,4,2nd Year,,,Abnormal and Clinical Psychology ,No,Female ,Agree,Strongly disagree,Agree,Disagree,Agree,Strongly disagree,Strongly agree,Strongly disagree,Agree,Disagree,Agree,Disagree,Have no opinion,Have no opinion,Have no opinion,Disagree,,,I have heard of this,,,,,,,,I have done/used this,,,,,,Strongly Agree,Strongly disagree,Agree,Disagree,Agree,Disagree,Disagree,Agree,No,,,Not sure,Not sure,Yes,
05/06/2020 07:34,05/06/2020 07:40,IP Address,100,358,TRUE,05/06/2020 07:40,R_XzzMlgDZ7tePqlb,anonymous,EN,Yes,Yes,UNI09,,Full-time,No,,3,1st Year,,,Psychology ,Yes,Male,Strongly agree,Strongly disagree,Agree,Strongly disagree,Strongly agree,Strongly disagree,Strongly agree,Strongly disagree,Strongly agree,Agree,Disagree,Strongly disagree,Strongly agree,Disagree,Disagree,Agree,,,I have heard of this,I have heard of this,I have heard of this,I have heard of this,,I have heard of this,,,,,,,,,Strongly Agree,Strongly disagree,Strongly agree,Strongly agree,Agree,Agree,Disagree,Strongly agree,Yes,Yes,"Novel research is not properly reported and resources used aren't shared, so recreating them is incredible difficult.",Not sure,No,Yes,
05/06/2020 09:45,05/06/2020 09:51,IP Address,100,311,TRUE,05/06/2020 09:51,R_1OBSRqo9O23ddRJ,anonymous,EN,Yes,Yes,UKRN07,,Full-time,Yes,,4,2nd Year,,,Psychology (with Professional Placement) BSc,Yes,Female,Agree,Strongly disagree,Agree,Agree,Strongly agree,Have no opinion,Strongly agree,Have no opinion,Agree,Strongly agree,Strongly agree,Strongly disagree,Agree,Strongly disagree,Strongly disagree,Strongly agree,I have heard of this,I have heard of this,I have heard of this,,,I have heard of this,I have heard of this,I have heard of this,,,,,,,,,Agree,Disagree,Strongly agree,Strongly agree,Strongly Agree,Agree,Strongly disagree,Have no opinion,Not sure,,,Not sure,No,Yes,
05/06/2020 10:01,05/06/2020 10:05,IP Address,100,237,TRUE,05/06/2020 10:05,R_u8FwBQ5v01yt4Ah,anonymous,EN,Yes,Yes,UKRN07,,Full-time,No,,4,4th Year,,,Speech and language BSc,No,Female ,Agree,Disagree,Agree,Have no opinion,Strongly agree,Have no opinion,Strongly agree,Strongly disagree,Strongly agree,Disagree,Strongly agree,Disagree,Agree,Agree,Agree,Strongly agree,,,,I have heard of this,,,,I have heard of this,,,,,,,,,Agree,Agree,Agree,Have no opinion,Have no opinion,Have no opinion,Disagree,Agree,Not sure,,,No,No,Yes,
05/06/2020 10:05,05/06/2020 10:11,IP Address,100,341,TRUE,05/06/2020 10:11,R_2Y9YzvueGSt3ief,anonymous,EN,Yes,Yes,UKRN07,,Full-time,No,,3,2nd Year,,,BSc Psychology,Yes,Female,Strongly agree,Disagree,Agree,Disagree,Agree,Disagree,Agree,Disagree,Agree,Disagree,Disagree,Disagree,Agree,Agree,Agree,Disagree,,,,,,,,,I have done/used this,I have done/used this,I have done/used this,,,I have done/used this,,,Agree,Disagree,Agree,Disagree,Disagree,Strongly agree,Agree,Agree,Not sure,,,Yes,Not sure,Yes,
05/06/2020 10:12,05/06/2020 10:18,IP Address,100,332,TRUE,05/06/2020 10:18,R_1OlgeCGyfG18bjt,anonymous,EN,Yes,Yes,UNI18,,Full-time,No,,3,3rd Year,,,BA LIBERAl ART IN PSYCHOLOGY ,Yes,Male,Agree,Disagree,Disagree,Agree,Disagree,Disagree,Disagree,Agree,Disagree,Agree,Agree,Agree,Agree,Agree,Have no opinion,Agree,,,,,,I have heard of this,,,I have done/used this,I have done/used this,I have done/used this,I have done/used this,I have done/used this,,I have done/used this,I have done/used this,Agree,Agree,Disagree,Disagree,Disagree,Agree,Strongly disagree,Strongly agree,Not sure,,,Yes,Yes,Yes,No
05/06/2020 10:22,05/06/2020 10:40,IP Address,100,1089,TRUE,05/06/2020 10:40,R_1mOaJdTnHBA0F3u,anonymous,EN,Yes,Yes,UKRN07,,Full-time,Other (Please specify),Weekly Placements Throughout course,4,3rd Year,,,Speech and Language Therapy ,No,Female,Strongly disagree,Strongly disagree,Strongly disagree,Strongly disagree,Have no opinion,Strongly disagree,Disagree,Have no opinion,Strongly agree,Strongly disagree,Strongly agree,Strongly disagree,Disagree,Strongly agree,Disagree,Strongly disagree,,,I have heard of this,I have heard of this,,,I have heard of this,I have heard of this,,,I have done/used this,I have done/used this,,,I have done/used this,I have done/used this,Strongly Agree,Strongly disagree,Strongly agree,Strongly disagree,Agree,Agree,Strongly disagree,Strongly agree,No,,,No,No,Yes,
05/06/2020 10:47,05/06/2020 10:56,IP Address,100,543,TRUE,05/06/2020 10:56,R_RDiEBwlOWsDVRwR,anonymous,EN,Yes,Yes,UKRN07,,Full-time,No,,3,2nd Year,,,BSc Psychology and Language Sciences,Yes,female,Agree,Disagree,Agree,Disagree,Agree,Disagree,Strongly agree,Strongly disagree,Agree,Disagree,Agree,Disagree,Have no opinion,Have no opinion,Agree,Disagree,,,I have heard of this,,,I have heard of this,I have heard of this,I have heard of this,,,,,,,,,Strongly Agree,Disagree,Strongly agree,Agree,Disagree,Agree,Have no opinion,Agree,Not sure,,,Not sure,No,Yes,
05/06/2020 11:39,05/06/2020 11:43,IP Address,100,215,TRUE,05/06/2020 11:43,R_2s5XH62RebQFgXO,anonymous,EN,Yes,Yes,UKRN07,,Full-time,Yes,,4,1st Year,,,Psycholocy with ppy ,Yes,female,Agree,Strongly disagree,Strongly agree,Have no opinion,Strongly agree,Agree,Strongly agree,Disagree,Agree,Strongly agree,Have no opinion,Strongly disagree,Have no opinion,Strongly disagree,Strongly disagree,Strongly agree,,,,,,,,I have heard of this,,,,,,,,,Agree,Disagree,Disagree,Agree,Strongly Agree,Disagree,Disagree,Strongly agree,No,,,No,No,Yes,
29/05/2020 12:00,29/05/2020 12:02,IP Address,46,101,FALSE,05/06/2020 12:02,R_3FRJOKS8RrUu0Ki,anonymous,EN,Yes,Yes,UNI27,,Part-time,No,,,,6,4th Year,Bsc Psychology ,Yes,Female,,,,,,,,,,,,,,,,,,,,,,,,,,,,,,,,,,,,,,,,,,,,,,,
05/06/2020 12:15,05/06/2020 12:21,IP Address,100,357,TRUE,05/06/2020 12:21,R_1gHjxxduCOQD2ZJ,anonymous,EN,Yes,Yes,UKRN07,,Full-time,Yes,,4,4th Year,,,MSci Applied Psychology (Clinical),Yes,Female,Agree,Disagree,Agree,Disagree,Have no opinion,Have no opinion,Agree,Disagree,Strongly agree,Strongly agree,Strongly agree,Disagree,Have no opinion,Have no opinion,Disagree,Have no opinion,,,I have heard of this,I have heard of this,,,I have heard of this,I have heard of this,,,I have done/used this,,,,,,Agree,Disagree,Have no opinion,Have no opinion,Have no opinion,Disagree,Strongly disagree,Disagree,Yes,Yes,Some research (e.g. case studies) can’t be replicated.,No,No,Yes,
05/06/2020 17:27,05/06/2020 17:34,IP Address,100,410,TRUE,05/06/2020 17:34,R_1cYVSmoaprwK2Tv,anonymous,EN,Yes,Yes,UNI01,,Full-time,No,,3,3rd Year,,,Psychology BSc,Yes,Female,Agree,Disagree,Have no opinion,Strongly agree,Agree,Disagree,Strongly agree,Disagree,Agree,Strongly agree,Agree,Have no opinion,Agree,Strongly agree,Disagree,Agree,I have heard of this,I have heard of this,I have heard of this,I have heard of this,,I have heard of this,,I have heard of this,I have done/used this,,I have done/used this,I have done/used this,,I have done/used this,,I have done/used this,Agree,Agree,Agree,Disagree,Strongly Agree,Disagree,Have no opinion,Have no opinion,Not sure,,,Not sure,No,Yes,
05/06/2020 18:22,05/06/2020 18:30,IP Address,100,443,TRUE,05/06/2020 18:30,R_RXLZ2HXMhUYgGWZ,anonymous,EN,Yes,Yes,UKRN07,,Full-time,Yes,,4,4th Year,,,BSc Psychology,Yes,Female,Strongly agree,Disagree,Agree,Disagree,Agree,Disagree,Agree,Have no opinion,Agree,Disagree,Agree,Strongly disagree,Strongly agree,Disagree,Disagree,Agree,I have heard of this,,I have heard of this,I have heard of this,,,I have heard of this,I have heard of this,,,,,,,I have done/used this,,Strongly Agree,Disagree,Agree,Disagree,Agree,Agree,Disagree,Agree,Yes,Yes,"When 'established' research is replicated, or replicated with more controls, results change. ",No,No,Yes,
05/06/2020 18:24,05/06/2020 18:32,IP Address,100,500,TRUE,05/06/2020 18:32,R_1zRJQDimXktiSJP,anonymous,EN,Yes,Yes,Other,,Part-time,No,,,,3,1st Year,BA Hons Illustration ,No,Nonbinary ,Agree,Strongly agree,Have no opinion,Agree,Agree,Disagree,Agree,Disagree,Agree,Agree,Strongly agree,Disagree,Agree,Agree,Strongly disagree,Agree,I have heard of this,I have heard of this,I have heard of this,I have heard of this,I have heard of this,I have heard of this,I have heard of this,I have heard of this,,,I have done/used this,,,I have done/used this,,,Have no opinion,Agree,Agree,Strongly agree,Strongly Agree,Strongly disagree,Agree,Strongly disagree,Yes,No,Similar or same results ,Yes,No,No,Questions were more towards Postgraduates.
06/06/2020 03:04,06/06/2020 03:11,IP Address,100,393,TRUE,06/06/2020 03:11,R_3D1nGnQOC8OviB3,anonymous,EN,Yes,Yes,UNI64,,Full-time,Yes,,3,1st Year,,,Forensic Psychology and Psychopathology,Yes,Female ,Agree,Disagree,Have no opinion,Have no opinion,Agree,Have no opinion,Agree,Disagree,Have no opinion,Agree,Agree,Disagree,Have no opinion,Agree,Disagree,Have no opinion,I have heard of this,I have heard of this,I have heard of this,,,,I have heard of this,,I have done/used this,,,,,,,I have done/used this,Disagree,Agree,Agree,Agree,Agree,Have no opinion,Disagree,Have no opinion,Yes,Not sure,,Not sure,Not sure,Yes,
06/06/2020 04:54,06/06/2020 05:00,IP Address,100,349,TRUE,06/06/2020 05:00,R_20YxpHGn5ANUujS,anonymous,EN,Yes,Yes,UKRN07,,Full-time,No,,3,2nd Year,,,Bsc,Yes,female,Strongly agree,Strongly disagree,Strongly agree,Disagree,Strongly agree,Disagree,Strongly agree,Agree,Agree,Disagree,Disagree,Strongly disagree,Disagree,Strongly agree,Disagree,Agree,I have heard of this,I have heard of this,I have heard of this,,,I have heard of this,I have heard of this,I have heard of this,,,,I have done/used this,I have done/used this,,,,Strongly Agree,Disagree,Disagree,Strongly agree,Strongly Agree,Disagree,Agree,Have no opinion,No,,,No,Not sure,Yes,
06/06/2020 06:06,06/06/2020 06:13,IP Address,100,455,TRUE,06/06/2020 06:13,R_33r01uoZ7J37QMX,anonymous,EN,Yes,Yes,UKRN04,,Full-time,No,,3,3rd Year,,,Psychology and Criminology ,No,Female ,Agree,Agree,Agree,Disagree,Agree,Have no opinion,Agree,Strongly agree,Agree,Agree,Disagree,Strongly disagree,Have no opinion,Disagree,Agree,Strongly agree,I have heard of this,I have heard of this,,I have heard of this,I have heard of this,I have heard of this,I have heard of this,,,,I have done/used this,,,,,I have done/used this,Agree,Agree,Agree,Agree,Agree,Have no opinion,Disagree,Agree,No,,,Yes,No,Yes,
06/06/2020 07:09,06/06/2020 07:13,IP Address,100,285,TRUE,06/06/2020 07:13,R_3haWsjPKShhXxiu,anonymous,EN,Yes,Yes,UKRN07,,Full-time,No,,3,3rd Year,,,Bsc psychology ,Yes,Female ,Strongly agree,Strongly disagree,Strongly agree,Disagree,Strongly agree,Disagree,Strongly agree,Strongly disagree,Agree,Agree,Agree,Disagree,Agree,Strongly disagree,Strongly agree,Agree,,,,I have heard of this,I have heard of this,,,,,,I have done/used this,,,,I have done/used this,I have done/used this,Strongly Agree,Disagree,Strongly agree,Agree,Strongly Disagree,Agree,Disagree,Agree,Yes,Yes,,Not sure,Not sure,Yes,
06/06/2020 09:18,06/06/2020 09:25,IP Address,100,405,TRUE,06/06/2020 09:25,R_WcyHIPLpM3m4XcZ,anonymous,EN,Yes,Yes,UKRN07,,Full-time,Other (Please specify),Includes 80hr placement in 2nd year,3,1st Year,,,BSc Psychology,Yes,Female,Strongly agree,Strongly disagree,Have no opinion,Disagree,Have no opinion,Have no opinion,Agree,Disagree,Agree,Have no opinion,Disagree,Disagree,Agree,Have no opinion,Have no opinion,Have no opinion,,,I have heard of this,,,,I have heard of this,I have heard of this,,,,,,,,,Strongly Agree,Disagree,Agree,Have no opinion,Disagree,Have no opinion,Have no opinion,Have no opinion,Not sure,,,No,Not sure,Not sure,
06/06/2020 12:18,06/06/2020 12:23,IP Address,100,262,TRUE,06/06/2020 12:23,R_32Ltdd0VY9PIxpu,anonymous,EN,Yes,Yes,UNI21,,Full-time,No,,1,1st Year,,,Clinical health psychology ,No,Female ,Agree,Have no opinion,Have no opinion,Have no opinion,Agree,Have no opinion,Agree,Have no opinion,Have no opinion,Have no opinion,Disagree,Disagree,Have no opinion,Disagree,Agree,Have no opinion,I have heard of this,I have heard of this,,I have heard of this,,,I have heard of this,,,,I have done/used this,,I have done/used this,I have done/used this,,I have done/used this,Strongly Agree,Strongly disagree,Agree,Agree,Agree,Agree,Have no opinion,Agree,Yes,No,Replication can damage results ,No,No,Yes,
06/06/2020 15:24,06/06/2020 15:29,IP Address,100,286,TRUE,06/06/2020 15:29,R_3Mhh1DiHnVoTrKC,anonymous,EN,Yes,Yes,UNI56,,Part-time,No,,,,4,4th Year,Psychology,No,Female,Strongly agree,Strongly disagree,Agree,Disagree,Disagree,Disagree,Have no opinion,Have no opinion,Agree,Agree,Disagree,Strongly disagree,Disagree,Strongly disagree,Disagree,Agree,,,,I have heard of this,I have heard of this,,,,I have done/used this,I have done/used this,I have done/used this,,,I have done/used this,I have done/used this,I have done/used this,Strongly Agree,Disagree,Agree,Disagree,Strongly Agree,Agree,Agree,Agree,Yes,Yes,What was thought to be strong research cannot be replicated,Not sure,No,Yes,
06/06/2020 15:50,06/06/2020 15:55,IP Address,100,300,TRUE,06/06/2020 15:55,R_27IliU7LJuibEct,anonymous,EN,Yes,Yes,UNI35,,Full-time,No,,3,3rd Year,,,Psychology,Yes,Female,Strongly agree,Strongly disagree,Agree,Strongly disagree,Agree,Strongly disagree,Agree,Disagree,Agree,Strongly disagree,Strongly agree,Strongly disagree,Agree,Strongly disagree,Disagree,Strongly agree,I have heard of this,I have heard of this,I have heard of this,I have heard of this,,I have heard of this,I have heard of this,I have heard of this,,I have done/used this,I have done/used this,,,,I have done/used this,I have done/used this,Strongly Agree,Strongly disagree,Agree,Strongly disagree,Disagree,Strongly agree,Strongly disagree,Agree,Yes,Yes,When the findings from past research cannot be replicated when they are conducted again.,Yes,Yes,Yes,
06/06/2020 22:51,06/06/2020 22:57,IP Address,100,395,TRUE,06/06/2020 22:57,R_4MhYaosu1v8Yyg9,anonymous,EN,Yes,Yes,UNI28,,Full-time,No,,3,3rd Year,,,Psychology with criminology,Yes,Female,Strongly agree,Strongly disagree,Agree,Strongly disagree,Have no opinion,Disagree,Agree,Disagree,Have no opinion,Strongly agree,Agree,Strongly disagree,Strongly disagree,Disagree,Strongly disagree,Have no opinion,,,,,,,,,,,I have done/used this,,,,,I have done/used this,Strongly Agree,Have no opinion,Agree,Agree,Agree,Strongly disagree,Disagree,Have no opinion,No,,,No,No,Yes,
07/06/2020 03:11,07/06/2020 03:13,IP Address,100,139,TRUE,07/06/2020 03:13,R_3dVRU4pTltUr6Fi,anonymous,EN,Yes,Yes,UNI65,,Part-time,Yes,,,,2,2nd Year,Nursing ,Yes,Female,Have no opinion,Strongly disagree,Have no opinion,Have no opinion,Have no opinion,Disagree,Strongly disagree,Agree,Have no opinion,Have no opinion,Strongly agree,Agree,Have no opinion,Have no opinion,Strongly disagree,Agree,I have heard of this,I have heard of this,,,I have heard of this,I have heard of this,I have heard of this,,,I have done/used this,I have done/used this,I have done/used this,,,,I have done/used this,Agree,Agree,Disagree,Agree,Agree,Have no opinion,Disagree,Agree,Yes,No,Na,Yes,Yes,Yes,Na
07/06/2020 03:28,07/06/2020 03:32,IP Address,100,242,TRUE,07/06/2020 03:32,R_3hnE1NYyg3Ydaky,anonymous,EN,Yes,Yes,UNI66,,Full-time,No,,3,1st Year,,,Childhood Studies,Yes,Female,Strongly agree,Disagree,Agree,Agree,Agree,Disagree,Agree,Disagree,Agree,Agree,Agree,Disagree,Have no opinion,Agree,Disagree,Agree,,,,,,,,I have heard of this,,,I have done/used this,,,I have done/used this,,,Agree,Have no opinion,Agree,Agree,Agree,Have no opinion,Agree,Strongly agree,No,,,No,No,Yes,
07/06/2020 17:09,07/06/2020 17:14,IP Address,100,314,TRUE,07/06/2020 17:14,R_12SbDBp4FtrzpmG,anonymous,EN,Yes,Yes,UNI55,,Full-time,Yes,,4,4th Year,,,Psychology with Professional Placement Year,Yes,Female ,Agree,Strongly disagree,Disagree,Agree,Disagree,Agree,Disagree,Agree,Disagree,Strongly agree,Agree,Strongly disagree,Agree,Strongly disagree,Strongly disagree,Strongly agree,,,I have heard of this,I have heard of this,,I have heard of this,I have heard of this,I have heard of this,,,I have done/used this,,,,I have done/used this,,Strongly Agree,Have no opinion,Agree,Agree,Strongly Agree,Disagree,Disagree,Have no opinion,No,,,Yes,No,Yes,
07/06/2020 17:33,07/06/2020 17:38,IP Address,100,307,TRUE,07/06/2020 17:38,R_qEOAu62vLNMJWIF,anonymous,EN,Yes,Yes,UKRN02,,Full-time,Yes,,4,1st Year,,,BSc (Hons) Psychology,Yes,Female,Strongly agree,Disagree,Strongly agree,Agree,Agree,Disagree,Agree,Agree,Strongly agree,Disagree,Strongly agree,Agree,Agree,Strongly agree,Agree,Agree,I have heard of this,I have heard of this,I have heard of this,,I have heard of this,I have heard of this,I have heard of this,I have heard of this,,,,I have done/used this,,,,,Agree,Agree,Agree,Disagree,Disagree,Agree,Strongly disagree,Strongly agree,Yes,No,Repeating of a research / study,No,No,Yes,
08/06/2020 00:51,08/06/2020 00:58,IP Address,100,379,TRUE,08/06/2020 00:58,R_rirTdzBfTmwnJ85,anonymous,EN,Yes,Yes,UKRN01,,Full-time,No,,2,1st Year,,,Psychology ,No,Female,Agree,Strongly agree,Strongly agree,Strongly agree,Have no opinion,Have no opinion,Have no opinion,Disagree,Agree,Strongly agree,Agree,Strongly disagree,Disagree,Have no opinion,Agree,Have no opinion,I have heard of this,I have heard of this,I have heard of this,,I have heard of this,I have heard of this,,,,,,I have done/used this,,,I have done/used this,I have done/used this,Agree,Strongly agree,Agree,Agree,Have no opinion,Strongly agree,Strongly disagree,Have no opinion,Not sure,,,Yes,Yes,Yes,
08/06/2020 04:06,08/06/2020 04:19,IP Address,100,786,TRUE,08/06/2020 04:19,R_vxmhukhEaGApQZz,anonymous,EN,Yes,Yes,UNI35,,Full-time,Other (Please specify),"Optional one, we have to find the placement ourselves and then they let us do it. ",3,1st Year,,,Psychology ,Yes,Female,Strongly agree,Strongly disagree,Strongly agree,Strongly disagree,Strongly agree,Strongly disagree,Strongly agree,Strongly disagree,Strongly agree,Strongly disagree,Strongly agree,Strongly disagree,Strongly agree,Strongly agree,Agree,Have no opinion,I have heard of this,I have heard of this,,I have heard of this,,,,I have heard of this,,,I have done/used this,,I have done/used this,I have done/used this,I have done/used this,,Strongly Agree,Strongly disagree,Strongly agree,Strongly disagree,Have no opinion,Have no opinion,Strongly disagree,Strongly agree,Yes,Yes,"The issue that when some studies are replicated, the results are not consistent with the findings of the original- this could be due to poor scientific method and is damaging the reputation of disciplines such as psychology and bioscience. ",Yes,Yes,Yes,"This is very important! At warwick we had one lecture on it, and were given an essay to write about the replication crisis, meaning a lot of the reading was somewhat undirected and half hearted by some students.It is an issue, and we can't even 'measure' how big of an issue it is. Even the research into the replications sometimes uses 'bad science'. "
08/06/2020 04:53,08/06/2020 05:01,IP Address,100,457,TRUE,08/06/2020 05:01,R_WCNoY2tjORaoO9X,anonymous,EN,Yes,Yes,UNI07,,Full-time,No,,3,2nd Year,,,Psychology,Yes,female,Agree,Have no opinion,Have no opinion,Have no opinion,Have no opinion,Have no opinion,Agree,Have no opinion,Agree,Strongly agree,Agree,Strongly disagree,Have no opinion,Strongly disagree,Strongly disagree,Strongly agree,,,I have heard of this,,I have heard of this,I have heard of this,,I have heard of this,I have done/used this,I have done/used this,,I have done/used this,,,I have done/used this,,Disagree,Agree,Have no opinion,Have no opinion,Agree,Have no opinion,Have no opinion,Have no opinion,Not sure,,,No,No,Yes,
08/06/2020 07:17,08/06/2020 07:31,IP Address,100,888,TRUE,08/06/2020 07:31,R_31GIbmhwKnxawtb,anonymous,EN,Yes,Yes,UKRN07,,Full-time,Yes,,3,3rd Year,,,BSc Psychology,Yes,Female,Agree,Strongly disagree,Have no opinion,Disagree,Agree,Have no opinion,Strongly agree,Disagree,Agree,Strongly agree,Agree,Strongly disagree,Agree,Strongly disagree,Disagree,Strongly agree,,,I have heard of this,,,I have heard of this,I have heard of this,I have heard of this,,,,,,,,,Agree,Agree,Agree,Agree,Agree,Agree,Disagree,Agree,Yes,Yes,"More recently, there are fundamental studies which have been hard to replicate or reproduce similar results.",No,Not sure,Yes,
08/06/2020 08:58,08/06/2020 09:05,IP Address,100,428,TRUE,08/06/2020 09:05,R_1Qlvs2GlSMt8Pmo,anonymous,EN,Yes,Yes,UNI19,,Full-time,No,,3,1st Year,,,Psyhcology,Yes,Female,Strongly agree,Strongly disagree,Have no opinion,Have no opinion,Agree,Have no opinion,Have no opinion,Agree,Have no opinion,Agree,Have no opinion,Strongly disagree,Have no opinion,Disagree,Have no opinion,Strongly agree,I have heard of this,I have heard of this,I have heard of this,I have heard of this,,I have heard of this,,I have heard of this,,,,,,,,,Agree,Have no opinion,Agree,Strongly agree,Strongly Agree,Agree,Have no opinion,Agree,Yes,No,It is the issue that some studies are very difficult or replicate or reproduce ,Not sure,Not sure,Yes,
09/06/2020 04:16,09/06/2020 04:22,IP Address,100,372,TRUE,09/06/2020 04:22,R_SNaqGa8rINRtIkx,anonymous,EN,Yes,Yes,UKRN04,,Full-time,No,,3,1st Year,,,Psychology,Yes,Female,Disagree,Disagree,Disagree,Have no opinion,Have no opinion,Have no opinion,Strongly agree,Disagree,Agree,Disagree,Strongly agree,Strongly disagree,Have no opinion,Agree,Disagree,Agree,I have heard of this,I have heard of this,I have heard of this,I have heard of this,I have heard of this,I have heard of this,I have heard of this,I have heard of this,,,I have done/used this,,,I have done/used this,,I have done/used this,Agree,Agree,Agree,Have no opinion,Have no opinion,Disagree,Disagree,Have no opinion,Yes,No,When studies cannot be replicated ,Not sure,No,Yes,
09/06/2020 04:17,09/06/2020 04:23,IP Address,100,364,TRUE,09/06/2020 04:23,R_77fGbLCxupHeqNb,anonymous,EN,Yes,Yes,UKRN04,,Full-time,No,,3,1st Year,,,Education and psychology ,Yes,Female,Agree,Disagree,Agree,Disagree,Agree,Disagree,Agree,Disagree,Agree,Disagree,Agree,Disagree,Agree,Agree,Disagree,Agree,I have heard of this,,I have heard of this,,I have heard of this,I have heard of this,,I have heard of this,,,,,,,,,Agree,Disagree,Agree,Disagree,Agree,Agree,Disagree,Agree,Not sure,,,Not sure,No,Yes,
09/06/2020 04:19,09/06/2020 04:25,IP Address,100,359,TRUE,09/06/2020 04:25,R_2zGw6I5ajKBOCR5,anonymous,EN,Yes,Yes,UKRN04,,Full-time,No,,4,4th Year,,,Bsc psychology with year abroad,Yes,Femal,Strongly agree,Strongly disagree,Agree,Strongly disagree,Agree,Have no opinion,Strongly agree,Disagree,Agree,Have no opinion,Strongly agree,Strongly disagree,Agree,Strongly disagree,Agree,Strongly agree,,I have heard of this,I have heard of this,,,,,I have heard of this,,,I have done/used this,,,,,,Strongly Agree,Strongly disagree,Agree,Agree,Strongly Agree,Have no opinion,Strongly disagree,Strongly agree,Yes,Not sure,Not beinf able to reproduce results ,No,Not sure,Yes,
09/06/2020 04:20,09/06/2020 04:30,IP Address,100,596,TRUE,09/06/2020 04:30,R_237DZncwgE68sBV,anonymous,EN,Yes,Yes,UKRN04,,Full-time,No,,3,1st Year,,,education and psychology,Yes,female,Strongly agree,Disagree,Agree,Disagree,Agree,Disagree,Agree,Disagree,Agree,Disagree,Agree,Strongly disagree,Agree,Disagree,Have no opinion,Disagree,I have heard of this,,I have heard of this,I have heard of this,,I have heard of this,,I have heard of this,,I have done/used this,,,I have done/used this,,I have done/used this,,Agree,Disagree,Agree,Disagree,Have no opinion,Agree,Disagree,Have no opinion,Yes,Yes,"many replications of studies are unsuccessful, meaning replications have failed to find effects that earlier study claimed or an effect was found when previous research found no effect",No,Not sure,Yes,
09/06/2020 04:27,09/06/2020 04:33,IP Address,100,402,TRUE,09/06/2020 04:33,R_3oZ2mupxUh8tu19,anonymous,EN,Yes,Yes,UKRN04,,Full-time,No,,3,3rd Year,,,Psychology,Yes,Female,Agree,Strongly disagree,Agree,Agree,Agree,Strongly disagree,Agree,Strongly disagree,Agree,Strongly agree,Strongly agree,Strongly disagree,Agree,Strongly disagree,Strongly disagree,Strongly agree,I have heard of this,I have heard of this,I have heard of this,I have heard of this,I have heard of this,I have heard of this,I have heard of this,I have heard of this,,,,,,,,,Strongly Agree,Strongly disagree,Agree,Agree,Strongly Agree,Have no opinion,Strongly disagree,Strongly agree,Yes,Yes,That a lot of studies are difficult or impossible to replicate,Yes,Yes,Yes,
09/06/2020 04:26,09/06/2020 04:43,IP Address,100,1026,TRUE,09/06/2020 04:43,R_24uF0JCNyruAkg6,anonymous,EN,Yes,Yes,UKRN04,,Full-time,No,,3,1st Year,,,Psychology BSc,Yes,Female,Strongly agree,Agree,Agree,Strongly agree,Disagree,Strongly disagree,Agree,Agree,Strongly agree,Strongly agree,Have no opinion,Strongly disagree,Strongly agree,Disagree,Disagree,Strongly agree,I have heard of this,I have heard of this,I have heard of this,I have heard of this,I have heard of this,I have heard of this,,I have heard of this,,,I have done/used this,I have done/used this,,I have done/used this,,I have done/used this,Strongly Agree,Disagree,Strongly agree,Disagree,Strongly Agree,Agree,Disagree,Agree,Yes,Yes,Inaccuracies in replication or studies,Yes,Yes,Yes,
09/06/2020 04:42,09/06/2020 04:57,IP Address,100,882,TRUE,09/06/2020 04:57,R_2zpthxxLYnMFpTB,anonymous,EN,Yes,Yes,UKRN04,,Full-time,No,,3,1st Year,,,Psychology Bsc,Yes,Female ,Agree,Disagree,Agree,Disagree,Agree,Disagree,Agree,Disagree,Agree,Disagree,Agree,Disagree,Agree,Agree,Have no opinion,Agree,I have heard of this,I have heard of this,,I have heard of this,I have heard of this,I have heard of this,I have heard of this,I have heard of this,,,I have done/used this,,,,,,Agree,Disagree,Agree,Disagree,Agree,Agree,Disagree,Agree,Not sure,,,Not sure,Not sure,Yes,
09/06/2020 04:58,09/06/2020 05:04,IP Address,100,365,TRUE,09/06/2020 05:04,R_3MKIJIYSHZlJ8vS,anonymous,EN,Yes,Yes,UKRN04,,Full-time,No,,4,1st Year,,,Psychology,Yes,Female,Strongly agree,Strongly disagree,Strongly agree,Strongly disagree,Agree,Disagree,Agree,Disagree,Strongly agree,Strongly disagree,Agree,Strongly disagree,Strongly agree,Disagree,Disagree,Agree,I have heard of this,I have heard of this,I have heard of this,I have heard of this,I have heard of this,I have heard of this,I have heard of this,I have heard of this,I have done/used this,I have done/used this,I have done/used this,,,,,,Strongly Agree,Strongly disagree,Strongly agree,Strongly disagree,Have no opinion,Agree,Disagree,Strongly agree,Yes,Yes,"Influential studies that when repeated often turn out to be non replicable, usually due to questionable research practices",Yes,Yes,Yes,
09/06/2020 05:00,09/06/2020 05:05,IP Address,100,321,TRUE,09/06/2020 05:05,R_2wQQxIWPBxiN8Xt,anonymous,EN,Yes,Yes,UKRN04,,Full-time,No,,3,1st Year,,,Psychology,Yes,Female,Strongly agree,Strongly disagree,Strongly agree,Strongly disagree,Strongly agree,Strongly disagree,Strongly agree,Strongly disagree,Strongly agree,Strongly disagree,Strongly agree,Strongly disagree,Strongly disagree,Strongly disagree,Disagree,Strongly agree,,,,,,,,I have heard of this,,,,,,,,,Strongly Agree,Disagree,Strongly agree,Strongly agree,Strongly Agree,Have no opinion,Strongly disagree,Strongly agree,No,,,No,No,Yes,
09/06/2020 04:59,09/06/2020 05:12,IP Address,100,746,TRUE,09/06/2020 05:12,R_1NgYgC3ObeODxJY,anonymous,EN,Yes,Yes,UNI22,,Full-time,No,,3,2nd Year,,,Psychology ,Yes,Male,Disagree,Disagree,Agree,Disagree,Agree,Disagree,Agree,Agree,Agree,Disagree,Agree,Disagree,Have no opinion,Agree,Agree,Agree,,,,,,,,,I have done/used this,I have done/used this,I have done/used this,,,I have done/used this,,I have done/used this,Agree,Agree,Agree,Agree,Agree,Agree,Disagree,Agree,Yes,Yes,Researcher's are finding it difficult to find credibility in research and to replicate it's findings.,Yes,Yes,Yes,
09/06/2020 05:15,09/06/2020 05:45,IP Address,100,1748,TRUE,09/06/2020 05:45,R_vNbJahfnUXVeqbv,anonymous,EN,Yes,Yes,UKRN04,,Full-time,No,,3,3rd Year,,,Criminology & Psychology,Yes,female,Strongly agree,Strongly disagree,Agree,Have no opinion,Have no opinion,Disagree,Strongly agree,Disagree,Have no opinion,Have no opinion,Have no opinion,Strongly disagree,Strongly agree,Strongly disagree,Strongly disagree,Strongly agree,I have heard of this,I have heard of this,I have heard of this,I have heard of this,,I have heard of this,I have heard of this,I have heard of this,I have done/used this,I have done/used this,I have done/used this,,,I have done/used this,,,Agree,Have no opinion,Have no opinion,Have no opinion,Agree,Agree,Disagree,Have no opinion,Yes,Yes,Many studies cannot be replicated,No,Not sure,Yes,
09/06/2020 05:57,09/06/2020 06:03,IP Address,100,349,TRUE,09/06/2020 06:03,R_2e3RScHMlRVHp4w,anonymous,EN,Yes,Yes,UKRN04,,Full-time,No,,3,1st Year,,,Psychology ,No,male,Agree,Agree,Agree,Agree,Agree,Agree,Agree,Strongly agree,Agree,Agree,Agree,Agree,Agree,Agree,Strongly agree,Agree,I have heard of this,I have heard of this,I have heard of this,I have heard of this,I have heard of this,I have heard of this,I have heard of this,I have heard of this,I have done/used this,,,,,I have done/used this,,,Agree,Disagree,Have no opinion,Agree,Have no opinion,Agree,Agree,Disagree,Not sure,,,Yes,Yes,Yes,
09/06/2020 06:08,09/06/2020 06:11,IP Address,100,178,TRUE,09/06/2020 06:11,R_3edYP7A3ZMTstKp,anonymous,EN,Yes,Yes,UKRN04,,Full-time,No,,3,3rd Year,,,Psychology ,No,Genderfluid ,Strongly agree,Strongly disagree,Strongly agree,Strongly disagree,Strongly agree,Strongly disagree,Strongly agree,Strongly disagree,Strongly agree,Disagree,Strongly agree,Strongly disagree,Strongly agree,Strongly disagree,Strongly agree,Strongly disagree,I have heard of this,I have heard of this,,I have heard of this,I have heard of this,,I have heard of this,I have heard of this,,,I have done/used this,,,I have done/used this,,,Strongly Agree,Strongly disagree,Strongly agree,Strongly disagree,Strongly Agree,Strongly agree,Strongly disagree,Strongly agree,Yes,No,To much repetition ,Not sure,No,Yes,
09/06/2020 05:55,09/06/2020 06:17,IP Address,100,1311,TRUE,09/06/2020 06:17,R_1etRKRSSElQJtzK,anonymous,EN,Yes,Yes,UKRN04,,Full-time,No,,3,3rd Year,,,BSc (Hons) Criminology & Psychology,No,Female,Strongly agree,Strongly disagree,Strongly agree,Strongly disagree,Strongly agree,Strongly disagree,Agree,Disagree,Strongly agree,Strongly disagree,Disagree,Strongly disagree,Have no opinion,Agree,Disagree,Disagree,I have heard of this,I have heard of this,,I have heard of this,I have heard of this,I have heard of this,,I have heard of this,,,I have done/used this,,,,I have done/used this,,Strongly Agree,Strongly disagree,Strongly agree,Strongly agree,Disagree,Strongly agree,Have no opinion,Strongly agree,Not sure,,,No,Not sure,Yes,"Data should be shared so others can review its validity and reliability, although always protecting the anonimity of participants."
09/06/2020 05:53,09/06/2020 06:22,IP Address,100,1687,TRUE,09/06/2020 06:22,R_3iOHYuDm9wkg9lG,anonymous,EN,Yes,Yes,UKRN04,,Full-time,No,,3,3rd Year,,,Psychology,Yes,Female ,Strongly agree,Strongly disagree,Agree,Strongly agree,Agree,Disagree,Agree,Have no opinion,Agree,Strongly agree,Strongly agree,Strongly disagree,Agree,Strongly disagree,Strongly disagree,Disagree,,I have heard of this,,,,,,,I have done/used this,,I have done/used this,I have done/used this,I have done/used this,I have done/used this,I have done/used this,I have done/used this,Strongly Agree,Strongly disagree,Strongly agree,Strongly agree,Strongly Agree,Have no opinion,Disagree,Strongly agree,Yes,No,"Ongoing issues with reproducing scientific findings, an integral part of realisability and accurate generalisability of findings. ",Yes,Yes,Yes,
09/06/2020 06:20,09/06/2020 06:25,IP Address,100,313,TRUE,09/06/2020 06:25,R_1mQrYe3CahzIEAT,anonymous,EN,Yes,Yes,UKRN04,,Full-time,No,,3,1st Year,,,Psychology and criminology ,Yes,Female ,Strongly agree,Disagree,Agree,Strongly agree,Strongly agree,Have no opinion,Strongly agree,Agree,Have no opinion,Agree,Strongly agree,Strongly agree,Strongly agree,Strongly agree,Have no opinion,Agree,I have heard of this,,I have heard of this,,,,I have heard of this,I have heard of this,,I have done/used this,,I have done/used this,I have done/used this,I have done/used this,,,Agree,Agree,Have no opinion,Agree,Agree,Agree,Disagree,Agree,Yes,No,,Not sure,Yes,Yes,
09/06/2020 06:05,09/06/2020 06:39,IP Address,100,2006,TRUE,09/06/2020 06:39,R_2amC0mA1p90KIZ9,anonymous,EN,Yes,Yes,UKRN04,,Full-time,No,,3,3rd Year,,,"Psychology, BSc (Hons)",No,Female ,Strongly agree,Strongly disagree,Strongly agree,Strongly disagree,Strongly agree,Have no opinion,Strongly agree,Have no opinion,Strongly agree,Strongly agree,Strongly agree,Strongly disagree,Strongly agree,Strongly disagree,Strongly disagree,Strongly agree,I have heard of this,I have heard of this,I have heard of this,I have heard of this,I have heard of this,I have heard of this,I have heard of this,I have heard of this,,,,,,,,,Agree,Strongly disagree,Agree,Disagree,Have no opinion,Agree,Disagree,Strongly agree,Yes,Yes,When Studies are run again and the results are not found to be what originally was found,No,No,Yes,
09/06/2020 07:23,09/06/2020 07:28,IP Address,100,301,TRUE,09/06/2020 07:28,R_3qIoF7tyiSSFWpa,anonymous,EN,Yes,Yes,UKRN04,,Full-time,No,,3,1st Year,,,Psychology BCs,Yes,Female ,Strongly agree,Strongly disagree,Agree,Disagree,Have no opinion,Strongly disagree,Have no opinion,Agree,Agree,Have no opinion,Agree,Strongly disagree,Agree,Have no opinion,Strongly disagree,Agree,I have heard of this,I have heard of this,,I have heard of this,I have heard of this,I have heard of this,I have heard of this,,,,I have done/used this,,,,,I have done/used this,Agree,Have no opinion,Disagree,Agree,Agree,Disagree,Have no opinion,Disagree,Yes,Yes,,Not sure,Not sure,Yes,
09/06/2020 08:46,09/06/2020 08:53,IP Address,100,378,TRUE,09/06/2020 08:53,R_1ds6dv8QZNwYq27,anonymous,EN,Yes,Yes,UKRN04,,Full-time,No,,3,1st Year,,,BSc (Hons) Psychology,No,Female,Strongly agree,Strongly disagree,Agree,Strongly disagree,Strongly agree,Disagree,Strongly agree,Disagree,Agree,Strongly disagree,Strongly agree,Strongly disagree,Agree,Strongly disagree,Disagree,Agree,I have heard of this,I have heard of this,I have heard of this,I have heard of this,,I have heard of this,I have heard of this,I have heard of this,I have done/used this,,I have done/used this,,I have done/used this,I have done/used this,,I have done/used this,Strongly Agree,Strongly disagree,Strongly agree,Disagree,Agree,Strongly agree,Strongly disagree,Agree,Yes,Yes,The issue that many studies cannot be replicated,Yes,Yes,Yes,
09/06/2020 09:01,09/06/2020 09:11,IP Address,100,566,TRUE,09/06/2020 09:11,R_1oImDgSZWEk3OCv,anonymous,EN,Yes,Yes,UNI24,,Full-time,Other (Please specify),It is optional,3,2nd Year,,,BSc Psychology,No,Female,Agree,Disagree,Strongly agree,Strongly disagree,Have no opinion,Disagree,Strongly agree,Strongly disagree,Strongly agree,Strongly agree,Agree,Strongly disagree,Disagree,Strongly disagree,Disagree,Agree,,,I have heard of this,,,I have heard of this,,I have heard of this,,,,,,,,,Agree,Disagree,Disagree,Agree,Have no opinion,Have no opinion,Disagree,Agree,No,,,Not sure,No,Yes,
09/06/2020 10:08,09/06/2020 10:22,IP Address,100,841,TRUE,09/06/2020 10:22,R_27wEDDNHmYY9dE4,anonymous,EN,Yes,Yes,UKRN04,,Full-time,No,,3,3rd Year,,,Psychology ,Yes,Male,Strongly agree,Strongly disagree,Agree,Strongly disagree,Agree,Have no opinion,Disagree,Have no opinion,Have no opinion,Agree,Agree,Strongly disagree,Agree,Agree,Disagree,Agree,,,,,,,,,I have done/used this,I have done/used this,I have done/used this,I have done/used this,,I have done/used this,,I have done/used this,Agree,Disagree,Have no opinion,Agree,Strongly Agree,Agree,Disagree,Agree,Yes,Not sure,That many psychology studies are very hard to replicate,Not sure,Not sure,Yes,"There could be better distinction between what someone ""should"" do (morally) and what they ""have to"" do (legally and within APA rules)"
09/06/2020 10:37,09/06/2020 10:44,IP Address,100,418,TRUE,09/06/2020 10:44,R_p0OWl1A9gvk56HT,anonymous,EN,Yes,Yes,UKRN04,,Full-time,Yes,,3,1st Year,,,Psychology,Yes,female,Strongly agree,Disagree,Strongly agree,Disagree,Agree,Disagree,Have no opinion,Agree,Agree,Disagree,Agree,Strongly disagree,Strongly agree,Strongly disagree,Disagree,Agree,I have heard of this,I have heard of this,I have heard of this,,I have heard of this,,,I have heard of this,,I have done/used this,I have done/used this,,,,,I have done/used this,Strongly Agree,Strongly disagree,Strongly agree,Disagree,Strongly Agree,Agree,Strongly disagree,Strongly agree,Yes,Yes,many studies have been manipulated by the original researchers to make them look better and made so that people cannot replicate them,Yes,Yes,Yes,
10/06/2020 05:07,10/06/2020 05:13,IP Address,100,373,TRUE,10/06/2020 05:13,R_237YzhdSNQ9KBg8,anonymous,EN,Yes,Yes,UKRN04,,Full-time,No,,3,3rd Year,,,Criminology with Psychology,Yes,Female,Strongly agree,Strongly disagree,Agree,Strongly disagree,Agree,Disagree,Strongly agree,Disagree,Have no opinion,Have no opinion,Agree,Strongly disagree,Have no opinion,Agree,Disagree,Disagree,I have heard of this,I have heard of this,,,,,I have heard of this,I have heard of this,,,I have done/used this,,,,,,Agree,Disagree,Agree,Have no opinion,Have no opinion,Have no opinion,Disagree,Agree,Yes,Not sure,,Not sure,Not sure,Yes,
10/06/2020 09:37,10/06/2020 09:45,IP Address,100,506,TRUE,10/06/2020 09:45,R_2VR1KoA43kR8tDm,anonymous,EN,Yes,Yes,UKRN07,,Full-time,No,,4,3rd Year,,,Art and Psychology,No,Female,Strongly agree,Agree,Strongly agree,Have no opinion,Strongly agree,Disagree,Strongly agree,Disagree,Strongly agree,Strongly disagree,Agree,Strongly disagree,Strongly agree,Strongly agree,Have no opinion,Agree,,,I have heard of this,I have heard of this,,,I have heard of this,I have heard of this,,,I have done/used this,,,,I have done/used this,I have done/used this,Agree,Disagree,Strongly agree,Disagree,Disagree,Strongly agree,Disagree,Strongly agree,Yes,Not sure,the need to replicate studies to confirm effects,No,No,Yes,
03/06/2020 10:20,03/06/2020 10:44,IP Address,51,1477,FALSE,10/06/2020 10:44,R_dd6evEunFOCa2EF,anonymous,EN,Yes,Yes,UNI60,,Full-time,Yes,,2,2nd Year,,,dsfgsd,Yes,sdg,Strongly agree,Agree,Strongly agree,Agree,Strongly agree,Have no opinion,Agree,Disagree,Agree,Have no opinion,Strongly agree,Have no opinion,Have no opinion,Agree,Strongly agree,Agree,I have heard of this,I have heard of this,I have heard of this,I have heard of this,I have heard of this,I have heard of this,I have heard of this,I have heard of this,,,,,,,,,,,,,,,,,,,,,,,
04/06/2020 02:42,04/06/2020 02:42,IP Address,14,13,FALSE,11/06/2020 02:42,R_Q6PpGkeRb93HKrT,anonymous,EN,Yes,Yes,,,,,,,,,,,,,,,,,,,,,,,,,,,,,,,,,,,,,,,,,,,,,,,,,,,,,,,,,,,
04/06/2020 07:00,04/06/2020 07:00,IP Address,14,8,FALSE,11/06/2020 07:00,R_xygksHcRRzqZ3X3,anonymous,EN,Yes,Yes,,,,,,,,,,,,,,,,,,,,,,,,,,,,,,,,,,,,,,,,,,,,,,,,,,,,,,,,,,,
04/06/2020 10:05,04/06/2020 10:09,IP Address,51,217,FALSE,11/06/2020 10:09,R_1ojyutFi6xr8AY1,anonymous,EN,Yes,Yes,UKRN02,,Full-time,Yes,,4,3rd Year,,,Bsc Psychology,Yes,Female,Agree,Disagree,Agree,Disagree,Agree,Agree,Agree,Disagree,Agree,Disagree,Disagree,Agree,Agree,Have no opinion,Agree,Agree,I have heard of this,I have heard of this,I have heard of this,,,,,,,,,I have done/used this,I have done/used this,I have done/used this,I have done/used this,I have done/used this,,,,,,,,,,,,,,,
04/06/2020 12:40,04/06/2020 12:41,IP Address,46,75,FALSE,11/06/2020 12:42,R_1Ijlb6HYwTJbNkZ,anonymous,EN,Yes,Yes,UKRN04,,Full-time,No,,3,2nd Year,,,bsc Psychology,Yes,Female,,,,,,,,,,,,,,,,,,,,,,,,,,,,,,,,,,,,,,,,,,,,,,,
04/06/2020 15:51,04/06/2020 15:52,IP Address,46,60,FALSE,11/06/2020 15:52,R_bJaiLHMDB8wgQCJ,anonymous,EN,Yes,Yes,UNI40,,Full-time,No,,3,1st Year,,,Psychology ,Yes,Female ,,,,,,,,,,,,,,,,,,,,,,,,,,,,,,,,,,,,,,,,,,,,,,,
11/06/2020 18:05,11/06/2020 18:15,IP Address,100,618,TRUE,11/06/2020 18:15,R_1lhKhkWC1Zd93Ot,anonymous,EN,Yes,Yes,UKRN04,,Full-time,No,,3,1st Year,,,Psychology Bsc,Yes,Female ,Strongly agree,Strongly disagree,Agree,Strongly disagree,Disagree,Strongly disagree,Agree,Agree,Have no opinion,Disagree,Agree,Strongly disagree,Disagree,Strongly disagree,Disagree,Strongly agree,I have heard of this,I have heard of this,,I have heard of this,I have heard of this,,I have heard of this,,,,I have done/used this,,,I have done/used this,,I have done/used this,Strongly Agree,Strongly disagree,Have no opinion,Agree,Strongly Agree,Have no opinion,Strongly disagree,Strongly agree,Yes,Yes,Difficult to replicate or reproduce the same or similar results or previous studies. ,No,Not sure,Yes,
05/06/2020 03:20,05/06/2020 03:21,IP Address,27,35,FALSE,12/06/2020 03:21,R_3dET6mTQaVoYzrS,anonymous,EN,Yes,Yes,UNI18,,Full-time,No,,,,,,,,,,,,,,,,,,,,,,,,,,,,,,,,,,,,,,,,,,,,,,,,,,,,,,,
12/06/2020 03:20,12/06/2020 03:27,IP Address,100,448,TRUE,12/06/2020 03:27,R_RKpBHSWzFzWFjmp,anonymous,EN,Yes,Yes,UKRN07,,Full-time,No,,3,1st Year,,,BSc Psychology,Yes,Woman,Strongly agree,Strongly disagree,Agree,Strongly disagree,Strongly agree,Disagree,Disagree,Agree,Have no opinion,Strongly agree,Agree,Strongly disagree,Agree,Disagree,Disagree,Strongly agree,I have heard of this,I have heard of this,I have heard of this,I have heard of this,I have heard of this,I have heard of this,,I have heard of this,,,,,,,,,Strongly Agree,Strongly disagree,Strongly agree,Disagree,Strongly Agree,Strongly agree,Strongly disagree,Strongly agree,Yes,No,A large number of studies within the social sciences are unable to be replicated with the same results reproduced,Yes,No,Yes,
12/06/2020 03:57,12/06/2020 04:03,IP Address,100,352,TRUE,12/06/2020 04:03,R_1jeWhjtCMp6W10q,anonymous,EN,Yes,Yes,UNI27,,Part-time,No,,,,6,5th Year,Psychology ,No,female ,Agree,Disagree,Agree,Disagree,Have no opinion,Have no opinion,Disagree,Agree,Have no opinion,Have no opinion,Disagree,Strongly disagree,Have no opinion,Disagree,Disagree,Have no opinion,,,,,,,,I have heard of this,,,I have done/used this,,,I have done/used this,,,Agree,Disagree,Have no opinion,Have no opinion,Agree,Agree,Have no opinion,Have no opinion,No,,,No,No,Yes,
12/06/2020 04:07,12/06/2020 04:14,IP Address,100,426,TRUE,12/06/2020 04:14,R_3IRwYy0C1rFyLGJ,anonymous,EN,Yes,Yes,UNI27,,Part-time,No,,,,3,1st Year,Philosophy and pychology ,No,Male,Agree,Disagree,Agree,Disagree,Have no opinion,Have no opinion,Agree,Agree,Agree,Have no opinion,Strongly agree,Strongly disagree,Agree,Disagree,Have no opinion,Agree,,,I have heard of this,,I have heard of this,I have heard of this,,I have heard of this,,,,,,,,,Agree,Have no opinion,Agree,Agree,Agree,Agree,Disagree,Have no opinion,No,,,Yes,No,Yes,
12/06/2020 04:10,12/06/2020 04:16,IP Address,100,369,TRUE,12/06/2020 04:16,R_UGAW8dLEEoYcVK9,anonymous,EN,Yes,Yes,UNI27,,Part-time,No,,,,2,1st Year,Bsc psychological studies,No,Female,Strongly agree,Disagree,Have no opinion,Disagree,Strongly agree,Strongly disagree,Strongly agree,Strongly disagree,Strongly agree,Strongly agree,Strongly agree,Strongly disagree,Have no opinion,Agree,Have no opinion,Have no opinion,,,,,,,,,,,,,,,,I have done/used this,Strongly Agree,Strongly agree,Strongly agree,Disagree,Strongly Disagree,Strongly agree,Disagree,Have no opinion,Not sure,,,No,No,Yes,
12/06/2020 04:15,12/06/2020 04:22,IP Address,100,448,TRUE,12/06/2020 04:22,R_xy0EwVvqomnrwS5,anonymous,EN,Yes,Yes,UNI27,,Part-time,No,,,,6,2nd Year,BSc Psychology ,No,Female,Agree,Disagree,Have no opinion,Agree,Agree,Disagree,Agree,Disagree,Agree,Disagree,Strongly agree,Have no opinion,Have no opinion,Agree,Agree,Have no opinion,,,,,I have heard of this,I have heard of this,,,,,,,,,,,Agree,Disagree,Agree,Disagree,Have no opinion,Agree,Disagree,Have no opinion,Not sure,,,Not sure,Not sure,Not sure,
12/06/2020 04:30,12/06/2020 04:39,IP Address,100,530,TRUE,12/06/2020 04:39,R_RacsicfiObMWKe5,anonymous,EN,Yes,Yes,UNI27,,Part-time,No,,,,6,6th Year,Psychology ,No,Female ,Agree,Disagree,Disagree,Disagree,Have no opinion,Have no opinion,Strongly agree,Disagree,Disagree,Disagree,Agree,Strongly disagree,Disagree,Disagree,Disagree,Disagree,,,,,,,,,I have done/used this,I have done/used this,I have done/used this,,,,,I have done/used this,Agree,Disagree,Agree,Agree,Disagree,Disagree,Agree,Have no opinion,Yes,Yes,Inability to replicate a study ,Yes,Yes,Yes,
12/06/2020 04:43,12/06/2020 04:51,IP Address,100,434,TRUE,12/06/2020 04:51,R_DS0mOnbyhmuFo41,anonymous,EN,Yes,Yes,Other,,Part-time,No,,,,5,3rd Year,BSc Psychology,No,Female,Agree,Strongly disagree,Strongly agree,Strongly disagree,Have no opinion,Have no opinion,Strongly agree,Strongly disagree,Strongly agree,Strongly disagree,Agree,Strongly disagree,Agree,Agree,Agree,Disagree,,,I have heard of this,,,,,I have heard of this,,,,,,,,,Strongly Agree,Disagree,Strongly agree,Strongly agree,Disagree,Agree,Disagree,Have no opinion,No,,,No,No,Yes,
12/06/2020 04:55,12/06/2020 05:00,IP Address,100,291,TRUE,12/06/2020 05:00,R_1MLexaqwAuFTx8P,anonymous,EN,Yes,Yes,UNI27,,Part-time,No,,,,6,6th Year,BSc in Forensic Psychology,No,Female,Agree,Strongly disagree,Have no opinion,Disagree,Disagree,Have no opinion,Agree,Disagree,Have no opinion,Disagree,Agree,Strongly disagree,Agree,Strongly disagree,Disagree,Disagree,I have heard of this,I have heard of this,I have heard of this,I have heard of this,,I have heard of this,I have heard of this,I have heard of this,,,I have done/used this,,,I have done/used this,I have done/used this,,Agree,Have no opinion,Have no opinion,Disagree,Have no opinion,Disagree,Have no opinion,Have no opinion,Yes,No,Whether repeating studies really do show the same results and if this is beneficial to science,Not sure,No,Yes,
12/06/2020 05:00,12/06/2020 05:08,IP Address,100,459,TRUE,12/06/2020 05:08,R_2CVsxs9khRckdKH,anonymous,EN,Yes,Yes,UNI27,,Part-time,No,,,,6,2nd Year,Bsc Forensic Psychology,No,F,Strongly agree,Disagree,Agree,Disagree,Agree,Disagree,Strongly agree,Disagree,Agree,Disagree,Strongly agree,Disagree,Have no opinion,Agree,Agree,Agree,I have heard of this,I have heard of this,I have heard of this,,,,I have heard of this,I have heard of this,,,,,,,,,Agree,Agree,Agree,Agree,Strongly Agree,Agree,Disagree,Agree,Not sure,,,No,Not sure,Yes,
12/06/2020 05:15,12/06/2020 05:23,IP Address,100,487,TRUE,12/06/2020 05:23,R_2AXrrYFqIul1mpZ,anonymous,EN,Yes,Yes,UNI27,,Part-time,No,,,,6,6th Year,Bsc psychology and counselling,No,Female,Agree,Disagree,Strongly agree,Agree,Agree,Agree,Strongly agree,Strongly agree,Agree,Strongly agree,Agree,Strongly disagree,Disagree,Disagree,Disagree,Agree,,,,,,,,I have heard of this,,,,,,,,,Agree,Disagree,Agree,Disagree,Agree,Disagree,Agree,Agree,No,,,No,No,Yes,
12/06/2020 05:48,12/06/2020 05:53,IP Address,100,308,TRUE,12/06/2020 05:53,R_2U5UsswEAQ10Xsw,anonymous,EN,Yes,Yes,UNI27,,Part-time,No,,,,6,1st Year,BSc Psychology ,No,Female,Agree,Disagree,Agree,Disagree,Agree,Disagree,Agree,Disagree,Agree,Strongly agree,Strongly agree,Disagree,Agree,Agree,Have no opinion,Agree,,I have heard of this,,,,,,I have heard of this,,,,,,,,,Strongly Agree,Disagree,Disagree,Strongly agree,Agree,Disagree,Agree,Agree,No,,,No,Not sure,Yes,
12/06/2020 06:10,12/06/2020 06:17,IP Address,100,390,TRUE,12/06/2020 06:17,R_3PBtQhrfD8bSwwC,anonymous,EN,Yes,Yes,UNI27,,Part-time,No,,,,6,6th Year,Investigating psychology 3,No,Male,Agree,Strongly disagree,Agree,Disagree,Have no opinion,Strongly disagree,Disagree,Agree,Strongly agree,Agree,Agree,Disagree,Have no opinion,Agree,Disagree,Disagree,,,I have heard of this,I have heard of this,I have heard of this,I have heard of this,I have heard of this,I have heard of this,I have done/used this,I have done/used this,,,,,,,Strongly Agree,Disagree,Strongly agree,Disagree,Disagree,Agree,Disagree,Agree,No,,,Not sure,Yes,Yes,
12/06/2020 06:13,12/06/2020 06:27,IP Address,100,813,TRUE,12/06/2020 06:27,R_xz03oH3kuGBu3QJ,anonymous,EN,Yes,Yes,UNI27,,Part-time,No,,,,3,2nd Year,BA Philosophy and Psychology Studied,No,Female,Disagree,Strongly disagree,Strongly agree,Disagree,Agree,Disagree,Disagree,Agree,Agree,Strongly disagree,Agree,Strongly disagree,Disagree,Strongly disagree,Disagree,Agree,I have heard of this,I have heard of this,I have heard of this,I have heard of this,I have heard of this,I have heard of this,,I have heard of this,,,,,,,I have done/used this,,Strongly Agree,Disagree,Agree,Disagree,Agree,Agree,Disagree,Agree,Yes,No,A paper that claimed it had evidence that people  can see into the future ,Yes,No,Yes,No
12/06/2020 06:37,12/06/2020 06:43,IP Address,100,305,TRUE,12/06/2020 06:43,R_1LbaawHpprFaB2E,anonymous,EN,Yes,Yes,UNI27,,Full-time,No,,3,2nd Year,,,Bsc psycholody and counselling ,No,Female,Agree,Disagree,Strongly agree,Disagree,Strongly agree,Disagree,Strongly agree,Disagree,Agree,Disagree,Agree,Strongly disagree,Have no opinion,Agree,Have no opinion,Agree,I have heard of this,I have heard of this,I have heard of this,,,I have heard of this,,I have heard of this,,,,I have done/used this,I have done/used this,,I have done/used this,,Agree,Disagree,Agree,Disagree,Agree,Disagree,Agree,Agree,Not sure,,,Yes,Yes,Yes,
12/06/2020 06:26,12/06/2020 07:11,IP Address,100,2655,TRUE,12/06/2020 07:11,R_XYy6lDeJLhZpx7j,anonymous,EN,Yes,Yes,UNI27,,Part-time,No,,,,3,3rd Year,BSc Psychology,No,Female,Have no opinion,Disagree,Strongly disagree,Strongly disagree,Agree,Disagree,Have no opinion,Agree,Strongly agree,Strongly agree,Agree,Strongly disagree,Disagree,Strongly agree,Disagree,Have no opinion,I have heard of this,I have heard of this,I have heard of this,,,I have heard of this,,I have heard of this,,,I have done/used this,,,,,I have done/used this,Have no opinion,Have no opinion,Strongly agree,Have no opinion,Disagree,Agree,Agree,Agree,Not sure,,,No,No,Yes,
12/06/2020 07:35,12/06/2020 07:47,IP Address,100,721,TRUE,12/06/2020 07:47,R_276RQiiM8YhAhdD,anonymous,EN,Yes,Yes,UNI27,,Part-time,Yes,,,,6,6th Year,Psychology ,Yes,female,Agree,Disagree,Have no opinion,Disagree,Have no opinion,Disagree,Agree,Have no opinion,Agree,Agree,Agree,Disagree,Disagree,Agree,Disagree,Agree,I have heard of this,I have heard of this,,I have heard of this,,,I have heard of this,,,,I have done/used this,,I have done/used this,I have done/used this,,I have done/used this,Agree,Disagree,Agree,Agree,Strongly Agree,Strongly disagree,Have no opinion,Have no opinion,No,,,Not sure,No,Not sure,
12/06/2020 07:46,12/06/2020 07:56,IP Address,100,573,TRUE,12/06/2020 07:56,R_2yjGerImyhXWpe2,anonymous,EN,Yes,Yes,UNI27,,Part-time,No,,,,6,4th Year,,Yes,Female,Strongly disagree,Disagree,Have no opinion,Agree,Agree,Have no opinion,Strongly agree,Have no opinion,Agree,Have no opinion,Agree,Strongly disagree,Agree,Disagree,Have no opinion,Have no opinion,,,I have heard of this,,I have heard of this,I have heard of this,,I have heard of this,,,,,,,,,Strongly Agree,Have no opinion,Strongly agree,Agree,Disagree,Agree,Disagree,Have no opinion,Not sure,,,No,Not sure,Not sure,
12/06/2020 07:44,12/06/2020 07:59,IP Address,100,908,TRUE,12/06/2020 07:59,R_3OkMSL0aAlSnPek,anonymous,EN,Yes,Yes,UNI27,,Full-time,No,,3,1st Year,,,Psychology,No,Female,Agree,Strongly disagree,Agree,Strongly disagree,Have no opinion,Have no opinion,Have no opinion,Have no opinion,Agree,Disagree,Agree,Strongly disagree,Have no opinion,Disagree,Strongly disagree,Strongly agree,,,,,,I have heard of this,,I have heard of this,,,I have done/used this,,,,,,Strongly Agree,Strongly disagree,Strongly agree,Have no opinion,Strongly Agree,Strongly agree,Have no opinion,Have no opinion,Not sure,,,No,No,Not sure,
12/06/2020 07:53,12/06/2020 08:14,IP Address,100,1294,TRUE,12/06/2020 08:14,R_1hFtcf2Vbw28exU,anonymous,EN,Yes,Yes,UKRN04,,Full-time,Other (Please specify),Optional,3,1st Year,,,Psychology,No,female,Agree,Strongly disagree,Strongly agree,Strongly disagree,Strongly agree,Strongly disagree,Disagree,Disagree,Strongly agree,Strongly disagree,Strongly agree,Strongly disagree,Strongly agree,Strongly disagree,Disagree,Strongly agree,I have heard of this,I have heard of this,I have heard of this,I have heard of this,I have heard of this,,I have heard of this,I have heard of this,,,I have done/used this,,I have done/used this,,,,Strongly Agree,Strongly disagree,Strongly Disagree,Disagree,Disagree,Strongly agree,Disagree,Agree,Yes,Yes,"A lot of previous research done in the past when replicated exactly as the original, have been found not to conclude the same answer; questioning the reliability of the research.",Not sure,Yes,Yes,"Undergraduate students should be looking to replicate past research as part of their research project to assist in improving the reliability and validity of these past researches.  Also, the powers that be; who make the decision on what new research should be published should also invest, support and encourage the efforts required for replications."
12/06/2020 08:13,12/06/2020 08:20,IP Address,100,405,TRUE,12/06/2020 08:20,R_2dLm2xeMqcIramx,anonymous,EN,Yes,Yes,UNI27,,Part-time,No,,,,3,1st Year,BSc (Hons) Psychology,No,Female,Strongly agree,Strongly disagree,Strongly agree,Strongly disagree,Have no opinion,Strongly agree,Agree,Disagree,Strongly agree,Strongly disagree,Strongly agree,Strongly disagree,Agree,Strongly disagree,Agree,Agree,,,I have heard of this,,,,,I have heard of this,,,,,,,,,Strongly Agree,Strongly disagree,Strongly agree,Have no opinion,Disagree,Agree,Strongly disagree,Have no opinion,Yes,Yes,Issues with typically accepted research not being able to be replicated successfully ,No,Not sure,Yes,
12/06/2020 11:36,12/06/2020 11:44,IP Address,100,522,TRUE,12/06/2020 11:44,R_2dMTxJKXswIWVue,anonymous,EN,Yes,Yes,UNI27,,Full-time,No,,3,4th Year,,,Psychology with counselling,No,Female,Strongly agree,Strongly disagree,Strongly agree,Strongly disagree,Disagree,Disagree,Disagree,Agree,Agree,Agree,Strongly agree,Strongly disagree,Disagree,Strongly agree,Strongly disagree,Strongly agree,,,,,,,,,,,I have done/used this,,,I have done/used this,,,Strongly Agree,Strongly disagree,Strongly agree,Agree,Strongly Agree,Strongly disagree,Disagree,Agree,Not sure,,,No,No,Yes,
05/06/2020 12:03,05/06/2020 12:06,IP Address,51,182,FALSE,12/06/2020 12:06,R_1loRNckrBJdoykD,anonymous,EN,Yes,Yes,UKRN07,,Full-time,No,,3,3rd Year,,,Bsc Psychology,Yes,Female,Agree,Disagree,Have no opinion,Disagree,Agree,Have no opinion,Strongly agree,Disagree,Agree,Have no opinion,Strongly agree,Disagree,Strongly agree,Have no opinion,Disagree,Disagree,I have heard of this,I have heard of this,I have heard of this,I have heard of this,I have heard of this,I have heard of this,,I have heard of this,,,,,,,I have done/used this,,,,,,,,,,,,,,,,
05/06/2020 13:56,05/06/2020 13:59,IP Address,14,163,FALSE,12/06/2020 13:59,R_1MZ1IJrePbYkeqe,anonymous,EN,Yes,Yes,,,,,,,,,,,,,,,,,,,,,,,,,,,,,,,,,,,,,,,,,,,,,,,,,,,,,,,,,,,
12/06/2020 15:07,12/06/2020 15:19,IP Address,100,775,TRUE,12/06/2020 15:20,R_2Vz3WbhTaQVBOIB,anonymous,EN,Yes,Yes,UNI27,,Part-time,No,,,,4,3rd Year,B.Sc (hons) Psychology,No,Female,Agree,Disagree,Agree,Disagree,Strongly agree,Strongly disagree,Strongly agree,Disagree,Agree,Disagree,Agree,Strongly disagree,Agree,Agree,Strongly disagree,Agree,I have heard of this,,,I have heard of this,,,,I have heard of this,,,I have done/used this,,,I have done/used this,,,Agree,Disagree,Strongly agree,Agree,Agree,Disagree,Disagree,Strongly agree,No,,,No,No,Yes,
06/06/2020 02:49,06/06/2020 02:50,IP Address,46,87,FALSE,13/06/2020 02:50,R_1dMm0Mtzuxm4aZB,anonymous,EN,Yes,Yes,UNI18,,Full-time,Other (Please specify),1 month placement,1,1st Year,,,Msc Marketing Psychology,No,F,,,,,,,,,,,,,,,,,,,,,,,,,,,,,,,,,,,,,,,,,,,,,,,
13/06/2020 04:41,13/06/2020 04:50,IP Address,100,523,TRUE,13/06/2020 04:50,R_2eQKcPFMf8FpL5Z,anonymous,EN,Yes,Yes,UNI19,,Full-time,No,,3,1st Year,,,BSc Psychology ,Yes,Female,Agree,Disagree,Have no opinion,Agree,Have no opinion,Have no opinion,Agree,Disagree,Have no opinion,Agree,Agree,Strongly disagree,Have no opinion,Have no opinion,Disagree,Agree,,,I have heard of this,,,,,I have heard of this,,,,,,,,I have done/used this,Agree,Disagree,Disagree,Agree,Agree,Agree,Have no opinion,Disagree,Yes,Yes,The inability to accurately replicate a study and get the same results,No,Not sure,Yes,
06/06/2020 04:53,06/06/2020 04:53,IP Address,14,13,FALSE,13/06/2020 04:53,R_3NRmXFblE5XuybD,anonymous,EN,Yes,Yes,,,,,,,,,,,,,,,,,,,,,,,,,,,,,,,,,,,,,,,,,,,,,,,,,,,,,,,,,,,
06/06/2020 09:37,06/06/2020 09:40,IP Address,51,209,FALSE,13/06/2020 09:41,R_3IYpkZEmpM4OVMO,anonymous,EN,Yes,Yes,UNI37,,Full-time,No,,3,1st Year,,,Psychology ,Yes,Female,Strongly agree,Disagree,Have no opinion,Have no opinion,Have no opinion,Disagree,Have no opinion,Have no opinion,Agree,Agree,Strongly agree,Disagree,Disagree,Agree,Have no opinion,Have no opinion,I have heard of this,I have heard of this,I have heard of this,I have heard of this,I have heard of this,I have heard of this,,I have heard of this,,,,,,,I have done/used this,,,,,,,,,,,,,,,,
13/06/2020 12:26,13/06/2020 12:36,IP Address,100,566,TRUE,13/06/2020 12:36,R_SI5UcgufBhwD1ND,anonymous,EN,Yes,Yes,UKRN07,,Full-time,No,,3,2nd Year,,,Mathematics and Psychology ,Yes,Female,Strongly agree,Strongly disagree,Disagree,Disagree,Have no opinion,Strongly disagree,Disagree,Agree,Strongly disagree,Have no opinion,Agree,Strongly disagree,Disagree,Disagree,Strongly disagree,Have no opinion,I have heard of this,I have heard of this,,I have heard of this,I have heard of this,,I have heard of this,,,,I have done/used this,,,I have done/used this,,I have done/used this,Strongly Agree,Have no opinion,Agree,Have no opinion,Agree,Disagree,Have no opinion,Have no opinion,Not sure,,,No,No,Yes,
06/06/2020 13:41,06/06/2020 13:42,IP Address,46,33,FALSE,13/06/2020 13:42,R_ssO5K4nOhMK7NrX,anonymous,EN,Yes,Yes,UNI18,,Full-time,No,,1,1st Year,,,MSc,Yes,M,,,,,,,,,,,,,,,,,,,,,,,,,,,,,,,,,,,,,,,,,,,,,,,
06/06/2020 17:01,06/06/2020 17:02,IP Address,27,39,FALSE,13/06/2020 17:02,R_2fv7VwmitlNPYoF,anonymous,EN,Yes,Yes,Other,,Part-time,No,,,,,,,,,,,,,,,,,,,,,,,,,,,,,,,,,,,,,,,,,,,,,,,,,,,,,,,
06/06/2020 17:57,06/06/2020 18:01,IP Address,46,251,FALSE,13/06/2020 18:01,R_1f1qRaB8yiQEezV,anonymous,EN,Yes,Yes,UNI67,,Full-time,No,,3,1st Year,,,Ancient History and History ,No,,,,,,,,,,,,,,,,,,,,,,,,,,,,,,,,,,,,,,,,,,,,,,,,
06/06/2020 18:30,06/06/2020 18:30,IP Address,14,6,FALSE,13/06/2020 18:31,R_yx22COR64ktwuaZ,anonymous,EN,Yes,Yes,,,,,,,,,,,,,,,,,,,,,,,,,,,,,,,,,,,,,,,,,,,,,,,,,,,,,,,,,,,
09/06/2020 04:20,13/06/2020 19:22,IP Address,100,399726,TRUE,13/06/2020 19:22,R_YWSbycmVBgV6Yut,anonymous,EN,Yes,Yes,UKRN04,,Full-time,No,,3,3rd Year,,,BSc Psychology,Yes,Male,Strongly agree,Disagree,Strongly agree,Strongly agree,Agree,Disagree,Agree,Strongly agree,Disagree,Agree,Strongly agree,Strongly disagree,Have no opinion,Disagree,Disagree,Agree,,,I have heard of this,,I have heard of this,I have heard of this,,I have heard of this,,,I have done/used this,,,,,,Strongly Agree,Strongly disagree,Strongly agree,Disagree,Agree,Disagree,Disagree,Agree,Yes,Yes,Most replications finding differing results from core psychological studies.,Yes,Yes,Yes,
07/06/2020 05:12,07/06/2020 05:12,IP Address,46,48,FALSE,14/06/2020 05:12,R_27kS5nSGR24StrN,anonymous,EN,Yes,Yes,UKRN07,,Full-time,No,,3,2nd Year,,,Psychology & Philosophy,No,Male,,,,,,,,,,,,,,,,,,,,,,,,,,,,,,,,,,,,,,,,,,,,,,,
07/06/2020 09:49,07/06/2020 09:52,IP Address,70,210,FALSE,14/06/2020 09:53,R_OvcdApiTcd6pnQ5,anonymous,EN,Yes,Yes,UNI40,,Full-time,No,,3,3rd Year,,,Psychology with Criminology,Yes,Female,Agree,Disagree,Disagree,Strongly disagree,Strongly agree,Disagree,Strongly agree,Strongly disagree,Strongly agree,Strongly agree,Agree,Strongly disagree,Agree,Agree,Have no opinion,Agree,I have heard of this,,,,,I have heard of this,,,,,I have done/used this,,,,,I have done/used this,Agree,Disagree,Strongly agree,Agree,Agree,Agree,,,,,,,,,
07/06/2020 12:50,07/06/2020 12:50,IP Address,14,8,FALSE,14/06/2020 12:50,R_1i8c0SIGJFHmWaG,anonymous,EN,Yes,Yes,,,,,,,,,,,,,,,,,,,,,,,,,,,,,,,,,,,,,,,,,,,,,,,,,,,,,,,,,,,
14/06/2020 21:55,14/06/2020 22:17,IP Address,100,1329,TRUE,14/06/2020 22:17,R_1EhqmqrizO9MuAw,anonymous,EN,Yes,Yes,UKRN04,,Full-time,No,,3,1st Year,,,Psychology,No,Female ,Strongly agree,Disagree,Have no opinion,Strongly agree,Agree,Disagree,Have no opinion,Agree,Agree,Strongly agree,Agree,Have no opinion,Agree,Disagree,Agree,Disagree,I have heard of this,I have heard of this,I have heard of this,,,I have heard of this,I have heard of this,I have heard of this,,,,I have done/used this,I have done/used this,,,,Disagree,Agree,Have no opinion,Disagree,Agree,Disagree,Have no opinion,Have no opinion,Yes,Yes,Copy from the others,Yes,Yes,No,
09/06/2020 04:21,09/06/2020 04:22,IP Address,46,78,FALSE,16/06/2020 04:22,R_1ILt3k56xaQb0OL,anonymous,EN,Yes,Yes,UKRN04,,Full-time,No,,3,3rd Year,,,BSc Psychology hons ,Yes,Female,,,,,,,,,,,,,,,,,,,,,,,,,,,,,,,,,,,,,,,,,,,,,,,
09/06/2020 04:21,09/06/2020 04:29,IP Address,59,482,FALSE,16/06/2020 04:29,R_2P1XKQzE3KP0htI,anonymous,EN,Yes,Yes,UKRN04,,Full-time,No,,3,3rd Year,,,BSc Psychology ,Yes,Female ,Strongly agree,Disagree,Strongly agree,Agree,Agree,Agree,Disagree,Have no opinion,Agree,Strongly agree,Strongly agree,Strongly disagree,Have no opinion,Have no opinion,Agree,Agree,I have heard of this,I have heard of this,,,I have heard of this,,I have heard of this,,,,I have done/used this,,,I have done/used this,,I have done/used this,Strongly Agree,Disagree,,,,,,,,,,,,,
09/06/2020 04:30,09/06/2020 04:31,IP Address,46,41,FALSE,16/06/2020 04:31,R_1jTzwyusVOO16Ww,anonymous,EN,Yes,Yes,UKRN04,,Full-time,No,,3,1st Year,,,Psychology,Yes,Female,,,,,,,,,,,,,,,,,,,,,,,,,,,,,,,,,,,,,,,,,,,,,,,
16/06/2020 05:01,16/06/2020 05:09,IP Address,100,455,TRUE,16/06/2020 05:09,R_2QfkaTjAWUUZTCj,anonymous,EN,Yes,Yes,UNI21,,Full-time,No,,3,2nd Year,,,Psychology ,Yes,Female,Strongly agree,Disagree,Agree,Disagree,Disagree,Have no opinion,Strongly agree,Disagree,Agree,Agree,Strongly agree,Disagree,Agree,Disagree,Have no opinion,Disagree,,I have heard of this,,,,I have heard of this,,I have heard of this,,,I have done/used this,,,,,,Agree,Disagree,Agree,Agree,Agree,Strongly disagree,Disagree,Agree,Yes,Yes,Researchers focus on disproving other researchers theories instead of doing new research and coming up with new predictions and hypotheses ,Not sure,Not sure,Yes,
09/06/2020 05:35,09/06/2020 05:36,IP Address,46,77,FALSE,16/06/2020 05:36,R_vieZuRtHntZep8t,anonymous,EN,Yes,Yes,UKRN04,,Full-time,No,,3,3rd Year,,,Bsc Psychology ,Yes,Female,,,,,,,,,,,,,,,,,,,,,,,,,,,,,,,,,,,,,,,,,,,,,,,
09/06/2020 05:42,09/06/2020 05:43,IP Address,46,85,FALSE,16/06/2020 05:43,R_32JkQfIOtDhD6sY,anonymous,EN,Yes,Yes,UKRN04,,Full-time,No,,3,1st Year,,,BSc Psychology ,Yes,Female,,,,,,,,,,,,,,,,,,,,,,,,,,,,,,,,,,,,,,,,,,,,,,,
09/06/2020 05:44,09/06/2020 05:45,IP Address,46,47,FALSE,16/06/2020 05:45,R_1ooJ4YPtyE34Rur,anonymous,EN,Yes,Yes,UKRN04,,Full-time,No,,3,3rd Year,,,Psychology ,Yes,female ,,,,,,,,,,,,,,,,,,,,,,,,,,,,,,,,,,,,,,,,,,,,,,,
09/06/2020 05:54,09/06/2020 05:55,IP Address,14,28,FALSE,16/06/2020 05:55,R_SDV8fqNA4OsGT1D,anonymous,EN,Yes,Yes,,,,,,,,,,,,,,,,,,,,,,,,,,,,,,,,,,,,,,,,,,,,,,,,,,,,,,,,,,,
09/06/2020 06:11,09/06/2020 06:11,IP Address,46,46,FALSE,16/06/2020 06:12,R_SW2vdqHcZRMqG89,anonymous,EN,Yes,Yes,UKRN04,,Full-time,No,,3,1st Year,,,BSc Psychology,Yes,Female,,,,,,,,,,,,,,,,,,,,,,,,,,,,,,,,,,,,,,,,,,,,,,,
09/06/2020 07:02,09/06/2020 07:06,IP Address,65,198,FALSE,16/06/2020 07:07,R_2X1k2EYrgxkq6Ra,anonymous,EN,Yes,Yes,UKRN04,,Full-time,No,,3,3rd Year,,,Criminology and Psychology ,Yes,F,Strongly agree,Disagree,Have no opinion,Disagree,Agree,Disagree,Agree,Have no opinion,Agree,Strongly agree,Agree,Strongly disagree,Agree,Agree,Disagree,Strongly agree,,,I have heard of this,,,I have heard of this,I have heard of this,I have heard of this,,,I have done/used this,,,I have done/used this,,I have done/used this,Strongly Agree,Disagree,Strongly agree,Have no opinion,,,,,,,,,,,
09/06/2020 15:14,09/06/2020 15:15,IP Address,46,76,FALSE,16/06/2020 15:15,R_3CO7c9UCMeH40VW,anonymous,EN,Yes,Yes,UKRN04,,Full-time,Yes,,3,3rd Year,,,Psychology BSc,Yes,Male,,,,,,,,,,,,,,,,,,,,,,,,,,,,,,,,,,,,,,,,,,,,,,,
17/06/2020 03:48,17/06/2020 03:57,IP Address,100,531,TRUE,17/06/2020 03:57,R_3hbzt61lhmVZKic,anonymous,EN,Yes,Yes,UNI30,,Full-time,Yes,,4,4th Year,,,Psychology with Integrated Placement Year,Yes,Female,Agree,Disagree,Have no opinion,Have no opinion,Have no opinion,Disagree,Agree,Strongly disagree,Have no opinion,Agree,Have no opinion,Strongly disagree,Have no opinion,Have no opinion,Disagree,Agree,,,I have heard of this,,I have heard of this,I have heard of this,,I have heard of this,I have done/used this,I have done/used this,,I have done/used this,,,I have done/used this,,Have no opinion,Have no opinion,Agree,Have no opinion,Agree,Disagree,Disagree,Have no opinion,Yes,Yes,Particularly in Social Psychology many of the experiments in the past have failed to be replicated.,Not sure,Not sure,Yes,
17/06/2020 04:06,17/06/2020 04:17,IP Address,100,654,TRUE,17/06/2020 04:17,R_1Q5gooYv86cW0QZ,anonymous,EN,Yes,Yes,UNI68,,Full-time,Yes,,4,2nd Year,,,Psychology with placement year BSc,Yes,Female ,Agree,Disagree,Disagree,Disagree,Agree,Disagree,Strongly agree,Disagree,Agree,Have no opinion,Disagree,Strongly disagree,Have no opinion,Strongly disagree,Have no opinion,Disagree,,,,I have heard of this,I have heard of this,I have heard of this,I have heard of this,,I have done/used this,I have done/used this,I have done/used this,,,,,I have done/used this,Agree,Disagree,Agree,Disagree,Disagree,Agree,Disagree,Agree,No,,,No,No,Not sure,
17/06/2020 08:29,17/06/2020 08:52,IP Address,100,1366,TRUE,17/06/2020 08:52,R_3DwoP3OhwWyofuY,anonymous,EN,Yes,Yes,Other,,Full-time,No,,4,4th Year,,,Psychology,Yes,Female,Agree,Disagree,Have no opinion,Disagree,Agree,Disagree,Agree,Agree,Have no opinion,Have no opinion,Have no opinion,Strongly disagree,Have no opinion,Strongly agree,Have no opinion,Agree,I have heard of this,I have heard of this,I have heard of this,,,I have heard of this,,I have heard of this,,,I have done/used this,,,,,,Agree,Have no opinion,Agree,Strongly agree,Strongly Agree,Disagree,Disagree,Have no opinion,Not sure,,,Yes,No,Yes,
11/06/2020 09:19,11/06/2020 09:20,IP Address,46,76,FALSE,18/06/2020 09:20,R_1NfRsU9XEjwoCBZ,anonymous,EN,Yes,Yes,UKRN04,,Full-time,Yes,,3,3rd Year,,,Psychology,No,Female,,,,,,,,,,,,,,,,,,,,,,,,,,,,,,,,,,,,,,,,,,,,,,,
11/06/2020 21:35,11/06/2020 21:35,IP Address,14,11,FALSE,18/06/2020 21:36,R_2Tt82XAyCNCmY7d,anonymous,EN,Yes,Yes,,,,,,,,,,,,,,,,,,,,,,,,,,,,,,,,,,,,,,,,,,,,,,,,,,,,,,,,,,,
19/06/2020 02:57,19/06/2020 03:19,IP Address,100,1322,TRUE,19/06/2020 03:19,R_3MnipZXcPc8jUDZ,anonymous,EN,Yes,Yes,UNI20,,Full-time,No,,3,3rd Year,,,BSc Psychology Hons,Yes,male,Agree,Disagree,Strongly agree,Disagree,Agree,Disagree,Agree,Disagree,Agree,Disagree,Have no opinion,Strongly disagree,Agree,Disagree,Have no opinion,Disagree,I have heard of this,I have heard of this,I have heard of this,I have heard of this,I have heard of this,,I have heard of this,I have heard of this,,,,,,I have done/used this,,,Strongly Agree,Disagree,Agree,Disagree,Disagree,Agree,Disagree,Agree,Yes,Yes,Many research projects are difficult to reproduce or the results aren't repeated affecting credibility of results,Yes,Not sure,Yes,"More openness, collaboration and sharing of research, methodologies data and publishing should be encouraged."
12/06/2020 03:17,12/06/2020 03:19,IP Address,46,157,FALSE,19/06/2020 03:19,R_3HMtaO2FVnlZJhF,anonymous,EN,Yes,Yes,UNI22,,Full-time,No,,3,2nd Year,,,Psychology ,Yes,Female,,,,,,,,,,,,,,,,,,,,,,,,,,,,,,,,,,,,,,,,,,,,,,,
19/06/2020 03:35,19/06/2020 03:46,IP Address,100,611,TRUE,19/06/2020 03:46,R_0ktDkRS1AWl8jsd,anonymous,EN,Yes,Yes,UNI20,,Full-time,Yes,,3,2nd Year,,,BSC Psychology ,Yes,Female,Strongly agree,Strongly disagree,Have no opinion,Strongly disagree,Agree,Disagree,Strongly agree,Disagree,Strongly agree,Disagree,Agree,Strongly disagree,Disagree,Strongly disagree,Disagree,Disagree,I have heard of this,,I have heard of this,,I have heard of this,I have heard of this,,I have heard of this,,I have done/used this,,I have done/used this,,,I have done/used this,,Strongly Agree,Disagree,Strongly agree,Disagree,Disagree,Strongly agree,Strongly disagree,Strongly agree,Not sure,,,Not sure,Not sure,Yes,
19/06/2020 03:50,19/06/2020 03:55,IP Address,100,309,TRUE,19/06/2020 03:55,R_PMy8biFCb9y5R8l,anonymous,EN,Yes,Yes,UNI69,,Full-time,No,,4,2nd Year,,,Bsc psychology with foundation year,No,Female,Agree,Disagree,Disagree,Have no opinion,Agree,Disagree,Agree,Disagree,Agree,Agree,Agree,Strongly disagree,Have no opinion,Disagree,Disagree,Have no opinion,I have heard of this,I have heard of this,I have heard of this,,I have heard of this,I have heard of this,I have heard of this,I have heard of this,,,,I have done/used this,,,,,Agree,Disagree,Agree,Agree,Disagree,Agree,Disagree,Agree,Yes,No,,No,No,Yes,
12/06/2020 03:58,12/06/2020 03:59,IP Address,46,64,FALSE,19/06/2020 03:59,R_1N9WaKo90KF1q8E,anonymous,EN,Yes,Yes,UNI70,,Full-time,No,,3,2nd Year,,,,Yes,,,,,,,,,,,,,,,,,,,,,,,,,,,,,,,,,,,,,,,,,,,,,,,,
19/06/2020 03:54,19/06/2020 04:03,IP Address,100,498,TRUE,19/06/2020 04:03,R_3MFFA4F5gibgsAv,anonymous,EN,Yes,Yes,UKRN08,,Full-time,No,,3,3rd Year,,,Psychology with criminology ,No,Male,Agree,Disagree,Have no opinion,Disagree,Agree,Disagree,Agree,Disagree,Agree,Strongly agree,Agree,Strongly disagree,Strongly agree,Disagree,Have no opinion,Agree,I have heard of this,,I have heard of this,I have heard of this,,,I have heard of this,I have heard of this,I have done/used this,,I have done/used this,I have done/used this,,,I have done/used this,I have done/used this,Strongly Agree,Disagree,Agree,Strongly disagree,Have no opinion,Agree,Strongly disagree,Agree,Yes,Yes,The finding that the majority of studies were not replicated under the same conditions ,Yes,Yes,Yes,
19/06/2020 04:00,19/06/2020 04:06,IP Address,100,368,TRUE,19/06/2020 04:06,R_12gRueGxkvsPO0e,anonymous,EN,Yes,Yes,UKRN08,,Full-time,No,,3,3rd Year,,,Psychology ,Yes,Female,Strongly agree,Disagree,Strongly agree,Disagree,Have no opinion,Have no opinion,Have no opinion,Agree,Agree,Strongly agree,Strongly agree,Strongly disagree,Agree,Strongly disagree,Agree,Agree,I have heard of this,I have heard of this,I have heard of this,I have heard of this,,,I have heard of this,I have heard of this,,,,,,,,,Agree,Disagree,Have no opinion,Disagree,Agree,Agree,Strongly disagree,Agree,Yes,Yes,Many previous large studies findings when later replicated numerous times did not produce the same results or outcomes ,Yes,Yes,Yes,
12/06/2020 04:05,12/06/2020 04:06,IP Address,46,61,FALSE,19/06/2020 04:06,R_UnJB4vXnkROjQWJ,anonymous,EN,Yes,Yes,UNI27,,Part-time,No,,,,6,6th Year,BSc Hons Psychology with Counselling,No,F,,,,,,,,,,,,,,,,,,,,,,,,,,,,,,,,,,,,,,,,,,,,,,,
19/06/2020 03:59,19/06/2020 04:07,IP Address,100,494,TRUE,19/06/2020 04:07,R_31KlYjig3mMGPGM,anonymous,EN,Yes,Yes,UKRN08,,Full-time,No,,3,3rd Year,,,BSc (Hong) Psychology,Yes,Female,Disagree,Strongly disagree,Have no opinion,Strongly agree,Strongly agree,Agree,Strongly agree,Strongly disagree,Strongly agree,Strongly agree,Agree,Strongly disagree,Agree,Strongly agree,Strongly disagree,Disagree,I have heard of this,I have heard of this,I have heard of this,I have heard of this,,,,I have heard of this,,,,,I have done/used this,I have done/used this,I have done/used this,,Agree,Disagree,Agree,Disagree,Strongly Agree,Agree,Disagree,Have no opinion,Yes,Yes,"when Previous well done, critical/important studies are not able to be reproduced or replicated. Big problem in psychology because so much further research has been based off initial studies which can’t be reproduced ",Yes,Yes,Yes,
12/06/2020 04:01,12/06/2020 04:07,IP Address,81,370,FALSE,19/06/2020 04:08,R_3oBMArWCCQZanV5,anonymous,EN,Yes,Yes,UNI27,,Full-time,No,,3,3rd Year,,,Bsc (Hons) Forensic Psychology,No,Female ,Disagree,Disagree,Disagree,Disagree,Have no opinion,Agree,Disagree,Disagree,Disagree,Strongly agree,Disagree,Strongly disagree,Have no opinion,Disagree,Disagree,Have no opinion,I have heard of this,,I have heard of this,,,,,I have heard of this,I have done/used this,,I have done/used this,,,,,I have done/used this,Strongly Agree,Agree,Have no opinion,Have no opinion,Have no opinion,Have no opinion,Have no opinion,Have no opinion,Not sure,,,,,,
19/06/2020 04:01,19/06/2020 04:09,IP Address,100,510,TRUE,19/06/2020 04:09,R_3dFYOTmyfdquTo9,anonymous,EN,Yes,Yes,UKRN08,,Full-time,No,,3,1st Year,,,Psychology ,Yes,Female,Agree,Have no opinion,Have no opinion,Have no opinion,Disagree,Disagree,Strongly agree,Agree,Have no opinion,Agree,Agree,Disagree,Agree,Disagree,Agree,Strongly agree,I have heard of this,I have heard of this,I have heard of this,I have heard of this,I have heard of this,I have heard of this,I have heard of this,I have heard of this,,,I have done/used this,,,I have done/used this,,I have done/used this,Disagree,Agree,Agree,Agree,Agree,Disagree,Disagree,Have no opinion,Yes,Yes,Previous studies that aren’t replicable now makes the reliability and validity of those studies lower if other researchers can’t get the same results,Not sure,Yes,Yes,
19/06/2020 03:59,19/06/2020 04:09,IP Address,100,625,TRUE,19/06/2020 04:09,R_2S6uHosc9zSB216,anonymous,EN,Yes,Yes,UKRN08,,Full-time,Yes,,3,2nd Year,,,Psychology,Yes,Male,Strongly agree,Strongly disagree,Have no opinion,Strongly disagree,Agree,Have no opinion,Agree,Disagree,Agree,Agree,Strongly agree,Strongly disagree,Agree,Strongly disagree,Agree,Disagree,I have heard of this,I have heard of this,,I have heard of this,,I have heard of this,,I have heard of this,,,I have done/used this,,,,,,Strongly Agree,Disagree,Have no opinion,Disagree,Agree,Strongly disagree,Strongly disagree,Agree,Yes,Yes,The issue of replications studies not giving the same results as the original studies. ,Yes,Yes,Yes,
19/06/2020 04:02,19/06/2020 04:12,IP Address,100,619,TRUE,19/06/2020 04:12,R_WetsACtq3CNeI4F,anonymous,EN,Yes,Yes,UKRN08,,Full-time,Yes,,4,3rd Year,,,BSc Psychology ,Yes,female ,Strongly agree,Strongly disagree,Strongly agree,Strongly disagree,Strongly agree,Strongly disagree,Strongly agree,Strongly disagree,Strongly agree,Strongly disagree,Agree,Strongly disagree,Strongly agree,Disagree,Agree,Agree,,,I have heard of this,I have heard of this,,I have heard of this,I have heard of this,I have heard of this,,,I have done/used this,,,,,,Strongly Agree,Strongly disagree,Strongly agree,Strongly disagree,Strongly Agree,Strongly agree,Strongly disagree,Strongly agree,Yes,Yes,"a lot of psychological research hasn't been replicated, or when it has been there little to no significance in similarity to the original studies results. ",Yes,Yes,Yes,
19/06/2020 04:01,19/06/2020 04:12,IP Address,100,678,TRUE,19/06/2020 04:12,R_1QLf5uRQXBbsBXP,anonymous,EN,Yes,Yes,UNI69,,Full-time,No,,4,1st Year,,,Psychology with foundation,No,Female,Agree,Disagree,Strongly agree,Disagree,Agree,Strongly agree,Strongly agree,Disagree,Strongly disagree,Strongly agree,Agree,Strongly agree,Strongly agree,Have no opinion,Agree,Strongly agree,,,I have heard of this,,,I have heard of this,,,,,I have done/used this,,,I have done/used this,,,Agree,Strongly disagree,Strongly Disagree,Disagree,Agree,Disagree,Disagree,Disagree,No,,,No,Not sure,Yes,
19/06/2020 04:07,19/06/2020 04:17,IP Address,100,587,TRUE,19/06/2020 04:17,R_1kFDzKSCeL3UCim,anonymous,EN,Yes,Yes,UKRN08,,Full-time,Yes,,3,2nd Year,,,Psychology ,Yes,F,Agree,Disagree,Agree,Have no opinion,Agree,Have no opinion,Agree,Disagree,Strongly agree,Strongly disagree,Agree,Strongly disagree,Agree,Agree,Have no opinion,Disagree,I have heard of this,,,I have heard of this,I have heard of this,,,,,I have done/used this,I have done/used this,,,I have done/used this,I have done/used this,I have done/used this,Strongly Agree,Disagree,Agree,Have no opinion,Disagree,Agree,Disagree,Agree,Yes,Yes,"Previously accepted results from older studied cant be replicated, so old theories have to be questioned",Not sure,Yes,Yes,
19/06/2020 04:00,19/06/2020 04:18,IP Address,100,1065,TRUE,19/06/2020 04:18,R_2A0Qo8cLoiWIpNm,anonymous,EN,Yes,Yes,UKRN08,,Full-time,No,,3,1st Year,,,Psychology,Yes,Female,Agree,Strongly disagree,Have no opinion,Strongly agree,Agree,Have no opinion,Agree,Have no opinion,Agree,Strongly agree,Agree,Disagree,Strongly agree,Disagree,Disagree,Strongly agree,I have heard of this,I have heard of this,I have heard of this,I have heard of this,,I have heard of this,,I have heard of this,,,,,I have done/used this,I have done/used this,I have done/used this,,Agree,Disagree,Agree,Agree,Strongly Agree,Have no opinion,Disagree,Agree,Yes,Yes,The replication crisis is the crisis concerning the reliability of psychological research and findings. ,Not sure,Not sure,Yes,
19/06/2020 04:00,19/06/2020 04:20,IP Address,100,1193,TRUE,19/06/2020 04:20,R_29ixR7DyWCC9bmt,anonymous,EN,Yes,Yes,UKRN08,,Full-time,No,,3,2nd Year,,,Bsc (hons) Psychology with Criminology ,Yes,Female,Strongly agree,Strongly disagree,Agree,Disagree,Agree,Strongly disagree,Agree,Disagree,Agree,Agree,Agree,Disagree,Strongly agree,Disagree,Strongly disagree,Strongly agree,I have heard of this,I have heard of this,I have heard of this,I have heard of this,I have heard of this,I have heard of this,I have heard of this,I have heard of this,,,I have done/used this,,,I have done/used this,,I have done/used this,Agree,Disagree,Agree,Agree,Agree,Agree,Agree,Have no opinion,Yes,Yes,This where many scientific research results have been extremely difficult or not possible to replicate.,Yes,Yes,Yes,
12/06/2020 04:14,12/06/2020 04:20,IP Address,70,333,FALSE,19/06/2020 04:20,R_2q27f4f5sWHIBLF,anonymous,EN,Yes,Yes,UNI27,,Part-time,No,,,,6,2nd Year,BSc Psychology ,No,Female,Strongly agree,Disagree,Have no opinion,Agree,Disagree,Have no opinion,Disagree,Agree,Disagree,Agree,Strongly agree,Strongly disagree,Disagree,Agree,Disagree,Have no opinion,,I have heard of this,,,,I have heard of this,,I have heard of this,,,I have done/used this,I have done/used this,,I have done/used this,,,Strongly Agree,Agree,Agree,Have no opinion,Have no opinion,Have no opinion,,,,,,,,,
19/06/2020 04:15,19/06/2020 04:23,IP Address,100,516,TRUE,19/06/2020 04:23,R_Qc43yDtX3Kq9EB3,anonymous,EN,Yes,Yes,UKRN08,,Full-time,No,,3,3rd Year,,,Psychology with Criminology ,Yes,Female ,Agree,Strongly disagree,Agree,Disagree,Agree,Disagree,Have no opinion,Agree,Agree,Disagree,Agree,Disagree,Have no opinion,Agree,Have no opinion,Agree,,,I have heard of this,,,,I have heard of this,,,,I have done/used this,,,,I have done/used this,,Agree,Disagree,Agree,Disagree,Have no opinion,Have no opinion,Have no opinion,Have no opinion,Yes,Yes,When a study is difficult to replicate ,Not sure,Not sure,Yes,
19/06/2020 04:28,19/06/2020 04:36,IP Address,100,508,TRUE,19/06/2020 04:36,R_tDTCJFBe4IUPMKB,anonymous,EN,Yes,Yes,UKRN08,,Full-time,No,,3,2nd Year,,,Psychology BSc,Yes,Female,Strongly agree,Strongly disagree,Agree,Strongly disagree,Strongly agree,Strongly disagree,Strongly agree,Disagree,Agree,Disagree,Strongly agree,Strongly disagree,Agree,Strongly disagree,Disagree,Strongly agree,I have heard of this,,I have heard of this,I have heard of this,,I have heard of this,,I have heard of this,,,I have done/used this,,,I have done/used this,,I have done/used this,Strongly Agree,Strongly disagree,Strongly agree,Strongly disagree,Agree,Disagree,Disagree,Agree,Yes,Yes,"Many studies found significant results, however, when other researchers tried to replicate the results, they were not replicated ",No,Yes,Yes,
19/06/2020 04:12,19/06/2020 04:37,IP Address,100,1510,TRUE,19/06/2020 04:37,R_3j1n2AgAPUbPHLb,anonymous,EN,Yes,Yes,UKRN08,,Full-time,No,,3,3rd Year,,,BSc Psychology (Hons),No,Female,Strongly agree,Strongly disagree,Strongly agree,Strongly disagree,Strongly agree,Strongly disagree,Strongly agree,Strongly disagree,Strongly agree,Strongly disagree,Strongly agree,Strongly disagree,Strongly agree,Strongly disagree,Have no opinion,Agree,I have heard of this,I have heard of this,I have heard of this,I have heard of this,I have heard of this,I have heard of this,I have heard of this,I have heard of this,I have done/used this,,I have done/used this,I have done/used this,,,,,Strongly Agree,Strongly disagree,Strongly agree,Have no opinion,Disagree,Strongly agree,Strongly disagree,Strongly agree,Yes,Yes,"Many results are not replicating, perhaps because there is not enough power in studies, and too much emphasis on p-values ",Yes,Yes,Yes,
12/06/2020 04:37,12/06/2020 04:40,IP Address,46,133,FALSE,19/06/2020 04:40,R_23QWCorIQP7zYTT,anonymous,EN,Yes,Yes,UNI27,,Part-time,No,,,,6,1st Year,Bsc psychology ,No,Female ,,,,,,,,,,,,,,,,,,,,,,,,,,,,,,,,,,,,,,,,,,,,,,,
19/06/2020 04:30,19/06/2020 04:40,IP Address,100,584,TRUE,19/06/2020 04:40,R_1IKKFj4kEyyo4qq,anonymous,EN,Yes,Yes,UKRN08,,Full-time,No,,3,3rd Year,,,Psychology ,Yes,Female,Strongly agree,Strongly disagree,Agree,Disagree,Agree,Disagree,Agree,Disagree,Agree,Strongly agree,Strongly agree,Disagree,Agree,Disagree,Disagree,Agree,I have heard of this,I have heard of this,,I have heard of this,I have heard of this,,I have heard of this,I have heard of this,,,I have done/used this,,,I have done/used this,,,Strongly Agree,Disagree,Strongly agree,Have no opinion,Agree,Disagree,Disagree,Agree,Not sure,,,No,Not sure,Yes,
19/06/2020 04:37,19/06/2020 04:42,IP Address,100,305,TRUE,19/06/2020 04:42,R_ZC4ltWKzve1B73P,anonymous,EN,Yes,Yes,UKRN08,,Full-time,No,,3,2nd Year,,,BSc Hons Psychology ,Yes,Female,Agree,Strongly disagree,Disagree,Disagree,Have no opinion,Disagree,Agree,Have no opinion,Strongly agree,Strongly disagree,Agree,Disagree,Disagree,Agree,Disagree,Agree,I have heard of this,I have heard of this,I have heard of this,I have heard of this,I have heard of this,I have heard of this,I have heard of this,I have heard of this,,,,,,,,,Agree,Agree,Agree,Agree,Agree,Agree,Disagree,Have no opinion,Yes,No,Difficulty replicating previous studies ,Yes,No,Yes,
12/06/2020 04:58,12/06/2020 05:00,IP Address,14,77,FALSE,19/06/2020 05:00,R_3Rabj0efkjXnEra,anonymous,EN,Yes,Yes,,,,,,,,,,,,,,,,,,,,,,,,,,,,,,,,,,,,,,,,,,,,,,,,,,,,,,,,,,,
19/06/2020 04:57,19/06/2020 05:04,IP Address,100,423,TRUE,19/06/2020 05:04,R_Z3vC7XJPwt5jIK5,anonymous,EN,Yes,Yes,UKRN08,,Full-time,Yes,,3,2nd Year,,,Psychology BSc,Yes,Female,Strongly agree,Strongly disagree,Disagree,Strongly disagree,Strongly agree,Strongly disagree,Strongly agree,Strongly disagree,Disagree,Agree,Strongly agree,Strongly disagree,Strongly agree,Strongly disagree,Agree,Disagree,,,,,,I have heard of this,,,,,I have done/used this,I have done/used this,,,I have done/used this,I have done/used this,Strongly Agree,Strongly agree,Strongly agree,Strongly disagree,Agree,Have no opinion,Strongly disagree,Strongly agree,Yes,Yes,Some of the well-established papers in the past cannot be replicated today. ,Yes,Yes,Yes,
19/06/2020 05:00,19/06/2020 05:07,IP Address,100,416,TRUE,19/06/2020 05:07,R_3exztdnU04sUn4J,anonymous,EN,Yes,Yes,UKRN08,,Full-time,No,,4,1st Year,,,Psychology with Criminology (BSc) ,Yes,Female,Agree,Disagree,Agree,Disagree,Agree,Have no opinion,Agree,Disagree,Agree,Disagree,Agree,Disagree,Have no opinion,Disagree,Disagree,Agree,I have heard of this,I have heard of this,I have heard of this,I have heard of this,I have heard of this,I have heard of this,I have heard of this,I have heard of this,I have done/used this,,I have done/used this,I have done/used this,,I have done/used this,,,Agree,Disagree,Agree,Agree,Have no opinion,Agree,Disagree,Have no opinion,Yes,Yes,When a study is nearly impossible to replicate any of the method,Yes,Yes,Yes,
19/06/2020 05:00,19/06/2020 05:09,IP Address,100,543,TRUE,19/06/2020 05:09,R_1LuOAU50VHF5VHx,anonymous,EN,Yes,Yes,UKRN08,,Full-time,No,,3,1st Year,,,Psychology ,No,Female ,Agree,Disagree,Strongly agree,Have no opinion,Have no opinion,Have no opinion,Agree,Disagree,Agree,Disagree,Strongly agree,Strongly disagree,Agree,Strongly disagree,Have no opinion,Agree,I have heard of this,I have heard of this,I have heard of this,I have heard of this,,,,,,,,,,,,I have done/used this,Agree,Agree,Agree,Disagree,Disagree,Agree,Disagree,Have no opinion,Yes,Yes,Research that is not reliable cannot be reproduce and replicated due to bad research practices happening in research.,Yes,Yes,Yes,
19/06/2020 05:03,19/06/2020 05:12,IP Address,100,528,TRUE,19/06/2020 05:12,R_VQYGnUqBHAjYYyR,anonymous,EN,Yes,Yes,UKRN08,,Full-time,No,,3,3rd Year,,,BSc psychology ,Yes,Female,Strongly agree,Strongly disagree,Strongly agree,Strongly disagree,Strongly agree,Strongly disagree,Agree,Disagree,Strongly agree,Strongly agree,Agree,Strongly disagree,Strongly agree,Strongly disagree,Strongly disagree,Strongly agree,I have heard of this,I have heard of this,I have heard of this,I have heard of this,I have heard of this,I have heard of this,I have heard of this,I have heard of this,I have done/used this,I have done/used this,I have done/used this,I have done/used this,,I have done/used this,I have done/used this,I have done/used this,Strongly Agree,Strongly disagree,Strongly agree,Strongly disagree,Strongly Agree,Strongly agree,Disagree,Strongly agree,Yes,Yes,"Findings from old studies are not being successfully replicated today, likely because of methodological issues or unclear methods in old papers.",Yes,Yes,Yes,
19/06/2020 05:02,19/06/2020 05:12,IP Address,100,579,TRUE,19/06/2020 05:12,R_22M5GOgagzwFZZ0,anonymous,EN,Yes,Yes,UKRN08,,Full-time,No,,3,3rd Year,,,BSc Hons Psychology,Yes,Female,Agree,Disagree,Agree,Disagree,Have no opinion,Agree,Agree,Disagree,Disagree,Strongly agree,Agree,Strongly disagree,Agree,Agree,Disagree,Agree,I have heard of this,I have heard of this,I have heard of this,I have heard of this,I have heard of this,I have heard of this,I have heard of this,I have heard of this,,,I have done/used this,,,I have done/used this,I have done/used this,,Agree,Disagree,Agree,Disagree,Disagree,Agree,Disagree,Disagree,Yes,Yes,Previous studies are being replicated but not finding the same result,Not sure,Yes,Yes,
12/06/2020 05:16,12/06/2020 05:17,IP Address,46,59,FALSE,19/06/2020 05:17,R_2P0FcF5WIbssgym,anonymous,EN,Yes,Yes,UNI27,,Part-time,No,,,,6,1st Year,Psychology BSc,No,Female ,,,,,,,,,,,,,,,,,,,,,,,,,,,,,,,,,,,,,,,,,,,,,,,
19/06/2020 04:08,19/06/2020 05:17,IP Address,100,4165,TRUE,19/06/2020 05:17,R_Y9oqSjw8efpdr57,anonymous,EN,Yes,Yes,UKRN08,,Full-time,Yes,,4,3rd Year,,,Psychology,Yes,Female,Agree,Strongly disagree,Agree,Have no opinion,Have no opinion,Disagree,Strongly agree,Disagree,Strongly agree,Have no opinion,Have no opinion,Disagree,Strongly agree,Agree,Agree,Disagree,I have heard of this,I have heard of this,I have heard of this,,I have heard of this,I have heard of this,,I have heard of this,,,,I have done/used this,,,I have done/used this,,Strongly Agree,Disagree,Strongly agree,Agree,Disagree,Agree,Have no opinion,Have no opinion,Yes,Yes,Being unable to reproduce results from old studies due to restrictions on ethics or lack of info on methodology ,Yes,No,Yes,
19/06/2020 05:03,19/06/2020 05:21,IP Address,100,1062,TRUE,19/06/2020 05:21,R_3gMavx35PigXRMj,anonymous,EN,Yes,Yes,UKRN08,,Full-time,Yes,,3,2nd Year,,,Psychology ,Yes,Male ,Agree,Strongly disagree,Strongly agree,Agree,Agree,Have no opinion,Agree,Disagree,Agree,Strongly agree,Agree,Strongly disagree,Have no opinion,Disagree,Disagree,Strongly agree,I have heard of this,I have heard of this,I have heard of this,I have heard of this,I have heard of this,I have heard of this,I have heard of this,,,,,,,,,I have done/used this,Strongly Agree,Strongly disagree,Agree,Agree,Strongly Agree,Strongly disagree,Disagree,Have no opinion,Yes,Yes,"Replication crisis is when studies have been published but when repeating the very same study, results are not the same ",Not sure,Not sure,Yes,
19/06/2020 05:25,19/06/2020 05:29,IP Address,100,285,TRUE,19/06/2020 05:29,R_3ezdwYlpriW8XOS,anonymous,EN,Yes,Yes,UKRN08,,Full-time,No,,3,3rd Year,,,Psychology with criminology ,Yes,Fenale,Strongly agree,Strongly disagree,Have no opinion,Strongly disagree,Have no opinion,Disagree,Agree,Agree,Agree,Agree,Strongly agree,Strongly agree,Strongly agree,Agree,Disagree,Strongly disagree,I have heard of this,I have heard of this,,I have heard of this,I have heard of this,I have heard of this,I have heard of this,,,,I have done/used this,,,,,I have done/used this,Strongly Agree,Strongly disagree,Strongly agree,Agree,Have no opinion,Have no opinion,Strongly disagree,Strongly agree,Yes,Yes,Many studies are impossible to replicate,No,Yes,Yes,
19/06/2020 05:21,19/06/2020 05:31,IP Address,100,595,TRUE,19/06/2020 05:31,R_3kzVgmtqM8dSVQj,anonymous,EN,Yes,Yes,UKRN08,,Full-time,No,,3,1st Year,,,Psychology with Criminology ,No,Female ,Agree,Strongly disagree,Agree,Disagree,Have no opinion,Disagree,Have no opinion,Have no opinion,Agree,Disagree,Agree,Strongly disagree,Strongly agree,Disagree,Disagree,Agree,I have heard of this,,I have heard of this,I have heard of this,,I have heard of this,,I have heard of this,,,,,,,,I have done/used this,Strongly Agree,Strongly disagree,Have no opinion,Strongly disagree,Agree,Agree,Have no opinion,Have no opinion,Yes,Yes,Older experiments being repeated but the same results not being achieved/replicated ,Yes,Yes,Yes,
12/06/2020 05:30,12/06/2020 05:31,IP Address,27,37,FALSE,19/06/2020 05:31,R_qwL5LLLBoG1DvEJ,anonymous,EN,Yes,Yes,Other,,Part-time,No,,,,,,,,,,,,,,,,,,,,,,,,,,,,,,,,,,,,,,,,,,,,,,,,,,,,,,,
19/06/2020 05:32,19/06/2020 05:39,IP Address,100,405,TRUE,19/06/2020 05:39,R_3IStSY5R36gCOoG,anonymous,EN,Yes,Yes,UKRN08,,Full-time,No,,3,1st Year,,,Psychology ,No,Female,Strongly agree,Strongly disagree,Strongly agree,Strongly disagree,Strongly agree,Disagree,Strongly agree,Agree,Strongly agree,Disagree,Strongly agree,Strongly disagree,Strongly agree,Strongly agree,Disagree,Strongly agree,,,,I have heard of this,,I have heard of this,,,I have done/used this,I have done/used this,I have done/used this,,,,,I have done/used this,Strongly Agree,Disagree,Strongly agree,Disagree,Strongly Agree,Agree,Disagree,Agree,Yes,Yes,A difficulty in psychology to repeat an experiment and get the same results ,No,No,Yes,
12/06/2020 05:32,12/06/2020 05:43,IP Address,70,693,FALSE,19/06/2020 05:43,R_3hnKM41F5d7f0r4,anonymous,EN,Yes,Yes,UNI27,,Part-time,No,,,,6,4th Year,Psychology BSc,Yes,Female,Agree,Disagree,Agree,Disagree,Agree,Disagree,Disagree,Agree,Agree,Disagree,Have no opinion,Disagree,Have no opinion,Disagree,Disagree,Have no opinion,I have heard of this,,,I have heard of this,I have heard of this,I have heard of this,I have heard of this,I have heard of this,,,,,,,,,Disagree,Disagree,Disagree,Strongly agree,Agree,Have no opinion,,,,,,,,,
19/06/2020 05:52,19/06/2020 06:03,IP Address,100,628,TRUE,19/06/2020 06:03,R_vJqh10QQrrihn0t,anonymous,EN,Yes,Yes,UNI20,,Full-time,Yes,,3,2nd Year,,,Psychology ,No,Female,Agree,Disagree,Have no opinion,Have no opinion,Have no opinion,Strongly disagree,Have no opinion,Have no opinion,Strongly agree,Disagree,Have no opinion,Disagree,Have no opinion,Strongly disagree,Disagree,Agree,I have heard of this,,I have heard of this,,,,,,,I have done/used this,,I have done/used this,I have done/used this,I have done/used this,I have done/used this,I have done/used this,Strongly Agree,Have no opinion,Have no opinion,Agree,Agree,Disagree,Have no opinion,Strongly agree,Not sure,,,Yes,Not sure,Not sure,"Whether or not these questions are applicable to undergraduate students, I think is course specific"
12/06/2020 05:56,12/06/2020 06:06,IP Address,81,603,FALSE,19/06/2020 06:06,R_0jOqNczDSEi7gyd,anonymous,EN,Yes,Yes,UNI27,,Part-time,No,,,,6,3rd Year,Forensic Psychology,Yes,Female,Agree,Disagree,Agree,Disagree,Disagree,Agree,Disagree,Agree,Disagree,Disagree,Agree,Strongly disagree,Agree,Disagree,Have no opinion,Agree,,I have heard of this,I have heard of this,I have heard of this,I have heard of this,I have heard of this,I have heard of this,I have heard of this,,,I have done/used this,,,I have done/used this,,I have done/used this,Agree,Agree,Have no opinion,Agree,Disagree,Agree,Disagree,Disagree,Yes,,,,,,
19/06/2020 05:59,19/06/2020 06:14,IP Address,100,898,TRUE,19/06/2020 06:14,R_3O0oE8DonEACOem,anonymous,EN,Yes,Yes,UKRN08,,Full-time,Yes,,4,1st Year,,,Psychology ,Yes,Male,Agree,Strongly disagree,Strongly agree,Disagree,Agree,Disagree,Strongly agree,Disagree,Agree,Have no opinion,Have no opinion,Strongly disagree,Agree,Have no opinion,Have no opinion,Strongly agree,,,,I have heard of this,,,I have heard of this,,,,I have done/used this,,,I have done/used this,,I have done/used this,Strongly Agree,Strongly disagree,Disagree,Agree,Strongly Agree,Strongly disagree,Agree,Strongly agree,Yes,Yes,Many studies amongst the literature don't replicate when repeated ,No,Not sure,Yes,
12/06/2020 06:36,12/06/2020 06:40,IP Address,81,256,FALSE,19/06/2020 06:41,R_1CsvoImZwNnHaHV,anonymous,EN,Yes,Yes,Other,,Part-time,No,,,,3,2nd Year,Forensic Psychology ,Yes,Female,Strongly agree,Strongly disagree,Strongly agree,Agree,Strongly agree,Disagree,Strongly agree,Disagree,Agree,Disagree,Strongly agree,Disagree,Have no opinion,Agree,Disagree,Have no opinion,I have heard of this,I have heard of this,I have heard of this,,,I have heard of this,I have heard of this,I have heard of this,I have done/used this,,,,,I have done/used this,,I have done/used this,Agree,Disagree,Agree,Agree,Disagree,Agree,Disagree,Disagree,Yes,,,,,,
19/06/2020 06:54,19/06/2020 07:03,IP Address,100,528,TRUE,19/06/2020 07:03,R_3R7yKlhucEaY6jj,anonymous,EN,Yes,Yes,UNI01,,Full-time,No,,3,2nd Year,,,psychology,Yes,female,Agree,Agree,Agree,Strongly agree,Agree,Disagree,Agree,Disagree,Disagree,Strongly agree,Agree,Have no opinion,Disagree,Have no opinion,Have no opinion,Agree,,I have heard of this,I have heard of this,,I have heard of this,,,I have heard of this,I have done/used this,,,,,,,,Agree,Disagree,Agree,Agree,Agree,Have no opinion,Disagree,Agree,Yes,Yes,belief that scientific research cannot be replicated to produce the same results ,No,Not sure,Not sure,
19/06/2020 04:08,19/06/2020 07:09,IP Address,100,10896,TRUE,19/06/2020 07:09,R_56FA0KytTzERgmB,anonymous,EN,Yes,Yes,UKRN08,,Full-time,No,,3,3rd Year,,,Psychology,Yes,Female ,Strongly agree,Strongly disagree,Agree,Disagree,Agree,Disagree,Strongly agree,Disagree,Strongly agree,Disagree,Agree,Strongly disagree,Agree,Have no opinion,Disagree,Agree,I have heard of this,I have heard of this,I have heard of this,I have heard of this,,I have heard of this,I have heard of this,I have heard of this,,,,,I have done/used this,,,,Strongly Agree,Disagree,Strongly agree,Strongly disagree,Agree,Agree,Disagree,Agree,Yes,Yes,The failure to replicate results of a study,Not sure,Yes,Yes,
19/06/2020 06:56,19/06/2020 07:16,IP Address,100,1200,TRUE,19/06/2020 07:16,R_WCcA0tLT5qYKtd7,anonymous,EN,Yes,Yes,UKRN08,,Full-time,No,,3,3rd Year,,,Psychology ,Yes,Female ,Have no opinion,Strongly disagree,Have no opinion,Disagree,Disagree,Have no opinion,Agree,Have no opinion,Strongly disagree,Strongly agree,Agree,Strongly disagree,Agree,Strongly disagree,Strongly disagree,Agree,I have heard of this,I have heard of this,,I have heard of this,I have heard of this,,I have heard of this,I have heard of this,,,I have done/used this,,,I have done/used this,,,Have no opinion,Have no opinion,Strongly Disagree,Strongly disagree,Agree,Agree,Disagree,Have no opinion,Yes,Not sure,It is when studies are difficult to replicate ,No,Yes,Not sure,
12/06/2020 07:17,12/06/2020 07:23,IP Address,81,343,FALSE,19/06/2020 07:23,R_2wNdGTTNbfyFy6w,anonymous,EN,Yes,Yes,UNI27,,Part-time,No,,,,5,6th Year,Psychology BSc Honours,Yes,Female,Strongly agree,Strongly disagree,Strongly agree,Strongly disagree,Strongly agree,Strongly disagree,Strongly agree,Disagree,Strongly agree,Disagree,Strongly agree,Strongly disagree,Have no opinion,Strongly disagree,Disagree,Strongly agree,,,,I have heard of this,,,,,I have done/used this,,I have done/used this,,I have done/used this,I have done/used this,I have done/used this,I have done/used this,Strongly Agree,Strongly disagree,Strongly agree,Disagree,Agree,Have no opinion,Strongly disagree,Strongly agree,Yes,,,,,,
19/06/2020 07:32,19/06/2020 07:36,IP Address,100,241,TRUE,19/06/2020 07:36,R_887GCwbcJ50sBxv,anonymous,EN,Yes,Yes,UNI52,,Full-time,No,,1,1st Year,,,Msc Psychology,No,Female,Strongly agree,Strongly disagree,Agree,Agree,Have no opinion,Strongly disagree,Disagree,Agree,Agree,Disagree,Disagree,Strongly disagree,Have no opinion,Have no opinion,Disagree,Strongly agree,I have heard of this,I have heard of this,I have heard of this,I have heard of this,I have heard of this,I have heard of this,I have heard of this,I have heard of this,,,I have done/used this,,,,,I have done/used this,Strongly Agree,Disagree,Agree,Disagree,Strongly Agree,Have no opinion,Have no opinion,Agree,No,,,No,No,Yes,
19/06/2020 07:31,19/06/2020 07:36,IP Address,100,304,TRUE,19/06/2020 07:36,R_1E5MKTymrF6py3k,anonymous,EN,Yes,Yes,UNI52,,Full-time,No,,3,2nd Year,,,Childhood and Youth and Psychology ,Yes,Female,Agree,Disagree,Agree,Agree,Have no opinion,Strongly disagree,Strongly agree,Disagree,Strongly disagree,Strongly agree,Agree,Strongly disagree,Agree,Disagree,Strongly disagree,Agree,I have heard of this,,I have heard of this,,I have heard of this,I have heard of this,,I have heard of this,,,I have done/used this,,,I have done/used this,,,Agree,Have no opinion,Agree,Strongly agree,Disagree,Have no opinion,Disagree,Agree,No,,,Not sure,No,Yes,
19/06/2020 07:31,19/06/2020 07:37,IP Address,100,340,TRUE,19/06/2020 07:37,R_3HUCWw2XKc3Ssqs,anonymous,EN,Yes,Yes,UNI52,,Full-time,No,,3,2nd Year,,,Psychology,Yes,Female,Agree,Disagree,Strongly agree,Disagree,Agree,Have no opinion,Agree,Agree,Strongly disagree,Strongly agree,Agree,Strongly disagree,Agree,Disagree,Disagree,Agree,I have heard of this,,,I have heard of this,I have heard of this,,I have heard of this,,,I have done/used this,I have done/used this,,,I have done/used this,,I have done/used this,Agree,Disagree,Strongly Disagree,Strongly agree,Strongly Agree,Strongly disagree,Agree,Disagree,Not sure,,,Yes,No,Yes,
19/06/2020 07:31,19/06/2020 07:38,IP Address,100,440,TRUE,19/06/2020 07:38,R_3no12EIEL61WVRN,anonymous,EN,Yes,Yes,UNI52,,Full-time,No,,3,2nd Year,,,Psychology ,No,Female,Have no opinion,Disagree,Disagree,Disagree,Agree,Disagree,Strongly agree,Strongly disagree,Have no opinion,Agree,Disagree,Disagree,Agree,Agree,Disagree,Agree,I have heard of this,,I have heard of this,,,I have heard of this,,,,,I have done/used this,,,,,,Agree,Agree,Disagree,Agree,Agree,Agree,Agree,Have no opinion,No,,,No,Not sure,Yes,
19/06/2020 07:31,19/06/2020 07:41,IP Address,100,555,TRUE,19/06/2020 07:41,R_22YzIWINEphbwI3,anonymous,EN,Yes,Yes,UNI52,,Full-time,No,,3,2nd Year,,,BSc Psychology ,Yes,Female ,Strongly agree,Strongly disagree,Have no opinion,Strongly disagree,Have no opinion,Agree,Strongly agree,Strongly agree,Strongly agree,Agree,Have no opinion,Disagree,Agree,Agree,Have no opinion,Strongly agree,,,I have heard of this,I have heard of this,,I have heard of this,,I have heard of this,,,I have done/used this,,,I have done/used this,,,Strongly Agree,Strongly disagree,Strongly agree,Agree,Strongly Agree,Agree,Agree,Agree,Yes,Not sure,When studies can't be replicated because researchers dont provide all the methodology they used,Yes,Yes,Yes,
19/06/2020 07:37,19/06/2020 07:43,IP Address,100,314,TRUE,19/06/2020 07:43,R_SBk5SiyQYJx5vrz,anonymous,EN,Yes,Yes,UNI52,,Full-time,No,,3,1st Year,,,Psychology,Yes,Female,Strongly agree,Disagree,Strongly agree,Strongly disagree,Agree,Disagree,Strongly agree,Disagree,Agree,Disagree,Agree,Strongly disagree,Strongly agree,Disagree,Strongly disagree,Agree,I have heard of this,I have heard of this,I have heard of this,I have heard of this,I have heard of this,I have heard of this,,I have heard of this,,I have done/used this,I have done/used this,I have done/used this,,I have done/used this,,,Agree,Disagree,Agree,Agree,Agree,Agree,Strongly disagree,Agree,Yes,Yes,Only a small number of published research findings are actually replicable,Yes,Yes,Yes,
19/06/2020 07:35,19/06/2020 07:43,IP Address,100,500,TRUE,19/06/2020 07:43,R_2c6qmq9zk88i1NY,anonymous,EN,Yes,Yes,UNI52,,Full-time,No,,3,3rd Year,,,Mathematics and Psychology,Yes,Female,Have no opinion,Disagree,Agree,Disagree,Agree,Disagree,Strongly agree,Disagree,Have no opinion,Disagree,Agree,Disagree,Disagree,Have no opinion,Agree,Agree,,,I have heard of this,,I have heard of this,I have heard of this,,I have heard of this,I have done/used this,I have done/used this,,I have done/used this,,,I have done/used this,,Agree,Disagree,Strongly agree,Agree,Strongly Agree,Agree,Agree,Agree,No,,,Yes,Yes,Yes,
19/06/2020 07:38,19/06/2020 07:44,IP Address,100,371,TRUE,19/06/2020 07:44,R_3qsyHFzFlm64ILP,anonymous,EN,Yes,Yes,UNI52,,Full-time,No,,3,1st Year,,,Psychology,Yes,Male,Strongly agree,Strongly disagree,Strongly agree,Strongly disagree,Strongly agree,Strongly disagree,Strongly agree,Strongly disagree,Strongly agree,Disagree,Agree,Strongly disagree,Strongly agree,Strongly disagree,Strongly disagree,Strongly agree,I have heard of this,I have heard of this,I have heard of this,,,I have heard of this,,I have heard of this,,,,I have done/used this,I have done/used this,,I have done/used this,,Strongly Agree,Strongly disagree,Strongly agree,Strongly disagree,Agree,Strongly agree,Strongly disagree,Strongly agree,Yes,Not sure,"That older, particularly 'classic' studies, especially whose findings are profound and widespread, do not exhibit validity when replicated today identically or in variation.",Not sure,Not sure,Yes,
12/06/2020 07:42,12/06/2020 07:44,IP Address,27,142,FALSE,19/06/2020 07:44,R_2WGMLO4nMdsDrw2,anonymous,EN,Yes,Yes,UNI27,,Part-time,No,,,,,,,,,,,,,,,,,,,,,,,,,,,,,,,,,,,,,,,,,,,,,,,,,,,,,,,
19/06/2020 07:35,19/06/2020 07:44,IP Address,100,542,TRUE,19/06/2020 07:44,R_1nORjlrnqfnrdvf,anonymous,EN,Yes,Yes,UNI52,,Full-time,No,,3,3rd Year,,,Psychology ,Yes,Female,Strongly agree,Disagree,Agree,Disagree,Agree,Disagree,Strongly agree,Disagree,Strongly agree,Strongly disagree,Disagree,Strongly disagree,Have no opinion,Agree,Disagree,Disagree,I have heard of this,,I have heard of this,,,I have heard of this,,I have heard of this,I have done/used this,,I have done/used this,,,I have done/used this,,I have done/used this,Disagree,Disagree,Agree,Have no opinion,Agree,Disagree,Agree,Have no opinion,No,,,Yes,No,Yes,
19/06/2020 07:37,19/06/2020 07:48,IP Address,100,674,TRUE,19/06/2020 07:48,R_20S8ypKdv3KJAOm,anonymous,EN,Yes,Yes,UNI52,,Full-time,No,,3,1st Year,,,Psychology health and wellbeing,No,Male,Agree,Have no opinion,Agree,Disagree,Agree,Have no opinion,Agree,Disagree,Agree,Have no opinion,Have no opinion,Disagree,Disagree,Agree,Have no opinion,Disagree,I have heard of this,I have heard of this,I have heard of this,,I have heard of this,,I have heard of this,,,,,I have done/used this,,I have done/used this,,I have done/used this,Agree,Have no opinion,Agree,Have no opinion,Disagree,Agree,Have no opinion,Have no opinion,Not sure,,,No,No,Yes,Not at this time
19/06/2020 07:43,19/06/2020 07:53,IP Address,100,614,TRUE,19/06/2020 07:53,R_31snBafRteRCKP1,anonymous,EN,Yes,Yes,UNI52,,Full-time,No,,3,2nd Year,,,Psychology ,No,Female ,Strongly agree,Strongly disagree,Disagree,Disagree,Have no opinion,Strongly disagree,Strongly agree,Strongly disagree,Agree,Strongly agree,Strongly agree,Strongly disagree,Strongly disagree,Disagree,Strongly disagree,Agree,I have heard of this,I have heard of this,I have heard of this,I have heard of this,I have heard of this,I have heard of this,I have heard of this,I have heard of this,,,,,,,,,Strongly Agree,Disagree,Strongly agree,Disagree,Agree,Disagree,Agree,Strongly agree,Yes,Yes,A crisis effecting the replicability and reliability of social science and medical experimental results ,Not sure,Not sure,Yes,
19/06/2020 07:48,19/06/2020 07:56,IP Address,100,447,TRUE,19/06/2020 07:56,R_1FxDDIHSGKPQrE9,anonymous,EN,Yes,Yes,UNI52,,Full-time,No,,3,1st Year,,,Psychology ,No,Female ,Agree,Have no opinion,Agree,Disagree,Agree,Disagree,Strongly agree,Have no opinion,Strongly agree,Agree,Agree,Disagree,Disagree,Disagree,Disagree,Have no opinion,I have heard of this,I have heard of this,,I have heard of this,I have heard of this,I have heard of this,I have heard of this,,,,I have done/used this,,,,,I have done/used this,Agree,Agree,Agree,Have no opinion,Have no opinion,Agree,Agree,Agree,Yes,Yes,That many studies cant be replicated which means they are wrong  ,No,Not sure,Yes,
19/06/2020 07:50,19/06/2020 07:57,IP Address,100,417,TRUE,19/06/2020 07:57,R_4SkMmKK7JuIktIR,anonymous,EN,Yes,Yes,UNI52,,Full-time,No,,3,2nd Year,,,Childhood youth studies and psychology ,Yes,Female ,Have no opinion,Disagree,Agree,Agree,Agree,Disagree,Strongly agree,Have no opinion,Agree,Agree,Strongly agree,Strongly disagree,Agree,Disagree,Disagree,Agree,I have heard of this,I have heard of this,,I have heard of this,I have heard of this,,,I have heard of this,,,I have done/used this,,,I have done/used this,I have done/used this,,Agree,Agree,Agree,Strongly agree,Have no opinion,Agree,Disagree,Agree,Yes,No,,Not sure,No,Yes,
19/06/2020 07:37,19/06/2020 07:58,IP Address,100,1224,TRUE,19/06/2020 07:58,R_2xy0FKmSBN0F2Di,anonymous,EN,Yes,Yes,UNI52,,Full-time,No,,3,2nd Year,,,BSc Psychology,Yes,Female,Agree,Strongly disagree,Strongly agree,Strongly disagree,Agree,Disagree,Disagree,Agree,Disagree,Strongly agree,Agree,Strongly disagree,Have no opinion,Disagree,Disagree,Have no opinion,,I have heard of this,I have heard of this,,I have heard of this,I have heard of this,,I have heard of this,,I have done/used this,I have done/used this,,,I have done/used this,,I have done/used this,Agree,Disagree,Have no opinion,Agree,Agree,Disagree,Disagree,Agree,No,,,Not sure,No,Yes,
19/06/2020 07:52,19/06/2020 08:02,IP Address,100,585,TRUE,19/06/2020 08:02,R_b494YcKXkVrhS4p,anonymous,EN,Yes,Yes,UKRN08,,Full-time,Yes,,3,2nd Year,,,Psychology with Criminology,Yes,Female,Agree,Disagree,Agree,Disagree,Agree,Agree,Strongly agree,Strongly disagree,Disagree,Strongly agree,Agree,Strongly disagree,Agree,Have no opinion,Have no opinion,Agree,,,,,I have heard of this,,,,I have done/used this,I have done/used this,I have done/used this,I have done/used this,,I have done/used this,I have done/used this,I have done/used this,Agree,Disagree,Agree,Agree,Strongly Agree,Strongly disagree,Disagree,Have no opinion,Yes,Not sure,I think it is a crisis in which many studied have been replicated but the results have not be reproduced. ,Not sure,Not sure,Yes,
19/06/2020 08:04,19/06/2020 08:09,IP Address,100,296,TRUE,19/06/2020 08:09,R_31sY19hEfHjbVx8,anonymous,EN,Yes,Yes,UNI52,,Full-time,No,,3,2nd Year,,,Psychology and Creative Writing ,No,Female,Strongly agree,Strongly disagree,Agree,Have no opinion,Have no opinion,Have no opinion,Strongly agree,Disagree,Have no opinion,Strongly agree,Agree,Have no opinion,Agree,Strongly agree,Have no opinion,Agree,,,,,,,,I have heard of this,,I have done/used this,I have done/used this,,,I have done/used this,,,Have no opinion,Have no opinion,Strongly agree,Strongly disagree,Have no opinion,Strongly agree,Disagree,Agree,Not sure,,,Not sure,No,Yes,
19/06/2020 08:05,19/06/2020 08:10,IP Address,100,344,TRUE,19/06/2020 08:10,R_262W6OiwMiMwQ7a,anonymous,EN,Yes,Yes,UKRN08,,Full-time,No,,3,1st Year,,,Psychology ,Yes,Female,Agree,Strongly disagree,Have no opinion,Disagree,Strongly agree,Strongly disagree,Strongly agree,Disagree,Strongly agree,Have no opinion,Agree,Strongly disagree,Have no opinion,Disagree,Disagree,Strongly agree,I have heard of this,I have heard of this,I have heard of this,I have heard of this,I have heard of this,I have heard of this,,I have heard of this,,,,,,,,,Strongly Agree,Disagree,Agree,Disagree,Strongly Agree,Agree,Have no opinion,Agree,Yes,Yes,Studies that haven’t been replicated and often have made up results ,Not sure,Not sure,Yes,
19/06/2020 08:08,19/06/2020 08:15,IP Address,100,419,TRUE,19/06/2020 08:15,R_2BtD7FVIwXJE8Pu,anonymous,EN,Yes,Yes,UNI52,,Full-time,No,,3,2nd Year,,,Psychology,No,Female,Agree,Strongly disagree,Have no opinion,Disagree,Agree,Disagree,Agree,Have no opinion,Have no opinion,Strongly disagree,Agree,Strongly disagree,Disagree,Have no opinion,Disagree,Have no opinion,I have heard of this,,I have heard of this,I have heard of this,I have heard of this,I have heard of this,,I have heard of this,,I have done/used this,,,,,I have done/used this,,Disagree,Agree,Agree,Agree,Disagree,Disagree,Disagree,Have no opinion,Yes,Yes,When it is impossible to recreate the findings of an experiment,Not sure,Not sure,Yes,
19/06/2020 08:18,19/06/2020 08:29,IP Address,100,644,TRUE,19/06/2020 08:29,R_2fv5iorNn5MoL0I,anonymous,EN,Yes,Yes,UNI52,,Full-time,No,,3,2nd Year,,,Psychology,Yes,female ,Agree,Have no opinion,Have no opinion,Strongly disagree,Strongly agree,Strongly disagree,Strongly agree,Strongly disagree,Have no opinion,Have no opinion,Agree,Strongly disagree,Disagree,Have no opinion,Disagree,Have no opinion,,,,I have heard of this,I have heard of this,,,,I have done/used this,I have done/used this,I have done/used this,,,I have done/used this,I have done/used this,I have done/used this,Agree,Disagree,Agree,Have no opinion,Disagree,Agree,Agree,Have no opinion,Not sure,,,No,Not sure,Yes,
19/06/2020 08:27,19/06/2020 08:36,IP Address,100,547,TRUE,19/06/2020 08:36,R_1f2vQJFASlLzFwv,anonymous,EN,Yes,Yes,UKRN08,,Full-time,Yes,,4,3rd Year,,,BSc Biological Psychology,Yes,Female,Have no opinion,Disagree,Have no opinion,Disagree,Agree,Agree,Agree,Disagree,Agree,Strongly agree,Agree,Agree,Agree,Agree,Disagree,Disagree,I have heard of this,I have heard of this,,,I have heard of this,I have heard of this,I have heard of this,I have heard of this,,,I have done/used this,,I have done/used this,I have done/used this,,,Agree,Disagree,Agree,Agree,Strongly Agree,Disagree,Disagree,Agree,Yes,Yes,,Not sure,Not sure,Yes,
19/06/2020 08:25,19/06/2020 08:41,IP Address,100,967,TRUE,19/06/2020 08:41,R_1mC2UWZT1WzscRr,anonymous,EN,Yes,Yes,UNI52,,Full-time,No,,3,2nd Year,,,Psychology Bsc,Yes,Female,Agree,Disagree,Agree,Disagree,Agree,Disagree,Have no opinion,Have no opinion,Agree,Disagree,Disagree,Strongly disagree,Have no opinion,Have no opinion,Disagree,Disagree,,,I have heard of this,,,,,I have heard of this,,,,,,,,,Agree,Disagree,Agree,Agree,Disagree,Agree,Agree,Agree,No,,,No,No,Yes,All data should be anonymous before being published
19/06/2020 08:56,19/06/2020 09:03,IP Address,100,432,TRUE,19/06/2020 09:03,R_3R4NrDWd0Lrb6TQ,anonymous,EN,Yes,Yes,UNI52,,Full-time,No,,3,3rd Year,,,Psychology ,No,Female,Strongly agree,Strongly disagree,Agree,Disagree,Agree,Disagree,Strongly agree,Strongly disagree,Agree,Agree,Agree,Strongly disagree,Agree,Strongly disagree,Disagree,Agree,I have heard of this,I have heard of this,I have heard of this,,I have heard of this,I have heard of this,I have heard of this,I have heard of this,,,,I have done/used this,,,,,Strongly Agree,Disagree,Disagree,Agree,Agree,Agree,Have no opinion,Agree,Yes,No,Hard to make a replication of a study ,Yes,Not sure,Yes,It can be intimidating learning RMS for the first time. I would have found a glossary with meanings a lot of help at the beginning of the course. 
19/06/2020 09:11,19/06/2020 09:18,IP Address,100,437,TRUE,19/06/2020 09:18,R_2c7naF9j9ReMSZt,anonymous,EN,Yes,Yes,UNI52,,Full-time,No,,3,1st Year,,,Psychology Hons BSC,No,Female ,Strongly agree,Strongly disagree,Strongly agree,Strongly disagree,Strongly agree,Strongly disagree,Strongly agree,Strongly disagree,Strongly agree,Strongly disagree,Strongly agree,Strongly disagree,Have no opinion,Strongly agree,Strongly agree,Have no opinion,I have heard of this,I have heard of this,I have heard of this,,,I have heard of this,,I have heard of this,,,,I have done/used this,I have done/used this,,I have done/used this,,Strongly Agree,Strongly disagree,Strongly agree,Strongly disagree,Strongly Disagree,Strongly agree,Strongly disagree,Strongly agree,Yes,Not sure,Studies are difficult to replicate ,Not sure,Not sure,Yes,
19/06/2020 07:45,19/06/2020 09:23,IP Address,100,5876,TRUE,19/06/2020 09:23,R_2v6bnsyfcPivzRl,anonymous,EN,Yes,Yes,UNI52,,Full-time,No,,3,1st Year,,,Psychology with English Language,Yes,Female,Agree,Disagree,Disagree,Disagree,Disagree,Disagree,Have no opinion,Agree,Agree,Disagree,Agree,Strongly disagree,Have no opinion,Have no opinion,Disagree,Disagree,,,I have heard of this,I have heard of this,,I have heard of this,I have heard of this,I have heard of this,,,,,,,,,Agree,Disagree,Agree,Agree,Agree,Agree,Disagree,Agree,Yes,Yes,The issue of whether published studies are reliable/accurate ,No,No,Yes,
19/06/2020 09:39,19/06/2020 09:46,IP Address,100,447,TRUE,19/06/2020 09:46,R_3nxaBpS2NCJnFhY,anonymous,EN,Yes,Yes,UNI52,,Full-time,No,,3,2nd Year,,,Psychology,No,Female,Agree,Disagree,Agree,Disagree,Disagree,Have no opinion,Strongly agree,Disagree,Agree,Disagree,Agree,Disagree,Agree,Have no opinion,Agree,Have no opinion,,,,,,,,I have heard of this,,,I have done/used this,,,,,,Agree,Agree,Disagree,Agree,Agree,Have no opinion,Disagree,Agree,Not sure,,,Not sure,Yes,Yes,
12/06/2020 09:50,12/06/2020 09:50,IP Address,14,22,FALSE,19/06/2020 09:51,R_2EodUgr8Fd7TfFs,anonymous,EN,Yes,Yes,,,,,,,,,,,,,,,,,,,,,,,,,,,,,,,,,,,,,,,,,,,,,,,,,,,,,,,,,,,
19/06/2020 09:42,19/06/2020 09:54,IP Address,100,689,TRUE,19/06/2020 09:54,R_2wuBP1YVU15nqiA,anonymous,EN,Yes,Yes,UNI52,,Full-time,No,,3,2nd Year,,,Psychology BSc ,No,Female,Agree,Disagree,Agree,Disagree,Agree,Disagree,Strongly agree,Agree,Agree,Disagree,Agree,Strongly disagree,Have no opinion,Strongly disagree,Agree,Agree,I have heard of this,,,,,,I have heard of this,,,I have done/used this,I have done/used this,,,,,I have done/used this,Agree,Disagree,Agree,Strongly disagree,Agree,Agree,Disagree,Agree,No,,,Not sure,Not sure,Yes,
19/06/2020 10:25,19/06/2020 10:54,IP Address,100,1709,TRUE,19/06/2020 10:54,R_3MG8LzC9JJVGHgS,anonymous,EN,Yes,Yes,UKRN08,,Full-time,Yes,,4,3rd Year,,,BSc Psychology,Yes,male,Agree,Strongly disagree,Agree,Strongly disagree,Strongly agree,Strongly disagree,Strongly agree,Disagree,Strongly agree,Strongly disagree,Agree,Strongly disagree,Agree,Have no opinion,Strongly disagree,Strongly agree,I have heard of this,I have heard of this,I have heard of this,,,I have heard of this,,I have heard of this,,,I have done/used this,,,I have done/used this,,,Strongly Agree,Strongly disagree,Agree,Have no opinion,Strongly Agree,Disagree,Have no opinion,Agree,Yes,Yes,A drive to replicate research that found many pieces of research did not have their results reproduced,Not sure,Not sure,Yes,
19/06/2020 11:22,19/06/2020 11:35,IP Address,100,734,TRUE,19/06/2020 11:35,R_3QQy7QrYyYU3XmM,anonymous,EN,Yes,Yes,UNI52,,Full-time,Other (Please specify),Optional,3,1st Year,,,Bachelor Of Arts With Honours (Combined) - Accounting & Finance And Psychology,No,Female,Agree,Have no opinion,Agree,Have no opinion,Have no opinion,Strongly disagree,Agree,Disagree,Have no opinion,Strongly disagree,Agree,Strongly disagree,Agree,Disagree,Disagree,Agree,,I have heard of this,I have heard of this,,I have heard of this,I have heard of this,,I have heard of this,I have done/used this,,,I have done/used this,,,I have done/used this,,Agree,Have no opinion,Strongly agree,Disagree,Agree,Disagree,Have no opinion,Have no opinion,Yes,Yes,"The crisis involving lack of reproducibility of studies, even those published in the journal articles.",Not sure,Not sure,Yes,No
19/06/2020 12:16,19/06/2020 12:23,IP Address,100,427,TRUE,19/06/2020 12:23,R_2dR8PwniRL9lgyJ,anonymous,EN,Yes,Yes,UNI52,,Full-time,No,,3,2nd Year,,,Psychology,Yes,Female,Agree,Have no opinion,Have no opinion,Disagree,Agree,Agree,Agree,Have no opinion,Have no opinion,Disagree,Agree,Disagree,Have no opinion,Agree,Have no opinion,Agree,,,I have heard of this,,,I have heard of this,I have heard of this,I have heard of this,,,I have done/used this,,,I have done/used this,,I have done/used this,Disagree,Agree,Agree,Agree,Agree,Have no opinion,Disagree,Agree,Yes,No,Many studies impossible to reproduce ,Yes,Not sure,Yes,
19/06/2020 12:21,19/06/2020 12:26,IP Address,100,348,TRUE,19/06/2020 12:26,R_28St54dYnB6gp6W,anonymous,EN,Yes,Yes,UNI69,,Full-time,No,,4,4th Year,,,Psychology ,No,Female,Agree,Disagree,Agree,Have no opinion,Agree,Disagree,Agree,Disagree,Agree,Disagree,Agree,Disagree,Agree,Agree,Disagree,Have no opinion,,,I have heard of this,,,,,I have heard of this,I have done/used this,I have done/used this,,I have done/used this,I have done/used this,I have done/used this,I have done/used this,,Disagree,Agree,Agree,Disagree,Agree,Disagree,Disagree,Agree,No,,,No,No,No,
19/06/2020 13:07,19/06/2020 13:16,IP Address,100,510,TRUE,19/06/2020 13:16,R_ClVoWFwMRd2GW4x,anonymous,EN,Yes,Yes,UNI52,,Full-time,No,,3,2nd Year,,,Psychology and Criminology,Yes,Non-Binary,Strongly agree,Strongly disagree,Agree,Strongly disagree,Strongly agree,Strongly disagree,Strongly agree,Strongly disagree,Strongly agree,Strongly disagree,Disagree,Disagree,Have no opinion,Agree,Have no opinion,Agree,I have heard of this,,,,I have heard of this,I have heard of this,I have heard of this,,,I have done/used this,I have done/used this,I have done/used this,,,,I have done/used this,Strongly Agree,Strongly disagree,Strongly agree,Agree,Have no opinion,Agree,Have no opinion,Agree,Yes,Not sure,Too many studies repeating the same thing rather than researching new areas because so much research is paywalled people dont know what has already been covered,Not sure,Not sure,Yes,Paywalled journals literally slow down the advancement of human knowledge as a whole. If journals were rightfully made free and knowledge was not capitalised we would be years ahead of where we are today
19/06/2020 13:33,19/06/2020 13:42,IP Address,100,542,TRUE,19/06/2020 13:42,R_5jccfNdycY8KiDD,anonymous,EN,Yes,Yes,UNI52,,Full-time,No,,3,3rd Year,,,Biology and Psychology,Yes,Female,Strongly agree,Disagree,Disagree,Disagree,Disagree,Disagree,Strongly agree,Disagree,Disagree,Agree,Agree,Strongly disagree,Disagree,Have no opinion,Strongly disagree,Agree,,,I have heard of this,,,I have heard of this,,I have heard of this,I have done/used this,I have done/used this,,I have done/used this,I have done/used this,,I have done/used this,,Agree,Have no opinion,Agree,Agree,Agree,Have no opinion,Have no opinion,Agree,Yes,No,"The lack of replication studies, everyone wants to research something new. Findings are not often reconfirmed",No,No,Yes,
19/06/2020 13:55,19/06/2020 14:09,IP Address,100,860,TRUE,19/06/2020 14:09,R_1NsLAnUZ9SlQNpc,anonymous,EN,Yes,Yes,UKRN08,,Full-time,No,,3,2nd Year,,,Psychology (BSc),Yes,Female,Strongly agree,Strongly disagree,Strongly agree,Strongly disagree,Agree,Strongly disagree,Have no opinion,Strongly disagree,Strongly agree,Have no opinion,Strongly agree,Strongly disagree,Strongly agree,Have no opinion,Disagree,Agree,I have heard of this,I have heard of this,I have heard of this,I have heard of this,,I have heard of this,I have heard of this,I have heard of this,,,I have done/used this,,,I have done/used this,,I have done/used this,Strongly Agree,Strongly disagree,Strongly agree,Strongly disagree,Have no opinion,Agree,Strongly disagree,Strongly agree,Yes,Yes,"It relates to the methodology of studies, where it is hard to replicate or cannot be replicated at all.",Not sure,Not sure,Yes,I think it is important to share and debate all aspects of the methodology with other professionals
19/06/2020 14:26,19/06/2020 14:33,IP Address,100,367,TRUE,19/06/2020 14:33,R_1f28Xju5E0iIvDK,anonymous,EN,Yes,Yes,UKRN08,,Full-time,Yes,,3,2nd Year,,,Psychology,No,Female,Agree,Strongly disagree,Agree,Disagree,Agree,Disagree,Strongly agree,Strongly disagree,Agree,Have no opinion,Strongly agree,Disagree,Strongly agree,Strongly disagree,Disagree,Agree,I have heard of this,,I have heard of this,I have heard of this,,I have heard of this,I have heard of this,I have heard of this,,I have done/used this,,,I have done/used this,,,,Strongly Agree,Disagree,Strongly agree,Strongly disagree,Agree,Agree,Strongly disagree,Agree,Yes,Yes,Where past studies are not replicated leading to a mistrust of science,Yes,Yes,Yes,
19/06/2020 14:36,19/06/2020 14:48,IP Address,100,688,TRUE,19/06/2020 14:48,R_1OZUGoPST0SUaGk,anonymous,EN,Yes,Yes,UNI52,,Full-time,No,,3,3rd Year,,,Psychology ,No,Male,Strongly agree,Strongly disagree,Have no opinion,Disagree,Have no opinion,Disagree,Disagree,Agree,Agree,Agree,Agree,Strongly disagree,Agree,Strongly disagree,Disagree,Agree,,,I have heard of this,,,,,I have heard of this,I have done/used this,I have done/used this,,I have done/used this,I have done/used this,I have done/used this,I have done/used this,,Strongly Agree,Disagree,Disagree,Strongly agree,Agree,Disagree,Have no opinion,Agree,Yes,Yes,Unable to replicate previous studies reulting in the validity of the findings ,No,Not sure,Yes,
19/06/2020 14:38,19/06/2020 14:50,IP Address,100,693,TRUE,19/06/2020 14:50,R_2ffVAcTavpUqkdq,anonymous,EN,Yes,Yes,UKRN08,,Full-time,No,,3,1st Year,,,BSC (Hons) Psychology,Yes,Female ,Strongly agree,Strongly disagree,Agree,Disagree,Agree,Disagree,Strongly agree,Disagree,Agree,Strongly agree,Strongly agree,Strongly disagree,Agree,Disagree,Have no opinion,Strongly agree,,,I have heard of this,I have heard of this,,,I have heard of this,I have heard of this,,,I have done/used this,,,,,,Strongly Agree,Disagree,Agree,Disagree,Agree,Have no opinion,Disagree,Agree,Yes,Yes,Multiple studies are not being replicated and are giving insignificant results. This suggests that the results of the original studies are not reliable/the results were tampered with.  ,Not sure,Yes,Yes,
19/06/2020 15:18,19/06/2020 15:24,IP Address,100,361,TRUE,19/06/2020 15:24,R_Rk5DHqfwlB1Guvn,anonymous,EN,Yes,Yes,UNI52,,Full-time,No,,3,2nd Year,,,Psychology ,Yes,Female ,Agree,Disagree,Have no opinion,Disagree,Agree,Disagree,Agree,Disagree,Agree,Agree,Agree,Disagree,Have no opinion,Disagree,Disagree,Have no opinion,I have heard of this,I have heard of this,I have heard of this,,,I have heard of this,,I have heard of this,,I have done/used this,I have done/used this,,,,,I have done/used this,Agree,Disagree,Agree,Have no opinion,Agree,Have no opinion,Disagree,Have no opinion,No,,,Yes,Not sure,Yes,
19/06/2020 16:57,19/06/2020 17:09,IP Address,100,725,TRUE,19/06/2020 17:09,R_1rqduthFAVe7LdU,anonymous,EN,Yes,Yes,UNI52,,Full-time,No,,3,2nd Year,,,Bachelor Of Arts With Honours (Combined) - Criminology And Psychology,Yes,female,Agree,Strongly disagree,Have no opinion,Have no opinion,Strongly agree,Disagree,Strongly agree,Strongly disagree,Strongly agree,Strongly agree,Agree,Disagree,Disagree,Agree,Have no opinion,Strongly agree,I have heard of this,I have heard of this,I have heard of this,,,I have heard of this,,I have heard of this,,I have done/used this,I have done/used this,,,,,,Disagree,Agree,Agree,Strongly agree,Strongly Agree,Strongly disagree,Disagree,Agree,Yes,Not sure,the inability to replicate certain studies to test the results,No,No,Yes,
19/06/2020 19:07,19/06/2020 19:22,IP Address,100,874,TRUE,19/06/2020 19:22,R_2YlU14GoJ66f7RH,anonymous,EN,Yes,Yes,UNI65,,Full-time,No,,3,2nd Year,,,B.sc. Psychology,Yes,Female,Agree,Disagree,Strongly agree,Disagree,Disagree,Agree,Strongly agree,Agree,Agree,Agree,Strongly agree,Strongly disagree,Strongly disagree,Disagree,Disagree,Have no opinion,,I have heard of this,I have heard of this,,,I have heard of this,,,,,,,,,,I have done/used this,Strongly Agree,Strongly disagree,Agree,Strongly agree,Strongly Agree,Strongly disagree,Disagree,Have no opinion,Yes,Yes,When a study is replicated too many times ending with the same results.,No,No,Yes,
13/06/2020 01:09,13/06/2020 01:13,IP Address,51,244,FALSE,20/06/2020 01:14,R_1Iuac5TIaUgqln0,anonymous,EN,Yes,Yes,Other,,Part-time,No,,,,6,6th Year,BA Honours Psychology,No,Female,Agree,Strongly disagree,Have no opinion,Disagree,Have no opinion,Agree,Agree,Disagree,Disagree,Agree,Agree,Strongly disagree,Have no opinion,Agree,Have no opinion,Agree,,,I have heard of this,I have heard of this,,,,I have heard of this,I have done/used this,I have done/used this,,,I have done/used this,I have done/used this,I have done/used this,,,,,,,,,,,,,,,,
20/06/2020 01:56,20/06/2020 02:09,IP Address,100,772,TRUE,20/06/2020 02:09,R_1f7QESZk6qQHfT9,anonymous,EN,Yes,Yes,UKRN08,,Full-time,No,,3,2nd Year,,,Psychology with Sociology ,No,Female ,Strongly agree,Disagree,Agree,Disagree,Agree,Have no opinion,Have no opinion,Have no opinion,Agree,Have no opinion,Strongly agree,Strongly disagree,Strongly agree,Strongly disagree,Have no opinion,Agree,I have heard of this,,I have heard of this,I have heard of this,,,I have heard of this,I have heard of this,,,,,,,,,Agree,Strongly disagree,Agree,Strongly disagree,Have no opinion,Have no opinion,Disagree,Have no opinion,Yes,Yes,Problem of insufficient methodological information and questionable analyses making exps unreplicable and results untrustworthy ,Not sure,Yes,Yes,
20/06/2020 03:51,20/06/2020 04:01,IP Address,100,630,TRUE,20/06/2020 04:01,R_2QlnauZQecg3ccq,anonymous,EN,Yes,Yes,UNI52,,Full-time,No,,3,2nd Year,,,Psychology ,Yes,Female ,Agree,Disagree,Have no opinion,Disagree,Agree,Have no opinion,Agree,Have no opinion,Agree,Have no opinion,Agree,Strongly disagree,Have no opinion,Have no opinion,Disagree,Agree,I have heard of this,I have heard of this,I have heard of this,,I have heard of this,I have heard of this,I have heard of this,,,,,I have done/used this,,,,I have done/used this,Strongly Agree,Have no opinion,Agree,Have no opinion,Agree,Agree,Have no opinion,Agree,No,,,No,Not sure,Yes,
20/06/2020 04:20,20/06/2020 04:29,IP Address,100,536,TRUE,20/06/2020 04:29,R_1oq0Vu9tswl9I8A,anonymous,EN,Yes,Yes,UNI52,,Full-time,No,,3,1st Year,,,Psychology ,Yes,Female ,Strongly agree,Disagree,Have no opinion,Have no opinion,Agree,Disagree,Agree,Disagree,Have no opinion,Strongly agree,Disagree,Strongly disagree,Agree,Disagree,Disagree,Agree,,I have heard of this,I have heard of this,,,I have heard of this,,I have heard of this,,I have done/used this,I have done/used this,,,I have done/used this,,I have done/used this,Agree,Disagree,Agree,Agree,Agree,Agree,Have no opinion,Agree,Yes,Yes,Psychology and other sciences found that a lot of studies weren’t actually replicated successfully. This means studies have questionable reliability within science. ,No,No,Yes,
20/06/2020 04:27,20/06/2020 04:41,IP Address,100,802,TRUE,20/06/2020 04:41,R_3JmgD8oI3uw9a2x,anonymous,EN,Yes,Yes,UNI52,,Full-time,No,,3,1st Year,,,Sports Psychology,Yes,Male,Agree,Have no opinion,Agree,Agree,Agree,Disagree,Agree,Disagree,Agree,Disagree,Have no opinion,Disagree,Disagree,Agree,Disagree,Agree,I have heard of this,I have heard of this,,I have heard of this,I have heard of this,I have heard of this,I have heard of this,I have heard of this,,,I have done/used this,,,,,,Agree,Disagree,Agree,Agree,Agree,Agree,Disagree,Agree,Yes,Yes,Researchers don't stick to scientific criteria when replicating other researchers studies.,No,No,Yes,
20/06/2020 05:06,20/06/2020 05:13,IP Address,100,391,TRUE,20/06/2020 05:13,R_2pLaKWs4zO4yV1D,anonymous,EN,Yes,Yes,UNI69,,Full-time,No,,3,3rd Year,,,PSYCHOLOGY ,No,Female,Disagree,Agree,Disagree,Have no opinion,Agree,Disagree,Agree,Have no opinion,Have no opinion,Agree,Have no opinion,Have no opinion,Have no opinion,Agree,Disagree,Agree,I have heard of this,,I have heard of this,,,I have heard of this,I have heard of this,I have heard of this,,I have done/used this,,I have done/used this,I have done/used this,,,,Agree,Agree,Have no opinion,Have no opinion,Agree,Disagree,Agree,Agree,Not sure,,,Not sure,Not sure,Not sure,
20/06/2020 07:47,20/06/2020 08:12,IP Address,100,1485,TRUE,20/06/2020 08:12,R_3MoH3Z4rfQKrbaK,anonymous,EN,Yes,Yes,UNI52,,Full-time,No,,3,1st Year,,,Bachelor Of Arts With Honours (Combined) - Psychology And Special Educational Needs,No,Female,Strongly agree,Disagree,Strongly agree,Strongly disagree,Agree,Disagree,Strongly agree,Disagree,Strongly agree,Strongly agree,Agree,Strongly disagree,Agree,Strongly disagree,Agree,Agree,I have heard of this,,I have heard of this,,,,I have heard of this,I have heard of this,,,,,,,,,Strongly Agree,Strongly disagree,Disagree,Strongly agree,Strongly Agree,Strongly disagree,Disagree,Agree,Yes,Yes,The replication crisis refers to the inability of a large portion of scientific studies to be replicated and attain the same finidings as the original study.This can have a great impact upon the reliability of the findings and undermine the field within which the crisis is prevalent. ,Yes,Yes,Yes,
20/06/2020 09:24,20/06/2020 09:31,IP Address,100,421,TRUE,20/06/2020 09:31,R_2PcGRplO1RkVSKn,anonymous,EN,Yes,Yes,UNI01,,Full-time,No,,3,2nd Year,,,psychology,Yes,female ,Strongly agree,Disagree,Strongly agree,Disagree,Agree,Disagree,Strongly agree,Have no opinion,Strongly agree,Disagree,Have no opinion,Disagree,Agree,Agree,Disagree,Have no opinion,,,I have heard of this,I have heard of this,,,,I have heard of this,,,I have done/used this,,,,,,Agree,Disagree,Agree,Have no opinion,Agree,Disagree,Agree,Agree,Yes,Yes,when there is a problem with reproducing a study ,No,No,Yes,
20/06/2020 09:49,20/06/2020 10:02,IP Address,100,758,TRUE,20/06/2020 10:02,R_2Xh3WmOWWbPLEG2,anonymous,EN,Yes,Yes,UKRN08,,Full-time,No,,3,2nd Year,,,Psychology with Criminology ,Yes,Female,Agree,Agree,Agree,Agree,Have no opinion,Disagree,Have no opinion,Agree,Agree,Strongly agree,Strongly agree,Disagree,Agree,Strongly agree,Have no opinion,Strongly agree,,I have heard of this,I have heard of this,,I have heard of this,,,,I have done/used this,,,I have done/used this,,I have done/used this,I have done/used this,I have done/used this,Strongly Agree,Disagree,Have no opinion,Disagree,Strongly Agree,Strongly disagree,Disagree,Agree,Yes,Yes,Replicating results where they may not be highly valid,Not sure,No,Yes,
20/06/2020 12:02,20/06/2020 12:18,IP Address,100,985,TRUE,20/06/2020 12:18,R_3Gv0Zaz60B7UfXx,anonymous,EN,Yes,Yes,UNI20,,Full-time,Yes,,3,3rd Year,,,Bsc Psychology ,Yes,Female,Have no opinion,Have no opinion,Agree,Strongly agree,Strongly disagree,Disagree,Disagree,Disagree,Agree,Strongly agree,Strongly agree,Disagree,Agree,Have no opinion,Have no opinion,Agree,I have heard of this,I have heard of this,I have heard of this,,,,,,,,,I have done/used this,I have done/used this,I have done/used this,I have done/used this,I have done/used this,Agree,Strongly agree,Disagree,Agree,Agree,Disagree,Agree,Agree,Not sure,,,Not sure,Not sure,Yes,
20/06/2020 12:44,20/06/2020 12:49,IP Address,100,271,TRUE,20/06/2020 12:49,R_3kog899NgybdsJj,anonymous,EN,Yes,Yes,UNI20,,Full-time,No,,3,2nd Year,,,Psychology,No,Female,Disagree,Disagree,Agree,Have no opinion,Agree,Disagree,Agree,Strongly agree,Agree,Disagree,Disagree,Strongly disagree,Agree,Disagree,Disagree,Disagree,I have heard of this,I have heard of this,,I have heard of this,I have heard of this,,,I have heard of this,,,I have done/used this,,,I have done/used this,,,Disagree,Agree,Have no opinion,Disagree,Agree,Agree,Disagree,Have no opinion,Yes,No,,Yes,Yes,Yes,
13/06/2020 13:03,13/06/2020 13:10,IP Address,51,464,FALSE,20/06/2020 13:11,R_Z9IG3Ly6OExHCDL,anonymous,EN,Yes,Yes,Other,,Full-time,No,,3,3rd Year,,,Bachelor in Psychology,Yes,Female,Agree,Disagree,Agree,Disagree,Agree,Have no opinion,Agree,Have no opinion,Have no opinion,Disagree,Agree,Strongly disagree,Agree,Disagree,Disagree,Agree,I have heard of this,,I have heard of this,,,I have heard of this,,I have heard of this,,I have done/used this,,I have done/used this,I have done/used this,,I have done/used this,,,,,,,,,,,,,,,,
20/06/2020 15:31,20/06/2020 15:36,IP Address,100,297,TRUE,20/06/2020 15:36,R_W70EqHc3RPceJkR,anonymous,EN,Yes,Yes,UNI52,,Full-time,No,,3,1st Year,,,BSc Psychology ,No,Female,Strongly agree,Strongly disagree,Strongly disagree,Strongly agree,Strongly agree,Strongly disagree,Strongly agree,Strongly disagree,Strongly agree,Strongly agree,Strongly agree,Strongly disagree,Strongly agree,Strongly agree,Strongly agree,Have no opinion,I have heard of this,I have heard of this,,I have heard of this,I have heard of this,I have heard of this,I have heard of this,I have heard of this,,,I have done/used this,,,,,,Have no opinion,Agree,Strongly agree,Strongly agree,Strongly Agree,Have no opinion,Disagree,Have no opinion,Yes,No,Unsure,Not sure,No,Yes,
20/06/2020 15:37,20/06/2020 15:40,IP Address,100,179,TRUE,20/06/2020 15:40,R_12u0u8WBR90B4wc,anonymous,EN,Yes,Yes,UNI65,,Full-time,No,,3,2nd Year,,,Psychology ,Yes,Male,Have no opinion,Disagree,Have no opinion,Have no opinion,Disagree,Have no opinion,Have no opinion,Disagree,Agree,Disagree,Agree,Have no opinion,Disagree,Disagree,Agree,Disagree,I have heard of this,,I have heard of this,I have heard of this,I have heard of this,I have heard of this,,I have heard of this,,I have done/used this,,,,,I have done/used this,,Have no opinion,Strongly disagree,Disagree,Have no opinion,Strongly Disagree,Have no opinion,Strongly agree,Strongly disagree,No,,,No,Yes,Yes,
20/06/2020 16:06,20/06/2020 16:15,IP Address,100,509,TRUE,20/06/2020 16:15,R_3Eoo5X3jKHwRdZM,anonymous,EN,Yes,Yes,UKRN08,,Full-time,Yes,,4,1st Year,,,Psychology Bsc with foundation year,No,Male,Strongly agree,Disagree,Agree,Disagree,Disagree,Agree,Agree,Agree,Agree,Strongly disagree,Disagree,Strongly disagree,Agree,Agree,Disagree,Agree,I have heard of this,I have heard of this,I have heard of this,I have heard of this,,,,,,,,,,I have done/used this,,I have done/used this,Disagree,Have no opinion,Agree,Strongly disagree,Agree,Agree,Disagree,Agree,Yes,Yes,,Not sure,Not sure,Yes,
21/06/2020 05:05,21/06/2020 05:20,IP Address,100,920,TRUE,21/06/2020 05:20,R_2E6twbNyXJnYtwl,anonymous,EN,Yes,Yes,UNI01,,Full-time,No,,3,3rd Year,,,Psychology Bsc Single Hons,No,Female,Agree,Strongly disagree,Strongly agree,Strongly disagree,Agree,Have no opinion,Disagree,Agree,Strongly agree,Strongly agree,Agree,Strongly disagree,Agree,Disagree,Agree,Strongly agree,I have heard of this,I have heard of this,,I have heard of this,I have heard of this,,I have heard of this,,,,I have done/used this,,,I have done/used this,,I have done/used this,Agree,Disagree,Agree,Agree,Agree,Disagree,Agree,Strongly agree,Yes,Yes,the findings of many studies in psychology have been found to not able to be replicated,Yes,Yes,Yes,
21/06/2020 08:45,21/06/2020 08:52,IP Address,100,365,TRUE,21/06/2020 08:52,R_3kvQk88HyFK6ubT,anonymous,EN,Yes,Yes,UNI52,,Full-time,No,,3,3rd Year,,,Psychology,No,Female,Agree,Disagree,Agree,Agree,Agree,Disagree,Agree,Disagree,Agree,Agree,Agree,Strongly disagree,Agree,Disagree,Agree,Agree,I have heard of this,I have heard of this,,I have heard of this,I have heard of this,,I have heard of this,,,,I have done/used this,,,I have done/used this,,I have done/used this,Strongly Agree,Disagree,Disagree,Agree,Agree,Disagree,Disagree,Agree,Yes,Not sure,"Replicating a study and finding problems, such as a researcher using a different method.",Yes,Yes,Yes,
22/06/2020 04:12,22/06/2020 05:13,IP Address,100,3677,TRUE,22/06/2020 05:13,R_3g0NddyHwJKa2OQ,anonymous,EN,Yes,Yes,UKRN08,,Full-time,Yes,,3,2nd Year,,,Psychology BSc (Hons),Yes,Female,Strongly agree,Strongly disagree,Strongly agree,Disagree,Agree,Strongly disagree,Agree,Have no opinion,Disagree,Strongly agree,Agree,Strongly disagree,Strongly agree,Agree,Strongly disagree,Agree,I have heard of this,,,I have heard of this,I have heard of this,I have heard of this,I have heard of this,,,I have done/used this,I have done/used this,,,,,I have done/used this,Strongly Agree,Strongly disagree,Strongly Disagree,Agree,Strongly Agree,Disagree,Agree,Strongly agree,Yes,Yes,The replication crisis is related to issues regarding how credible a studies research methods are for collecting data,Yes,Yes,Not sure,"I think this may be more applicable to post graduate students such as those completing PhDs. However, I think it is important to be taught about these issues during an undergraduate degree, especially for those looking to further their education or go into research."
22/06/2020 05:10,22/06/2020 05:18,IP Address,100,474,TRUE,22/06/2020 05:18,R_3m7DRKtR1JuHBN0,anonymous,EN,Yes,Yes,UKRN08,,Full-time,Yes,,4,2nd Year,,,Psychology with Criminology,No,Female,Strongly agree,Have no opinion,Agree,Agree,Agree,Have no opinion,Disagree,Have no opinion,Agree,Agree,Agree,Have no opinion,Agree,Strongly agree,Strongly agree,Agree,,,,I have heard of this,I have heard of this,I have heard of this,I have heard of this,,I have done/used this,I have done/used this,I have done/used this,,,,I have done/used this,I have done/used this,Agree,Have no opinion,Agree,Agree,Have no opinion,Agree,Disagree,Have no opinion,Yes,Yes,where it is harder or near impossible to replicate,Not sure,Not sure,Yes,
22/06/2020 05:08,22/06/2020 05:21,IP Address,100,800,TRUE,22/06/2020 05:21,R_1gNGxflhsi9gqvX,anonymous,EN,Yes,Yes,UNI52,,Full-time,No,,3,2nd Year,,,BSc Psychology,No,Female,Agree,Disagree,Have no opinion,Disagree,Agree,Have no opinion,Strongly agree,Disagree,Agree,Agree,Agree,Strongly disagree,Agree,Disagree,Have no opinion,Agree,I have heard of this,I have heard of this,,,I have heard of this,,I have heard of this,,,,I have done/used this,I have done/used this,,I have done/used this,,I have done/used this,Strongly Agree,Disagree,Agree,Agree,Strongly Agree,Agree,Disagree,Agree,Yes,Yes,It is hard to replicate/reproduce studies due to biases etc. ,No,No,Yes,
22/06/2020 06:55,22/06/2020 07:01,IP Address,100,331,TRUE,22/06/2020 07:01,R_1q9tZsuM8W8rwvb,anonymous,EN,Yes,Yes,UNI68,,Full-time,Yes,,4,3rd Year,,,Psychology with a professional placement year ,Yes,Female ,Strongly agree,Strongly disagree,Strongly agree,Disagree,Have no opinion,Disagree,Strongly agree,Disagree,Agree,Strongly agree,Strongly agree,Strongly disagree,Agree,Strongly disagree,Strongly disagree,Agree,I have heard of this,I have heard of this,,I have heard of this,I have heard of this,,I have heard of this,I have heard of this,,,I have done/used this,,,I have done/used this,,,Agree,Have no opinion,Agree,Agree,Strongly Disagree,Agree,Strongly disagree,Have no opinion,Yes,Yes,The issue with research studies being copied to the letter to produce supporting results without actually investigating the rigour and appropriateness of the tests applied/meaning of the results ,No,Not sure,Not sure,
22/06/2020 06:56,22/06/2020 07:01,IP Address,100,337,TRUE,22/06/2020 07:01,R_yEBM1Jsa3kEaPlv,anonymous,EN,Yes,Yes,UNI68,,Full-time,No,,3,1st Year,,,Psychology with Business Management,Yes,Female,Strongly agree,Strongly disagree,Agree,Agree,Agree,Disagree,Disagree,Agree,Agree,Agree,Strongly agree,Disagree,Have no opinion,Strongly agree,Disagree,Agree,I have heard of this,I have heard of this,,,,I have heard of this,,,,,I have done/used this,,,,,I have done/used this,Agree,Disagree,Disagree,Agree,Strongly Agree,Agree,Agree,Disagree,Yes,Yes,Widely cited papers that are very influential that cant be replicated which questions its reliability,No,No,Yes,
22/06/2020 06:58,22/06/2020 07:03,IP Address,100,267,TRUE,22/06/2020 07:03,R_1oA0ri4gLiqs0zC,anonymous,EN,Yes,Yes,UNI68,,Full-time,No,,3,2nd Year,,,Psychology,Yes,Female,Strongly agree,Strongly disagree,Disagree,Disagree,Disagree,Disagree,Disagree,Agree,Disagree,Disagree,Strongly agree,Disagree,Have no opinion,Disagree,Strongly disagree,Have no opinion,,,,,,,I have heard of this,,,,,,,,,I have done/used this,Strongly Agree,Disagree,Agree,Strongly agree,Agree,Disagree,Disagree,Agree,Yes,Yes,Everyone’s trying to replicate old research ,No,No,Not sure,
22/06/2020 06:55,22/06/2020 07:03,IP Address,100,451,TRUE,22/06/2020 07:03,R_1E4ZajegJMsSgl9,anonymous,EN,Yes,Yes,UNI68,,Full-time,No,,3,2nd Year,,,Psychology with Clinical Approaches ,Yes,Female,Strongly agree,Strongly disagree,Agree,Disagree,Agree,Disagree,Agree,Have no opinion,Agree,Agree,Agree,Strongly disagree,Have no opinion,Disagree,Disagree,Agree,I have heard of this,I have heard of this,I have heard of this,,,I have heard of this,,I have heard of this,,,,I have done/used this,I have done/used this,,I have done/used this,,Strongly Agree,Disagree,Agree,Agree,Agree,Disagree,Disagree,Agree,Yes,Yes,When a replication study does not produce the same results as the original study said ,Yes,Yes,Yes,
22/06/2020 06:56,22/06/2020 07:06,IP Address,100,628,TRUE,22/06/2020 07:06,R_PLkJYzLS7aEoGeB,anonymous,EN,Yes,Yes,UNI68,,Full-time,Yes,,4,2nd Year,,,Psychology BSc,Yes,Female,Strongly agree,Strongly disagree,Agree,Disagree,Strongly agree,Disagree,Agree,Disagree,Strongly agree,Disagree,Agree,Strongly disagree,Agree,Have no opinion,Agree,Disagree,I have heard of this,I have heard of this,I have heard of this,I have heard of this,I have heard of this,I have heard of this,,I have heard of this,,,,,,,,,Strongly Agree,Disagree,Agree,Strongly disagree,Strongly Disagree,Strongly agree,Strongly disagree,Agree,Yes,No,Where researchers who attempt to replicate older studies(sometimes famous studies that have entered folk psychology consciousness) find that they do not get significant results. But then the researchers steuggle to get their work published in a journal so it doesnt look like the original study has been disproven,Yes,No,Yes,
22/06/2020 06:56,22/06/2020 07:09,IP Address,100,797,TRUE,22/06/2020 07:09,R_1M3PkZMxTznt0Iz,anonymous,EN,Yes,Yes,UNI68,,Full-time,Yes,,4,4th Year,,,Psychology with a Professional Placement,Yes,female,Agree,Strongly disagree,Agree,Strongly disagree,Agree,Strongly disagree,Strongly agree,Disagree,Strongly agree,Disagree,Agree,Strongly disagree,Agree,Disagree,Agree,Disagree,I have heard of this,I have heard of this,I have heard of this,I have heard of this,I have heard of this,I have heard of this,I have heard of this,I have heard of this,I have done/used this,,I have done/used this,I have done/used this,,I have done/used this,,I have done/used this,Agree,Disagree,Agree,Disagree,Disagree,Agree,Disagree,Strongly agree,Yes,Yes,"Many classic social science studies which found sig. findings were not supported by findings of replication studies, calling into question the statistical procedures and other methodology issues used and validity of findings.",Yes,Yes,Yes,We never learnt about these topics in relation to qualitative research. I did a qual. dissertation and found it difficult to self-teach what these meant for me in relation to my project.
22/06/2020 07:06,22/06/2020 07:11,IP Address,100,336,TRUE,22/06/2020 07:11,R_3Mifj9tAOLORv7u,anonymous,EN,Yes,Yes,UNI68,,Full-time,No,,3,3rd Year,,,Psychology ,Yes,Female,Agree,Disagree,Agree,Disagree,Have no opinion,Disagree,Strongly agree,Strongly disagree,Agree,Disagree,Disagree,Strongly disagree,Agree,Disagree,Have no opinion,Agree,I have heard of this,I have heard of this,I have heard of this,I have heard of this,,I have heard of this,I have heard of this,I have heard of this,,,,,,,,,Agree,Disagree,Agree,Disagree,Strongly Disagree,Agree,Have no opinion,Strongly agree,Not sure,,,No,No,Not sure,
22/06/2020 07:07,22/06/2020 07:14,IP Address,100,447,TRUE,22/06/2020 07:14,R_2pMftHPvn8az3ua,anonymous,EN,Yes,Yes,UNI68,,Full-time,Yes,,3,1st Year,,,Psychology with Neuroscience,Yes,Female,Strongly agree,Strongly disagree,Disagree,Disagree,Agree,Strongly disagree,Disagree,Agree,Agree,Agree,Agree,Strongly disagree,Agree,Strongly disagree,Disagree,Disagree,I have heard of this,I have heard of this,I have heard of this,I have heard of this,,,,I have heard of this,,I have done/used this,I have done/used this,,,,,,Strongly Agree,Disagree,Strongly agree,Disagree,Strongly Agree,Strongly disagree,Strongly disagree,Agree,Yes,Yes,"When previously done, well-known experiments are replicated and the same results are not found ",No,No,Yes,
22/06/2020 07:08,22/06/2020 07:14,IP Address,100,386,TRUE,22/06/2020 07:14,R_6rsZqvK4Eln6Tgl,anonymous,EN,Yes,Yes,UNI68,,Full-time,Yes,,4,4th Year,,,Psychology,Yes,Female,Strongly agree,Disagree,Agree,Disagree,Agree,Disagree,Strongly agree,Strongly disagree,Strongly agree,Strongly agree,Agree,Strongly disagree,Agree,Strongly disagree,Disagree,Disagree,,I have heard of this,I have heard of this,,,,,I have heard of this,,,,,,,,I have done/used this,Strongly Agree,Disagree,Strongly agree,Have no opinion,Disagree,Agree,Disagree,Agree,Not sure,,,No,No,Yes,
22/06/2020 07:13,22/06/2020 07:18,IP Address,100,289,TRUE,22/06/2020 07:18,R_eOMsGksu8qAj4wV,anonymous,EN,Yes,Yes,UNI68,,Full-time,No,,4,4th Year,,,Psychology with Neuroscience ,Yes,Female,Agree,Strongly disagree,Agree,Strongly disagree,Have no opinion,Have no opinion,Agree,Disagree,Agree,Agree,Disagree,Disagree,Have no opinion,Agree,Disagree,Agree,I have heard of this,,I have heard of this,,,,,I have heard of this,I have done/used this,,I have done/used this,,,,,,Agree,Disagree,Agree,Agree,Strongly Agree,Disagree,Disagree,Agree,No,,,No,No,Yes,
22/06/2020 07:35,22/06/2020 07:39,IP Address,100,255,TRUE,22/06/2020 07:39,R_11XGcclF3OXwitA,anonymous,EN,Yes,Yes,UNI68,,Full-time,No,,3,3rd Year,,,BSc Psychology,Yes,M,Strongly agree,Agree,Strongly agree,Have no opinion,Strongly agree,Agree,Strongly agree,Have no opinion,Strongly agree,Disagree,Agree,Strongly disagree,Agree,Strongly disagree,Disagree,Strongly agree,I have heard of this,I have heard of this,I have heard of this,I have heard of this,I have heard of this,I have heard of this,I have heard of this,I have heard of this,I have done/used this,I have done/used this,I have done/used this,I have done/used this,,I have done/used this,,I have done/used this,Have no opinion,Have no opinion,Agree,Agree,Have no opinion,Have no opinion,Disagree,Disagree,Yes,Not sure,,Yes,Not sure,Yes,
22/06/2020 08:09,22/06/2020 08:16,IP Address,100,412,TRUE,22/06/2020 08:16,R_2ZW8u2MBcQ5sjDu,anonymous,EN,Yes,Yes,UNI68,,Full-time,No,,3,3rd Year,,,BSc Psychology,Yes,Female,Agree,Have no opinion,Agree,Have no opinion,Agree,Disagree,Agree,Disagree,Strongly agree,Disagree,Have no opinion,Disagree,Have no opinion,Agree,Disagree,Agree,I have heard of this,I have heard of this,I have heard of this,,,I have heard of this,I have heard of this,I have heard of this,,,,I have done/used this,I have done/used this,,,,Agree,Disagree,Agree,Have no opinion,Agree,Agree,Agree,Agree,No,,,Not sure,No,No,
22/06/2020 08:23,22/06/2020 08:30,IP Address,100,431,TRUE,22/06/2020 08:30,R_2CIkBvCJf4XGubX,anonymous,EN,Yes,Yes,UNI68,,Full-time,No,,3,2nd Year,,,Bcs Psychology,Yes,Female,Agree,Disagree,Disagree,Disagree,Have no opinion,Disagree,Agree,Agree,Agree,Disagree,Agree,Strongly disagree,Agree,Strongly agree,Disagree,Strongly agree,,,,,,I have heard of this,,I have heard of this,,,I have done/used this,,,,,,Strongly Agree,Agree,Agree,Agree,Agree,Agree,Disagree,Disagree,Not sure,,,No,No,Yes,
22/06/2020 08:31,22/06/2020 08:45,IP Address,100,792,TRUE,22/06/2020 08:45,R_DwQqEOnyfNHQcmZ,anonymous,EN,Yes,Yes,UNI68,,Full-time,No,,3,3rd Year,,,Psychology with Neuroscience,Yes,Female,Strongly agree,Strongly disagree,Disagree,Disagree,Agree,Have no opinion,Disagree,Agree,Strongly disagree,Strongly agree,Agree,Strongly disagree,Agree,Strongly disagree,Disagree,Agree,,,I have heard of this,,,I have heard of this,,I have heard of this,,,,,,,,I have done/used this,Agree,Have no opinion,Agree,Disagree,Strongly Agree,Agree,Disagree,Agree,No,,,No,No,Yes,
22/06/2020 08:45,22/06/2020 08:51,IP Address,100,359,TRUE,22/06/2020 08:51,R_2OPFh2XtNGEVIeV,anonymous,EN,Yes,Yes,UNI68,,Full-time,No,,4,2nd Year,,,Psychology with economics,No,Female,Agree,Disagree,Agree,Disagree,Strongly agree,Strongly disagree,Strongly agree,Disagree,Strongly agree,Disagree,Agree,Strongly disagree,Disagree,Have no opinion,Disagree,Have no opinion,,,,,,,I have heard of this,,,,I have done/used this,,,,,I have done/used this,Strongly Agree,Strongly disagree,Agree,Agree,Agree,Strongly agree,Agree,Strongly agree,No,,,No,No,Not sure,
22/06/2020 08:46,22/06/2020 08:55,IP Address,100,539,TRUE,22/06/2020 08:55,R_CgkHdPFJFk8XNbr,anonymous,EN,Yes,Yes,UNI68,,Full-time,Yes,,4,2nd Year,,,BSc Psychology,Yes,Female,Strongly agree,Strongly disagree,Agree,Strongly disagree,Agree,Strongly disagree,Agree,Have no opinion,Agree,Disagree,Have no opinion,Disagree,Have no opinion,Agree,Have no opinion,Have no opinion,I have heard of this,I have heard of this,I have heard of this,,,I have heard of this,,I have heard of this,,,,I have done/used this,I have done/used this,,I have done/used this,,Agree,Strongly disagree,Strongly agree,Disagree,Agree,Agree,Have no opinion,Strongly agree,No,,,No,No,Not sure,
22/06/2020 09:03,22/06/2020 09:12,IP Address,100,514,TRUE,22/06/2020 09:12,R_22l9UsXmZA9EQfs,anonymous,EN,Yes,Yes,UKRN08,,Full-time,Yes,,4,3rd Year,,,Psychology,No,Female ,Agree,Strongly disagree,Strongly agree,Agree,Agree,Strongly disagree,Strongly agree,Disagree,Strongly agree,Disagree,Strongly agree,Strongly disagree,Strongly agree,Strongly disagree,Agree,Strongly agree,I have heard of this,I have heard of this,I have heard of this,I have heard of this,,,I have heard of this,I have heard of this,,I have done/used this,I have done/used this,I have done/used this,,,I have done/used this,I have done/used this,Strongly Agree,Strongly disagree,Strongly agree,Strongly disagree,Agree,Have no opinion,Strongly disagree,Strongly disagree,Yes,Yes,"The realisation that much of psychological research does not follow good scientific practice, resulting in many studies not being reproducible ",Yes,Yes,Yes,
22/06/2020 09:11,22/06/2020 09:16,IP Address,100,298,TRUE,22/06/2020 09:16,R_3MizxI2PoqRAazp,anonymous,EN,Yes,Yes,UNI68,,Full-time,No,,3,2nd Year,,,Psychology with criminology ,Yes,Female ,Agree,Disagree,Have no opinion,Disagree,Have no opinion,Disagree,Strongly agree,Disagree,Have no opinion,Strongly agree,Agree,Strongly disagree,Agree,Agree,Disagree,Have no opinion,I have heard of this,I have heard of this,I have heard of this,,I have heard of this,I have heard of this,I have heard of this,I have heard of this,,,,,,,,I have done/used this,Agree,Disagree,Have no opinion,Agree,Agree,Agree,Agree,Agree,Not sure,,,No,No,Yes,
22/06/2020 09:33,22/06/2020 09:39,IP Address,100,312,TRUE,22/06/2020 09:39,R_RKbkfMyF5Wnn70t,anonymous,EN,Yes,Yes,UNI68,,Full-time,No,,4,4th Year,,,Psychology and criminology ,Yes,Female,Strongly agree,Strongly disagree,Agree,Agree,Strongly agree,Disagree,Agree,Disagree,Strongly agree,Disagree,Agree,Strongly disagree,Agree,Agree,Agree,Have no opinion,I have heard of this,I have heard of this,I have heard of this,I have heard of this,,I have heard of this,I have heard of this,I have heard of this,,,,,I have done/used this,,,,Agree,Disagree,Agree,Strongly agree,Agree,Disagree,Have no opinion,Agree,Yes,Yes,The ability to replicate an experiment ,No,No,Yes,
22/06/2020 09:58,22/06/2020 10:06,IP Address,100,523,TRUE,22/06/2020 10:06,R_8l8iN6j3LTy8njX,anonymous,EN,Yes,Yes,UNI52,,Part-time,No,,,,2,2nd Year,Masters in Psychology,No,Female,Agree,Disagree,Agree,Agree,Agree,Disagree,Agree,Disagree,Agree,Disagree,Agree,Disagree,Disagree,Agree,Disagree,Agree,,I have heard of this,,,,,,I have heard of this,,,I have done/used this,,,,,,Disagree,Agree,Agree,Disagree,Agree,Disagree,Disagree,Agree,No,,,Not sure,No,Yes,
22/06/2020 10:00,22/06/2020 10:11,IP Address,100,699,TRUE,22/06/2020 10:11,R_1MXNMKEbkkRitsL,anonymous,EN,Yes,Yes,UNI68,,Full-time,No,,3,1st Year,,,Psychology BSc ,No,Male (ftm),Strongly agree,Disagree,Disagree,Strongly disagree,Strongly agree,Disagree,Strongly agree,Disagree,Agree,Agree,Agree,Strongly disagree,Have no opinion,Disagree,Agree,Disagree,I have heard of this,I have heard of this,I have heard of this,I have heard of this,,,,I have heard of this,,,I have done/used this,,,,,,Agree,Strongly disagree,Strongly agree,Disagree,Disagree,Agree,Disagree,Agree,Yes,Yes,"Frequently cited studies, when replicated do not yield the same results",No,Not sure,Yes,
22/06/2020 10:03,22/06/2020 10:12,IP Address,100,547,TRUE,22/06/2020 10:12,R_2PhPAXj5QCHsRv3,anonymous,EN,Yes,Yes,UNI68,,Full-time,No,,4,4th Year,,,psychology with clinical approaches ,No,Male,Have no opinion,Strongly disagree,Have no opinion,Disagree,Have no opinion,Strongly disagree,Disagree,Agree,Disagree,Disagree,Agree,Strongly disagree,Have no opinion,Agree,Agree,Have no opinion,I have heard of this,,I have heard of this,,,I have heard of this,I have heard of this,I have heard of this,,,I have done/used this,,,,,I have done/used this,Strongly Agree,Disagree,Have no opinion,Agree,Agree,Have no opinion,Disagree,Have no opinion,No,,,Not sure,Not sure,Yes,
22/06/2020 10:49,22/06/2020 10:59,IP Address,100,577,TRUE,22/06/2020 10:59,R_2AZKGYFvQEhmYeV,anonymous,EN,Yes,Yes,UNI68,,Full-time,Yes,,3,2nd Year,,,psychology with criminology,Yes,Female,Strongly agree,Disagree,Agree,Strongly agree,Have no opinion,Disagree,Have no opinion,Disagree,Agree,Strongly agree,Strongly agree,Disagree,Agree,Agree,Agree,Have no opinion,I have heard of this,I have heard of this,,I have heard of this,I have heard of this,I have heard of this,I have heard of this,,,,I have done/used this,,,,,I have done/used this,Have no opinion,Have no opinion,Strongly Disagree,Agree,Have no opinion,Disagree,Disagree,Have no opinion,Not sure,,,Not sure,Not sure,Yes,
22/06/2020 10:58,22/06/2020 11:01,IP Address,100,209,TRUE,22/06/2020 11:01,R_OCm9wem5FTjzPjj,anonymous,EN,Yes,Yes,UNI01,,Full-time,No,,3,1st Year,,,Psychology,Yes,Female,Agree,Strongly disagree,Strongly agree,Strongly agree,Strongly agree,Strongly disagree,Agree,Disagree,Strongly agree,Strongly disagree,Agree,Disagree,Have no opinion,Strongly agree,Disagree,Have no opinion,,,I have heard of this,,I have heard of this,I have heard of this,I have heard of this,I have heard of this,,,,,,,,,Strongly Agree,Have no opinion,Disagree,Agree,Have no opinion,Have no opinion,Have no opinion,Have no opinion,Yes,Not sure,how reproducible a study is,Not sure,Not sure,Yes,
22/06/2020 11:02,22/06/2020 11:08,IP Address,100,398,TRUE,22/06/2020 11:08,R_sLSVo8gxrqvHFWF,anonymous,EN,Yes,Yes,UNI68,,Full-time,No,,3,3rd Year,,,Psychology with Clinical Approaches,No,CisFemale,Agree,Strongly disagree,Have no opinion,Disagree,Strongly agree,Disagree,Strongly agree,Disagree,Disagree,Agree,Strongly agree,Disagree,Agree,Strongly disagree,Disagree,Agree,I have heard of this,I have heard of this,I have heard of this,I have heard of this,,I have heard of this,I have heard of this,I have heard of this,,,I have done/used this,,,I have done/used this,I have done/used this,I have done/used this,Agree,Disagree,Agree,Strongly agree,Strongly Agree,Strongly disagree,Disagree,Agree,Not sure,,,Yes,Not sure,Yes,"Regarding journal access - Prices of access are a real barrier to students, especially during corona virus where we had no access t library materials so relied completely on those accessible by open Athens/shibboleth"
22/06/2020 11:44,22/06/2020 11:54,IP Address,100,556,TRUE,22/06/2020 11:54,R_2DYAhO9SuM4nEPg,anonymous,EN,Yes,Yes,UNI68,,Full-time,No,,3,2nd Year,,,Bsc Psychology,Yes,Female,Agree,Disagree,Agree,Disagree,Disagree,Agree,Agree,Disagree,Agree,Disagree,Agree,Strongly disagree,Disagree,Disagree,Disagree,Agree,I have heard of this,I have heard of this,I have heard of this,I have heard of this,I have heard of this,I have heard of this,I have heard of this,I have heard of this,,,,,,,,,Agree,Disagree,Agree,Disagree,Agree,Agree,Disagree,Agree,Yes,Yes,Psychological studies are not being replicated thus studies may have faulse positive type 1 error ,No,No,Yes,
22/06/2020 11:51,22/06/2020 11:57,IP Address,100,359,TRUE,22/06/2020 11:57,R_1pJYS3np8M8FGuI,anonymous,EN,Yes,Yes,UKRN08,,Full-time,Yes,,3,2nd Year,,,Psychology,No,Female ,Strongly agree,Disagree,Have no opinion,Strongly agree,Strongly agree,Agree,Strongly agree,Disagree,Agree,Agree,Agree,Agree,Strongly agree,Agree,Have no opinion,Strongly agree,I have heard of this,,I have heard of this,I have heard of this,,,,I have heard of this,,I have done/used this,,I have done/used this,I have done/used this,I have done/used this,I have done/used this,I have done/used this,Agree,Agree,Strongly agree,Disagree,Agree,Agree,Disagree,Agree,Yes,Yes,"Where psychologists are finding our that apparent credible psychological studies are not in fact true as classic studeis have been replicated and been found to not show similar results to the original experiment, despite using the same method/ apparatus etc.",No,No,Yes,
22/06/2020 11:23,22/06/2020 12:58,IP Address,100,5645,TRUE,22/06/2020 12:58,R_3PcUbxnr6XrT1Zb,anonymous,EN,Yes,Yes,UKRN08,,Full-time,Yes,,3,3rd Year,,,Psychology ,Yes,Female ,Agree,Disagree,Have no opinion,Disagree,Agree,Disagree,Agree,Have no opinion,Agree,Disagree,Strongly agree,Strongly disagree,Strongly agree,Strongly disagree,Disagree,Agree,,,,,,,,,I have done/used this,I have done/used this,I have done/used this,I have done/used this,I have done/used this,I have done/used this,I have done/used this,I have done/used this,Agree,Disagree,Agree,Disagree,Disagree,Agree,Disagree,Agree,Yes,Yes,"Difficultly in replication of studies due to Insufficient methodological materials supplied by researcher, inconsistent findings in research due to crisis and type II errors eyc.",Yes,Yes,Yes,"Used in dissertation consortium project, worked well realised the importance of pre-reg and open science "
22/06/2020 13:14,22/06/2020 13:22,IP Address,100,475,TRUE,22/06/2020 13:22,R_A4fvUDbf8oWCJUZ,anonymous,EN,Yes,Yes,UNI68,,Full-time,Yes,,4,4th Year,,,Psychology (with a professional placement year) ,Yes,Female ,Strongly agree,Disagree,Agree,Agree,Agree,Have no opinion,Disagree,Agree,Have no opinion,Have no opinion,Agree,Disagree,Agree,Agree,Disagree,Agree,,I have heard of this,I have heard of this,I have heard of this,,I have heard of this,,I have heard of this,,,,,,,,,Agree,Disagree,Agree,Agree,Strongly Agree,Disagree,Disagree,Have no opinion,Yes,Yes,When studies are not able to be replicated successfully,No,Not sure,Yes,
22/06/2020 13:10,22/06/2020 13:22,IP Address,100,723,TRUE,22/06/2020 13:22,R_2ZCdoGViL2BVs3q,anonymous,EN,Yes,Yes,UNI68,,Full-time,No,,3,2nd Year,,,Psychology,Yes,Female,Agree,Have no opinion,Agree,Disagree,Agree,Disagree,Strongly agree,Disagree,Strongly agree,Disagree,Have no opinion,Strongly disagree,Have no opinion,Have no opinion,Disagree,Agree,,,I have heard of this,,I have heard of this,,,I have heard of this,,,,,,,,I have done/used this,Agree,Disagree,Strongly agree,Agree,Agree,Disagree,Disagree,Agree,Yes,No,Old established study findings are not being reproduced when researcher replicate the studies today,No,No,Not sure,
22/06/2020 13:24,22/06/2020 13:32,IP Address,100,459,TRUE,22/06/2020 13:32,R_DiyRXsmPdYZTgZj,anonymous,EN,Yes,Yes,UNI68,,Full-time,Yes,,4,3rd Year,,,Psychology with Criminology (with professional placement year),Yes,Female ,Agree,Disagree,Have no opinion,Agree,Agree,Have no opinion,Strongly agree,Disagree,Have no opinion,Have no opinion,Have no opinion,Disagree,Have no opinion,Agree,Disagree,Have no opinion,I have heard of this,,I have heard of this,I have heard of this,,,,I have heard of this,,,,,,,,,Have no opinion,Agree,Agree,Agree,Agree,Disagree,Have no opinion,Agree,Not sure,,,Not sure,Not sure,Yes,
22/06/2020 12:31,22/06/2020 13:43,IP Address,100,4318,TRUE,22/06/2020 13:43,R_3lPqGmnFPCp5vfB,anonymous,EN,Yes,Yes,UNI68,,Full-time,No,,3,1st Year,,,Psychology BSc,Yes,Female,Agree,Disagree,Agree,Disagree,Agree,Disagree,Agree,Disagree,Strongly agree,Disagree,Agree,Strongly disagree,Agree,Disagree,Disagree,Have no opinion,I have heard of this,I have heard of this,I have heard of this,,,I have heard of this,,,,,I have done/used this,,,I have done/used this,,I have done/used this,Agree,Disagree,Strongly agree,Agree,Have no opinion,Strongly agree,Have no opinion,Agree,Yes,Yes,The inability to replicate studies and find the same results as the original study produced,Not sure,No,Yes,
22/06/2020 14:06,22/06/2020 14:16,IP Address,100,561,TRUE,22/06/2020 14:16,R_29ad2zctTqjSijr,anonymous,EN,Yes,Yes,UNI68,,Full-time,No,,4,3rd Year,,,Psychology,Yes,Female,Agree,Disagree,Agree,Disagree,Have no opinion,Have no opinion,Agree,Disagree,Agree,Strongly agree,Agree,Disagree,Agree,Disagree,Strongly disagree,Strongly agree,,,I have heard of this,,,,,I have heard of this,,,I have done/used this,,,,,I have done/used this,Agree,Have no opinion,Strongly agree,Have no opinion,Agree,Have no opinion,Disagree,Strongly agree,Yes,No,The inability to replicate methods of studies making it hard to determine reliability of the results of classic studies/theories,No,No,Not sure,
22/06/2020 14:13,22/06/2020 14:19,IP Address,100,366,TRUE,22/06/2020 14:19,R_2qaS3wFg2QBDcM9,anonymous,EN,Yes,Yes,UNI68,,Full-time,No,,3,2nd Year,,,BSc Psychology,No,Female,Agree,Strongly disagree,Agree,Disagree,Agree,Disagree,Strongly agree,Have no opinion,Agree,Agree,Agree,Disagree,Agree,Agree,Disagree,Agree,I have heard of this,I have heard of this,I have heard of this,,I have heard of this,I have heard of this,,I have heard of this,,,I have done/used this,,,,,I have done/used this,Agree,Disagree,Agree,Agree,Agree,Agree,Have no opinion,Agree,Yes,Yes,Crisis of trying to replicate findings while ignoring different external factors involved in the first study,Not sure,Not sure,Yes,
22/06/2020 14:23,22/06/2020 14:32,IP Address,100,483,TRUE,22/06/2020 14:32,R_3k1y7lzGMEtws0J,anonymous,EN,Yes,Yes,UNI68,,Full-time,No,,3,2nd Year,,,Psychology with clinical approaches,No,Female,Strongly agree,Disagree,Agree,Disagree,Strongly agree,Disagree,Agree,Disagree,Agree,Disagree,Have no opinion,Strongly disagree,Have no opinion,Agree,Disagree,Agree,I have heard of this,I have heard of this,,I have heard of this,I have heard of this,I have heard of this,,,,,I have done/used this,,,,I have done/used this,I have done/used this,Agree,Have no opinion,Agree,Disagree,Agree,Agree,Disagree,Agree,Not sure,,,No,No,Yes,Would make data collection easier and perhaps expand data sets already available making it more similar to the global population
22/06/2020 15:12,22/06/2020 15:17,IP Address,100,318,TRUE,22/06/2020 15:17,R_6PvYeD1bpklw17H,anonymous,EN,Yes,Yes,UNI68,,Full-time,No,,3,2nd Year,,,Psychology,Yes,Female ,Strongly agree,Disagree,Agree,Disagree,Agree,Have no opinion,Strongly agree,Disagree,Agree,Disagree,Strongly agree,Strongly disagree,Have no opinion,Disagree,Disagree,Agree,,,I have heard of this,,,,,I have heard of this,,,,,,,,I have done/used this,Agree,Disagree,Disagree,Agree,Agree,Agree,Disagree,Have no opinion,Yes,Yes,Most psychological studies and their results are not replicable ,No,No,Yes,
22/06/2020 15:46,22/06/2020 15:52,IP Address,100,361,TRUE,22/06/2020 15:52,R_3gNSxlO0WvQktmi,anonymous,EN,Yes,Yes,UNI68,,Full-time,No,,3,3rd Year,,,Psychology,Yes,Female,Agree,Disagree,Agree,Have no opinion,Agree,Disagree,Agree,Have no opinion,Agree,Agree,Agree,Disagree,Have no opinion,Disagree,Have no opinion,Agree,I have heard of this,,I have heard of this,I have heard of this,,,,I have heard of this,,,I have done/used this,,,,,,Agree,Disagree,Agree,Have no opinion,Agree,Have no opinion,Have no opinion,Agree,Not sure,,,No,No,Yes,
22/06/2020 17:01,22/06/2020 17:09,IP Address,100,503,TRUE,22/06/2020 17:09,R_UmRTKSJ1rRcxMGJ,anonymous,EN,Yes,Yes,UNI69,,Full-time,No,,4,1st Year,,,Psychology ,No,Female ,Strongly agree,Disagree,Agree,Agree,Have no opinion,Have no opinion,Strongly agree,Have no opinion,Disagree,Strongly agree,Strongly agree,Disagree,Agree,Strongly agree,Have no opinion,Agree,I have heard of this,I have heard of this,I have heard of this,I have heard of this,I have heard of this,I have heard of this,I have heard of this,I have heard of this,,,I have done/used this,,,,,,Agree,Disagree,Disagree,Strongly agree,Strongly Agree,Disagree,Disagree,Have no opinion,Not sure,,,Not sure,Not sure,Yes,
23/06/2020 00:04,23/06/2020 00:12,IP Address,100,514,TRUE,23/06/2020 00:12,R_24IZuxPTK9SeR8H,anonymous,EN,Yes,Yes,UNI68,,Full-time,Yes,,4,3rd Year,,,Bsc Pcyhology with a placement year,Yes,female,Agree,Disagree,Agree,Disagree,Agree,Disagree,Strongly agree,Agree,Agree,Agree,Have no opinion,Disagree,Disagree,Disagree,Agree,Agree,,I have heard of this,,,,,I have heard of this,I have heard of this,,,I have done/used this,I have done/used this,,I have done/used this,,I have done/used this,Agree,Disagree,Strongly agree,Have no opinion,Agree,Agree,Have no opinion,Agree,Yes,Not sure,That classical studies are being replicated but do not yield the same results.,Yes,Not sure,Yes,
23/06/2020 01:34,23/06/2020 01:41,IP Address,100,431,TRUE,23/06/2020 01:41,R_3iX73KI1Xp7jtI6,anonymous,EN,Yes,Yes,UNI68,,Full-time,Yes,,4,4th Year,,,Psychology with Neuroscience ,Yes,Female ,Strongly agree,Strongly disagree,Disagree,Strongly agree,Disagree,Agree,Agree,Have no opinion,Strongly disagree,Strongly agree,Strongly disagree,Strongly disagree,Have no opinion,Strongly disagree,Strongly disagree,Disagree,,,I have heard of this,,,,,I have heard of this,,,I have done/used this,,,,,,Disagree,Agree,Disagree,Agree,Agree,Strongly disagree,Agree,Disagree,No,,,No,No,Yes,
23/06/2020 03:07,23/06/2020 03:15,IP Address,100,480,TRUE,23/06/2020 03:15,R_byeLesZSJNa657r,anonymous,EN,Yes,Yes,UNI68,,Full-time,Yes,,4,3rd Year,,,Psychology BSc,Yes,Female,Strongly agree,Disagree,Have no opinion,Have no opinion,Have no opinion,Strongly disagree,Agree,Have no opinion,Agree,Disagree,Disagree,Disagree,Have no opinion,Disagree,Disagree,Agree,,,I have heard of this,,I have heard of this,I have heard of this,,I have heard of this,,,I have done/used this,,,,,,Agree,Disagree,Agree,Agree,Agree,Have no opinion,Agree,Agree,Not sure,,,Yes,No,No,
23/06/2020 04:48,23/06/2020 04:51,IP Address,100,235,TRUE,23/06/2020 04:52,R_2sSeKYUj8WhEYbC,anonymous,EN,Yes,Yes,UNI68,,Full-time,Yes,,4,2nd Year,,,psychology BSc with a professional placement year,No,female,Strongly agree,Strongly disagree,Agree,Strongly disagree,Agree,Strongly disagree,Strongly agree,Agree,Agree,Strongly disagree,Strongly agree,Disagree,Have no opinion,Have no opinion,Disagree,Have no opinion,,,,,,I have heard of this,,I have heard of this,,,,,,I have done/used this,,I have done/used this,Agree,Disagree,Agree,Have no opinion,Agree,Have no opinion,Agree,Have no opinion,Yes,Yes,,Not sure,Not sure,Yes,
23/06/2020 04:55,23/06/2020 05:07,IP Address,100,772,TRUE,23/06/2020 05:07,R_2c8gZfHf8eE7zYn,anonymous,EN,Yes,Yes,UNI68,,Full-time,No,,3,1st Year,,,Psychology with criminology ,Yes,Female,Strongly agree,Disagree,Agree,Agree,Have no opinion,Disagree,Agree,Have no opinion,Agree,Disagree,Have no opinion,Disagree,Have no opinion,Agree,Disagree,Agree,I have heard of this,I have heard of this,I have heard of this,I have heard of this,I have heard of this,I have heard of this,I have heard of this,I have heard of this,I have done/used this,,I have done/used this,I have done/used this,,I have done/used this,,I have done/used this,Agree,Have no opinion,Agree,Have no opinion,Agree,Agree,Disagree,Agree,Yes,Yes,Where other researchers do not find the same results from the original study when using the same methods suggesting there may be issues with accuracy ,Not sure,No,Yes,
23/06/2020 05:38,23/06/2020 05:43,IP Address,100,264,TRUE,23/06/2020 05:43,R_ZfnGcOrPIH1jiiR,anonymous,EN,Yes,Yes,UNI68,,Full-time,No,,4,4th Year,,,Psychology (with foundation year),Yes,Female,Strongly agree,Disagree,Have no opinion,Have no opinion,Strongly agree,Have no opinion,Strongly agree,Disagree,Strongly agree,Disagree,Strongly agree,Strongly disagree,Agree,Have no opinion,Have no opinion,Agree,I have heard of this,I have heard of this,I have heard of this,I have heard of this,I have heard of this,I have heard of this,I have heard of this,I have heard of this,,,,,,,,I have done/used this,Agree,Have no opinion,Have no opinion,Have no opinion,Disagree,Agree,Strongly disagree,Strongly disagree,Not sure,,,Not sure,Not sure,Yes,
23/06/2020 05:49,23/06/2020 05:58,IP Address,100,544,TRUE,23/06/2020 05:58,R_e4dl68EMuxBUJs5,anonymous,EN,Yes,Yes,UNI52,,Full-time,Other (Please specify),Optional ,3,1st Year,,,BSc Psychology ,Yes,Female ,Strongly agree,Strongly disagree,Agree,Disagree,Have no opinion,Have no opinion,Agree,Disagree,Strongly agree,Agree,Strongly agree,Disagree,Have no opinion,Disagree,Disagree,Agree,,,I have heard of this,,,I have heard of this,,I have heard of this,,,I have done/used this,,,,,,Strongly Agree,Disagree,Agree,Agree,Strongly Agree,Have no opinion,Strongly disagree,Agree,Yes,Yes,Psychology studies are near impossible to replicate ,Not sure,Yes,Yes,
23/06/2020 06:24,23/06/2020 06:34,IP Address,100,590,TRUE,23/06/2020 06:34,R_12F4xR2iMKph0AX,anonymous,EN,Yes,Yes,UNI68,,Full-time,No,,3,1st Year,,,BSc Psychology with Criminology,Yes,Female,Strongly agree,Strongly disagree,Strongly agree,Have no opinion,Strongly agree,Strongly disagree,Strongly agree,Have no opinion,Strongly agree,Strongly agree,Strongly agree,Disagree,Agree,Have no opinion,Strongly disagree,Strongly agree,I have heard of this,I have heard of this,I have heard of this,I have heard of this,,,I have heard of this,I have heard of this,,,,,,,,,Strongly Agree,Disagree,Agree,Agree,Strongly Agree,Strongly disagree,Disagree,Have no opinion,Yes,Yes,When a researcher copies someone´s research and gets different results that do not match with the original ones. ,Not sure,Yes,Yes,
22/06/2020 09:32,23/06/2020 06:55,IP Address,100,76959,TRUE,23/06/2020 06:55,R_3PX3uWhZPFpMdjs,anonymous,EN,Yes,Yes,UNI68,,Full-time,No,,3,1st Year,,,psychology bsc,Yes,female,Strongly agree,Strongly disagree,Have no opinion,Agree,Disagree,Agree,Strongly agree,Agree,Strongly agree,Agree,Agree,Disagree,Disagree,Disagree,Disagree,Disagree,,,,I have heard of this,,I have heard of this,,I have heard of this,,,I have done/used this,,,,,,Strongly Agree,Have no opinion,Agree,Disagree,Agree,Agree,Disagree,Have no opinion,Yes,Yes,widely cited studies not being replicated by other researchers,Not sure,No,Yes,
23/06/2020 07:29,23/06/2020 07:36,IP Address,100,428,TRUE,23/06/2020 07:36,R_TpBxoiY9peAlo65,anonymous,EN,Yes,Yes,UNI68,,Full-time,Other (Please specify),Study abroad year,4,4th Year,,,Psychology Bsc,Yes,male,Strongly agree,Disagree,Agree,Strongly disagree,Strongly agree,Disagree,Agree,Agree,Strongly agree,Strongly agree,Agree,Strongly disagree,Have no opinion,Agree,Strongly disagree,Agree,I have heard of this,,,,,,,,,,I have done/used this,,,I have done/used this,,I have done/used this,Strongly Agree,Strongly disagree,Agree,Agree,Disagree,Strongly agree,Strongly disagree,Have no opinion,Yes,Yes,"The results of studies are not reproduced in replications, hence tarnishing the credibility of the original findings",Not sure,Not sure,Yes,
23/06/2020 07:29,23/06/2020 07:42,IP Address,100,752,TRUE,23/06/2020 07:42,R_3pth2VwrM1ObqbX,anonymous,EN,Yes,Yes,UNI68,,Full-time,Yes,,4,1st Year,,,Psychology,No,Female ,Agree,Disagree,Strongly agree,Disagree,Have no opinion,Have no opinion,Agree,Have no opinion,Agree,Disagree,Agree,Strongly disagree,Agree,Strongly disagree,Have no opinion,Have no opinion,I have heard of this,I have heard of this,I have heard of this,I have heard of this,I have heard of this,I have heard of this,,I have heard of this,,,I have done/used this,,,I have done/used this,,,Agree,Disagree,Agree,Strongly disagree,Disagree,Strongly agree,Strongly disagree,Have no opinion,Yes,Yes,Where findings from many studies have not been reproduced when replicated,Yes,No,Yes,
23/06/2020 07:41,23/06/2020 07:52,IP Address,100,662,TRUE,23/06/2020 07:52,R_1jNSzPZ6j2ifIHi,anonymous,EN,Yes,Yes,UNI68,,Full-time,Yes,,4,3rd Year,,,Bsc Psychology ,Yes,Female ,Strongly agree,Strongly disagree,Agree,Agree,Agree,Disagree,Strongly agree,Disagree,Strongly agree,Disagree,Strongly agree,Disagree,Have no opinion,Disagree,Disagree,Disagree,I have heard of this,,,I have heard of this,,I have heard of this,I have heard of this,I have heard of this,,I have done/used this,I have done/used this,,,I have done/used this,I have done/used this,I have done/used this,Agree,Disagree,Agree,Agree,Agree,Disagree,Strongly disagree,Agree,Not sure,,,Yes,No,Yes,
23/06/2020 08:22,23/06/2020 08:30,IP Address,100,512,TRUE,23/06/2020 08:30,R_2WBY8J2U2fSnxyP,anonymous,EN,Yes,Yes,UNI68,,Full-time,No,,3,1st Year,,,psychology,No,male,Strongly agree,Disagree,Agree,Have no opinion,Strongly agree,Disagree,Agree,Have no opinion,Strongly agree,Disagree,Agree,Agree,Disagree,Strongly agree,Agree,Agree,I have heard of this,I have heard of this,I have heard of this,I have heard of this,I have heard of this,I have heard of this,,I have heard of this,I have done/used this,,I have done/used this,I have done/used this,,I have done/used this,,I have done/used this,Have no opinion,Have no opinion,Have no opinion,Agree,Have no opinion,Have no opinion,Have no opinion,Have no opinion,Yes,Yes,that it is impossible to reproduce experiments,No,No,Yes,
23/06/2020 08:38,23/06/2020 08:45,IP Address,100,437,TRUE,23/06/2020 08:45,R_33xVlXM0NwQixWL,anonymous,EN,Yes,Yes,UNI68,,Full-time,Other (Please specify),Study abroad,4,3rd Year,,,Psychology with business and management (with a year abroad in year 3),Yes,Female,Strongly agree,Strongly disagree,Strongly agree,Strongly disagree,Agree,Have no opinion,Strongly agree,Strongly disagree,Strongly agree,Have no opinion,Strongly agree,Strongly disagree,Strongly agree,Strongly disagree,Have no opinion,Strongly agree,,,I have heard of this,,,,,I have heard of this,,,I have done/used this,,,,,I have done/used this,Agree,Disagree,Strongly agree,Disagree,Strongly Agree,Have no opinion,Strongly disagree,Strongly agree,Yes,Not sure,Can’t remember ,No,Not sure,Yes,
23/06/2020 12:56,23/06/2020 13:04,IP Address,100,530,TRUE,23/06/2020 13:04,R_WfxCto5jfGemdt7,anonymous,EN,Yes,Yes,UNI68,,Full-time,Yes,,4,1st Year,,,Psychology ,No,Female ,Strongly agree,Disagree,Agree,Disagree,Agree,Disagree,Strongly agree,Disagree,Strongly agree,Strongly agree,Agree,Disagree,Strongly agree,Agree,Have no opinion,Agree,I have heard of this,,,I have heard of this,I have heard of this,,I have heard of this,,,I have done/used this,I have done/used this,,,I have done/used this,,I have done/used this,Strongly Agree,Disagree,Strongly agree,Strongly disagree,Agree,Have no opinion,Disagree,Strongly agree,Yes,Yes,Famous well known studies being replicated and not producing the same results,Yes,Not sure,Yes,
23/06/2020 06:44,23/06/2020 13:50,IP Address,100,25573,TRUE,23/06/2020 13:50,R_2YnXzv8mIQKcztc,anonymous,EN,Yes,Yes,UNI68,,Full-time,No,,3,1st Year,,,BSc Psychology with Neuroscience,No,female,Strongly agree,Strongly disagree,Agree,Strongly disagree,Agree,Strongly disagree,Agree,Disagree,Agree,Strongly agree,Strongly agree,Strongly disagree,Have no opinion,Strongly agree,Have no opinion,Agree,I have heard of this,I have heard of this,,I have heard of this,I have heard of this,,,,,,I have done/used this,,,I have done/used this,,I have done/used this,Strongly Agree,Strongly disagree,Strongly agree,Have no opinion,Disagree,Strongly agree,Strongly disagree,Agree,Yes,Yes,The lack of replication studies leading to false results being widely cited,Yes,Yes,Yes,
23/06/2020 13:49,23/06/2020 13:54,IP Address,100,339,TRUE,23/06/2020 13:54,R_1DJ82d4DENGp1Id,anonymous,EN,Yes,Yes,UNI68,,Full-time,No,,3,2nd Year,,,Bsc Psychology ,Yes,Male,Strongly agree,Disagree,Agree,Disagree,Strongly agree,Disagree,Strongly agree,Disagree,Agree,Agree,Strongly agree,Disagree,Strongly agree,Strongly agree,Have no opinion,Disagree,,,,,I have heard of this,,I have heard of this,,I have done/used this,I have done/used this,I have done/used this,I have done/used this,I have done/used this,I have done/used this,I have done/used this,I have done/used this,Strongly Agree,Have no opinion,Strongly agree,Disagree,Agree,Agree,Disagree,Agree,Yes,Yes,Confirmation bias,Not sure,No,Yes,
23/06/2020 23:52,24/06/2020 00:00,IP Address,100,526,TRUE,24/06/2020 00:00,R_3e9W4oQb2Qzi97s,anonymous,EN,Yes,Yes,UNI68,,Full-time,Yes,,3,3rd Year,,,Psychology,Yes,Female,Agree,Strongly disagree,Agree,Disagree,Disagree,Agree,Agree,Agree,Agree,Strongly agree,Agree,Strongly disagree,Agree,Strongly disagree,Agree,Disagree,I have heard of this,I have heard of this,I have heard of this,I have heard of this,,,,I have heard of this,,,,,,,,,Strongly Agree,Strongly disagree,Strongly agree,Disagree,Disagree,Agree,Disagree,Disagree,Yes,Yes,Research doesn't find out new things anymore. There's just a focus on replicated the past ,Yes,Yes,Yes,
24/06/2020 03:38,24/06/2020 03:55,IP Address,100,1028,TRUE,24/06/2020 03:55,R_W9uvTkOxAOzhfON,anonymous,EN,Yes,Yes,UNI68,,Full-time,No,,4,1st Year,,,Psychology with clinical approaches ,Yes,Female,Strongly agree,Disagree,Agree,Disagree,Agree,Disagree,Agree,Disagree,Agree,Disagree,Agree,Strongly disagree,Agree,Disagree,Disagree,Strongly agree,I have heard of this,,,I have heard of this,I have heard of this,,I have heard of this,I have heard of this,,I have done/used this,I have done/used this,,,I have done/used this,,,Strongly Agree,Disagree,Agree,Disagree,Strongly Agree,Disagree,Disagree,Agree,Yes,Yes,"Where a lot of the famously quoted findings in psychology, after being replicated, do not find the same results.",No,No,Yes,
24/06/2020 07:28,24/06/2020 07:40,IP Address,100,677,TRUE,24/06/2020 07:40,R_1rIZqreg7JUYFPq,anonymous,EN,Yes,Yes,UNI68,,Full-time,No,,3,1st Year,,,Psychology,No,female,Strongly agree,Strongly disagree,Strongly agree,Disagree,Have no opinion,Disagree,Agree,Agree,Agree,Disagree,Agree,Strongly disagree,Strongly agree,Strongly agree,Disagree,Have no opinion,I have heard of this,,,I have heard of this,I have heard of this,I have heard of this,I have heard of this,I have heard of this,,I have done/used this,I have done/used this,,,,,,Strongly Agree,Disagree,Strongly agree,Agree,Agree,Agree,Strongly disagree,Agree,Yes,Yes,"The replication crisis refers to a substantial problem in psychological research. It is when famous studies won't give us the same result when replicated. This makes the original study lose all, or most, of its validity and credibility. Studies can't be reliable If they aren't replicable",No,Not sure,Yes,
24/06/2020 08:54,24/06/2020 09:00,IP Address,100,383,TRUE,24/06/2020 09:00,R_1CIKOQmJorUQsuk,anonymous,EN,Yes,Yes,UNI01,,Full-time,No,,3,2nd Year,,,Psychology with Criminology BSc (Hons),Yes,Female ,Agree,Disagree,Agree,Disagree,Agree,Disagree,Agree,Disagree,Agree,Strongly agree,Agree,Disagree,Agree,Disagree,Disagree,Agree,I have heard of this,,I have heard of this,,,,,I have heard of this,,,I have done/used this,,,,,,Agree,Disagree,Agree,Have no opinion,Agree,Agree,Disagree,Have no opinion,Not sure,,,Not sure,Not sure,Yes,
25/06/2020 03:38,25/06/2020 03:55,IP Address,100,1021,TRUE,25/06/2020 03:55,R_2Pb681XDgwGnuLq,anonymous,EN,Yes,Yes,UKRN08,,Part-time,Yes,,,,4,1st Year,BSC HONS Psychology ,No,Male,Strongly agree,Strongly disagree,Strongly agree,Agree,Agree,Have no opinion,Strongly agree,Strongly disagree,Agree,Have no opinion,Agree,Agree,Strongly agree,Agree,Agree,Strongly agree,I have heard of this,I have heard of this,I have heard of this,I have heard of this,I have heard of this,I have heard of this,I have heard of this,I have heard of this,,,,,,,,I have done/used this,Agree,Have no opinion,Disagree,Have no opinion,Agree,Have no opinion,Agree,Disagree,Yes,Yes,,Yes,Yes,Yes,"Yes. I learnt about this in year 1 and if that’s the same with others, then I would say so"
22/06/2020 16:56,25/06/2020 04:27,IP Address,100,214270,TRUE,25/06/2020 04:27,R_2fs4fSEnaBGNXfB,anonymous,EN,Yes,Yes,UNI68,,Full-time,No,,3,3rd Year,,,Psychology,Yes,Female,Agree,Disagree,Strongly agree,Disagree,Agree,Disagree,Agree,Agree,Agree,Agree,Have no opinion,Strongly disagree,Have no opinion,Strongly disagree,Have no opinion,Disagree,,,,,,,I have heard of this,,,I have done/used this,I have done/used this,,,,,I have done/used this,Agree,Disagree,Strongly agree,Agree,Disagree,Agree,Have no opinion,Agree,Yes,Yes,new research and journal articles all started to be based on replicating original studies over and over until disproved,Not sure,Not sure,Yes,
25/06/2020 05:46,25/06/2020 05:58,IP Address,100,692,TRUE,25/06/2020 05:58,R_3s4XUXuqALswtQS,anonymous,EN,Yes,Yes,UNI52,,Full-time,No,,3,1st Year,,,Music and Psychology BA (hons),No,female,Strongly agree,Strongly disagree,Strongly agree,Agree,Strongly agree,Strongly disagree,Strongly agree,Strongly disagree,Agree,Strongly disagree,Strongly agree,Strongly disagree,Have no opinion,Strongly agree,Strongly disagree,Have no opinion,I have heard of this,I have heard of this,,,,,,,,,I have done/used this,I have done/used this,,I have done/used this,,I have done/used this,Strongly Agree,Have no opinion,Strongly agree,Have no opinion,Disagree,Strongly agree,Strongly disagree,Strongly agree,Yes,Yes,"I believe it does exist, and is a problem. However, we must also accept that humans desire certainty, and science infrequently provides it, therefore in some cases it is natural for there to be inconsistencies.",Yes,Yes,Yes,
19/06/2020 03:50,19/06/2020 03:50,IP Address,27,18,FALSE,26/06/2020 03:50,R_23f9CxNALAIxXdg,anonymous,EN,Yes,Yes,UNI69,,Full-time,Yes,,,,,,,,,,,,,,,,,,,,,,,,,,,,,,,,,,,,,,,,,,,,,,,,,,,,,,,
19/06/2020 04:00,19/06/2020 04:02,IP Address,46,94,FALSE,26/06/2020 04:02,R_AiLSiEi3fsaHxER,anonymous,EN,Yes,Yes,UKRN08,,Full-time,No,,3,2nd Year,,,Psychology with Criminology ,No,Female,,,,,,,,,,,,,,,,,,,,,,,,,,,,,,,,,,,,,,,,,,,,,,,
19/06/2020 04:04,19/06/2020 04:05,IP Address,46,45,FALSE,26/06/2020 04:05,R_2DV1TFV7Ksmiifi,anonymous,EN,Yes,Yes,UKRN08,,Full-time,No,,3,3rd Year,,,Psychology,Yes,F,,,,,,,,,,,,,,,,,,,,,,,,,,,,,,,,,,,,,,,,,,,,,,,
19/06/2020 04:01,19/06/2020 04:08,IP Address,97,412,FALSE,26/06/2020 04:09,R_1JJbJu8LwbfzAEA,anonymous,EN,Yes,Yes,UKRN08,,Full-time,Yes,,4,4th Year,,,Psychology BSc (Hons),Yes,Female,Have no opinion,Have no opinion,Have no opinion,Have no opinion,Have no opinion,Have no opinion,Have no opinion,Have no opinion,Have no opinion,Have no opinion,Have no opinion,Have no opinion,Have no opinion,Have no opinion,Have no opinion,Have no opinion,I have heard of this,I have heard of this,I have heard of this,I have heard of this,I have heard of this,I have heard of this,I have heard of this,I have heard of this,,,,,,,,,Have no opinion,Have no opinion,Have no opinion,Have no opinion,Have no opinion,Have no opinion,Have no opinion,Have no opinion,Yes,Yes,DO NOT USE MY DATA - I am also an open science researcher (not a student) and was interested to see what your study was about.,Yes,Yes,Yes,
26/06/2020 04:04,26/06/2020 04:12,IP Address,100,420,TRUE,26/06/2020 04:12,R_3pmuvVSTnDY5ABo,anonymous,EN,Yes,Yes,UNI69,,Full-time,No,,4,3rd Year,,,Psychology ,No,Female ,Strongly agree,Strongly disagree,Agree,Strongly disagree,Strongly agree,Strongly disagree,Agree,Strongly disagree,Strongly agree,Strongly agree,Agree,Strongly disagree,Agree,Strongly disagree,Disagree,Strongly agree,,,I have heard of this,,,I have heard of this,I have heard of this,I have heard of this,,,I have done/used this,,,I have done/used this,I have done/used this,I have done/used this,Strongly Agree,Strongly disagree,Strongly agree,Strongly disagree,Agree,Disagree,Agree,Strongly agree,Yes,,Many researchers investigating the same subject areas.,Not sure,Yes,Yes,
19/06/2020 04:11,19/06/2020 04:12,IP Address,46,69,FALSE,26/06/2020 04:12,R_2U2PVSq9ZT2m73d,anonymous,EN,Yes,Yes,UKRN08,,Full-time,Yes,,3,1st Year,,,Psychology ,No,Female,,,,,,,,,,,,,,,,,,,,,,,,,,,,,,,,,,,,,,,,,,,,,,,
19/06/2020 04:21,19/06/2020 04:24,IP Address,46,170,FALSE,26/06/2020 04:24,R_3FR2asAdLaSRP8q,anonymous,EN,Yes,Yes,UKRN08,,Full-time,No,,3,2nd Year,,,Psychology ,Yes,Female,,,,,,,,,,,,,,,,,,,,,,,,,,,,,,,,,,,,,,,,,,,,,,,
19/06/2020 05:11,19/06/2020 05:14,IP Address,46,176,FALSE,26/06/2020 05:14,R_1nZXwytFM1FKemT,anonymous,EN,Yes,Yes,Other,,Full-time,Yes,,3,3rd Year,,,Psychology,No,f,,,,,,,,,,,,,,,,,,,,,,,,,,,,,,,,,,,,,,,,,,,,,,,
19/06/2020 05:45,19/06/2020 05:46,IP Address,46,57,FALSE,26/06/2020 05:46,R_aag9Q1YHEtPCeT7,anonymous,EN,Yes,Yes,UKRN08,,Full-time,No,,3,1st Year,,,Psychology,Yes,Female ,,,,,,,,,,,,,,,,,,,,,,,,,,,,,,,,,,,,,,,,,,,,,,,
26/06/2020 05:48,26/06/2020 05:54,IP Address,100,305,TRUE,26/06/2020 05:54,R_1lbOF4rmKoyqQHo,anonymous,EN,Yes,Yes,UKRN08,,Full-time,Yes,,3,2nd Year,,,Psychology ,Yes,Female,Strongly agree,Strongly disagree,Strongly agree,Strongly disagree,Agree,Disagree,Strongly agree,Strongly disagree,Strongly agree,Disagree,Strongly agree,Strongly disagree,Strongly agree,Strongly disagree,Disagree,Agree,I have heard of this,I have heard of this,,,,,,,,,I have done/used this,,,,,I have done/used this,Strongly Agree,Strongly disagree,Strongly agree,Agree,Strongly Agree,Disagree,Disagree,Have no opinion,Yes,Yes,Where key/famous studies were replicated without finding the same results (discounting lots of widely accepted findings),Yes,Yes,Yes,
19/06/2020 06:13,19/06/2020 06:24,IP Address,81,663,FALSE,26/06/2020 06:24,R_3dNejWeJaut0ycm,anonymous,EN,Yes,Yes,UKRN08,,Full-time,No,,3,2nd Year,,,Psychology ,Yes,male,Agree,Disagree,Agree,Agree,Disagree,Disagree,Agree,Agree,Agree,Agree,Agree,Strongly disagree,Have no opinion,Strongly agree,Strongly disagree,Strongly agree,,,I have heard of this,,,I have heard of this,,I have heard of this,,,I have done/used this,,,I have done/used this,,,Strongly Agree,Strongly disagree,Strongly agree,Agree,Strongly Agree,Disagree,Have no opinion,Have no opinion,Yes,,,,,,
19/06/2020 06:28,19/06/2020 06:37,IP Address,46,544,FALSE,26/06/2020 06:37,R_2ZBwE4QL1n1otrl,anonymous,EN,Yes,Yes,UKRN08,,Full-time,Yes,,4,1st Year,,,Psychology Bsc,Yes,Female,,,,,,,,,,,,,,,,,,,,,,,,,,,,,,,,,,,,,,,,,,,,,,,
19/06/2020 06:49,19/06/2020 06:55,IP Address,59,369,FALSE,26/06/2020 06:56,R_1DV8xrrJSTRIpzQ,anonymous,EN,Yes,Yes,UNI69,,Full-time,No,,4,1st Year,,,Foundation year psychology ,No,Female,Strongly agree,Have no opinion,Agree,Have no opinion,Agree,Disagree,Agree,Disagree,Strongly agree,Agree,Agree,Strongly agree,Have no opinion,Agree,Strongly agree,Agree,I have heard of this,I have heard of this,I have heard of this,,,,,I have heard of this,,,,I have done/used this,I have done/used this,I have done/used this,,,Agree,Disagree,,,,,,,,,,,,,
19/06/2020 06:55,19/06/2020 06:56,IP Address,46,71,FALSE,26/06/2020 06:56,R_Wro60H9gHdC8y6R,anonymous,EN,Yes,Yes,UKRN08,,Full-time,Yes,,3,2nd Year,,,Psychology,No,Female,,,,,,,,,,,,,,,,,,,,,,,,,,,,,,,,,,,,,,,,,,,,,,,
19/06/2020 07:27,19/06/2020 07:28,IP Address,46,62,FALSE,26/06/2020 07:28,R_2rHhsNLmTYVPfmg,anonymous,EN,Yes,Yes,UKRN08,,Full-time,Yes,,3,1st Year,,,Psychology ,Yes,Female ,,,,,,,,,,,,,,,,,,,,,,,,,,,,,,,,,,,,,,,,,,,,,,,
19/06/2020 07:32,19/06/2020 07:34,IP Address,46,68,FALSE,26/06/2020 07:34,R_3NJWeKJfT8vtxU8,anonymous,EN,Yes,Yes,UNI52,,Full-time,Yes,,3,1st Year,,,Child and Youth and Psychology,Yes,female,,,,,,,,,,,,,,,,,,,,,,,,,,,,,,,,,,,,,,,,,,,,,,,
19/06/2020 07:32,19/06/2020 07:35,IP Address,46,126,FALSE,26/06/2020 07:35,R_1oBIR90UgQO6Kka,anonymous,EN,Yes,Yes,UNI52,,Full-time,No,,3,3rd Year,,,Psychology,Yes,Female,,,,,,,,,,,,,,,,,,,,,,,,,,,,,,,,,,,,,,,,,,,,,,,
19/06/2020 07:31,19/06/2020 07:37,IP Address,70,363,FALSE,26/06/2020 07:37,R_bkMIofGNp68Pn0J,anonymous,EN,Yes,Yes,UNI52,,Full-time,No,,3,3rd Year,,,Psychology Bsc,No,Female,Agree,Disagree,Disagree,Strongly agree,Agree,Agree,Agree,Strongly disagree,Agree,Have no opinion,Agree,Disagree,Agree,Agree,Agree,Have no opinion,I have heard of this,I have heard of this,I have heard of this,,,I have heard of this,,I have heard of this,,,,I have done/used this,I have done/used this,,I have done/used this,,Disagree,Agree,Have no opinion,Have no opinion,Agree,Disagree,,,,,,,,,
19/06/2020 07:39,19/06/2020 07:40,IP Address,19,29,FALSE,26/06/2020 07:40,R_1OUIhrmPauSn3Oa,anonymous,EN,Yes,Yes,UNI52,,,,,,,,,,,,,,,,,,,,,,,,,,,,,,,,,,,,,,,,,,,,,,,,,,,,,,,,,,
19/06/2020 07:39,19/06/2020 07:43,IP Address,51,246,FALSE,26/06/2020 07:43,R_eXpxYPhhJg8rYBz,anonymous,EN,Yes,Yes,UNI52,,Full-time,No,,3,1st Year,,,Psychology ,Yes,Female,Strongly agree,Disagree,Agree,Disagree,Agree,Disagree,Have no opinion,Have no opinion,Agree,Disagree,Agree,Strongly disagree,Strongly disagree,Disagree,Disagree,Agree,I have heard of this,I have heard of this,,I have heard of this,I have heard of this,,I have heard of this,,,,I have done/used this,,,I have done/used this,,I have done/used this,,,,,,,,,,,,,,,
19/06/2020 07:41,19/06/2020 07:44,IP Address,51,168,FALSE,26/06/2020 07:44,R_23fy8QypU7J25jR,anonymous,EN,Yes,Yes,UNI52,,Full-time,No,,3,3rd Year,,,Childhood & Youth and Psychology ,No,female ,Agree,Disagree,Agree,Disagree,Strongly agree,Disagree,Strongly agree,Disagree,Agree,Agree,Agree,Disagree,Strongly agree,Have no opinion,Have no opinion,Agree,I have heard of this,I have heard of this,I have heard of this,,,,,I have heard of this,I have done/used this,I have done/used this,I have done/used this,,,,,I have done/used this,,,,,,,,,,,,,,,
19/06/2020 07:42,19/06/2020 07:48,IP Address,59,342,FALSE,26/06/2020 07:48,R_1jPMdgPEskEw4o0,anonymous,EN,Yes,Yes,UNI52,,Full-time,No,,3,1st Year,,,Psychology,Yes,Female,Agree,Strongly disagree,Have no opinion,Have no opinion,Agree,Disagree,Agree,Disagree,Agree,Disagree,Agree,Strongly disagree,Have no opinion,Agree,Disagree,Have no opinion,I have heard of this,,I have heard of this,,,,,I have heard of this,,,,,,,,,Strongly Agree,Disagree,,,,,,,,,,,,,
19/06/2020 08:04,19/06/2020 08:05,IP Address,46,56,FALSE,26/06/2020 08:05,R_30vIMppUrtXjccB,anonymous,EN,Yes,Yes,UNI52,,Full-time,No,,3,1st Year,,,BA MUSIC AND PSYCHOLOGY,No,FEMALE ,,,,,,,,,,,,,,,,,,,,,,,,,,,,,,,,,,,,,,,,,,,,,,,
19/06/2020 08:12,19/06/2020 08:17,IP Address,65,313,FALSE,26/06/2020 08:17,R_1Nl9mgjklv5i7k6,anonymous,EN,Yes,Yes,UKRN08,,Full-time,No,,3,3rd Year,,,Psychology,Yes,,Agree,Disagree,Have no opinion,Strongly disagree,Agree,Disagree,Have no opinion,Have no opinion,Agree,Strongly disagree,Have no opinion,Strongly disagree,Agree,Disagree,Strongly disagree,Agree,,,I have heard of this,I have heard of this,I have heard of this,,I have heard of this,I have heard of this,,,I have done/used this,,,,,,Agree,Strongly disagree,Have no opinion,Strongly disagree,,,,,,,,,,,
19/06/2020 08:19,19/06/2020 08:24,IP Address,51,322,FALSE,26/06/2020 08:25,R_Avx039rhZ3x4xnb,anonymous,EN,Yes,Yes,UNI52,,Full-time,No,,3,3rd Year,,,Psychology ,Yes,Female,Agree,Strongly disagree,Have no opinion,Strongly disagree,Have no opinion,Disagree,Strongly agree,Disagree,Disagree,Strongly agree,Agree,Strongly disagree,Agree,Disagree,Strongly disagree,Strongly agree,I have heard of this,I have heard of this,I have heard of this,I have heard of this,I have heard of this,I have heard of this,I have heard of this,I have heard of this,I have done/used this,I have done/used this,I have done/used this,,,,,,,,,,,,,,,,,,,,
19/06/2020 08:32,19/06/2020 08:33,IP Address,46,50,FALSE,26/06/2020 08:33,R_3CTt3cSatKAF9uO,anonymous,EN,Yes,Yes,UNI52,,Part-time,No,,,,2,5th Year,Psychology conversion ,No,Female,,,,,,,,,,,,,,,,,,,,,,,,,,,,,,,,,,,,,,,,,,,,,,,
19/06/2020 08:49,19/06/2020 09:10,IP Address,59,1301,FALSE,26/06/2020 09:11,R_2Uh1ZyQJ2q14l1q,anonymous,EN,Yes,Yes,UNI52,,Full-time,No,,3,2nd Year,,,Psychology ,Yes,female ,Agree,Disagree,Agree,Agree,Have no opinion,Disagree,Have no opinion,Agree,Have no opinion,Disagree,Disagree,Strongly disagree,Have no opinion,Agree,Have no opinion,Agree,,,I have heard of this,,I have heard of this,I have heard of this,,I have heard of this,,,,,,,,I have done/used this,Agree,Have no opinion,,,,,,,,,,,,,
19/06/2020 09:56,19/06/2020 09:58,IP Address,51,120,FALSE,26/06/2020 09:58,R_zTonLclfoCc3efL,anonymous,EN,Yes,Yes,UNI52,,Full-time,No,,3,2nd Year,,,Criminology and Psychology ,Yes,Female ,Agree,Agree,Agree,Agree,Agree,Agree,Agree,Agree,Agree,Agree,Agree,Agree,Agree,Agree,Agree,Agree,I have heard of this,I have heard of this,I have heard of this,,,I have heard of this,,,,,,I have done/used this,I have done/used this,,I have done/used this,I have done/used this,,,,,,,,,,,,,,,
19/06/2020 09:59,19/06/2020 10:01,IP Address,46,97,FALSE,26/06/2020 10:01,R_1dLGEEaHzLOu2a6,anonymous,EN,Yes,Yes,UNI52,,Full-time,No,,3,2nd Year,,,Psychology,No,Female ,,,,,,,,,,,,,,,,,,,,,,,,,,,,,,,,,,,,,,,,,,,,,,,
19/06/2020 10:53,19/06/2020 10:54,IP Address,46,46,FALSE,26/06/2020 10:55,R_1mxXr1iFCKXxQnq,anonymous,EN,Yes,Yes,UNI52,,Full-time,No,,3,1st Year,,,Early childhood and psychology ,Yes,,,,,,,,,,,,,,,,,,,,,,,,,,,,,,,,,,,,,,,,,,,,,,,,
26/06/2020 15:13,26/06/2020 18:14,IP Address,100,10891,TRUE,26/06/2020 18:14,R_3KBbE6SVpsdpIUL,anonymous,EN,Yes,Yes,UNI68,,Full-time,No,,3,1st Year,,,Psychology with Neuroscience,Yes,Male,Disagree,Strongly agree,Strongly agree,Strongly disagree,Strongly agree,Strongly disagree,Strongly agree,Strongly disagree,Strongly agree,Strongly disagree,Strongly agree,Strongly disagree,Strongly agree,Have no opinion,Strongly disagree,Strongly agree,I have heard of this,I have heard of this,I have heard of this,I have heard of this,I have heard of this,I have heard of this,,I have heard of this,,,,,,,,,Strongly Agree,Strongly disagree,Strongly agree,Strongly disagree,Strongly Agree,Strongly disagree,Strongly disagree,Strongly agree,Yes,Yes,Many published studies before 2011 cannot be replicated because samples are too small and the research methods are problematic.,Yes,No,Yes,Every undergrad and postgrad student should be aware of Open Science and the replicability crisis. 
20/06/2020 02:11,20/06/2020 02:14,IP Address,59,212,FALSE,27/06/2020 02:14,R_1IKwByb1jDf8m1O,anonymous,EN,Yes,Yes,UKRN08,,Full-time,Yes,,4,2nd Year,,,BSC Psychology with criminology ,Yes,Female ,Agree,Disagree,Strongly disagree,Agree,Agree,Disagree,Strongly agree,Strongly disagree,Agree,Agree,Strongly agree,Strongly disagree,Have no opinion,Disagree,Have no opinion,Disagree,,I have heard of this,I have heard of this,,,,,I have heard of this,,I have done/used this,I have done/used this,,,,,I have done/used this,Disagree,Agree,,,,,,,,,,,,,
27/06/2020 02:43,27/06/2020 02:51,IP Address,100,445,TRUE,27/06/2020 02:51,R_3oTRJHGlWYQDKdM,anonymous,EN,Yes,Yes,UNI68,,Full-time,No,,3,1st Year,,,Psychology ,Yes,Female,Agree,Disagree,Strongly agree,Disagree,Strongly agree,Have no opinion,Strongly agree,Disagree,Agree,Disagree,Agree,Disagree,Agree,Agree,Have no opinion,Agree,,I have heard of this,,I have heard of this,I have heard of this,,I have heard of this,,I have done/used this,,I have done/used this,,,I have done/used this,,I have done/used this,Agree,Disagree,Strongly agree,Disagree,Agree,Have no opinion,Disagree,Agree,Yes,Yes,a problem where many studies cannot be replicated,Yes,No,Yes,
20/06/2020 04:57,20/06/2020 05:12,IP Address,59,854,FALSE,27/06/2020 05:12,R_BxgpZa5mKCPgPC1,anonymous,EN,Yes,Yes,UKRN08,,Full-time,Yes,,4,3rd Year,,,Psychology,Yes,Female,Have no opinion,Agree,Have no opinion,Disagree,Agree,Disagree,Strongly agree,Agree,Agree,Agree,Agree,Disagree,Have no opinion,Disagree,Agree,Agree,I have heard of this,I have heard of this,I have heard of this,I have heard of this,I have heard of this,I have heard of this,I have heard of this,I have heard of this,,,I have done/used this,,I have done/used this,I have done/used this,,I have done/used this,Agree,Agree,,,,,,,,,,,,,
20/06/2020 09:50,20/06/2020 09:51,IP Address,46,68,FALSE,27/06/2020 09:52,R_3iqmaEbVJRNiXgG,anonymous,EN,Yes,Yes,UKRN08,,Full-time,Yes,,3,2nd Year,,,Psychology BSc,Yes,Female,,,,,,,,,,,,,,,,,,,,,,,,,,,,,,,,,,,,,,,,,,,,,,,
20/06/2020 12:50,20/06/2020 13:00,IP Address,81,603,FALSE,27/06/2020 13:00,R_3HXrBbVHmp9EGjI,anonymous,EN,Yes,Yes,UNI69,,Full-time,No,,3,1st Year,,,Psychology ,Yes,Female ,Strongly agree,Disagree,Disagree,Agree,Have no opinion,Have no opinion,Strongly agree,Strongly disagree,Agree,Have no opinion,Agree,Disagree,Agree,Agree,Have no opinion,Have no opinion,I have heard of this,I have heard of this,I have heard of this,,,,I have heard of this,I have heard of this,,,,I have done/used this,I have done/used this,I have done/used this,,,Disagree,Agree,Strongly agree,Agree,Agree,Disagree,Disagree,Disagree,Yes,,,,,,
28/06/2020 10:06,28/06/2020 10:13,IP Address,100,461,TRUE,28/06/2020 10:13,R_2TuutE9hejIIrmo,anonymous,EN,Yes,Yes,UNI68,,Full-time,No,,3,1st Year,,,Psychology,Yes,Female,Strongly agree,Strongly disagree,Disagree,Disagree,Agree,Disagree,Have no opinion,Agree,Strongly agree,Agree,Strongly agree,Strongly disagree,Agree,Strongly agree,Disagree,Strongly agree,,,I have heard of this,I have heard of this,,,,I have heard of this,,,I have done/used this,,,,,,Agree,Agree,Disagree,Strongly agree,Strongly Agree,Have no opinion,Strongly disagree,Agree,Yes,Yes,where attempts to replicate findings in published research are unsuccessful meaning they could be incorrect,No,No,Yes,
28/06/2020 21:16,28/06/2020 21:32,IP Address,100,924,TRUE,28/06/2020 21:32,R_2QRMPHzkYnbqT0B,anonymous,EN,Yes,Yes,UNI68,,Full-time,No,,3,2nd Year,,,Psychology,No,Female,Strongly agree,Strongly disagree,Agree,Disagree,Agree,Disagree,Have no opinion,Agree,Agree,Have no opinion,Strongly agree,Strongly disagree,Agree,Strongly agree,Have no opinion,Have no opinion,,,,I have heard of this,I have heard of this,,I have heard of this,,I have done/used this,I have done/used this,I have done/used this,,,I have done/used this,,I have done/used this,Have no opinion,Agree,Agree,Agree,Disagree,Agree,Disagree,Have no opinion,Yes,No,inappropriately replicating other people's work,Not sure,Not sure,Yes,
22/06/2020 07:06,22/06/2020 07:08,IP Address,46,77,FALSE,29/06/2020 07:08,R_3hxXOjdYCIcbmxi,anonymous,EN,Yes,Yes,UNI68,,Full-time,No,,3,2nd Year,,,Psychology,Yes,Male,,,,,,,,,,,,,,,,,,,,,,,,,,,,,,,,,,,,,,,,,,,,,,,
20/06/2020 07:13,22/06/2020 09:17,IP Address,46,180256,FALSE,29/06/2020 09:17,R_1oGd8GdyZI8T0m4,anonymous,EN,Yes,Yes,UNI52,,Full-time,No,,3,2nd Year,,,Psychology and Childhood and Youth (combined),Yes,Female,,,,,,,,,,,,,,,,,,,,,,,,,,,,,,,,,,,,,,,,,,,,,,,
22/06/2020 11:49,22/06/2020 11:49,IP Address,14,12,FALSE,29/06/2020 11:49,R_VLlog20txtJYReF,anonymous,EN,Yes,Yes,,,,,,,,,,,,,,,,,,,,,,,,,,,,,,,,,,,,,,,,,,,,,,,,,,,,,,,,,,,
22/06/2020 12:07,22/06/2020 12:09,IP Address,46,142,FALSE,29/06/2020 12:09,R_1LGs128JXtq4xd6,anonymous,EN,Yes,Yes,UNI68,,Full-time,No,,3,2nd Year,,,Psychology with criminology ,Yes,Female,,,,,,,,,,,,,,,,,,,,,,,,,,,,,,,,,,,,,,,,,,,,,,,
29/06/2020 12:35,29/06/2020 12:50,IP Address,100,908,TRUE,29/06/2020 12:50,R_OqANRUPQc9YWCVX,anonymous,EN,Yes,Yes,UKRN08,,Full-time,No,,4,1st Year,,,Psychology,No,female,Agree,Disagree,Disagree,Strongly disagree,Agree,Strongly disagree,Strongly agree,Disagree,Agree,Disagree,Strongly agree,Strongly disagree,Have no opinion,Agree,Disagree,Agree,,,,I have heard of this,,,,I have heard of this,I have done/used this,,I have done/used this,,,,,,Strongly Agree,Strongly disagree,Strongly agree,Disagree,Disagree,Agree,Disagree,Strongly agree,Yes,Yes,Psychology researchers trying to replicate studies from years ago and not getting the same results.,Yes,Yes,Yes,
29/06/2020 13:05,29/06/2020 13:21,IP Address,100,916,TRUE,29/06/2020 13:21,R_1jV2EUbvelQHWPV,anonymous,EN,Yes,Yes,UNI68,,Full-time,Yes,,4,1st Year,,,Psychology With A Professional Placement Year,Yes,Female,Strongly agree,Strongly disagree,Strongly agree,Strongly disagree,Agree,Strongly disagree,Agree,Disagree,Strongly agree,Agree,Agree,Disagree,Agree,Have no opinion,Disagree,Strongly agree,I have heard of this,,I have heard of this,I have heard of this,,I have heard of this,,I have heard of this,,,I have done/used this,,,I have done/used this,,I have done/used this,Agree,Disagree,Agree,Strongly disagree,Agree,Disagree,Strongly disagree,Agree,Yes,Yes,"Where well known studies cannot get the same results for various reasons including manipulation of data, bad analysis etc.",No,No,Yes,
22/06/2020 15:50,22/06/2020 15:51,IP Address,27,27,FALSE,29/06/2020 15:51,R_1pSBjMBnehthZDx,anonymous,EN,Yes,Yes,UNI52,,Full-time,No,,,,,,,,,,,,,,,,,,,,,,,,,,,,,,,,,,,,,,,,,,,,,,,,,,,,,,,
29/06/2020 16:38,29/06/2020 16:51,IP Address,100,826,TRUE,29/06/2020 16:51,R_3potz6EzPRPIlDP,anonymous,EN,Yes,Yes,UNI68,,Full-time,No,,3,3rd Year,,,Psychology with Clinical Approaches,Yes,Female,Agree,Strongly disagree,Agree,Disagree,Agree,Disagree,Strongly agree,Have no opinion,Have no opinion,Agree,Have no opinion,Strongly disagree,Agree,Disagree,Disagree,Have no opinion,I have heard of this,,I have heard of this,I have heard of this,,,,I have heard of this,,,I have done/used this,I have done/used this,,,,I have done/used this,Strongly Agree,Agree,Strongly agree,Have no opinion,Agree,Agree,Have no opinion,Have no opinion,Not sure,,,Not sure,Not sure,Yes,
23/06/2020 06:39,23/06/2020 06:41,IP Address,27,108,FALSE,30/06/2020 06:41,R_C9sz1cvm6xFyfyp,anonymous,EN,Yes,Yes,UNI52,,Full-time,No,,,,,,,,,,,,,,,,,,,,,,,,,,,,,,,,,,,,,,,,,,,,,,,,,,,,,,,
23/06/2020 15:41,23/06/2020 15:42,IP Address,46,38,FALSE,30/06/2020 15:42,R_1kXmWxooB3ljJhA,anonymous,EN,Yes,Yes,UNI01,,Full-time,No,,3,2nd Year,,,Psychology,No,Female,,,,,,,,,,,,,,,,,,,,,,,,,,,,,,,,,,,,,,,,,,,,,,,
30/06/2020 16:07,30/06/2020 16:18,IP Address,100,686,TRUE,30/06/2020 16:18,R_XolefK7WdIb1x29,anonymous,EN,Yes,Yes,UNI52,,Full-time,No,,3,1st Year,,,Film and Visual Culture and Psychology,Yes,Female,Strongly agree,Strongly disagree,Agree,Disagree,Strongly agree,Strongly disagree,Strongly agree,Strongly disagree,Strongly agree,Disagree,Agree,Disagree,Agree,Agree,Disagree,Agree,I have heard of this,I have heard of this,,,,,,I have heard of this,,,I have done/used this,,,I have done/used this,,,Strongly Agree,Disagree,Strongly agree,Strongly disagree,Agree,Agree,Disagree,Strongly agree,Yes,Yes,"It is encouraged to extend research rather than directly replicate it to move science forward. Recent direct replications show that around half of all research does no replicate, reducing reliability, and causing many other issues.",Yes,Yes,Yes,No
01/07/2020 09:25,01/07/2020 09:39,IP Address,100,826,TRUE,01/07/2020 09:39,R_BQDjpI4rbL7wE01,anonymous,EN,Yes,Yes,UNI52,,Full-time,No,,3,2nd Year,,,Psychology,No,M,Strongly agree,Strongly disagree,Strongly agree,Strongly disagree,Strongly agree,Disagree,Strongly agree,Strongly disagree,Have no opinion,Strongly agree,Have no opinion,Disagree,Have no opinion,Agree,Strongly disagree,Have no opinion,I have heard of this,I have heard of this,,,I have heard of this,I have heard of this,I have heard of this,I have heard of this,,,I have done/used this,,,,,,Strongly Agree,Have no opinion,Strongly agree,Disagree,Have no opinion,Have no opinion,Have no opinion,Have no opinion,No,,,Not sure,Yes,Yes,Scientific publishing is a FUCKING racket.
25/06/2020 06:58,25/06/2020 06:59,IP Address,19,27,FALSE,02/07/2020 07:00,R_1HoapHI3QPqtLde,anonymous,EN,Yes,Yes,UNI71,,,,,,,,,,,,,,,,,,,,,,,,,,,,,,,,,,,,,,,,,,,,,,,,,,,,,,,,,,
25/06/2020 09:46,25/06/2020 09:47,IP Address,27,47,FALSE,02/07/2020 09:47,R_30iz70zI2QZyfZD,anonymous,EN,Yes,Yes,UKRN08,,Full-time,No,,,,,,,,,,,,,,,,,,,,,,,,,,,,,,,,,,,,,,,,,,,,,,,,,,,,,,,
26/06/2020 11:21,26/06/2020 11:24,IP Address,59,184,FALSE,03/07/2020 11:24,R_2YhLqFW14U2VWjz,anonymous,EN,Yes,Yes,UNI27,,Full-time,No,,3,2nd Year,,,xxxx,Yes,xx,Agree,Strongly disagree,Agree,Strongly disagree,Strongly disagree,Disagree,Strongly disagree,Strongly disagree,Agree,Disagree,Strongly agree,Strongly disagree,Agree,Disagree,Have no opinion,Strongly agree,I have heard of this,I have heard of this,I have heard of this,I have heard of this,I have heard of this,I have heard of this,I have heard of this,I have heard of this,,,,,,,,,Strongly Agree,Strongly disagree,,,,,,,,,,,,,
06/07/2020 02:37,06/07/2020 02:45,IP Address,100,437,TRUE,06/07/2020 02:45,R_2qk1donArYmQKWN,anonymous,EN,Yes,Yes,UNI01,,Full-time,No,,3,3rd Year,,,Psychology with Criminology,No,,Agree,Disagree,Agree,Disagree,Strongly agree,Disagree,Strongly agree,Strongly disagree,Agree,Have no opinion,Agree,Disagree,Disagree,Agree,Have no opinion,Disagree,I have heard of this,,I have heard of this,,,,,I have heard of this,,,I have done/used this,,,,,,Strongly Agree,Disagree,Have no opinion,Agree,Agree,Have no opinion,Disagree,Strongly agree,No,,,Not sure,Yes,Yes,
06/07/2020 13:45,06/07/2020 14:00,IP Address,100,904,TRUE,06/07/2020 14:00,R_1lzADnlwWXE1VPU,anonymous,EN,Yes,Yes,UNI69,,Full-time,No,,3,1st Year,,,BSc Psychology,No,,Agree,Disagree,Agree,Disagree,Have no opinion,Have no opinion,Agree,Agree,Agree,Disagree,Agree,Strongly disagree,Have no opinion,Strongly disagree,Disagree,Agree,,,I have heard of this,,,I have heard of this,,I have heard of this,,,I have done/used this,,,I have done/used this,,I have done/used this,Agree,Disagree,Agree,Agree,Agree,Agree,Disagree,Have no opinion,Yes,No,Reliability and generalisation problems ,Yes,No,Yes,
30/06/2020 13:06,30/06/2020 13:06,IP Address,14,8,FALSE,07/07/2020 13:06,R_1DYZdEtrLTK4TFr,anonymous,EN,Yes,Yes,,,,,,,,,,,,,,,,,,,,,,,,,,,,,,,,,,,,,,,,,,,,,,,,,,,,,,,,,,,
14/07/2020 05:30,14/07/2020 05:46,IP Address,100,967,TRUE,14/07/2020 05:46,R_1EjsO0bNZvkcfHY,anonymous,EN,Yes,Yes,UNI69,,Full-time,No,,3,3rd Year,,,Psychology Honours,Yes,F,Agree,Disagree,Agree,Disagree,Agree,Disagree,Agree,Disagree,Agree,Disagree,Agree,Disagree,Agree,Disagree,Disagree,Disagree,,,,I have heard of this,,,,,I have done/used this,I have done/used this,I have done/used this,,I have done/used this,I have done/used this,I have done/used this,I have done/used this,Agree,Disagree,Agree,Agree,Disagree,Have no opinion,Agree,Agree,Yes,Yes,The study that looks at how difficult studies are to reproduce. ,Yes,Yes,Yes,"To be prepared for a psychology degree I think it important to have a better understanding of statistics, statistics are barely touched upon in college. "
20/07/2020 01:45,20/07/2020 01:53,IP Address,100,467,TRUE,20/07/2020 01:53,R_1dzrvR2I7xOuB70,anonymous,EN,Yes,Yes,UNI03,,Full-time,No,,1,4th Year,,,Msc Sport Psychology,Yes,Female,Agree,Disagree,Agree,Disagree,Disagree,Have no opinion,Agree,Agree,Strongly agree,Strongly agree,Strongly agree,Strongly disagree,Have no opinion,Disagree,Strongly disagree,Agree,I have heard of this,I have heard of this,,I have heard of this,I have heard of this,,,,,,I have done/used this,,,I have done/used this,I have done/used this,I have done/used this,Strongly Agree,Disagree,Agree,Agree,Agree,Agree,Disagree,Have no opinion,No,,,Not sure,No,Yes,
20/07/2020 09:37,20/07/2020 09:54,IP Address,100,1019,TRUE,20/07/2020 09:54,R_D8fz709nxA5NoNH,anonymous,EN,Yes,Yes,UKRN08,,Full-time,Other (Please specify),Optional,3,1st Year,,,BsC Psychology,Yes,Female,Strongly agree,Strongly disagree,Agree,Strongly disagree,Agree,Agree,Strongly agree,Strongly disagree,Agree,Disagree,Strongly agree,Strongly disagree,Strongly agree,Agree,Strongly disagree,Strongly agree,,,,,I have heard of this,,I have heard of this,,I have done/used this,I have done/used this,I have done/used this,I have done/used this,,I have done/used this,,I have done/used this,Agree,Agree,Agree,Agree,Strongly Agree,Disagree,Strongly disagree,Agree,Yes,Yes,"Journals are only publishing research showing significant results, meaning that studies that have negative findings don't get published and therefore we don't find out their results and end up reproducing the same study unknowingly, or even thinking that a certain study is reliable or valid when it really isn't.",Yes,Yes,Yes,
14/07/2020 03:24,14/07/2020 03:25,IP Address,19,80,FALSE,21/07/2020 03:25,R_1EWimUVupHxoWS3,anonymous,EN,Yes,Yes,UNI69,,,,,,,,,,,,,,,,,,,,,,,,,,,,,,,,,,,,,,,,,,,,,,,,,,,,,,,,,,
14/07/2020 05:24,14/07/2020 05:29,IP Address,59,290,FALSE,21/07/2020 05:29,R_d6Ex8jRlLca1tnj,anonymous,EN,Yes,Yes,UNI69,,Full-time,No,,3,3rd Year,,,Psychology with Honours,Yes,Female ,Agree,Disagree,Agree,Disagree,Strongly agree,Disagree,Strongly agree,Disagree,Strongly agree,Agree,Agree,Disagree,Agree,Disagree,Disagree,Strongly agree,,,,I have heard of this,,I have heard of this,,,I have done/used this,I have done/used this,I have done/used this,,I have done/used this,,I have done/used this,I have done/used this,Strongly Agree,Disagree,,,,,,,,,,,,,
15/07/2020 07:44,15/07/2020 07:49,IP Address,51,247,FALSE,22/07/2020 07:49,R_1jpJxp3fI7qwxV8,anonymous,EN,Yes,Yes,UKRN08,,Full-time,Yes,,4,2nd Year,,,Foundation psychology with criminology ,No,F,Strongly agree,Strongly disagree,Agree,Have no opinion,Agree,Disagree,Strongly agree,Disagree,Agree,Disagree,Strongly agree,Disagree,Have no opinion,Agree,Have no opinion,Agree,I have heard of this,I have heard of this,I have heard of this,I have heard of this,I have heard of this,I have heard of this,I have heard of this,I have heard of this,I have done/used this,,I have done/used this,,I have done/used this,I have done/used this,,I have done/used this,,,,,,,,,,,,,,,
