"Participant_ID","Progress","Duration_Seconds","Finished","Age","Uni","Full_Part","PTY","PTY_Other","Course_Duration","Current_Year","Course_Name","Gender","Perception_1","Perception_2","Perception_3","Perception_4","Perception_5","Perception_6","Perception_7","Perception_8","Perception_9","Perception_10","Perception_11","Perception_12","Perception_13","Perception_14","Perception_15","Perception_16","Awareness_1","Awareness_2","Awareness_3","Awareness_4","Awareness_5","Awareness_6","Awareness_7","Awareness_8","Experience_1","Experience_2","Experience_3","Experience_4","Experience_5","Experience_6","Experience_7","Experience_8","Knowledge_1","Knowledge_2","Knowledge_3","Knowledge_4","Knowledge_5","Knowledge_6","Knowledge_7","Knowledge_8","crisis_aware","crisis_learnt","understanding_crisis","os_explain","os_learnt","applicability","comments","include","exclude","UKRN","timepoint","ID","crisis_explain","Perception_Score_Total","Perception_Score_Mean","Knowledge_Score_Total","Knowledge_Score_Mean","Awareness_Score_Total","Experience_Score_Total","Perception_Completed","Awareness_Completed","Experience_Completed","Knowledge_Completed","crisis_aware_Completed","crisis_learnt_Completed","os_explain_Completed","os_learnt_Completed","applicability_Completed","crisis_explain_Completed"
"020304ms","100",366,"TRUE","21","UKRN01","Full-time","Yes","","4","Final Year","Psychology","female",2,1,1,-1,2,1,1,1,2,1,1,-1,1,-1,-1,-1,1,0,1,0,0,0,1,1,0,0,0,0,0,0,0,0,2,1,2,-1,-1,1,1,1,1,0,"",0,0,1,"",1,0,"UKRN",2,192,NA,9,0.5625,6,0.75,4,0,1,1,1,1,1,1,1,1,1,1
"19063897","100",1444,"TRUE","19","UNI19","Full-time","No","","3","Year 1","Psychology ","Female ",2,2,0,-2,0,1,0,-1,0,-2,1,2,1,-2,-1,-2,1,1,1,0,1,1,0,1,0,0,1,0,0,0,0,1,1,2,1,-1,-1,-1,0,-1,0,NA,"",1,1,1,"",1,0,"Non-UKRN",2,613,NA,-1,-0.0625,0,0,6,2,1,1,1,1,1,0,1,1,1,1
"200068396","100",488,"TRUE","19","UNI06","Full-time","Yes","","4","Year 1","Psychology ","Female",2,1,0,-1,1,1,1,1,1,-1,1,-1,1,-1,1,0,1,1,1,0,0,0,1,0,0,0,0,1,1,1,0,1,-1,-1,1,0,-1,-1,1,0,0,NA,"",0,0,1,"",1,0,"Non-UKRN",2,540,NA,7,0.4375,-2,-0.25,4,4,1,1,1,1,1,0,1,1,1,1
"2016919","100",2299,"TRUE","18","UNI74","Full-time","No","","2","Year 1","Psychology BSc","Female",1,1,0,0,0,1,1,0,1,0,-1,2,2,-1,0,1,1,1,0,1,1,0,0,0,0,0,1,0,0,1,1,1,2,1,1,-1,-1,0,-1,1,1,0,"Studies that are difficult or impossible to replicate and test for reliability",1,0,1,"",1,0,"Non-UKRN",2,348,0,8,0.5,2,0.25,4,4,1,1,1,1,1,1,1,1,1,1
"2468","71",353,"FALSE","37","UKRN01","Full-time","Yes","","3","Year 2","Psychology counselling and mental health","Female",0,0,0,0,0,0,0,0,0,0,0,0,0,0,0,0,1,0,1,1,1,1,1,1,0,1,0,0,0,0,0,0,0,0,0,0,0,0,0,0,1,NA,"",NA,NA,NA,"",1,0,"UKRN",2,723,NA,0,0,0,0,7,1,1,1,1,1,1,0,0,0,0,1
"6579628","100",1614,"TRUE","19","UKRN01","Full-time","Yes","","4","Year 2","psychology ","female ",0,0,1,2,-1,1,-1,-1,1,0,1,1,1,-1,-1,-1,1,0,1,0,0,0,1,1,0,1,0,1,1,1,0,0,1,1,1,0,-1,0,1,1,1,1,"A period of time in psychology research when individuals replicated previous research and found it was not replicable and found invalid results. This changed how research is carried out in psychology.",0,0,1,"",1,0,"UKRN",2,277,0,2,0.125,4,0.5,4,4,1,1,1,1,1,1,1,1,1,1
"AA2302","100",680,"TRUE","19","UNI73","Full-time","No","","3","Year 2","BSc Psychology","Female",1,2,1,1,1,1,2,-1,1,1,1,-1,0,1,-1,-1,1,1,1,0,1,0,0,1,1,0,1,0,0,0,0,1,2,1,-1,-1,0,1,-1,1,1,1,"The difficulties in trying to replicate a study such as the same sample or materials can be hard to replicate exactly. ",1,0,1,"",1,0,"Non-UKRN",2,247,0,9,0.5625,2,0.25,5,3,1,1,1,1,1,1,1,1,1,1
"AA4802","100",840,"TRUE","20","UNI06","Full-time","Yes","","4","Year 2","psychology","female",0,0,1,0,1,-1,-1,0,0,1,0,1,0,-1,1,0,1,1,1,0,1,0,1,1,0,0,0,0,1,0,0,1,0,0,1,1,-2,0,0,0,0,NA,"",0,1,0,"",1,0,"Non-UKRN",2,237,NA,2,0.125,0,0,6,2,1,1,1,1,1,0,1,1,1,1
"AA7370","100",920,"TRUE","19","UNI06","Full-time","No","","3","Year 1","Psychology ","Female",2,2,0,0,2,1,2,0,2,1,0,-1,0,0,0,-1,1,1,1,1,1,1,1,1,0,0,0,0,0,0,0,0,1,1,2,0,-1,-1,0,1,0,NA,"",0,1,0,"",1,0,"Non-UKRN",2,624,NA,10,0.625,3,0.375,8,0,1,1,1,1,1,0,1,1,1,1
"AA8362","100",680,"TRUE","21","UKRN01","Full-time","Yes","","4","Placement Year","BSc Psychology","Female",2,1,2,1,2,2,2,2,2,1,2,1,2,1,-1,-1,1,1,1,1,1,1,1,1,1,0,1,0,1,1,0,0,2,1,2,1,1,2,1,2,1,0,"When researchers are biased in publishing studies that only show significant results or results they hoped to find. This means that the studies that are replicated do not produce significant results when it is carried out the way it should be.",1,0,1,"",1,0,"UKRN",2,112,1,21,1.3125,12,1.5,8,4,1,1,1,1,1,1,1,1,1,1
"AB0050","100",1648,"TRUE","20","UNI79","Full-time","No","","3","Year 1","Psychology BS","Male",1,2,1,-1,2,-1,2,2,1,-2,-1,1,1,0,-1,-2,0,0,1,0,0,1,0,1,0,0,1,0,0,1,0,0,2,-1,2,-1,-1,2,-1,1,0,NA,"",1,0,1,"",1,0,"Non-UKRN",2,640,NA,5,0.3125,3,0.375,3,2,1,1,1,1,1,0,1,1,1,1
"AB1359","100",1176,"TRUE","19","UNI06","Full-time","Yes","","4","Year 1","Psychology and Marketing ","Male",-1,1,1,-1,2,0,1,1,1,-1,2,0,1,-1,1,1,0,1,0,0,1,1,1,1,1,0,1,1,0,0,0,0,1,-1,1,-1,-1,1,1,1,1,0,"many modern studies cannot be reproduced - methodological crisis ",1,0,1,"",1,0,"Non-UKRN",2,559,0,8,0.5,2,0.25,5,3,1,1,1,1,1,1,1,1,1,1
"AB4112","100",871,"TRUE","20","UNI06","Full-time","Yes","","4","Year 2","Bsc Psychology","Female",1,1,0,1,1,1,1,1,1,0,1,1,0,-1,-1,-1,0,0,1,0,0,1,0,1,0,0,0,0,0,0,0,0,-1,1,1,0,-1,0,1,1,0,NA,"",0,0,1,"",1,0,"Non-UKRN",2,586,NA,7,0.4375,2,0.25,3,0,1,1,1,1,1,0,1,1,1,1
"ab7768","100",766,"TRUE","20","UNI73","Full-time","No","","3","Final Year","Psychology BSc","female",1,2,1,1,2,1,1,1,-1,-1,1,2,1,1,-2,-1,1,1,1,1,1,1,1,1,0,0,0,1,1,0,1,1,1,2,2,1,-1,-1,2,1,1,1,"classic (psychology) studies have been replicated more recently and the findings/results are not the same as the original publications",1,1,1,"",1,0,"Non-UKRN",2,248,1,10,0.625,7,0.875,8,4,1,1,1,1,1,1,1,1,1,1
"AC1185","100",1666,"TRUE","20","UKRN01","Full-time","Yes","","4","Year 2","Psychology","Female",2,1,0,-1,0,0,1,1,1,1,2,2,-1,-1,-1,0,1,1,0,1,1,0,1,0,0,0,1,0,0,1,0,1,1,1,1,1,-1,-1,0,1,0,NA,"",1,0,1,"",1,0,"UKRN",2,212,NA,7,0.4375,3,0.375,5,3,1,1,1,1,1,0,1,1,1,1
"AC1901","100",9162,"TRUE","21","UNI09","Full-time","No","","3","Final Year","Psychology","Male",2,2,0,1,2,1,1,1,1,0,1,1,0,1,1,-2,0,0,0,0,0,0,0,1,0,0,0,1,0,0,0,0,-1,1,1,1,-1,0,1,1,0,NA,"",0,0,1,"",1,0,"Non-UKRN",2,210,NA,13,0.8125,3,0.375,1,1,1,1,1,1,1,0,1,1,1,1
"ac2844","100",934,"TRUE","20","UKRN08","Full-time","No","","3","Year 2","Psychology","Female",1,2,0,0,2,2,2,2,1,0,1,2,1,0,-1,-1,1,1,0,1,1,1,0,1,0,0,1,0,0,0,0,0,1,0,2,1,-1,-1,1,1,1,1,"The replication crisis refers to the difficulty researchers face that studies can not be reproduced and replicated. This also means the results of studies are not replicable.",0,0,1,"",1,0,"UKRN",2,78,1,14,0.875,4,0.5,6,1,1,1,1,1,1,1,1,1,1,1
"AC6920","100",1037,"TRUE","19","UNI58","Full-time","No","","4","Year 1","Psychology Bsc. (Hons) with Study Abroad Year","Female",2,2,0,2,2,2,2,2,1,0,-1,2,2,-2,-1,-1,0,0,1,0,1,1,0,1,0,0,1,0,0,1,0,0,2,2,1,1,-1,-1,1,2,1,0,"I think it is the fact, that when studies in psychology get replicated they barely get the same results",0,0,1,"",1,0,"Non-UKRN",2,388,1,14,0.875,7,0.875,4,2,1,1,1,1,1,1,1,1,1,1
"AD1234","100",1160,"TRUE","20","UKRN01","Full-time","No","","3","Year 2","Psychology","Female",1,1,1,1,0,-1,1,1,1,-1,1,2,0,2,0,0,1,1,0,1,1,0,0,1,0,0,1,0,0,1,1,0,2,1,0,-1,0,-1,1,0,1,1,"The replication crisis is a methodological crisis where it was found that many scientific studies were impossible or very difficult to replicate or reproduce, making the results questionable. ",0,0,1,"",1,0,"UKRN",2,85,1,10,0.625,2,0.25,5,3,1,1,1,1,1,1,1,1,1,1
"AD9836","98",859,"FALSE","18","UNI50","Full-time","No","","3","Year 1","Psychology","Female",1,1,0,1,0,1,1,1,1,0,1,1,1,1,-1,-1,1,1,1,1,1,1,0,1,1,1,1,1,0,1,0,0,1,1,1,-1,-1,0,0,1,1,1,"Researchers having the ability to replicate a study and having the physical/material capability to do such (materials, access etc).",0,0,0,"",1,0,"Non-UKRN",2,421,0,9,0.5625,2,0.25,7,5,1,1,1,1,1,1,1,1,1,1
"AE0820","100",1437,"TRUE","21","UNI11","Full-time","No","","3","Final Year","Psychology","Female",1,2,1,1,2,2,1,2,1,1,1,1,-1,1,-1,2,0,0,1,0,0,1,1,1,0,0,1,0,0,1,1,1,1,-1,1,-1,1,1,2,1,0,NA,"",0,0,1,"I think it’s important that students should have access to research freely to ensure they have the best, up-to-date information to gain their qualifications ",1,0,"Non-UKRN",2,688,NA,17,1.0625,5,0.625,4,4,1,1,1,1,1,0,1,1,1,1
"AE3286","100",1091,"TRUE","21","UKRN04","Full-time","No","","3","Final Year","BSc Psychology ","Female ",1,2,2,1,1,1,1,1,1,-2,-1,2,-1,1,-1,-1,0,0,1,0,0,0,0,1,0,0,1,0,0,0,0,1,1,1,1,-1,-1,1,1,1,1,1,"Many studies aren't able to be replicated ",0,0,1,"",1,0,"UKRN",2,342,0,8,0.5,4,0.5,2,2,1,1,1,1,1,1,1,1,1,1
"AE5016","100",796,"TRUE","19","UNI73","Full-time","No","","3","Year 1","BSc Psychology","Female ",1,1,0,0,0,1,1,1,-1,-1,-1,2,0,1,-1,-1,0,0,1,0,0,0,0,1,0,0,0,0,0,0,0,0,1,1,1,-1,0,-1,1,0,1,1,"The fact that a lot of studies, particularly older ones, when replicated do not produce the same results ",0,0,1,"",1,0,"Non-UKRN",2,239,1,3,0.1875,2,0.25,2,0,1,1,1,1,1,1,1,1,1,1
"AE6392","100",61113,"TRUE","19","UNI08","Full-time","No","","3","Year 1","BSc Psychology","Female",1,-1,0,2,2,2,1,1,2,1,-1,2,1,1,-2,1,1,1,1,1,0,1,0,1,0,0,1,1,0,0,0,1,2,2,1,-1,0,-1,1,0,1,0,"Difficulty replicating many of the scientific studies.",0,0,1,"",1,0,"Non-UKRN",2,347,0,13,0.8125,4,0.5,6,3,1,1,1,1,1,1,1,1,1,1
"AF2807","100",977,"TRUE","22","UNI73","Full-time","No","","4","Year 2","Psychology","Female",1,1,1,1,2,1,2,1,1,-1,0,2,0,1,-1,-1,0,1,1,0,0,1,0,1,0,0,1,0,0,0,0,1,-1,1,1,-1,-2,1,1,1,1,1,"Tha t there is not enough work that replicates previous findings to make sure they are reliable or replicable. Most research is done on new topics.",0,0,1,"",1,0,"Non-UKRN",2,241,0,11,0.6875,1,0.125,4,2,1,1,1,1,1,1,1,1,1,1
"AF438","100",904,"TRUE","22","UNI73","Full-time","No","","3","Year 1","Psychology","Gender fluid",2,1,0,1,1,1,2,2,1,0,1,1,0,-1,-1,-1,0,0,1,0,0,1,0,1,0,0,1,0,0,1,0,1,1,1,-1,-2,-1,-1,0,1,0,NA,"",0,0,0,"",1,0,"Non-UKRN",2,242,NA,10,0.625,-2,-0.25,3,3,1,1,1,1,1,0,1,1,1,1
"AF7478","100",3872,"TRUE","20","UNI73","Full-time","No","","3","Final Year","BSc Criminology & Psychology","Female",2,2,1,2,2,2,2,-1,2,2,1,2,0,-1,-2,-1,0,0,1,0,0,0,0,1,0,0,0,0,0,0,0,0,1,1,2,1,-1,1,1,1,1,1,"Replication studies don't get published in journals because they are not seen as interesting, so people are discouraged from replicating studies. This prevents ideas from being effectively disproven/challenged as non-replicating studies aren't published",0,0,1,"I'm joint honours",1,0,"Non-UKRN",2,258,1,15,0.9375,7,0.875,2,0,1,1,1,1,1,1,1,1,1,1
"AF8959","100",645,"TRUE","20","UNI06","Full-time","Yes","","4","Year 2","Psychology","Female",2,1,-1,1,-1,1,1,1,1,-1,1,1,1,1,-1,-1,0,0,1,0,0,1,0,1,0,0,1,0,0,0,0,1,1,1,1,1,-1,1,1,1,0,NA,"",0,0,1,"",1,0,"Non-UKRN",2,544,NA,7,0.4375,6,0.75,3,2,1,1,1,1,1,0,1,1,1,1
"AG0936","100",6455,"TRUE","21","UNI10","Full-time","No","","3","Year 2","Psychology","Female",2,-2,2,1,2,0,2,0,1,1,1,2,-1,-2,0,-2,0,0,1,0,0,0,1,1,0,0,0,0,0,0,0,0,1,1,1,-2,-2,2,1,1,0,NA,"",0,0,1,"",1,0,"Non-UKRN",2,459,NA,7,0.4375,3,0.375,3,0,1,1,1,1,1,0,1,1,1,1
"AG7794","100",4202,"TRUE","18","UNI06","Full-time","Yes","","4","Year 1","Psychology & Business","Female",1,2,2,2,0,0,1,0,1,-1,1,1,1,-1,-1,-1,1,1,1,1,1,1,1,1,1,1,1,0,0,0,0,0,1,2,-1,-1,-2,-1,1,1,0,NA,"",1,0,1,"",1,0,"Non-UKRN",2,226,NA,8,0.5,0,0,8,3,1,1,1,1,1,0,1,1,1,1
"AH2288","100",492,"TRUE","22","UKRN01","Full-time","Yes","","4","Final Year","Psychology","Cis female",2,1,2,1,1,1,2,2,2,-1,1,1,0,0,0,0,1,1,1,1,1,1,1,1,0,1,1,0,0,0,1,0,1,1,2,0,0,1,1,0,1,1,"The results of many older studies, including famous ones, which a lot of current psychology was built on, are not found to be replicated. This puts a lot of findings into doubt.",1,1,1,"",1,0,"UKRN",2,32,1,15,0.9375,6,0.75,8,3,1,1,1,1,1,1,1,1,1,1
"AH530","100",1036,"TRUE","20","UKRN08","Full-time","No","","3","Year 2","psychology with criminology","female",1,1,0,-1,1,1,1,1,1,-2,2,1,1,-1,0,0,0,0,1,0,0,0,0,1,0,0,0,0,0,0,0,0,-1,-1,1,-1,-1,1,1,0,1,1,"when studies that are replicated do not get the same result",0,0,0,"",1,0,"UKRN",2,18,1,7,0.4375,-1,-0.125,2,0,1,1,1,1,1,1,1,1,1,1
"AH5854","100",722,"TRUE","18","UNI10","Full-time","Yes","","3","Year 1","BSc in Psychology ","Female ",2,1,1,-1,-1,1,1,1,1,1,1,1,-1,-1,-1,0,0,0,1,1,0,0,0,1,0,0,0,0,0,0,0,0,1,-1,1,0,-1,1,1,1,0,NA,"",0,0,0,"",1,0,"Non-UKRN",2,374,NA,6,0.375,3,0.375,3,0,1,1,1,1,1,0,1,1,1,1
"AJ6768","100",342,"TRUE","19","UKRN01","Full-time","No","","3","Year 2","PSYchology","male",2,2,1,1,-1,1,1,1,1,1,1,2,1,-1,0,-1,1,0,0,0,1,1,1,1,0,1,1,1,0,0,0,0,1,0,0,1,-1,1,1,1,1,0,"Important for a study to be replicable",0,0,1,"",1,0,"UKRN",2,123,0,12,0.75,4,0.5,5,3,1,1,1,1,1,1,1,1,1,1
"AK1144","43",81915,"FALSE","24","UKRN01","Full-time","Yes","","3","Year 2","Bsc Psychology","female",NA,NA,NA,NA,NA,NA,NA,NA,NA,NA,NA,NA,NA,NA,NA,NA,0,0,0,0,0,0,0,0,0,0,0,0,0,0,0,0,NA,NA,NA,NA,NA,NA,NA,NA,NA,NA,"",NA,NA,NA,"",1,0,"UKRN",2,468,NA,NA,NA,NA,NA,0,0,0,1,1,0,0,0,0,0,0,1
"AK2263","100",1937,"TRUE","18","UNI06","Full-time","Yes","","4","Year 1","Psychology and Business Management","Male",2,2,1,0,0,1,1,1,1,0,1,2,2,-2,0,-1,0,0,1,0,0,1,0,1,0,0,1,0,0,0,0,0,2,1,2,-1,-1,1,1,1,1,1,"many studies are impossible to reproduce",0,0,1,"",1,0,"Non-UKRN",2,525,0,11,0.6875,6,0.75,3,1,1,1,1,1,1,1,1,1,1,1
"AK3752","100",1623,"TRUE","18","UNI19","Full-time","Other (Please specify)","It can be added","3","Year 1","BSc Psychology","Female",1,2,0,-1,1,1,2,2,1,0,0,2,0,1,-1,0,0,0,1,0,0,0,0,0,0,0,1,0,0,0,0,0,1,1,1,-2,0,0,-1,1,1,1,"When other researchers cannot replicate the findings of a study",0,0,1,"",1,0,"Non-UKRN",2,414,1,11,0.6875,1,0.125,1,1,1,1,1,1,1,1,1,1,1,1
"ak5522","100",560,"TRUE","20","UNI06","Full-time","Yes","","4","Year 1","psychology","female",2,2,2,0,1,1,0,-1,1,0,1,2,2,1,1,0,1,1,0,1,1,0,1,1,0,0,1,0,0,1,0,0,1,1,1,0,-1,-1,2,1,1,1,"we need to be able to replicate studies to test validity",0,1,1,"",1,0,"Non-UKRN",2,552,0,15,0.9375,4,0.5,6,2,1,1,1,1,1,1,1,1,1,1
"AK5527","100",1105,"TRUE","21","UNI06","Full-time","Yes","","4","Year 1","Psychology ","Male",1,1,1,1,0,1,0,0,1,1,1,1,1,0,0,-1,0,0,0,0,0,0,0,1,0,0,0,0,0,0,0,0,2,1,-1,-1,-1,0,1,1,1,1,"Replication with different results ",0,0,1,"",1,0,"Non-UKRN",2,560,1,9,0.5625,2,0.25,1,0,1,1,1,1,1,1,1,1,1,1
"AK6343","100",734,"TRUE","21","UKRN08","Full-time","No","","3","Year 2","BSC Hons Psychology ","Female",1,1,0,2,1,1,1,0,1,1,0,2,1,0,0,-1,1,0,1,1,0,1,0,1,0,1,0,0,1,0,1,0,1,1,1,1,-1,0,1,1,1,1,"An issue that means that most classic studies cannot be replicated ",0,1,1,"",1,0,"UKRN",2,42,0,11,0.6875,5,0.625,5,3,1,1,1,1,1,1,1,1,1,1
"AK7000","100",1224,"TRUE","22","UNI10","Full-time","No","","3","Final Year","Psychology","Female ",2,1,0,-1,2,2,2,1,2,-2,2,2,0,2,1,1,1,1,1,1,1,1,1,0,0,0,0,0,0,0,0,1,1,1,-1,-1,1,-2,2,-1,0,NA,"",0,0,1,"",1,0,"Non-UKRN",2,338,NA,17,1.0625,0,0,7,1,1,1,1,1,1,0,1,1,1,1
"AK7530","100",4943,"TRUE","20","UKRN08","Full-time","Yes","","3","Year 2","Psychology","Female ",1,1,1,-1,2,1,2,2,2,-1,2,2,-1,0,-1,1,0,0,1,1,0,1,1,1,0,0,1,0,0,0,0,0,2,1,2,1,1,1,1,2,1,1,"When attempts are made to replicate a study different results are obtained. The study cannot be replicated. ",0,1,1,"",1,0,"UKRN",2,24,1,13,0.8125,11,1.375,5,1,1,1,1,1,1,1,1,1,1,1
"AL7295","98",1434,"FALSE","22","UKRN08","Full-time","No","","3","Year 2","BSC Honors Psychology","Female",2,2,-1,1,0,1,1,1,1,-1,1,2,2,2,1,1,1,0,1,1,0,0,1,1,0,0,0,0,0,0,0,0,2,1,2,1,1,1,2,1,1,1,"Where many psychology studies which have been replicated do not find the same results, especially in social psychology.",1,1,1,"",1,0,"UKRN",2,205,1,16,1,11,1.375,5,0,1,1,1,1,1,1,1,1,1,1
"AM0900","100",730,"TRUE","19","UKRN01","Full-time","Yes","","4","Year 1","Psychology ","Female",2,1,0,0,0,1,1,1,1,0,2,2,0,-1,-1,-1,0,0,1,0,0,1,0,1,0,0,1,0,0,1,0,1,2,1,1,-2,0,0,1,1,0,NA,"",0,0,1,"",1,0,"UKRN",2,315,NA,8,0.5,4,0.5,3,3,1,1,1,1,1,0,1,1,1,1
"AM1118","100",2008,"TRUE","22","UKRN08","Full-time","No","","3","Year 2","Psychology Bsc(Hons)","Male",2,2,0,0,1,1,1,1,1,1,1,2,1,-2,-1,-1,1,1,1,0,0,1,1,1,1,1,1,0,0,0,0,1,1,0,2,-1,-1,0,0,1,1,1,"Refers to studies being too difficult to replicate and therefore cannot test whether the results are reliable.",1,0,1,"",1,0,"UKRN",2,45,1,10,0.625,2,0.25,6,4,1,1,1,1,1,1,1,1,1,1
"AM1155","100",742,"TRUE","19","UNI06","Full-time","Yes","","4","Year 2","psychology","female",1,1,1,-1,0,0,2,1,0,-2,1,2,0,-1,-1,-1,1,1,1,1,1,1,1,1,0,0,0,0,0,0,0,0,-1,1,-1,-1,-1,-1,1,1,0,NA,"",1,0,1,"",1,0,"Non-UKRN",2,527,NA,3,0.1875,-2,-0.25,8,0,1,1,1,1,1,0,1,1,1,1
"AM1317","100",502,"TRUE","20","UNI19","Full-time","No","","3","Year 1","Paychology","female ",-1,1,1,1,1,0,1,1,1,1,1,2,1,-1,-1,-1,0,0,0,0,0,0,0,1,0,0,1,0,0,0,0,0,1,1,1,1,2,1,1,1,1,0,"A study is not valid if it is not replicable. So there is a problem with not being able to replicate studies.",0,0,0,"",1,0,"Non-UKRN",2,604,0,8,0.5,9,1.125,1,1,1,1,1,1,1,1,1,1,1,1
"am4323","98",726,"FALSE","41","UNI75","Full-time","Yes","","3","Placement Year","BSc Psychology","Male",1,1,0,1,0,1,0,-1,-1,0,1,1,0,0,0,0,0,0,1,0,0,0,0,1,0,0,1,0,0,0,0,0,1,0,0,0,0,0,0,0,0,NA,"",0,0,1,"no",1,0,"Non-UKRN",2,489,NA,4,0.25,1,0.125,2,1,1,1,1,1,1,0,1,1,1,1
"AM9054","100",1986,"TRUE","20","UKRN08","Full-time","Yes","","4","Year 1","Psychology","Female",2,2,1,-1,1,0,-1,-1,1,-2,1,1,1,0,-1,-2,1,1,1,1,1,1,0,1,0,0,1,1,1,1,0,1,2,1,-2,-2,0,-1,1,1,1,1,"Results of many scientific studies are difficult or impossible to replicate. And the replication crisis thus menas the failure to replicate many published research fingings.",1,1,1,"",1,0,"UKRN",2,26,1,2,0.125,0,0,7,5,1,1,1,1,1,1,1,1,1,1
"AM9495","100",1495,"TRUE","18","UNI08","Full-time","No","","3","Year 1","Psychology","Female",1,1,0,1,1,0,1,0,-1,1,0,1,1,1,-1,-1,1,1,0,0,1,1,1,0,0,0,1,1,0,0,0,1,1,-1,1,-1,-1,1,0,1,1,0,"trying to replicate the same aim, methods, materials but with different sample, but that's only if accessible ?",0,1,1,"",1,0,"Non-UKRN",2,314,0,6,0.375,1,0.125,5,3,1,1,1,1,1,1,1,1,1,1
"AN1541","100",1948,"TRUE","21","UNI06","Full-time","Other (Please specify)","Optional placement year","3","Year 2","Psychology","Male",1,1,1,-1,1,0,1,0,1,-2,1,2,0,1,-2,-1,0,0,1,0,0,1,0,1,0,0,1,0,0,1,0,1,0,1,1,-1,-1,0,1,0,0,NA,"",0,0,0,"",1,0,"Non-UKRN",2,521,NA,4,0.25,1,0.125,3,3,1,1,1,1,1,0,1,1,1,1
"AN3414","100",1176,"TRUE","20","UNI10","Full-time","Yes","","4","Year 2","English Literature And Psychology ","Male",1,2,0,1,1,2,1,2,1,-2,2,2,0,-2,-2,-1,0,0,1,0,0,1,0,1,1,1,0,1,1,0,1,0,2,1,1,-2,-2,1,2,2,1,0,"That psychology is under threat of replicating the same studies over and over again with no significant developments",0,0,1,"",1,0,"Non-UKRN",2,386,0,8,0.5,5,0.625,3,5,1,1,1,1,1,1,1,1,1,1
"an6104","100",1280,"TRUE","20","UNI74","Full-time","No","","2","Year 2","Psychology with Spanish","Female",-1,1,0,0,-1,1,1,1,-2,-1,1,2,-1,2,-2,-2,0,0,0,0,0,0,0,1,0,0,0,0,0,0,0,0,1,0,1,-2,-2,0,2,1,0,NA,"",0,0,1,"",1,0,"Non-UKRN",2,357,NA,-1,-0.0625,1,0.125,1,0,1,1,1,1,1,0,1,1,1,1
"AO0756","100",367,"TRUE","20","UNI06","Full-time","Yes","","4","Year 1","Psychology","female",0,0,1,0,1,0,0,0,0,0,1,2,1,0,-1,-1,1,0,0,0,0,0,0,0,0,1,1,1,1,1,1,1,-1,0,2,-1,0,-1,1,0,0,NA,"",0,0,1,"",1,0,"Non-UKRN",2,705,NA,4,0.25,0,0,1,7,1,1,1,1,1,0,1,1,1,1
"AO6854","100",1480,"TRUE","19","UNI10","Full-time","Yes","","3","Year 1","Criminology and Psychology ","Female ",2,2,0,1,0,1,2,1,2,0,1,2,0,-2,-1,-2,1,1,0,1,1,0,1,1,0,0,1,0,0,1,0,0,1,1,2,-1,-1,1,0,1,0,NA,"",1,0,1,"",1,0,"Non-UKRN",2,376,NA,9,0.5625,4,0.5,6,2,1,1,1,1,1,0,1,1,1,1
"AP0334","100",965,"TRUE","21","UNI10","Full-time","No","","3","Final Year","PSYCHOLOGY BSc (Hons)","Female",1,2,2,2,0,1,1,-1,0,-2,1,2,1,1,-2,-2,0,1,1,1,1,0,1,1,0,0,1,1,0,0,1,1,-2,2,1,1,-2,0,2,-1,1,0,"Where to many studies or classic studies are being replicated",0,0,1,"",1,0,"Non-UKRN",2,333,0,7,0.4375,1,0.125,6,4,1,1,1,1,1,1,1,1,1,1
"AP0487","100",4239,"TRUE","19","UNI06","Full-time","Yes","","4","Year 1","Psychology","Female",1,0,0,0,0,0,0,1,0,0,0,0,0,0,0,0,1,1,1,0,1,1,0,1,0,0,0,1,0,0,1,0,-1,0,1,-1,-1,0,0,0,0,NA,"",0,0,1,"",1,0,"Non-UKRN",2,611,NA,2,0.125,-2,-0.25,6,2,1,1,1,1,1,0,1,1,1,1
"AP4499","100",953,"TRUE","23","UKRN08","Full-time","No","","3","Year 1","Psychology","Female",2,2,2,1,1,1,2,0,2,2,2,2,2,-2,1,0,1,1,1,1,1,1,0,1,0,0,0,0,0,0,0,0,2,2,2,1,1,0,2,-2,1,1,"Original studies are being done again using the same methods to see if the same results can be obtained again, making the results more accurate, however there are currently lots of studies being attempted to be replicated and the results are not coming out the same as the original study which brings the validity of the original studies and the findings thereafter into question. ",0,1,1,"",1,0,"UKRN",2,66,1,20,1.25,8,1,7,0,1,1,1,1,1,1,1,1,1,1
"AP5277","100",504,"TRUE","20","UKRN08","Full-time","Other (Please specify)","maybe","3","Year 2","psychology with criminology","male",0,0,0,0,0,0,0,0,0,0,0,0,0,0,0,-1,0,0,1,1,0,1,1,1,0,0,1,1,0,1,1,1,0,0,0,0,0,0,0,0,1,1,"The fact that data provided from research and subsequent conclusions and theories were not replicated when other researches conducted the same research.",0,0,0,"",1,0,"UKRN",2,168,1,-1,-0.0625,0,0,5,5,1,1,1,1,1,1,1,1,1,1
"AP5324","100",535,"TRUE","21","UKRN01","Full-time","Yes","","4","Year 2","Psychology","Female",1,2,1,2,1,1,1,1,1,1,1,2,1,1,1,-1,1,1,1,0,0,1,1,1,0,0,0,0,0,0,0,0,1,1,1,-1,-1,1,1,1,1,1,"The replication crisis is where studies are replicated but the results found within these initial studies cannot be replicated ",1,1,1,"",1,0,"UKRN",2,139,1,17,1.0625,4,0.5,6,0,1,1,1,1,1,1,1,1,1,1
"AP7891","100",1078,"TRUE","18","UNI50","Full-time","No","","3","Year 1","Psychology ","Female",2,1,1,1,1,1,0,-1,-1,-1,1,1,1,-2,-1,0,1,1,0,1,1,0,1,0,0,0,1,0,0,1,0,1,1,1,1,-2,-1,1,1,0,0,NA,"",0,0,1,"",1,0,"Non-UKRN",2,310,NA,4,0.25,2,0.25,5,3,1,1,1,1,1,0,1,1,1,1
"AR1078","100",711,"TRUE","19","UNI06","Full-time","Yes","","4","Year 2","Psychology & Marketing","F",1,1,0,0,1,0,1,0,1,1,1,1,1,-1,0,0,1,0,0,0,0,0,0,0,0,1,0,0,0,0,0,0,1,0,1,0,0,1,0,1,0,NA,"",1,1,0,"",1,0,"Non-UKRN",2,511,NA,8,0.5,4,0.5,1,1,1,1,1,1,1,0,1,1,1,1
"AR6605","100",579,"TRUE","19","UNI50","Full-time","No","","3","Year 1","Psychology with Forensic Psychology","Male",2,1,0,1,2,2,2,1,2,1,1,2,0,1,-1,-1,1,1,0,0,1,0,1,1,0,0,1,0,0,1,0,0,1,1,1,0,0,1,1,2,0,NA,"",0,0,1,"",1,0,"Non-UKRN",2,282,NA,16,1,7,0.875,5,2,1,1,1,1,1,0,1,1,1,1
"AR6898","100",546,"TRUE","21","UKRN08","Full-time","No","","4","Year 1","Psychology","Male",2,2,0,0,-1,0,1,-1,1,-1,2,-1,1,1,-1,-1,1,0,1,0,0,1,0,1,0,1,0,1,1,0,1,0,-1,-1,1,1,0,0,1,2,0,NA,"",0,0,1,"",1,0,"UKRN",2,57,NA,4,0.25,3,0.375,4,4,1,1,1,1,1,0,1,1,1,1
"AR7676","88",475,"FALSE","21","UNI72","Full-time","No","","3","Year 2","Psychology","Female",2,1,0,-1,-1,0,1,1,1,-1,1,2,1,-1,-2,0,1,1,1,0,0,0,1,1,0,0,1,0,0,0,1,1,1,-1,-1,-1,-2,-2,1,0,1,0,"When a study is too hard to replicate ",0,1,1,"",1,0,"Non-UKRN",2,337,0,4,0.25,-5,-0.625,5,3,1,1,1,1,1,1,1,1,1,1
"AS1070","90",656,"FALSE","20","UNI73","Full-time","No","","3","Year 2","Psychology ","Female ",1,1,-1,-1,-1,1,-1,-1,1,-1,1,1,0,-1,-1,0,1,1,0,0,0,1,1,0,0,0,1,0,1,0,0,1,1,1,-1,-1,-1,0,0,1,1,0,"Concerns about the credibility of the findings ",0,0,1,"",1,0,"Non-UKRN",2,403,0,-2,-0.125,0,0,4,3,1,1,1,1,1,1,1,1,1,1
"AS1234","100",2005,"TRUE","19","UNI06","Full-time","Yes","","4","Year 1","Psychology (BSc)","Female ",1,1,0,0,1,2,1,1,-2,-2,1,-1,1,-1,1,1,1,1,1,0,1,1,1,1,0,0,1,0,0,1,0,1,1,1,1,1,-1,-1,-1,1,1,0,"studies that are difficult or impossible to replicate or reproduce. ",1,1,1,"",1,0,"Non-UKRN",2,278,0,5,0.3125,2,0.25,7,3,1,1,1,1,1,1,1,1,1,1
"AS1719","100",719,"TRUE","19","UNI10","Full-time","Yes","","4","Year 1","BSc Psychology with professional placement year ","Female ",2,2,0,-1,0,1,1,0,1,0,1,2,1,-1,-1,-1,1,0,1,1,0,1,0,1,0,0,1,1,0,1,0,0,1,-1,1,-2,-1,1,1,0,1,1,"The idea that many scientific studies are difficult or impossible to replicate this is especially true for the social sciences.",1,0,1,"N/A",1,0,"Non-UKRN",2,321,0,7,0.4375,0,0,5,3,1,1,1,1,1,1,1,1,1,1
"AS1801","98",1329,"FALSE","25","UNI64","Full-time","No","","3","Year 1","Core Psychology","Female",1,2,0,2,0,1,-2,-1,0,-2,1,2,1,-2,-1,-1,0,0,0,1,0,0,1,1,0,0,1,0,0,0,0,0,1,0,2,0,1,0,1,2,1,1,"the idea that replication can never fully be the same and is impossible, because the participants will be different, context, culture and society may be slightly different i.e a study conducted pre covid and one conducted after covid could show different results because of the different contexts. The crisis is no study will ever be the same as the previous study it is trying to replicate. ",0,0,1,"For me it had raised an awareness that I still have a lot to learn around research practice and how this works, the ethics and the different styles of research. ",1,0,"Non-UKRN",2,724,0,1,0.0625,7,0.875,3,1,1,1,1,1,1,1,1,1,1,1
"AS6005","100",864,"TRUE","20","UNI10","Full-time","No","","3","Final Year","Psychology Bsc (Hons)","Female ",1,1,1,1,1,2,2,1,2,-1,2,1,0,1,-1,-1,1,1,0,0,0,0,0,0,0,0,1,1,1,1,1,1,1,1,1,-1,-1,-1,1,1,1,0,"Replication of older studies and finding different results (usually not significant after previously being reported significant)",0,0,1,"N/A",1,0,"Non-UKRN",2,360,1,13,0.8125,2,0.25,2,6,1,1,1,1,1,1,1,1,1,1
"AS7185","100",574,"TRUE","18","UNI50","Full-time","No","","3","Year 1","Psychology ","Female ",1,1,0,2,1,2,2,2,2,1,0,2,0,-1,-1,1,1,0,1,0,0,1,0,1,0,1,0,1,1,0,1,0,1,1,2,1,-1,2,2,1,1,1,"Inability to replaicate studies and find the same results ",0,0,1,"",1,0,"Non-UKRN",2,288,1,15,0.9375,9,1.125,4,4,1,1,1,1,1,1,1,1,1,1
"AS7227","100",756,"TRUE","21","UNI06","Full-time","Yes","","4","Year 2","psychology Bsc","female",2,1,1,0,0,0,2,0,1,0,1,-1,-1,-1,1,-1,0,0,1,0,0,1,0,1,0,0,1,0,0,1,0,0,1,1,1,1,-2,0,1,2,0,NA,"",1,0,1,"",1,0,"Non-UKRN",2,587,NA,5,0.3125,5,0.625,3,2,1,1,1,1,1,0,1,1,1,1
"as8965","100",1108,"TRUE","21","UNI79","Full-time","No","","3","Final Year","Psychology","female",2,2,0,2,0,0,2,2,1,1,-1,2,0,2,1,-2,0,0,1,0,0,1,0,1,1,1,0,1,1,0,1,0,2,2,2,-2,-1,1,-1,0,0,NA,"",0,0,1,"",1,0,"Non-UKRN",2,651,NA,14,0.875,3,0.375,3,5,1,1,1,1,1,0,1,1,1,1
"AS9209","100",2336,"TRUE","21","UKRN01","Full-time","Yes","","4","Placement Year","BSc in Psychology","Female",0,1,2,2,0,0,2,1,2,-2,-1,2,-1,0,-1,-1,0,1,0,1,0,0,1,1,0,0,1,0,0,0,0,0,2,0,1,2,1,1,-1,2,1,0,"A crisis where studies are difficult to replicate due to methodological issues",1,0,1,"",1,0,"UKRN",2,15,0,6,0.375,8,1,4,1,1,1,1,1,1,1,1,1,1,1
"AS9673","100",849,"TRUE","20","UKRN04","Full-time","No","","3","Year 2","Psychology","Female",2,2,-1,1,1,1,2,1,1,1,1,2,1,1,-2,-1,1,0,1,0,0,1,1,1,0,1,0,1,1,0,1,0,1,1,1,1,-1,1,1,1,1,1,"It can be very difficult to replicate a study and reproduce exactly the same results ",0,0,1,"",1,0,"UKRN",2,341,1,13,0.8125,6,0.75,5,4,1,1,1,1,1,1,1,1,1,1
"AT2180","100",633,"TRUE","19","UNI50","Full-time","No","","3","Year 2","Psychology ","Female",2,1,0,2,1,1,2,0,1,-2,-1,2,0,-1,-1,-2,1,0,1,0,0,1,0,1,0,1,0,1,1,0,1,0,-1,-1,2,-1,-1,-1,-1,1,0,NA,"",0,0,1,"",1,0,"Non-UKRN",2,283,NA,5,0.3125,-3,-0.375,4,4,1,1,1,1,1,0,1,1,1,1
"AT3241","100",589,"TRUE","21","UKRN04","Full-time","No","","3","Final Year","Psychology ","Female",2,2,-1,1,0,1,2,2,1,1,-1,2,0,-1,-1,-1,1,1,1,1,1,1,1,1,0,0,0,0,0,0,0,0,1,1,0,-1,-1,1,-1,-1,0,NA,"",0,0,1,"",1,0,"UKRN",2,339,NA,9,0.5625,-1,-0.125,8,0,1,1,1,1,1,0,1,1,1,1
"at5195","100",444,"TRUE","20","UNI06","Full-time","Yes","","4","Year 2","BSc Psychology and Business","female",0,0,-1,1,0,0,0,0,0,1,0,0,1,0,-1,0,1,0,0,0,0,0,0,0,0,1,1,1,1,1,1,1,0,-1,0,0,-1,1,1,0,1,1,"n/a",0,1,0,"",1,0,"Non-UKRN",2,274,0,1,0.0625,0,0,1,7,1,1,1,1,1,1,1,1,1,1
"AT6838","100",535,"TRUE","20","UNI73","Full-time","No","","3","Year 2","Psychology ","Female ",2,1,2,-1,1,1,2,2,1,-1,1,-1,1,-2,-1,-1,0,0,1,0,0,0,1,0,1,1,0,1,1,1,1,1,-1,1,1,1,-2,-1,1,1,1,1,"Too much replication of the same things ",0,0,0,"",1,0,"Non-UKRN",2,249,0,7,0.4375,1,0.125,2,7,1,1,1,1,1,1,1,1,1,1
"at7098","100",738,"TRUE","19","UNI06","Full-time","Yes","","3","Year 2","Psychology Bcs Hons ","Female",2,2,1,0,1,1,-1,-1,0,-2,1,1,1,-1,1,-1,0,0,1,0,1,1,1,1,0,0,1,0,0,1,0,1,1,0,1,0,-1,1,1,1,0,NA,"",0,0,1,"",1,0,"Non-UKRN",2,551,NA,5,0.3125,4,0.5,5,3,1,1,1,1,1,0,1,1,1,1
"AT9863","100",1899,"TRUE","21","UKRN08","Full-time","No","","3","Year 2","Psychology with Criminology ","Female ",2,1,0,0,1,0,1,1,1,0,1,1,1,-1,-1,-1,0,0,1,0,1,0,0,1,0,0,0,0,0,0,0,0,1,-1,1,-1,-1,-1,0,0,1,1,"results from a study can not be reproduced so there is a possibility that they could be wrong and any conclusions made from them could be false ",0,0,1,"",1,0,"UKRN",2,84,1,7,0.4375,-2,-0.25,3,0,1,1,1,1,1,1,1,1,1,1
"AV3649","98",2750,"FALSE","26","UNI08","Full-time","No","","3","Year 2","BSc Psychology","Female",2,2,2,2,1,1,1,1,1,-2,2,2,2,2,-1,0,1,1,0,0,0,0,0,0,0,0,1,1,0,1,1,1,2,2,2,1,0,-2,2,2,0,NA,"",0,0,1,"I believe it's extremely important for research to be transparent and responsible. Attempting to manipulate the findings by running several unplanned comparisons or adding participants to the pool is deceitful and can end up and a very poor practice.",1,0,"Non-UKRN",2,431,NA,18,1.125,9,1.125,2,5,1,1,1,1,1,0,1,1,1,1
"AV4416","55",302,"FALSE","22","UNI73","Full-time","No","","3","Final Year","Psychology","Female",1,1,1,1,1,1,1,1,1,1,1,1,-1,-1,-1,-1,0,0,1,0,0,1,1,1,0,0,1,0,0,0,1,0,0,0,NA,NA,NA,NA,NA,NA,NA,NA,"",NA,NA,NA,"",1,0,"Non-UKRN",2,379,NA,8,0.5,NA,NA,4,2,1,1,1,0,0,0,0,0,0,1
"AW2641","100",921,"TRUE","30","UNI64","Full-time","No","","3","Year 2","Psychology BSc","Female",0,1,1,1,-1,0,1,0,-1,-1,1,2,-1,-1,-1,0,1,0,1,0,0,0,0,1,1,0,0,0,0,0,0,0,0,0,1,-1,1,-1,1,-1,0,NA,"",0,0,1,"",1,0,"Non-UKRN",2,719,NA,1,0.0625,0,0,3,1,1,1,1,1,1,0,1,1,1,1
"AW5550","60",249,"FALSE","19","UNI50","Full-time","No","","3","Year 2","Psychology Bsc","Female ",1,1,-1,1,-1,1,-1,-1,-1,1,1,1,1,1,-1,1,0,0,0,0,0,0,0,0,0,0,1,0,0,1,0,1,-1,-1,2,-1,NA,NA,NA,NA,NA,NA,"",NA,NA,NA,"",1,0,"Non-UKRN",2,424,NA,4,0.25,NA,NA,0,3,1,1,1,0,0,0,0,0,0,1
"Aw6857","98",608,"FALSE","31","UNI10","Full-time","No","","3","Final Year","Psychology Major Business and Managment minor","Female ",2,2,2,2,1,2,2,2,2,0,2,1,2,-2,-1,-2,0,0,0,1,0,0,0,1,1,1,1,0,1,1,1,0,2,2,2,2,0,2,0,0,0,NA,"",0,0,1,"",1,0,"Non-UKRN",2,456,NA,17,1.0625,10,1.25,2,6,1,1,1,1,1,0,1,1,1,1
"AW7810","100",1087,"TRUE","18","UNI06","Full-time","Yes","","4","Year 1","Psychology BSc","Female",1,-1,1,0,-1,2,-1,-1,0,0,2,2,0,2,-1,-2,1,0,1,0,0,1,0,1,1,0,1,0,0,1,0,0,1,1,0,0,-2,-2,2,2,1,1,"People are thinking that because you can't replicate a study and get the exact same results, then the original study must be wrong.",1,1,1,"",1,0,"Non-UKRN",2,177,1,3,0.1875,2,0.25,4,3,1,1,1,1,1,1,1,1,1,1
"aw8019","100",1087,"TRUE","19","UNI06","Full-time","Yes","","4","Year 1","Psychology ","female",2,2,2,2,1,1,2,0,2,2,1,2,1,1,0,1,1,1,0,1,0,0,0,1,0,0,0,0,0,0,0,0,1,0,1,1,-1,0,1,-1,1,1,"The issue of lack replicating data especially 'classic' studies that hard to replicate to find consistent results. ",0,0,0,"",1,0,"Non-UKRN",2,517,1,22,1.375,2,0.25,4,0,1,1,1,1,1,1,1,1,1,1
"Aw8973","100",634,"TRUE","19","UNI10","Full-time","No","","3","Year 2","Psychology ","Female",2,2,1,-2,2,0,2,1,1,-2,2,2,2,-2,0,-2,0,1,1,1,0,0,0,1,0,0,0,0,0,0,0,0,2,1,2,-2,-2,0,1,1,1,1,"Being or not being able to replicate studies conducted in order to further prove the hypothesis.  If people publish studies that cannot be replicated the information that the studies found may not be reliable ",0,1,1,"",1,0,"Non-UKRN",2,325,1,9,0.5625,3,0.375,4,0,1,1,1,1,1,1,1,1,1,1
"AY4438","100",684,"TRUE","18","UNI09","Full-time","No","","3","Year 1","Psychology ","Female ",1,1,0,-1,1,1,2,1,1,-1,-1,2,0,-1,-1,-1,0,0,1,0,0,0,0,0,0,0,1,0,0,0,0,0,1,0,2,-1,-1,0,-1,1,1,1,"That many studies are difficult to replicate or reproduce ",0,0,1,"",1,0,"Non-UKRN",2,197,0,4,0.25,1,0.125,1,1,1,1,1,1,1,1,1,1,1,1
"az0902","100",663,"TRUE","19","UNI06","Full-time","Yes","","3","Year 2","psychology","female",2,1,1,1,1,1,2,-1,1,1,1,2,0,-1,-1,0,0,0,1,0,1,1,1,1,1,1,0,1,0,0,0,0,1,0,-1,-1,-1,-1,1,1,0,NA,"",0,0,0,"",1,0,"Non-UKRN",2,573,NA,11,0.6875,-1,-0.125,5,3,1,1,1,1,1,0,1,1,1,1
"AZ2246","100",852,"TRUE","20","UNI06","Full-time","No","","3","Year 2","Psychology","Male",1,2,1,-2,1,2,0,1,1,-1,1,-2,1,-1,1,0,1,1,1,0,0,1,1,1,0,0,1,0,0,1,1,1,2,0,1,-1,-2,1,1,0,0,NA,"",1,0,1,"",1,0,"Non-UKRN",2,513,NA,6,0.375,2,0.25,6,4,1,1,1,1,1,0,1,1,1,1
"AZ4979","100",1007,"TRUE","18","UKRN08","Full-time","Other (Please specify)","undecided as of yet ","3","Year 1","Bsc Psychology ","Female ",1,1,0,0,1,0,0,-1,1,-1,2,1,1,1,-1,1,1,0,1,1,1,1,0,1,0,0,1,0,0,1,0,0,1,1,1,1,1,0,1,1,1,1,"The current crisis within psychology where many published research studies have been difficult or impossible to replicate, due in part to journals wanting more significant results in their journals and poor researcher techniques, such as p-hacking. ",1,1,1,"",1,0,"UKRN",2,148,1,7,0.4375,7,0.875,6,2,1,1,1,1,1,1,1,1,1,1
"BB0632","100",912,"TRUE","19","UNI06","Full-time","No","","3","Year 1","Psychology","female",2,2,1,-2,0,2,2,2,2,2,2,2,2,-2,-2,-2,1,1,1,1,0,1,0,1,0,0,0,0,0,1,0,0,2,2,1,2,-1,1,-2,1,1,1,"where research can be difficult or even impossible to replicate",1,1,1,"",1,0,"Non-UKRN",2,58,0,13,0.8125,6,0.75,6,1,1,1,1,1,1,1,1,1,1,1
"bb5521","100",799,"TRUE","20","UNI11","Full-time","No","","3","Year 1","Psychology","Female",1,2,1,1,1,2,1,2,2,2,0,2,1,-1,0,-2,0,0,0,0,0,0,0,0,0,0,1,0,0,1,0,1,1,1,2,1,-1,2,-1,2,1,1,"I believe that it is that many psychology studies fail to be replicated and get the same results as the original studies. ",0,0,1,"",1,0,"Non-UKRN",2,695,1,15,0.9375,7,0.875,0,3,1,1,1,1,1,1,1,1,1,1
"BD4440","100",897,"TRUE","20","UNI10","Full-time","No","","3","Year 2","Psychology","Female",2,1,1,1,1,1,1,2,2,1,2,2,1,-1,1,0,0,0,0,0,0,0,1,1,0,0,1,0,0,0,0,0,1,1,1,-2,-1,1,1,1,0,NA,"",0,0,1,"",1,0,"Non-UKRN",2,327,NA,18,1.125,3,0.375,2,1,1,1,1,1,1,0,1,1,1,1
"bd7711","100",2602,"TRUE","19","UNI06","Full-time","No","","3","Year 1","psychology","female",1,1,1,-1,1,0,1,0,1,-1,1,-1,1,-1,1,0,1,1,1,1,1,1,1,1,0,0,0,0,0,0,0,0,-1,-1,1,0,1,1,0,1,0,NA,"",1,0,0,"",1,0,"Non-UKRN",2,616,NA,5,0.3125,2,0.25,8,0,1,1,1,1,1,0,1,1,1,1
"BD8443","100",831,"TRUE","20","UNI10","Full-time","No","","3","Year 2","psychology","female",2,1,1,1,2,1,2,1,2,1,1,1,1,-1,-1,-1,1,1,0,1,1,0,1,1,0,0,1,0,0,1,0,0,1,1,-1,-1,-1,1,-1,1,0,NA,"",1,0,1,"",1,0,"Non-UKRN",2,343,NA,14,0.875,0,0,6,2,1,1,1,1,1,0,1,1,1,1
"BG9154","100",791,"TRUE","20","UNI10","Full-time","No","","3","Year 2","education and psychology","female",1,1,2,-1,1,1,2,1,2,0,2,1,0,0,0,-2,1,1,1,1,1,1,0,1,0,0,0,0,0,0,1,0,-2,0,1,-1,-2,2,0,1,1,0,"studies have been replicated to many times",0,0,1,"",1,0,"Non-UKRN",2,330,0,11,0.6875,-1,-0.125,7,1,1,1,1,1,1,1,1,1,1,1
"BJ4242","48",428,"FALSE","22","UNI10","Full-time","No","","3","Final Year","Psychology","female",0,1,-1,-2,1,1,1,0,1,-1,2,1,1,-2,-1,-2,1,0,1,1,0,1,1,1,0,0,1,1,0,1,1,1,NA,NA,NA,NA,NA,NA,NA,NA,NA,NA,"",NA,NA,NA,"",1,0,"Non-UKRN",2,469,NA,0,0,NA,NA,6,5,1,1,1,0,0,0,0,0,0,1
"BJ7124","100",1541,"TRUE","19","UNI19","Full-time","Other (Please specify)","it’s optional ","3","Year 1","psychology ","female",2,1,0,1,0,0,1,1,1,-2,1,1,1,1,-1,-2,0,0,1,0,0,0,0,0,0,0,0,0,0,0,0,1,2,2,1,1,-2,-1,2,1,1,1,"where it was found that many scientific studies were to difficult to replicate ",0,0,1,"",1,0,"Non-UKRN",2,500,0,6,0.375,6,0.75,1,1,1,1,1,1,1,1,1,1,1,1
"BK8747","100",915,"TRUE","19","UKRN01","Full-time","No","","3","Year 1","Psychology BSc (Hons)","Male",2,2,2,2,2,2,2,2,2,0,2,2,1,1,-2,-2,1,1,1,1,1,1,0,1,0,0,0,0,0,0,0,0,2,2,2,-2,-2,1,1,2,0,NA,"",1,0,1,"N/A",1,0,"UKRN",2,174,NA,20,1.25,6,0.75,7,0,1,1,1,1,1,0,1,1,1,1
"BL8765","100",971,"TRUE","21","UKRN01","Full-time","No","","3","Year 2","Psychology","female",1,2,2,1,1,-1,2,1,2,-2,2,2,1,1,-1,-2,1,0,1,0,0,1,0,1,0,0,0,0,0,0,0,0,1,1,1,1,-2,-1,0,0,1,1,"Not getting a consistent result when a study that took place before is done again",1,1,1,"",1,0,"UKRN",2,384,1,12,0.75,1,0.125,4,0,1,1,1,1,1,1,1,1,1,1
"BL9689","98",1441,"FALSE","19","UNI79","Full-time","Yes","","3","Year 1","Child Psychology","female",1,0,1,-1,0,1,2,2,1,0,1,-1,1,-1,1,-1,0,0,0,0,0,0,1,0,1,1,1,0,0,1,0,0,1,-2,1,-1,-1,0,-1,1,1,0,"not sure",1,1,1,"",1,0,"Non-UKRN",2,698,0,7,0.4375,-2,-0.25,1,4,1,1,1,1,1,1,1,1,1,1
"BM8152","100",1034,"TRUE","20","UNI19","Full-time","No","","3","Year 1","Psychology ","Female",1,-1,1,1,2,0,2,2,2,1,1,1,1,-1,1,-1,1,0,1,0,0,1,0,1,1,0,1,0,0,1,0,1,-1,-1,1,-1,-2,0,2,1,0,NA,"",1,0,1,"",1,0,"Non-UKRN",2,633,0,13,0.8125,-1,-0.125,4,4,1,1,1,1,1,0,1,1,1,1
"BN0996","100",996,"TRUE","20","UKRN08","Full-time","Yes","","4","Year 2","Psychology and Criminology","Female",1,1,0,1,1,1,1,0,1,0,0,2,1,-1,-2,-2,1,1,1,1,1,1,1,0,0,0,0,0,0,0,0,1,0,1,1,1,-1,1,1,1,1,1,"when researchers work is not replicable ",0,0,1,"",1,0,"UKRN",2,113,0,5,0.3125,5,0.625,7,1,1,1,1,1,1,1,1,1,1,1
"bp5266","100",756,"TRUE","20","UKRN08","Full-time","No","","3","Year 1","Psychology with Criminology","female",1,2,0,0,-1,1,0,2,1,0,1,1,1,-2,-1,0,1,0,1,0,0,0,1,1,0,0,1,0,0,0,0,0,1,0,0,1,0,0,1,1,1,1,"issue of previous older research not being replicable by todays standards and practises.",0,0,1,"no :)",1,0,"UKRN",2,136,0,6,0.375,4,0.5,4,1,1,1,1,1,1,1,1,1,1,1
"BP9030","100",2847,"TRUE","19","UNI06","Full-time","Yes","","4","Year 1","Psychology","Male",2,1,1,1,-1,2,1,0,1,0,1,-1,0,0,1,1,1,1,1,1,1,1,1,1,0,0,0,0,0,0,0,0,1,-1,0,1,0,2,1,0,0,NA,"",1,0,0,"",1,0,"Non-UKRN",2,595,NA,10,0.625,4,0.5,8,0,1,1,1,1,1,0,1,1,1,1
"BS1628","100",964,"TRUE","18","UKRN01","Full-time","Yes","","4","Year 1","Psychology","Female",2,2,-1,1,1,1,-1,1,2,-2,2,2,2,1,-2,0,0,0,0,1,0,1,0,1,0,0,0,0,0,0,0,0,1,1,2,-1,0,1,1,1,0,NA,"",0,0,0,"",1,0,"UKRN",2,317,NA,11,0.6875,6,0.75,3,0,1,1,1,1,1,0,1,1,1,1
"BS2900","100",924,"TRUE","21","UNI06","Full-time","Yes","","3","Year 2","Psychology ","female",1,1,1,1,1,1,1,1,1,0,-1,1,0,2,0,0,1,1,1,1,1,1,1,1,0,0,1,0,0,1,0,1,1,1,0,1,-1,0,0,0,0,NA,"",0,0,0,"",1,0,"Non-UKRN",2,72,NA,11,0.6875,2,0.25,8,3,1,1,1,1,1,0,1,1,1,1
"BS5824","100",1172,"TRUE","20","UKRN08","Full-time","Yes","","3","Year 2","BSc (Hons) Psychology ","Female",1,1,1,0,1,1,2,1,2,1,1,2,1,1,-1,-1,1,1,1,1,0,1,0,1,1,0,1,0,0,0,0,0,1,1,1,1,-1,1,1,1,1,1,"Previous research being replicated and finding different results using same methodology.",1,1,1,"",1,0,"UKRN",2,181,1,14,0.875,6,0.75,6,2,1,1,1,1,1,1,1,1,1,1
"BS9841","98",926,"FALSE","20","UNI11","Full-time","No","","3","Final Year","Psychology and child development ","Female ",2,2,1,2,2,0,2,1,2,-2,1,2,1,0,1,-2,0,0,0,0,0,0,1,1,0,0,0,0,0,0,0,0,2,1,1,0,-2,-2,1,-2,1,1,"It’s difficult to reproduce findings to test their validity as psychologists are too gosh darn secretive. What’s the point in doing research if you’re not going to let people test it it’s like saying you won the basketball game at half time and then took the basketball home. Just because they’re afraid to look like they’ve failed ",0,0,1,"",1,0,"Non-UKRN",2,702,1,15,0.9375,-1,-0.125,2,0,1,1,1,1,1,1,1,1,1,1
"bu2536","100",654,"TRUE","19","UNI06","Full-time","Yes","","4","Year 2","psychology and marketing","female",1,0,0,1,1,0,0,0,2,1,2,1,1,-1,0,0,1,1,1,1,1,0,1,1,0,0,0,0,0,1,0,0,1,0,1,0,-1,1,1,1,0,NA,"",0,0,0,"",1,0,"Non-UKRN",2,534,NA,9,0.5625,4,0.5,7,1,1,1,1,1,1,0,1,1,1,1
"BW4520","100",826,"TRUE","21","UNI50","Full-time","No","","3","Final Year","BSc Psychology (Hons)","Female",2,2,1,-1,1,2,2,2,-1,-2,-2,2,1,-1,-1,-1,1,1,1,1,0,0,1,1,0,0,1,0,0,0,0,0,1,-1,2,2,-1,1,1,2,1,1,"That many studies cannot be reproduced and therefore the results may not be accurate",0,0,1,"",1,0,"Non-UKRN",2,284,1,6,0.375,7,0.875,6,1,1,1,1,1,1,1,1,1,1,1
"CA2374","100",597,"TRUE","20","UNI73","Full-time","No","","3","Year 2","Psychology ","Male ",1,2,1,1,2,1,2,2,1,1,-1,2,-1,1,-1,-2,1,1,1,0,0,0,0,1,0,0,0,0,0,0,0,0,1,1,1,-1,-2,-1,-1,1,1,1,"The failure of many research studies to replicate when completed by other researchers ",0,0,1,"",1,0,"Non-UKRN",2,251,0,12,0.75,-1,-0.125,4,0,1,1,1,1,1,1,1,1,1,1
"CA2955","100",3614,"TRUE","20","UNI06","Full-time","Yes","","4","Year 2","Psychology ","Female",1,0,1,1,1,-1,1,1,1,-1,1,2,1,-1,1,-1,1,1,1,1,0,1,0,1,0,0,0,0,0,0,0,0,2,0,1,1,-1,-2,-1,1,1,0,"The idea that results cannot be reproduced. ",1,0,1,"",1,0,"Non-UKRN",2,530,0,8,0.5,1,0.125,6,0,1,1,1,1,1,1,1,1,1,1
"CA5853","100",1067,"TRUE","20","UNI06","Full-time","No","","3","Year 2","Psychology single hons.","Female",2,1,0,1,1,1,1,-1,0,-1,1,0,1,-1,-1,-2,1,1,1,1,1,1,1,1,0,0,1,0,0,1,1,0,1,1,0,-1,-1,1,0,1,0,NA,"",1,0,1,"",1,0,"Non-UKRN",2,541,NA,3,0.1875,2,0.25,8,3,1,1,1,1,1,0,1,1,1,1
"CA9119","100",1793,"TRUE","22","UNI75","Full-time","No","","3","Year 1","Psychology and counselling","Female",0,-1,1,-1,1,1,1,1,-2,-1,1,-1,1,0,1,1,1,1,0,0,0,0,0,0,0,0,0,0,0,0,0,0,1,-1,1,1,0,0,-1,1,0,NA,"",0,1,1,"",1,0,"Non-UKRN",2,569,NA,3,0.1875,2,0.25,2,0,1,1,1,1,1,0,1,1,1,1
"CB2600","100",698,"TRUE","19","UNI19","Full-time","Yes","","3","Year 1","BSc in psychology ","Female",2,2,1,-2,1,1,1,0,1,1,2,2,1,-1,-1,-2,1,0,0,0,0,0,1,1,0,1,1,1,1,1,0,0,0,0,1,1,-1,0,2,0,0,NA,"",0,0,1,"",1,0,"Non-UKRN",2,478,NA,9,0.5625,3,0.375,3,5,1,1,1,1,1,0,1,1,1,1
"CB4078","100",1079,"TRUE","19","UNI19","Full-time","No","","3","Year 1","Psychology","Female",2,1,0,2,1,0,2,0,2,0,0,2,1,1,-1,-2,1,0,1,1,0,1,1,1,0,0,1,1,0,1,0,1,1,1,2,2,-1,0,1,1,1,1,"Many studies are hard or impossible to replicate and/or reproduce. This affects the verifiability of the study's results. ",1,1,1,"",1,0,"Non-UKRN",2,498,1,11,0.6875,7,0.875,6,4,1,1,1,1,1,1,1,1,1,1
"CB8730","100",660,"TRUE","21","UKRN01","Full-time","No","","3","Year 2","Psychology ","Female",2,1,1,1,1,1,1,-1,1,-2,1,2,1,-1,-1,-2,1,1,1,1,1,1,0,1,0,0,0,0,0,0,1,0,2,1,1,-2,-1,-1,1,2,0,NA,"",1,0,1,"n/a",1,0,"UKRN",2,279,NA,6,0.375,3,0.375,7,1,1,1,1,1,1,0,1,1,1,1
"CB8819","98",2116,"FALSE","79","UNI74","Full-time","No","","2","Year 2","Psychology","Male",1,-1,-1,-2,1,0,2,-1,-1,-2,1,1,2,0,0,0,1,1,1,1,1,1,1,1,1,0,1,0,1,0,0,1,1,-1,-1,-1,1,1,1,1,1,1,"An actual or perceived inability to replicate a situation or study.",1,1,1,"Open research means providing access to research worldwide but it comes with a responsibility for confidentiality and anonymity. ",1,0,"Non-UKRN",2,480,0,0,0,2,0.25,8,4,1,1,1,1,1,1,1,1,1,1
"CB9487","100",1846,"TRUE","20","UNI74","Full-time","No","","2","Year 2","Psychology ","Female ",2,-2,1,-1,1,-1,2,2,0,-1,1,0,1,-1,-1,1,0,1,1,0,0,0,0,0,0,0,0,0,0,0,0,0,2,-1,1,-1,-1,1,1,-1,0,NA,"",0,0,1,"",1,0,"Non-UKRN",2,352,NA,4,0.25,1,0.125,2,0,1,1,1,1,1,0,1,1,1,1
"CB9636","100",1208,"TRUE","cb01329@surrey.ac.uk","UKRN01","Full-time","Yes","","4","Year 2","psychology bsc","female",1,1,1,1,1,1,2,1,1,1,1,1,1,-1,0,-1,1,1,0,1,0,0,0,1,0,0,1,0,0,1,0,0,0,-1,-1,-1,-1,0,0,1,0,NA,"",1,1,1,"",1,0,"UKRN",2,122,NA,12,0.75,-3,-0.375,4,2,1,1,1,1,1,0,1,1,1,1
"CC3271","100",828,"TRUE","21","UKRN01","Full-time","Yes","","4","Placement Year","Psychology BSc","female",1,1,0,1,1,0,1,1,-1,-2,1,2,1,-1,-2,-2,1,0,1,0,0,0,1,1,0,0,1,0,0,0,1,0,-1,0,1,-1,-2,-1,1,1,0,NA,"",0,0,1,"",1,0,"UKRN",2,95,NA,2,0.125,-2,-0.25,4,2,1,1,1,1,1,0,1,1,1,1
"CC3911","100",19059,"TRUE","22","UNI06","Full-time","Yes","","4","Final Year","Psychology","Female",2,1,0,0,2,2,1,0,-1,2,1,1,0,-1,0,-1,1,1,1,1,0,0,0,1,0,0,0,0,0,0,0,0,1,-1,2,1,-1,0,0,1,1,0,"freely available publications",0,0,0,"",1,0,"Non-UKRN",2,191,0,9,0.5625,3,0.375,5,0,1,1,1,1,1,1,1,1,1,1
"cc5985","100",1274,"TRUE","20","UKRN01","Full-time","No","","3","Year 1","BSc Psychology","Female",1,1,0,-1,2,0,2,2,1,0,2,2,1,2,-2,-1,0,0,1,1,0,1,0,1,0,0,0,0,0,0,0,0,1,0,1,-2,-2,0,1,0,0,NA,"",0,0,1,"",1,0,"UKRN",2,87,NA,12,0.75,-1,-0.125,4,0,1,1,1,1,1,0,1,1,1,1
"CC6102","100",847,"TRUE","19","UKRN08","Full-time","Yes","","3","Year 1","Psychology","Male",1,1,-1,0,1,1,1,2,1,0,1,1,0,-1,0,-1,1,1,1,1,0,1,0,1,0,0,0,0,0,0,0,1,1,1,1,0,-1,1,0,1,1,1,"some studies are difficult / impossible to replicate and obtain the same / similar results",0,1,0,"n/a",1,0,"UKRN",2,20,1,7,0.4375,4,0.5,6,1,1,1,1,1,1,1,1,1,1,1
"CC6253","100",16005,"TRUE","20","UNI19","Full-time","No","","3","Year 1","Psychology","female",1,0,0,-1,1,1,2,2,1,1,2,1,0,-1,-1,-2,0,0,1,0,0,1,0,0,0,0,1,0,0,1,0,0,1,0,-1,-1,-1,-1,0,1,0,NA,"",0,0,1,"",1,0,"Non-UKRN",2,607,NA,7,0.4375,-2,-0.25,2,2,1,1,1,1,1,0,1,1,1,1
"cc9026","100",496,"TRUE","21","UNI50","Full-time","No","","3","Final Year","Psychology","Female",1,0,-1,1,1,1,1,-1,1,-1,1,1,0,-1,-1,-1,1,1,0,1,1,1,1,1,0,0,1,0,0,0,0,0,-1,-1,-1,-1,0,-1,1,1,1,1,"",0,1,1,"",1,0,"Non-UKRN",2,280,NA,2,0.125,-3,-0.375,7,1,1,1,1,1,1,1,1,1,1,1
"CC9248","100",4153,"TRUE","19","UNI62","Full-time","No","","3","Year 1","Psychological and Behavioural Sciences ","Female ",2,2,2,1,0,2,1,0,-1,1,2,1,1,-1,-2,-2,1,1,1,0,0,1,1,1,0,1,1,0,0,1,0,0,2,1,2,2,-1,1,2,2,1,1,"Replication crisis is about how scientists prefer to do original research that indicates positive results as opposed to replicating studies, due to the perceived publication bias that journals mainly publish positive results. May also be influenced by funding issues, where scientists are in competition to ""publish or perish"". ",1,1,1,"",1,0,"Non-UKRN",2,368,1,9,0.5625,11,1.375,6,3,1,1,1,1,1,1,1,1,1,1
"CD5384","100",1265,"TRUE","20","UNI58","Full-time","Yes","","3","Year 1","Psychology ","Female",1,2,0,1,0,0,2,1,-1,-1,-1,1,0,-1,0,1,1,1,1,0,1,0,0,1,1,1,0,0,1,0,0,0,1,1,1,-1,-1,1,-1,0,0,NA,"",1,0,1,"",1,0,"Non-UKRN",2,313,NA,5,0.3125,1,0.125,5,3,1,1,1,1,1,0,1,1,1,1
"cd6842","100",1997,"TRUE","19","UKRN01","Full-time","Yes","","4","Year 2","Psychology BSc","Male",2,1,1,1,0,1,1,0,1,-2,1,2,1,2,0,-2,1,0,1,0,0,1,0,1,0,0,0,0,0,0,0,1,2,2,2,-1,-2,1,1,2,0,NA,"",1,0,1,"",1,0,"UKRN",2,70,NA,10,0.625,7,0.875,4,1,1,1,1,1,1,0,1,1,1,1
"CD9789","100",1788,"TRUE","20","UKRN01","Full-time","Yes","","4","Placement Year","Psychology","Female",2,2,2,1,0,1,1,0,1,1,2,2,0,2,0,-1,1,1,1,0,1,1,1,1,0,0,0,1,0,0,0,0,2,2,2,2,2,2,2,2,1,1,"The replications of past studies haven't been showing the same results as they did and that many of them can't even be reproduced. This suggests that a lot of theories and results we thought were true are most likely not. ",1,1,0,"I think that the issues raised are applicable to students that want to do research in the future, but not necessarily right now",1,0,"UKRN",2,159,1,16,1,16,2,7,1,1,1,1,1,1,1,1,1,1,1
"CE1769","100",811,"TRUE","22","UNI06","Full-time","Yes","","4","Final Year","BSc Psychology","Female",1,1,1,2,1,2,2,2,1,2,-1,2,2,1,-1,0,0,0,1,1,0,0,1,1,0,0,0,1,0,0,0,0,1,1,2,2,-1,-1,-1,2,1,0,"Most research wouldn't produce the same findings when replicated",0,0,1,"",1,0,"Non-UKRN",2,185,1,18,1.125,5,0.625,4,1,1,1,1,1,1,1,1,1,1,1
"CG0990","100",674,"TRUE","19","UNI80","Full-time","No","","3","Year 1","Psychology BSc","Female",1,2,1,0,1,2,2,0,1,0,2,1,1,-1,-1,-1,1,1,0,0,1,0,1,0,0,0,1,1,0,1,0,1,1,-1,2,-1,-2,1,-1,0,1,0,"The crisis is that a lot of research is struggling to be replicable and reproduce the same results as the original study. ",0,0,1,"",1,0,"Non-UKRN",2,676,1,11,0.6875,-1,-0.125,4,4,1,1,1,1,1,1,1,1,1,1
"CG6844","98",1253,"FALSE","40","UNI75","Full-time","No","","3","Year 1","BSc Applied Psychology","Female",1,1,0,0,1,0,-1,-1,-1,-2,1,1,0,-1,-1,-1,0,1,0,0,1,0,1,0,1,0,1,0,0,0,0,0,1,-1,-1,-1,-1,-1,0,1,0,NA,"",0,0,0,"",1,0,"Non-UKRN",2,495,NA,-3,-0.1875,-3,-0.375,3,2,1,1,1,1,1,0,1,1,1,1
"CG9010","100",866,"TRUE","21","UKRN08","Full-time","No","","4","Final Year","Psychology with criminology ","female",2,2,0,1,1,0,1,-1,0,1,0,2,-1,-1,-1,-1,0,0,1,0,0,0,0,0,0,0,0,0,0,0,0,0,1,1,1,-2,-1,0,2,-2,1,1,"That research is often difficult to replicate and achieve the same results",0,0,1,"",1,0,"UKRN",2,50,1,5,0.3125,0,0,1,0,1,1,1,1,1,1,1,1,1,1
"CH1726","98",1012,"FALSE","45","UNI11","Full-time","No","","3","Year 2","Psychology & Child Development","F",2,2,-1,1,0,1,0,0,-1,1,1,2,0,2,-1,-1,0,1,1,0,1,1,0,1,0,1,1,0,0,1,0,0,1,1,-1,-2,-1,2,2,2,1,1,"One where the study can't be reproduced ",0,0,1,"Releasing data online wven if anonymised may go against what consent has been given.  Releasing method etc pay offer someone else thr opportunity to conduct and publish your study before you do. ",1,0,"Non-UKRN",2,704,0,8,0.5,4,0.5,5,3,1,1,1,1,1,1,1,1,1,1
"ch6615","98",1298,"FALSE","58","UNI80","Full-time","No","","3","Year 1","forensic psychology","female",1,1,-1,-1,-1,-2,1,-1,-1,-2,1,2,1,2,-1,-1,1,1,0,0,1,0,1,1,0,0,1,1,0,1,0,0,1,1,1,0,1,0,0,0,0,NA,"",1,0,1,"",1,0,"Non-UKRN",2,708,NA,-2,-0.125,4,0.5,5,3,1,1,1,1,1,0,1,1,1,1
"CI5596","100",811,"TRUE","20","UKRN01","Full-time","Yes","","4","Year 2","Psycho ","Female ",2,1,-1,1,1,0,2,0,1,1,2,2,0,-1,0,0,1,0,1,1,0,1,1,1,0,1,0,0,1,0,0,0,1,0,1,-1,-1,0,0,1,0,NA,"",0,0,1,"",1,0,"UKRN",2,54,NA,11,0.6875,1,0.125,6,2,1,1,1,1,1,0,1,1,1,1
"cj3443","100",465,"TRUE","20","UKRN01","Full-time","Yes","","4","Placement Year","Psychology","Female",0,2,1,1,1,1,2,1,0,-1,2,2,2,-1,-1,-1,1,1,1,1,0,1,1,1,0,0,1,0,0,0,0,0,0,1,2,-1,-1,-2,2,0,1,1,"When studies are replicated, the same results are not reproduced - meaning the results are not reliable. ",0,1,1,"",1,0,"UKRN",2,9,1,11,0.6875,1,0.125,7,1,1,1,1,1,1,1,1,1,1,1
"CJ6260","100",853,"TRUE","25","UKRN08","Full-time","No","","3","Year 2","Psychology","Male",2,2,2,1,1,1,1,-1,2,-2,2,2,2,-2,2,2,1,1,1,1,1,1,1,1,1,0,1,0,0,1,0,0,2,2,2,2,2,2,2,2,1,1,"Where research, sometimes fairly poignant research, cannot be repeated or 'replicated'. This raises doubts upon the primary study.
",1,1,1,"For science, especially psychology, to progress as a discipline studies must be able to be replicated. The fact that some stuff taught that cannot be readily repeated is still taught as the truth is mind boggling. ",1,0,"UKRN",2,35,0,17,1.0625,16,2,8,3,1,1,1,1,1,1,1,1,1,1
"CK8074","100",814,"TRUE","19","UKRN04","Full-time","No","","3","Year 2","Psychology and education joint honours","female",1,1,-1,-1,1,-1,1,-1,1,-1,2,-1,1,-2,-1,1,1,1,1,1,1,1,1,1,0,0,0,0,0,0,0,0,-1,-1,-1,-1,1,1,1,1,0,NA,"",1,1,1,"",1,0,"UKRN",2,390,NA,0,0,0,0,8,0,1,1,1,1,1,0,1,1,1,1
"CL0323","100",1095,"TRUE","19","UNI58","Full-time","Yes","","4","Year 1","Psychology BSc with study abroad year","Female",2,2,-1,1,1,1,1,-1,1,-1,1,1,1,-1,-2,-2,0,0,1,0,0,1,0,1,0,0,1,0,0,1,0,0,1,1,1,-1,-2,-1,1,-1,0,NA,"",0,0,1,"",1,0,"Non-UKRN",2,450,NA,4,0.25,-1,-0.125,3,2,1,1,1,1,1,0,1,1,1,1
"CL5785","100",745,"TRUE","20","UNI10","Full-time","No","","3","Year 2","BSc Forensic Psychology ","Female ",1,1,-1,1,1,1,1,1,-1,-1,1,1,1,1,0,-1,1,0,1,0,0,0,0,1,0,0,1,0,0,0,0,0,1,-2,1,0,-1,-1,1,-1,0,NA,"",0,0,0,"",1,0,"Non-UKRN",2,370,NA,7,0.4375,-2,-0.25,3,1,1,1,1,1,1,0,1,1,1,1
"CM2774","100",742,"TRUE","21","UNI10","Full-time","No","","3","Final Year","BSc (Hons) Psychology","Female",2,1,0,1,2,2,2,2,2,0,2,2,2,0,0,-1,0,0,1,1,0,1,1,1,0,0,1,1,0,1,1,0,2,1,2,2,-1,2,1,2,0,NA,"",0,0,1,"",1,0,"Non-UKRN",2,406,NA,19,1.1875,11,1.375,5,4,1,1,1,1,1,0,1,1,1,1
"CM4544","100",1011,"TRUE","21","UNI10","Full-time","No","","3","Year 2","Psychology and Business and Management","Female",1,1,0,1,1,1,1,1,1,0,2,2,0,1,-1,-1,0,0,1,1,1,0,1,1,0,0,1,1,1,0,0,0,0,1,1,-1,-1,0,1,1,0,NA,"",1,1,1,"",1,0,"Non-UKRN",2,477,NA,11,0.6875,2,0.25,5,3,1,1,1,1,1,0,1,1,1,1
"CR0751","100",1074,"TRUE","22","UNI62","Full-time","No","","3","Year 1","psychology and behavioural sciences","female",2,1,2,2,2,0,2,-2,2,2,2,2,0,2,-2,-2,1,1,1,0,0,1,0,1,1,0,1,0,0,0,0,1,2,0,-2,-2,-2,-2,2,2,1,1,"Where the findings in scientific studies are almost impossible to be reproduced",1,0,1,"",1,0,"Non-UKRN",2,364,1,15,0.9375,-2,-0.25,5,3,1,1,1,1,1,1,1,1,1,1
"CR2939","100",1137,"TRUE","19","UKRN08","Full-time","No","","4","Year 1","Psychology with Criminology ","Female ",2,2,1,1,1,1,1,-1,0,-1,1,2,1,-1,-2,-1,1,0,1,0,1,1,0,1,0,0,0,0,0,0,0,1,2,2,1,1,-1,-2,1,1,1,1,"The issue of researcher being unable to reproduce published studies.",0,0,1,"",1,0,"UKRN",2,27,0,7,0.4375,5,0.625,5,1,1,1,1,1,1,1,1,1,1,1
"CS0926","100",1167,"TRUE","25","UNI73","Full-time","Yes","","4","Year 1","BSc Criminology & Psychology","Female",2,2,0,0,0,0,1,-1,2,-1,1,2,1,1,-1,-1,1,0,1,0,0,1,0,1,1,0,1,0,0,1,0,0,1,-1,1,-1,-1,0,0,0,1,1,"Issues in studies producing differing results when replicated.",0,0,1,"",1,0,"Non-UKRN",2,261,1,8,0.5,-1,-0.125,4,3,1,1,1,1,1,1,1,1,1,1
"CS7117","100",949,"TRUE","21","UNI10","Full-time","No","","3","Final Year","Criminology, Psychology Joint","Female",1,2,0,1,-1,1,1,1,2,1,0,2,-1,-1,-1,0,1,0,1,0,1,1,0,1,0,1,0,1,0,0,1,0,2,1,1,-1,1,1,1,0,0,NA,"",1,0,1,"",1,0,"Non-UKRN",2,385,NA,8,0.5,6,0.75,5,3,1,1,1,1,1,0,1,1,1,1
"CS9228","100",351,"TRUE","19","UNI72","Full-time","No","","3","Year 1","Psychology and counselling ","Male",-2,2,-1,-1,-1,-2,1,2,-1,-1,2,-1,2,-2,0,-1,1,1,1,1,1,1,1,1,0,0,0,0,0,0,0,0,2,1,0,0,-1,-1,-1,1,1,0,"Unsure ",1,0,1,"",1,0,"Non-UKRN",2,233,0,-4,-0.25,1,0.125,8,0,1,1,1,1,1,1,1,1,1,1
"CSI4433","100",1474,"TRUE","21","UNI80","Full-time","Yes","","4","Final Year","Applied Psychology (Psychology with a Work Placement Year)","Female",1,2,2,1,1,1,1,1,2,1,2,2,2,1,-1,-1,1,1,1,1,0,0,1,1,1,0,1,1,0,0,1,1,2,2,2,1,-1,2,1,2,1,1,"The discovery that many studies that were well established, when replicating them, actually did not gather the same/as significant/even significant at all results. ",1,1,1,"I'm very interested in this topic as I want to dedicate my life to research, so I enjoyed completing this questionnaire!",1,0,"Non-UKRN",2,697,1,18,1.125,11,1.375,6,5,1,1,1,1,1,1,1,1,1,1
"CT8759","100",480,"TRUE","34","UNI79","Full-time","No","","3","Year 2","Psychological Counselling","Cis Woman",1,0,2,2,2,1,2,2,2,1,1,1,0,-1,0,0,0,0,1,0,0,0,0,0,0,0,0,0,0,0,0,0,2,1,2,0,0,0,1,1,1,1,"",0,0,1,"",1,0,"Non-UKRN",2,648,NA,16,1,7,0.875,1,0,1,1,1,1,1,1,1,1,1,1
"CW4287","98",3223,"FALSE","20","UKRN04","Full-time","No","","3","Year 2","BSc (Hons) Psychology","Female",0,2,0,2,1,1,2,0,0,-2,1,0,2,0,-1,0,0,0,0,1,0,0,0,1,0,0,0,0,0,0,0,0,2,2,1,0,0,0,2,1,1,0,"The fact that most of the studies were/are not replicated, especially with the same results",0,0,1,"Some student do not have the knowledge of the issues raised in this questionnaire, which is an important problem",1,0,"UKRN",2,467,1,8,0.5,8,1,2,0,1,1,1,1,1,1,1,1,1,1
"CW5388","98",661,"FALSE","19","UNI73","Full-time","No","","3","Year 2","BSc Psychology","Female",2,1,1,1,1,0,2,2,1,-2,1,2,2,2,-2,-1,1,1,1,0,1,0,0,1,0,0,0,1,0,1,1,0,1,1,2,-1,-1,1,1,1,1,1,"a lot of results now are not able to be replicated due to methodology/design differences and also have not been replicated due to differences in findings",0,0,1,"",1,0,"Non-UKRN",2,383,1,13,0.8125,5,0.625,5,3,1,1,1,1,1,1,1,1,1,1
"DA4217","100",563,"TRUE","20","UNI06","Full-time","Yes","","4","Year 2","BSc Psychology","Male",1,1,1,1,1,1,2,1,1,1,1,1,1,-1,2,0,1,1,1,1,1,1,1,1,0,0,0,0,0,0,0,0,1,1,1,0,0,1,0,1,0,NA,"",1,0,1,"",1,0,"Non-UKRN",2,602,NA,15,0.9375,5,0.625,8,0,1,1,1,1,1,0,1,1,1,1
"DB200","100",827,"TRUE","20","UKRN08","Full-time","Yes","","4","Year 1","Psychology BSc (Hons)","Non-binary",2,1,0,2,2,1,1,0,1,2,2,2,1,-2,-2,-1,1,1,0,1,1,0,1,1,0,0,1,0,0,1,0,0,-2,-2,2,1,-1,2,2,1,1,1,"A trend of Psychological studies failing to replicate.",0,0,1,"",1,0,"UKRN",2,129,0,12,0.75,3,0.375,6,2,1,1,1,1,1,1,1,1,1,1
"DC5852","43",15664,"FALSE","21","UNI58","Full-time","Other (Please specify)","optional","3","Year 1","Psychology BSc (Hons)","female",NA,NA,NA,NA,NA,NA,NA,NA,NA,NA,NA,NA,NA,NA,NA,NA,0,0,0,0,0,0,0,0,0,0,0,0,0,0,0,0,NA,NA,NA,NA,NA,NA,NA,NA,NA,NA,"",NA,NA,NA,"",1,0,"Non-UKRN",2,726,NA,NA,NA,NA,NA,0,0,0,1,1,0,0,0,0,0,0,1
"DF6844","100",1537,"TRUE","58","UNI75","Full-time","Yes","","3","Year 2","BSC  Psychology and Counselling","FEMALE",0,1,0,1,1,1,1,0,-1,1,1,1,1,1,-2,-1,0,0,1,1,0,0,1,1,1,1,0,0,1,1,0,0,1,1,0,-1,-1,-1,0,0,0,NA,"",0,0,1,"",1,0,"Non-UKRN",2,435,NA,6,0.375,-1,-0.125,4,4,1,1,1,1,1,0,1,1,1,1
"DH2135","100",808,"TRUE","21","UNI06","Full-time","No","","3","Year 1","Psychology ","Female",0,1,-1,-1,1,0,0,1,1,-1,0,0,0,-1,0,0,1,1,1,0,0,0,1,1,0,0,0,0,0,0,0,0,0,-1,0,0,0,1,1,1,1,1,"",0,0,0,"",1,0,"Non-UKRN",2,594,NA,0,0,2,0.25,5,0,1,1,1,1,1,1,1,1,1,1
"DH3932","100",1107,"TRUE","18","UNI19","Full-time","No","","3","Year 1","psychology ","male ",2,2,1,-1,1,1,1,1,1,1,1,2,0,-1,0,-1,1,0,0,0,0,0,0,1,0,0,0,0,0,0,0,1,1,1,0,-1,-1,1,1,1,0,NA,"",0,0,1,"",1,0,"Non-UKRN",2,632,NA,11,0.6875,3,0.375,2,1,1,1,1,1,1,0,1,1,1,1
"DH4918","100",609,"TRUE","20","UKRN01","Full-time","Yes","","4","Year 2","Psychology","Male",2,1,2,0,0,0,0,0,2,0,1,2,1,-1,-1,-1,0,0,1,0,0,1,0,1,0,0,0,0,0,0,0,1,2,1,1,-1,-1,-1,1,-1,0,NA,"",0,0,1,"",1,0,"UKRN",2,102,0,8,0.5,1,0.125,3,1,1,1,1,1,1,0,1,1,1,1
"DH7811","100",14804,"TRUE","19","UNI50","Full-time","No","","3","Year 1","Psychology with Forensic Psychology ","Female ",1,1,0,1,1,1,1,1,-1,-1,1,2,0,1,-1,1,1,0,1,0,0,1,0,1,0,0,1,0,0,0,0,1,1,-1,1,-1,-1,1,-1,-1,0,NA,"",0,0,1,"",1,0,"Non-UKRN",2,307,NA,9,0.5625,-2,-0.25,4,2,1,1,1,1,1,0,1,1,1,1
"DK6826","48",268,"FALSE","20","UNI80","Full-time","No","","3","Year 1","Psychology with clinical psychology ","Female ",2,0,-2,-1,1,0,0,0,-2,1,2,2,0,-1,-2,-1,0,0,1,0,0,0,0,1,0,0,0,0,0,0,0,0,NA,NA,NA,NA,NA,NA,NA,NA,NA,NA,"",NA,NA,NA,"",1,0,"Non-UKRN",2,713,NA,-1,-0.0625,NA,NA,2,0,1,1,1,0,0,0,0,0,0,1
"DM7216","100",843,"TRUE","20","UNI09","Full-time","No","","3","Year 2","Psychology with Neuropsychology","Male",1,1,2,-2,1,1,2,2,1,1,0,2,1,2,-2,0,1,0,0,0,0,0,0,0,0,1,1,1,1,1,1,1,2,2,2,-1,1,2,1,0,1,1,"Many past research papers are very hard or impossible to replicate ",1,0,1,"",1,0,"Non-UKRN",2,214,0,13,0.8125,9,1.125,1,7,1,1,1,1,1,1,1,1,1,1
"DM7729","100",3991,"TRUE","25","UKRN01","Full-time","Yes","","4","Year 1","BSCH Psychology","Female",2,2,2,0,2,2,2,2,2,1,2,1,0,0,0,1,1,1,1,1,1,1,0,1,1,1,1,0,0,1,0,1,1,1,1,1,1,1,1,2,1,1,"Not being able to reproduce or replicate a study due to costs and/or availability of participants.",1,0,1,"",1,0,"UKRN",2,103,0,21,1.3125,9,1.125,7,5,1,1,1,1,1,1,1,1,1,1
"DN9295","100",1271,"TRUE","37","UKRN08","Full-time","Yes","","3","Year 2","Psychology Bsc ","male",0,1,0,1,1,2,2,2,1,2,2,2,1,-1,-1,1,1,0,1,0,0,1,0,1,0,0,1,0,0,1,0,0,-1,1,2,1,-1,1,1,1,1,1,"Major theories espically in the social sciences are grounded from unreproducible experiments.",1,1,1,"",1,0,"UKRN",2,28,0,16,1,5,0.625,4,2,1,1,1,1,1,1,1,1,1,1
"dortiz02","100",828,"TRUE","24","UNI08","Full-time","No","","3","Year 1","BSc Psychology","Female",1,1,0,0,1,1,1,1,1,0,1,1,1,-1,0,0,1,1,0,0,1,1,1,1,0,0,1,1,0,1,0,1,-1,-1,1,0,0,1,0,1,0,NA,"",0,0,1,"",1,0,"Non-UKRN",2,298,NA,9,0.5625,1,0.125,6,4,1,1,1,1,1,0,1,1,1,1
"DP3245","100",668,"TRUE","19","UKRN01","Full-time","Yes","","4","Year 1","Psychology","Female",2,-1,0,-1,0,1,1,1,1,-2,2,2,0,-1,-1,0,1,0,0,0,1,0,0,1,0,0,1,0,0,1,0,0,-1,-2,1,-2,-1,-1,-1,1,0,NA,"",0,0,0,"",1,0,"UKRN",2,34,NA,4,0.25,-6,-0.75,3,2,1,1,1,1,1,0,1,1,1,1
"ds3280","100",845,"TRUE","22","UKRN01","Full-time","Yes","","3","Placement Year","Psychology BSc","Female",2,1,1,1,2,1,2,1,1,2,2,1,0,1,2,0,0,1,0,1,1,0,0,0,1,0,1,0,0,1,1,1,2,1,1,1,-1,1,-1,2,0,NA,"",1,0,1,"",1,0,"UKRN",2,46,NA,20,1.25,6,0.75,3,5,1,1,1,1,1,0,1,1,1,1
"EA4091","100",855,"TRUE","20","UKRN01","Full-time","No","","3","Year 2","Psychology","Male",1,1,1,1,1,1,2,1,1,2,0,2,0,1,0,0,1,1,1,1,1,1,1,1,0,0,0,0,0,0,0,0,2,2,1,1,-1,1,1,1,1,1,"Many tests and studies that have been conducted in psychology have been revisited and a large proportion have them cannot be replicated to obtain the same results",0,0,1,"",1,0,"UKRN",2,31,1,15,0.9375,8,1,8,0,1,1,1,1,1,1,1,1,1,1
"EA4839","100",1033,"TRUE","19","UNI06","Full-time","Yes","","3","Year 1","Psychology ","Male",1,1,2,-1,0,0,0,0,1,0,1,2,1,1,1,-1,1,0,1,1,0,1,0,1,1,0,0,0,0,0,0,0,1,0,0,0,-1,-1,1,1,1,1,"Research needs to be replicated to further support its validity",0,1,1,"",1,0,"Non-UKRN",2,618,0,9,0.5625,1,0.125,5,1,1,1,1,1,1,1,1,1,1,1
"EA8353","100",2391,"TRUE","18","UNI06","Full-time","Yes","","4","Year 1","Psychology and Business","Female",1,1,1,1,1,1,1,-1,1,1,-1,1,1,-1,-1,1,1,1,1,1,1,1,1,1,0,0,0,0,0,0,0,0,1,1,1,1,-1,-1,1,1,1,1,"When there was a time were psychological studies were re-done or copied  with the same methods, sample size, number of participants... and results came to  reveal many differences which indicated that the studies examiners replicated from weren't totally honest or truthful with their hypothesis. 
",1,1,1,"",1,0,"Non-UKRN",2,596,1,8,0.5,4,0.5,8,0,1,1,1,1,1,1,1,1,1,1
"EAD2970","98",1072,"FALSE","27","UNI10","Full-time","No","","3","Final Year","English Literature and Psychology (Joint Hons) ","Female",2,2,2,2,2,2,2,1,2,2,1,2,1,-1,-2,-1,1,1,1,1,0,0,0,1,0,0,1,0,0,0,0,0,2,2,2,1,-1,1,2,1,1,0,"The importance of being able to replicate studies and produce the same results increasing reliability",0,0,0,"I learned about biases during A Level. I would also note I chose the psychology modules with the least research/application elements as I am more interested in theory ",1,0,"Non-UKRN",2,453,0,19,1.1875,10,1.25,5,1,1,1,1,1,1,1,1,1,1,1
"EB0418","100",998,"TRUE","19","UNI19","Full-time","Other (Please specify)","its an option ","3","Year 1","Psychology ","Female ",2,1,1,0,0,0,1,1,1,1,1,2,1,0,-1,0,1,0,0,0,1,1,0,0,0,0,1,0,0,0,0,1,1,0,1,1,-1,-1,1,0,1,1,"It's the problem that not enough studies are replicated to assess whether the same results and conclusion are reached. Therefore, some current published research may have concluded results that might not be able to be replicated under the same conditions, meaning they are falsely eluded. ",1,0,1,"",1,0,"Non-UKRN",2,482,1,11,0.6875,2,0.25,3,2,1,1,1,1,1,1,1,1,1,1
"EB2420","100",2051,"TRUE","21","UNI09","Full-time","No","","3","Final Year","BSc Psychology With Neuropsychology","Female",1,2,-2,2,2,1,2,2,2,1,-1,2,2,2,-1,1,0,0,1,1,1,0,1,1,0,0,0,0,0,0,0,0,2,2,2,2,1,1,1,1,1,1,"The replication / reproducibility crisis surrounds the the fact that a number of studies, particularly in social science nature, are impossible to replicate due to a number of factors such as poor metholodgical design, inappropriate statistical analyses, and small sample size. If a study cant be replicated, then its findings cant been denied or further supported. ",0,0,1,"As part of the Academic Twitter universe, I see a lot of tweets and a push towards open access research. However, these people all tend to be postgrads / PHD students. I know its a key debate, but it doesn't get mentioned (I find) at undergraduate level when I think it should. I do have a rough idea of what it incorporates but wouldn't be confident in explaining it to another student. ",1,0,"Non-UKRN",2,200,1,18,1.125,12,1.5,5,0,1,1,1,1,1,1,1,1,1,1
"EB9574","100",2013,"TRUE","18","UKRN01","Full-time","No","","3","Year 1","Psychology","male",1,2,0,1,1,2,1,1,1,1,1,2,1,-1,0,0,1,1,1,0,0,1,0,1,0,0,0,0,0,0,0,0,1,1,1,0,0,0,1,1,1,0,"some studies are difficult to replicate so it can't have its reliability tested",1,0,1,"",1,0,"UKRN",2,124,0,14,0.875,5,0.625,5,0,1,1,1,1,1,1,1,1,1,1
"ec0464","100",885,"TRUE","19","UNI06","Full-time","No","","3","Year 1","psychology","female",1,1,1,1,1,-1,1,1,1,1,2,0,0,-1,-1,-1,1,0,1,0,0,1,1,1,0,0,1,0,0,1,0,0,1,1,0,-1,1,-1,1,1,0,NA,"",0,0,1,"",1,0,"Non-UKRN",2,582,NA,7,0.4375,3,0.375,5,2,1,1,1,1,1,0,1,1,1,1
"EC0595","100",950,"TRUE","19","UNI10","Full-time","Yes","","4","Year 1","forensic psychology","female ",1,1,0,1,1,1,2,1,2,1,1,2,1,1,-1,-1,0,0,0,0,0,0,0,0,0,0,1,0,0,0,0,1,1,1,1,-1,-1,1,1,1,0,NA,"",0,0,1,"",1,0,"Non-UKRN",2,324,NA,14,0.875,4,0.5,0,2,1,1,1,1,1,0,1,1,1,1
"ec0694","100",946,"TRUE","19","UKRN08","Full-time","Yes","","4","Year 1","psychology ","female",2,1,2,0,2,0,2,2,2,2,-1,2,0,1,-1,0,1,0,1,0,0,1,0,1,0,0,1,0,0,1,0,1,1,1,2,1,-1,0,0,1,1,1,"people cannot replicate the findings from older studies, therefore, leading to questions surrounding the reliability of the findings and the theories that came from the findings.",0,0,1,"",1,0,"UKRN",2,30,1,16,1,5,0.625,4,3,1,1,1,1,1,1,1,1,1,1
"EC5938","100",85499,"TRUE","20","UKRN01","Full-time","Yes","","4","Year 1","Psychology","Female",2,1,1,-1,1,0,0,-1,1,-2,1,1,1,-2,1,-2,1,1,1,1,1,1,1,1,0,0,0,0,0,0,0,0,2,0,2,2,-1,1,-2,1,1,1,"When studies cannot be replicated to test the reliability of a study",0,0,0,"",1,0,"UKRN",2,146,0,2,0.125,5,0.625,8,0,1,1,1,1,1,1,1,1,1,1
"EC6541","100",2938,"TRUE","22","UNI11","Full-time","No","","3","Year 2","BSc psychology ","Female ",1,1,1,1,1,1,1,-2,-1,-1,2,2,-2,1,-1,2,1,0,0,1,1,0,0,0,0,1,1,0,0,1,1,1,0,0,1,-1,1,-1,0,0,1,0,"Not sure ",0,0,1,"No",1,0,"Non-UKRN",2,670,0,7,0.4375,0,0,3,5,1,1,1,1,1,1,1,1,1,1
"EC6949","100",1513,"TRUE","19","UNI06","Full-time","Yes","","4","Year 1","Psychology BSc","female",1,1,1,0,1,0,2,1,1,-1,1,2,0,0,2,-1,1,1,1,1,1,1,0,1,0,0,0,0,0,0,1,0,1,1,1,1,-2,1,0,1,1,1,"scientific studies from the past are unable to be replicated and possibly have false results",1,1,1,"",1,0,"Non-UKRN",2,52,1,11,0.6875,4,0.5,7,1,1,1,1,1,1,1,1,1,1,1
"EC7128","100",506,"TRUE","21","UNI58","Full-time","No","","3","Final Year","BSc Psychology","Female",2,2,1,2,2,2,1,-1,1,-2,-1,2,2,1,-2,-1,1,1,0,1,0,0,0,0,0,0,1,0,1,1,1,1,2,2,2,2,-1,1,1,1,0,NA,"",0,0,1,"",1,0,"Non-UKRN",2,311,NA,11,0.6875,10,1.25,3,5,1,1,1,1,1,0,1,1,1,1
"ED0787","100",653,"TRUE","21","UNI73","Full-time","No","","3","Final Year","Criminology & Psychology","Female",1,1,1,1,1,1,2,1,0,1,-1,1,1,-1,-1,-1,1,0,0,1,1,0,1,1,0,1,1,0,0,1,0,0,2,2,2,2,-1,-1,1,1,0,NA,"",0,0,1,"",1,0,"Non-UKRN",2,243,NA,8,0.5,8,1,5,3,1,1,1,1,1,0,1,1,1,1
"Ed3232","98",41920,"FALSE","20","UNI75","Full-time","Other (Please specify)","Placement module ","3","Year 2","Psychology ","Female ",-1,-1,1,-1,1,1,-1,-1,1,-2,1,2,1,1,-1,-1,1,0,1,0,0,0,0,1,0,1,0,1,1,1,1,0,1,0,1,1,-2,1,1,1,0,NA,"",0,0,1,"",1,0,"Non-UKRN",2,497,NA,0,0,4,0.5,3,5,1,1,1,1,1,0,1,1,1,1
"ED3444","100",1255,"TRUE","20","UNI80","Full-time","No","","3","Year 2","Psychology","Female",2,2,1,1,0,1,2,1,1,-2,-1,1,2,-1,-1,-1,1,1,0,1,1,0,1,0,0,0,1,0,0,1,0,1,1,1,2,-1,-1,-1,1,1,1,1,"Lots of classic and poignant studies on which lots of modern research hinges has been difficult to replicate successfully - often due to dubious scientific practices.",0,0,1,"It is often difficult to distinguish reputable research, particularly as so much reasurch accepts the findings as gospel, common knowledge or ""classic"" ""foundation"" studies.",1,0,"Non-UKRN",2,701,1,8,0.5,3,0.375,5,3,1,1,1,1,1,1,1,1,1,1
"ED4499","100",991,"TRUE","29","UNI11","Full-time","No","","3","Year 1","Forensic investigative psychology","Female",1,2,-1,1,1,1,1,-1,0,0,2,1,1,-1,-1,-1,1,0,1,0,0,1,0,1,1,0,1,0,0,1,0,1,2,0,1,1,-2,-1,1,0,1,1,"Concerns regarding the credibility of research findings ",0,0,1,"",1,0,"Non-UKRN",2,660,0,6,0.375,2,0.25,4,4,1,1,1,1,1,1,1,1,1,1
"EF0884","100",1517,"TRUE","18","UKRN01","Full-time","Yes","","4","Year 1","Psychology","female",1,2,1,1,1,1,2,2,2,1,0,1,-1,-1,-1,0,1,1,1,1,1,1,1,0,0,0,0,0,0,0,0,1,2,2,2,-1,0,1,0,2,0,NA,"",1,1,1,"",1,0,"UKRN",2,152,NA,12,0.75,8,1,7,1,1,1,1,1,1,0,1,1,1,1
"EF6583","100",1017,"TRUE","21","UNI10","Full-time","Yes","","4","Year 2","Psychology ","Female ",1,0,1,0,1,0,1,0,2,-2,1,2,1,0,0,-1,0,0,1,0,0,0,1,1,0,0,1,0,0,0,0,0,1,1,1,0,-1,0,1,0,0,NA,"",0,0,1,"",1,0,"Non-UKRN",2,335,NA,7,0.4375,3,0.375,3,1,1,1,1,1,1,0,1,1,1,1
"EF9886","100",919,"TRUE","20","UNI19","Full-time","No","","3","Year 1","Psychology","Female",1,1,-1,-1,0,0,1,0,1,1,1,2,0,1,-1,-2,1,1,1,1,1,1,1,1,0,0,0,0,0,0,0,0,1,0,1,1,-2,0,0,0,1,1,"The idea that results of a study are unable to be reproduced if the study was repeated",1,0,0,"",1,0,"Non-UKRN",2,485,1,4,0.25,1,0.125,8,0,1,1,1,1,1,1,1,1,1,1
"EH2567","100",1230,"TRUE","23","UKRN08","Full-time","Yes","","4","Year 2","Psychology ","Female",1,1,1,-1,0,1,1,1,1,-1,1,2,1,1,-1,-1,1,0,1,1,0,0,0,1,0,0,1,0,0,0,0,0,1,1,-1,1,-1,-1,1,1,1,1,"When too many studies do not replicate, even those that are very important to psychology or whatnot ",0,1,1,"",1,0,"UKRN",2,150,0,8,0.5,2,0.25,4,1,1,1,1,1,1,1,1,1,1,1
"EH5188","100",743,"TRUE","20","UNI73","Full-time","No","","3","Final Year","BSc Psychology","Female",1,2,-2,-2,0,0,1,0,-1,-2,0,2,1,2,0,-1,1,0,0,1,0,0,0,1,0,0,1,0,0,0,1,0,0,0,1,0,1,1,0,0,1,1,"Findings cannot be replicated",0,1,0,"",1,0,"Non-UKRN",2,238,1,1,0.0625,3,0.375,3,2,1,1,1,1,1,1,1,1,1,1
"EH7376","100",1519,"TRUE","20","UKRN08","Full-time","No","","3","Final Year","Psychology BSc","Female",1,2,2,2,2,2,1,-1,1,-1,2,2,2,2,-1,-1,1,1,1,1,0,1,1,1,1,1,1,1,0,0,1,1,2,2,-2,2,-1,1,2,1,1,1,"A crisis that came to light in 2010 which revealed that a large number of psychological studies could not be replicated",1,1,1,"",1,0,"UKRN",2,1,0,17,1.0625,7,0.875,7,6,1,1,1,1,1,1,1,1,1,1
"eh8377","100",1499,"TRUE","18","UKRN08","Full-time","Yes","","3","Year 1","BSc Criminology with Psychology","Female",1,1,1,-1,-1,-1,1,1,-1,-2,1,1,1,1,-1,-1,1,1,0,0,0,1,0,1,0,0,1,0,0,0,0,0,1,1,2,1,-1,-1,1,1,1,1,"Many studies are difficult to replicate which can put their reliability in to question however, for many reasons researchers have an incentive to produce research that is new and innovative. Journals are more likely to publish these findings, researchers can also be rewards for new findings. This can lead to reports and research that is not of a high standard and is hard to replicate. ",0,1,0,"",1,0,"UKRN",2,60,1,1,0.0625,5,0.625,4,1,1,1,1,1,1,1,1,1,1,1
"EK123","100",1183,"TRUE","19","UKRN01","Full-time","Yes","","4","Year 1","psychology","female",2,0,0,0,1,1,2,0,1,0,1,2,1,-1,-1,-1,1,1,0,0,1,1,1,1,0,0,1,1,0,0,0,0,-1,0,1,0,-1,0,-1,0,0,NA,"",0,0,1,"",1,0,"UKRN",2,36,NA,8,0.5,-2,-0.25,6,2,1,1,1,1,1,0,1,1,1,1
"EL0160","100",1238,"TRUE","19","UNI19","Full-time","No","","3","Year 1","BSc Psychology","Female",1,1,-1,1,0,0,1,0,-2,-2,2,2,0,2,-1,-2,0,0,0,1,0,0,0,1,1,0,1,0,0,1,0,0,2,0,1,0,-2,0,2,0,1,1,"It is hard for researchers to replicate the same study with the same sample or different sample (either the same researchers or others) and sometimes researchers feel pressured to change their results in order to fit their pre-conceived beliefs/hypotheses, which will alter the study findings and make this process of replication even harder.",0,0,1,"This is very interesting to think about and I think all undergraduates should be taught this material.",1,0,"Non-UKRN",2,408,1,2,0.125,3,0.375,2,3,1,1,1,1,1,1,1,1,1,1
"EL4307","100",2636,"TRUE","35","UNI08","Full-time","No","","3","Year 2","Psychology (BSc, Undergraduate)","female",1,2,1,1,1,1,1,1,0,1,2,2,1,2,-1,-1,1,1,1,1,1,1,1,1,1,0,1,1,1,1,0,1,2,1,2,1,1,1,1,1,1,1,"It is an ongoing issue of scientific methodology in psychology and in other scientific fields. It has been found that studies (mainly in social sciences and medicine) are difficult to replicate, or it is not possible to replicate them at all. There are many possible reasons for this, including p-hacking in reseach, lack of replication attempt in the past, and lack of publication when the experiemental results are not significant.",1,1,1,"I am very grateful to my professors and lecturers for informing their students of these issues, teaching about methodological issues, reserach ethics, and making it part of the discussion in reserach methods classes.  ",1,0,"Non-UKRN",2,349,1,15,0.9375,10,1.25,8,6,1,1,1,1,1,1,1,1,1,1
"EO7114","100",672,"TRUE","19","UKRN01","Full-time","Yes","","4","Year 1","Psychology","Female",1,2,0,2,-1,0,-1,-1,1,0,1,2,1,2,-2,-1,0,0,1,0,1,0,0,1,0,0,0,0,0,0,0,0,1,2,0,1,-2,-1,1,0,0,NA,"",0,0,1,"",1,0,"UKRN",2,182,NA,6,0.375,2,0.25,3,0,1,1,1,1,1,0,1,1,1,1
"EP1387","100",909,"TRUE","20","UKRN01","Full-time","Yes","","4","Year 1","Psychology ","Female ",1,1,0,-2,1,1,1,1,-1,-1,-1,2,0,-1,-1,-1,0,0,1,0,0,0,0,1,0,0,0,0,0,0,0,0,1,0,2,-1,-2,1,0,1,0,NA,"",0,0,0,"",1,0,"UKRN",2,394,NA,0,0,2,0.25,2,0,1,1,1,1,1,0,1,1,1,1
"EP3632","100",797,"TRUE","21","UNI06","Full-time","Yes","","4","Year 2","Psychology BSc (Hons)","Male",2,0,1,1,1,1,2,1,1,-2,1,1,0,-1,0,-1,1,1,0,0,0,0,1,0,0,0,1,1,1,1,0,1,1,1,1,-1,-1,1,1,1,0,NA,"",1,0,1,"",1,0,"Non-UKRN",2,507,NA,8,0.5,4,0.5,3,5,1,1,1,1,1,0,1,1,1,1
"EP5293","100",1168,"TRUE","19","UNI19","Full-time","No","","3","Year 1","Psychology ","Female ",1,1,0,1,1,0,1,1,0,1,1,2,0,2,-2,0,1,0,1,0,1,0,0,1,1,0,0,0,0,0,0,1,0,0,0,-1,-1,1,0,1,1,1,"It is a crisis consisting of scientific studies that are hard or impossible to replicate so the results of them could be wrong ",1,0,0,"",1,0,"Non-UKRN",2,612,1,10,0.625,0,0,4,2,1,1,1,1,1,1,1,1,1,1
"ER2422","100",710,"TRUE","20","UKRN08","Full-time","No","","3","Year 2","<Psychology with Criminology","female",2,2,1,1,0,1,1,1,1,2,1,1,2,1,2,-1,1,1,1,1,1,1,1,1,1,0,1,0,0,1,0,1,2,2,2,2,-1,2,2,1,1,1,"psychologists that have been replicating older studies have found non-significant results",0,0,1,"",1,0,"UKRN",2,130,1,18,1.125,12,1.5,8,4,1,1,1,1,1,1,1,1,1,1
"Er5315","100",1077,"TRUE","20","UNI11","Full-time","No","","3","Year 2","Psychology with criminology ","Female",1,2,1,1,1,1,2,2,1,1,1,2,0,1,-1,-1,1,0,1,1,0,1,0,1,0,1,0,0,1,0,1,0,2,2,2,1,-2,-2,1,1,1,1,"When data should be repeated in order to increase the reliability of results, but the researcher doesn't give the relevant information.",0,0,1,"",1,0,"Non-UKRN",2,654,1,15,0.9375,5,0.625,5,3,1,1,1,1,1,1,1,1,1,1
"ER7466","100",803,"TRUE","20","UKRN08","Full-time","Yes","","4","Year 1","Psychology with criminology","female",1,1,0,1,1,0,1,0,1,-1,2,1,1,-2,-1,-1,1,1,1,0,0,1,0,1,1,1,1,0,0,1,0,0,1,0,1,0,-2,-1,1,1,1,1,"Researchers failed to get the same results when replicating other researchers experiments. ",1,0,1,"",1,0,"UKRN",2,161,1,5,0.3125,1,0.125,5,4,1,1,1,1,1,1,1,1,1,1
"ER7894","100",813,"TRUE","21","UNI06","Full-time","Yes","","4","Year 2","BSc Psychology and Business","Female",1,0,1,1,1,1,2,1,2,0,1,0,1,-1,1,1,0,1,0,1,1,0,1,1,1,0,1,0,0,1,0,0,1,1,1,1,1,1,1,1,0,NA,"",0,0,0,"",1,0,"Non-UKRN",2,504,NA,13,0.8125,8,1,5,3,1,1,1,1,1,0,1,1,1,1
"ER9372","98",915,"FALSE","19","UNI10","Full-time","No","","3","Year 2","Psychology and Criminology BsC","Female",1,1,0,1,1,2,-1,2,1,1,1,1,0,0,0,0,0,0,1,0,0,0,0,1,0,0,1,0,0,0,0,0,-1,-1,1,-1,1,1,0,0,0,NA,"",0,0,1,"To many of the questions, I found myself saying “that should be their choice”. ",1,0,"Non-UKRN",2,452,NA,11,0.6875,0,0,2,1,1,1,1,1,1,0,1,1,1,1
"ER9832","100",2617,"TRUE","21","UNI11","Full-time","No","","3","Final Year","Psychology","Female ",1,1,1,0,0,0,1,2,1,1,2,1,1,1,0,0,1,1,1,1,1,1,0,1,0,0,0,0,0,0,1,0,1,1,1,1,0,0,0,1,1,1,"Mix of results people achieve",0,0,1,"",1,0,"Non-UKRN",2,658,0,13,0.8125,5,0.625,7,1,1,1,1,1,1,1,1,1,1,1
"ES0661","100",1683,"TRUE","21","UKRN08","Full-time","Yes","","3","Year 2","Psychology","Female",2,1,0,-1,0,1,1,0,0,-1,1,1,1,-1,-1,-1,1,0,1,1,0,0,0,1,0,0,0,0,0,0,0,0,2,1,1,-1,-1,-1,1,1,1,1,"The issue where research/studies may not be able to be repeated by other researchers due to incorrect methodology etc",1,1,1,"",1,0,"UKRN",2,59,0,3,0.1875,3,0.375,4,0,1,1,1,1,1,1,1,1,1,1
"ES3171","100",757,"TRUE","18","UNI10","Full-time","No","","3","Year 1","Forensic Psychology","Female",1,1,1,-1,1,1,1,1,2,-2,1,2,2,-2,-1,-1,1,0,1,0,0,1,1,1,0,1,0,1,1,0,0,0,-1,-1,-1,-2,-1,-1,1,1,1,0,"Whether a study is legitimate and a persons own work",0,0,1,"",1,0,"Non-UKRN",2,329,0,7,0.4375,-5,-0.625,5,3,1,1,1,1,1,1,1,1,1,1
"ES3733","100",844,"TRUE","18","UNI50","Full-time","No","","3","Year 1","Psychology with Forensics","female",2,1,0,0,0,1,1,0,-1,-1,2,2,0,-1,-2,-1,1,0,1,0,0,1,0,1,0,0,1,0,0,1,0,0,1,0,-2,-2,-2,0,1,1,0,NA,"",0,0,1,"",1,0,"Non-UKRN",2,290,NA,3,0.1875,-3,-0.375,4,2,1,1,1,1,1,0,1,1,1,1
"ES6169","100",2672,"TRUE","21","UNI64","Full-time","No","","3","Year 2","Criminal Investigation with Forensic Psychology","Female",1,0,-1,1,1,1,1,-1,1,-1,1,0,1,-1,-1,0,1,1,0,1,1,1,1,1,0,0,1,0,0,0,0,0,1,1,0,0,-1,0,-1,1,0,NA,"",0,0,1,"",1,0,"Non-UKRN",2,718,NA,3,0.1875,1,0.125,7,1,1,1,1,1,1,0,1,1,1,1
"ET2628","100",585,"TRUE","19","UKRN08","Full-time","No","","3","Year 1","Bsc Psychology","Female",2,2,0,0,-1,1,2,1,1,1,1,2,0,-1,-1,-1,0,0,1,0,0,1,0,1,0,0,1,0,0,1,0,0,1,1,-2,-1,-1,0,1,1,1,1,"Potential growing inability to successfully replicate studies",0,0,0,"",1,0,"UKRN",2,80,0,9,0.5625,0,0,3,2,1,1,1,1,1,1,1,1,1,1
"EV5996","100",781,"TRUE","18","UNI50","Full-time","No","","3","Year 1","Psychology with Clinical Psychology (BSc)","Female ",2,2,0,2,-1,1,2,1,2,1,2,2,1,-1,-2,-1,0,0,0,0,0,0,0,1,0,0,0,0,0,0,0,0,2,1,2,-1,-1,2,1,1,0,NA,"",0,0,0,"",1,0,"Non-UKRN",2,287,NA,13,0.8125,7,0.875,1,0,1,1,1,1,1,0,1,1,1,1
"EW2454","100",635,"TRUE","18","UNI06","Full-time","No","","3","Year 1","Psychology ","Female",1,1,1,-1,1,0,1,-1,1,1,1,0,1,-1,-1,-1,1,0,1,0,0,1,0,1,0,1,0,1,1,0,1,0,1,0,1,1,-2,0,1,-1,0,NA,"",0,1,1,"",1,0,"Non-UKRN",2,589,NA,4,0.25,1,0.125,4,4,1,1,1,1,1,0,1,1,1,1
"EW5768","100",1567,"TRUE","19","UKRN01","Full-time","No","","3","Year 1","Psychology","Female",0,1,-1,-1,0,-1,-1,1,-1,-2,1,2,-1,2,-1,-1,1,0,0,0,1,0,0,1,0,1,1,1,0,1,0,0,1,-1,-1,-1,-2,-1,2,-1,1,1,"Refers to the growing belief that a study cannot be replicated and thus is wrong.",1,0,1,"",1,0,"UKRN",2,158,0,-3,-0.1875,-4,-0.5,3,4,1,1,1,1,1,1,1,1,1,1
"EW5880","100",1361,"TRUE","19","UKRN01","Full-time","Yes","","4","Year 1","Psychology BSc","Female",2,1,1,1,1,1,2,2,-2,-1,-1,1,0,-1,-1,-2,1,1,1,1,1,0,1,1,0,0,0,0,0,1,0,0,2,1,1,1,-2,-1,-1,1,0,NA,"",0,0,1,"",1,0,"UKRN",2,127,NA,4,0.25,2,0.25,7,1,1,1,1,1,1,0,1,1,1,1
"EW6805","100",581,"TRUE","20","UNI80","Full-time","Yes","","4","Year 2","Psychology","Female",1,1,0,2,1,1,1,0,1,2,1,2,2,2,-1,-1,1,0,1,1,0,1,0,1,0,0,0,0,0,0,0,0,1,1,1,1,0,0,1,1,1,1,"A large number of studies published in well known journals were unable to replicate when the study was repeated",0,0,1,"N/A",1,0,"Non-UKRN",2,672,1,15,0.9375,6,0.75,5,0,1,1,1,1,1,1,1,1,1,1
"EW9876","71",1083,"FALSE","21","UNI64","Full-time","No","","3","Final Year","Psychology (Forensic & Psychopathology)","female ",2,2,2,-1,1,0,2,2,2,-2,1,2,2,-1,1,-1,1,1,0,1,1,1,1,1,0,0,1,0,0,0,0,0,2,1,2,-1,-2,1,1,0,1,NA,"",NA,NA,NA,"",1,0,"Non-UKRN",2,725,NA,14,0.875,4,0.5,7,1,1,1,1,1,1,0,0,0,0,1
"EY5618","100",778,"TRUE","22","UNI06","Full-time","Yes","","4","Final Year","Psychology","Female",2,1,0,0,0,1,1,-1,1,-1,1,2,1,0,-1,-1,1,0,0,0,0,1,0,1,0,0,1,1,0,0,0,0,1,1,1,-1,0,1,0,1,1,0,"I have vaguely come across it, I think it concerns difficulties in replicating research due to lack of accessible materials/study info for example?  ",1,1,1,"",1,0,"Non-UKRN",2,186,1,6,0.375,4,0.5,3,2,1,1,1,1,1,1,1,1,1,1
"fa1122","100",15185,"TRUE","18","UNI06","Full-time","Yes","","4","Year 1","Psychology and Business Bsc","Female",2,-1,0,-1,1,1,2,1,2,-1,1,2,2,0,1,0,1,1,1,1,1,1,1,1,0,0,1,0,0,1,0,1,2,1,0,-1,-2,-1,0,1,0,NA,"",0,0,1,"",1,0,"Non-UKRN",2,548,NA,12,0.75,0,0,8,3,1,1,1,1,1,0,1,1,1,1
"FA2555","98",36281,"FALSE","21","UNI06","Full-time","Yes","","4","Final Year","Psychology BSc with Placement Year ","female",1,1,1,1,1,2,1,1,1,2,1,2,2,1,0,-1,1,1,1,1,0,1,1,1,0,0,0,1,0,0,0,0,1,1,2,2,1,1,1,1,1,1,"For many Psychological studies, when other researchers try to replicate them, following the exact same method, they fail to find the same results.  Some of it could be due to incomplete methods e.g. missing materials or methods that were changed without noting it etc. A lot of this could be because researchers switch hypotheses - so if they found something exploratory they might make that the focus of their findings if the results weren't significant for their original hypotheses. There's also lots of focus on novel research only, it attracts funding and journal peer review processes sometimes aren't entirely fair - they might favour researchers they know, or new/ 'interesting' research etc. Replication studies, too, don't attract too much funding/ attention",1,1,1,"Learning about the reproducibility crisis/ open science -  not sure if the course has changed now, but for final years this was just through lecturers at aston e.g. Ed, Charlotte Hartwright, Jason etc. etc. mentioning it as we were doing other modules, there is an optional final year module on this too, also a group of us have had the chance to participate in a consortium project this year",1,0,"Non-UKRN",2,227,1,17,1.0625,10,1.25,7,1,1,1,1,1,1,1,1,1,1,1
"FB73883","100",2047,"TRUE","18","UNI09","Full-time","Yes","","4","Year 1","Psychology","Female",-1,-1,-2,2,2,2,2,1,2,-2,-1,-1,0,0,-2,2,0,0,0,0,1,0,1,0,1,1,1,1,0,1,0,1,2,2,2,0,1,1,2,2,0,NA,"",0,1,1,"",1,0,"Non-UKRN",2,201,NA,3,0.1875,12,1.5,2,6,1,1,1,1,1,0,1,1,1,1
"FB7621","100",779,"TRUE","20","UNI80","Full-time","No","","3","Year 2","Psychology with clinical psychology ","Female ",1,-1,0,1,1,0,1,0,1,-2,1,2,1,1,-1,-1,1,1,0,1,1,1,0,0,0,0,1,0,0,0,1,1,1,0,-1,-2,-2,-1,1,0,1,1,"Some studies are difficult to replicate, making findings questionable.",0,1,1,"",1,0,"Non-UKRN",2,694,1,5,0.3125,-4,-0.5,5,3,1,1,1,1,1,1,1,1,1,1
"FC0668","100",1334,"TRUE","39","UNI08","Full-time","No","","3","Year 2","BSc in Psychology","Female",0,1,0,2,1,1,2,1,1,1,2,2,2,2,-1,1,1,0,0,0,1,0,1,0,0,1,1,1,0,0,0,1,2,2,1,-2,0,1,1,1,1,1,"Many studies' results could not be replicated in new studies",0,0,1,"",1,0,"Non-UKRN",2,299,1,18,1.125,6,0.75,3,4,1,1,1,1,1,1,1,1,1,1
"FE1477","100",742,"TRUE","23","UNI80","Full-time","No","","3","Final Year","Psychology ","Female ",2,1,0,1,2,1,2,2,1,1,2,1,0,-1,-1,-1,1,1,1,1,1,1,1,1,0,1,1,1,0,1,0,0,1,-1,1,1,-1,-1,1,-1,1,1,"",0,1,1,"",1,0,"Non-UKRN",2,671,NA,13,0.8125,0,0,8,4,1,1,1,1,1,1,1,1,1,1
"FF7708","100",699,"TRUE","20","UNI06","Full-time","No","","3","Year 2","psychology Bsc single honours ","female",1,2,-1,1,1,-1,1,1,1,-2,2,0,-1,-1,-2,0,1,1,0,0,1,0,1,0,0,0,1,1,0,1,0,1,-1,1,1,-1,-2,-2,0,1,0,NA,"",1,0,1,"",1,0,"Non-UKRN",2,533,NA,2,0.125,-3,-0.375,4,4,1,1,1,1,1,0,1,1,1,1
"FJ7624","100",1205,"TRUE","18","UKRN08","Full-time","Yes","","3","Year 1","Criminology with Psychology","Female ",2,1,1,-1,1,0,1,1,1,0,2,-1,1,-1,0,-1,0,0,1,1,1,0,1,0,1,1,0,0,0,1,0,1,2,0,1,-1,-1,0,1,1,1,1,"I believe the replication crisis used in pstchology is important as many scientists question the accuracy of published findings and now call for increased scrutiny of research practices in psychology. Replication is crucial in order for scientists to be able to check their work, and without repetition of a study, the result is not likely to be accepted.",0,1,1,"",1,0,"UKRN",2,151,1,7,0.4375,3,0.375,4,4,1,1,1,1,1,1,1,1,1,1
"FK7076","100",1629,"TRUE","20","UKRN01","Full-time","Yes","","4","Placement Year","BSc Psychology","Female",2,1,1,1,1,1,1,0,0,0,1,2,0,0,-1,-1,0,1,0,1,1,0,1,1,1,0,1,0,0,1,0,0,1,1,0,0,-1,0,2,2,1,0,"Too many replication studies in the scientific community leading to a reduction in original research.",0,0,0,"Research content such as 'replication crisis' does not receive much focus, perhaps until final year of undergraduate degree (whilst completing dissertation).",1,0,"UKRN",2,47,0,9,0.5625,5,0.625,5,3,1,1,1,1,1,1,1,1,1,1
"FL6613","100",485,"TRUE","21","UKRN01","Full-time","Yes","","4","Placement Year","psychology bsc","female",2,2,2,0,2,1,2,1,2,1,2,2,2,-1,1,-2,0,0,1,1,0,1,1,1,0,0,0,0,0,0,1,0,2,2,1,1,-2,1,2,-2,1,1,"that many studies were being replicated but without showing the same results making the results and conclusions unreliable ",1,1,1,"/",1,0,"UKRN",2,40,1,19,1.1875,5,0.625,5,1,1,1,1,1,1,1,1,1,1,1
"FN9934","100",1502,"TRUE","21","UNI06","Full-time","No","","3","Year 2","Psychology BSc","Female ",0,1,1,0,1,0,1,1,1,0,2,1,0,0,-1,0,1,0,1,0,0,1,1,1,0,0,0,0,0,0,0,0,1,0,1,0,-1,1,1,1,0,NA,"",1,0,1,"",1,0,"Non-UKRN",2,505,NA,8,0.5,4,0.5,5,0,1,1,1,1,1,0,1,1,1,1
"FP611","100",266357,"TRUE","19","UKRN08","Full-time","No","","3","Year 2","Psychology BSc","Female",1,1,1,0,0,0,2,1,2,-2,1,2,2,1,-1,-1,0,0,0,1,0,0,1,1,1,1,1,0,1,1,0,0,1,0,1,1,-1,1,1,1,1,1,"Psychological studies are failing to be reproduced ",0,1,1,"",1,0,"UKRN",2,156,0,10,0.625,5,0.625,3,5,1,1,1,1,1,1,1,1,1,1
"FR7379","100",905,"TRUE","21","UNI09","Full-time","No","","3","Final Year","Psychology","Female",2,2,1,2,0,0,1,-1,-1,-1,-1,2,1,1,-1,0,0,0,1,1,0,0,0,1,0,0,0,0,0,0,0,0,1,-1,1,0,-2,1,-1,0,0,NA,"",1,0,0,"",1,0,"Non-UKRN",2,206,NA,7,0.4375,-1,-0.125,3,0,1,1,1,1,1,0,1,1,1,1
"FS3776","100",622,"TRUE","19","UNI06","Full-time","Yes","","4","Year 2","Psychology and business ","Female ",0,1,0,0,0,1,1,1,0,0,1,0,1,0,-1,-1,1,1,0,1,1,0,1,1,0,0,1,0,0,1,0,0,1,0,1,-1,-1,1,-1,1,0,NA,"",0,0,0,"",1,0,"Non-UKRN",2,550,NA,4,0.25,1,0.125,6,2,1,1,1,1,1,0,1,1,1,1
"FU1371","100",540,"TRUE","19","UNI06","Full-time","No","","3","Year 1","Psychology ","Female ",1,1,-1,-1,2,2,1,1,1,1,1,1,1,-1,1,1,1,1,1,0,0,1,0,1,0,0,0,1,1,0,1,1,-2,-1,1,1,-1,1,1,1,0,NA,"",0,0,0,"",1,0,"Non-UKRN",2,649,NA,12,0.75,1,0.125,5,4,1,1,1,1,1,0,1,1,1,1
"G","100",6757,"TRUE","19","UNI19","Full-time","Yes","","3","Year 1","BSc Psychology","Female",2,2,1,-1,-1,0,2,2,2,-2,0,1,1,-2,-1,-1,1,0,1,0,1,0,0,1,0,1,0,1,0,1,1,0,1,0,2,-1,-1,-1,-1,-1,0,NA,"",0,0,0,"",1,0,"Non-UKRN",2,446,NA,5,0.3125,-2,-0.25,4,4,1,1,1,1,1,0,1,1,1,1
"GA2362","100",1136,"TRUE","19","UKRN01","Full-time","Yes","","4","Year 2","Psychology ","Female ",1,1,0,-2,0,1,1,1,0,0,1,2,1,2,1,1,0,0,1,1,0,1,1,1,1,1,0,0,1,0,0,0,-1,-2,-1,-2,2,1,0,0,0,NA,"",0,0,1,"",1,0,"UKRN",2,220,NA,11,0.6875,-3,-0.375,5,3,1,1,1,1,1,0,1,1,1,1
"GA7309","100",1467,"TRUE","22","UNI80","Full-time","Yes","","4","Final Year","Psychology with applied clinical psychology","female",2,2,1,1,2,1,2,1,2,-2,1,2,1,1,-1,-2,1,0,1,1,0,0,0,1,0,1,0,0,1,1,1,0,2,2,2,1,-2,-1,2,2,1,1,"In social psychology, the majority of studied weren't producing the same results following a replication study to see if the same results were found. Thus the reproducibility crisis referred to the exaggeration or even the publication of significant results that weren't in fact true.",1,0,1,"",1,0,"Non-UKRN",2,668,1,14,0.875,8,1,4,4,1,1,1,1,1,1,1,1,1,1
"GB3318","100",902,"TRUE","20","UKRN01","Full-time","Yes","","4","Placement Year","Bsc Psychology","Female",2,1,1,1,1,0,0,-1,1,-1,1,1,1,1,0,-1,0,1,1,0,0,0,1,1,0,0,0,0,0,0,0,0,1,1,0,-1,-1,-1,1,1,1,1,"The repilication/reproducibility crisis is when it was found that many scientific research was difficult to replicate and gain similar results.",0,0,1,"",1,0,"UKRN",2,217,1,8,0.5,1,0.125,4,0,1,1,1,1,1,1,1,1,1,1
"GB4578","98",1700,"FALSE","33","UNI75","Full-time","No","","3","Final Year","BSc Applied Psychology ","Female",1,2,1,1,-1,-1,1,1,1,-2,2,2,1,2,-2,-2,0,0,1,0,1,0,0,1,0,0,0,0,0,0,0,0,2,1,1,-1,-1,0,1,1,1,0,"Where studies are near impossible to replicate due to a lack of availability of key components relying to methodology",0,0,1,"The concept of sharing data freely is not all that black and white. I do believe if intending to replicate, review or meta-analyses then yes, you should get access. The issue with making it public is that even anonymised there is an element of data protection breach with raw data, which still belongs to the contributor- unless they have given permission for others to use it, you can’t really share it. Particularly if this a qualitative study. ",1,0,"Non-UKRN",2,488,1,7,0.4375,4,0.5,3,0,1,1,1,1,1,1,1,1,1,1
"GC3224","100",793,"TRUE","21","UNI11","Full-time","No","","3","Final Year","BSc Psychology","Female",1,2,1,2,1,-1,2,2,-1,-2,1,2,1,1,-1,-1,1,1,1,1,0,1,1,1,0,0,1,0,0,0,1,0,2,1,2,2,1,1,1,1,1,1,"When other researchers try to replicate other researchers findings, they are unable to.",1,1,1,"I think students should be taught where to access open research papers, so that after their course they can continue to access academic sources and continue learning about topics that interest them. ",1,0,"Non-UKRN",2,684,1,10,0.625,11,1.375,7,2,1,1,1,1,1,1,1,1,1,1
"GC7218","100",696,"TRUE","21","UKRN08","Full-time","Other (Please specify)","Optional sandwich year","3","Year 1","Psychology","Woman",1,1,1,-1,2,1,2,1,-1,-1,1,2,1,1,-2,-1,1,1,1,1,0,1,0,1,1,1,1,0,0,0,0,0,1,1,1,1,-1,0,2,1,1,1,"The lack of psychology studies that reproduce the same results under the original conditions of the study, causing a lack of reliability within psychological research.",0,0,1,"",1,0,"UKRN",2,16,1,8,0.5,6,0.75,6,3,1,1,1,1,1,1,1,1,1,1
"gd5943","100",777,"TRUE","19","UNI62","Full-time","No","","3","Year 2","psychological and behavioural sciences","male",1,2,0,2,0,1,2,1,1,0,1,2,1,1,-1,-1,1,1,1,1,1,0,1,1,0,0,0,0,0,1,0,0,1,1,1,1,-2,1,1,0,1,1,"Failure of quite a few classic studies or effects to replicate when reproduced by modern researchers/different researchers",1,1,1,"",1,0,"Non-UKRN",2,398,1,13,0.8125,4,0.5,7,1,1,1,1,1,1,1,1,1,1,1
"GD8438","100",1313,"TRUE","19","UKRN08","Full-time","No","","3","Year 2","Psychology","Female ",2,2,1,2,0,0,2,1,2,2,2,2,1,2,-1,-1,1,1,1,1,1,1,1,1,0,0,0,0,0,0,0,0,2,2,1,2,-2,1,2,0,1,1,"The replication crisis is when there are many studies who's results cannot be replicated. ",1,1,1,"",1,0,"UKRN",2,131,1,19,1.1875,8,1,8,0,1,1,1,1,1,1,1,1,1,1
"GE9903","100",3510,"TRUE","18","UNI19","Full-time","No","","3","Year 1","Psychology","Female",1,1,0,0,1,0,0,0,0,-1,1,2,0,1,0,-1,0,0,1,0,1,1,0,0,0,0,1,0,1,0,0,0,1,0,-1,0,-2,-2,1,0,0,NA,"",0,0,0,"",1,0,"Non-UKRN",2,486,NA,5,0.3125,-3,-0.375,3,2,1,1,1,1,1,0,1,1,1,1
"GH3630","100",612,"TRUE","19","UKRN01","Full-time","No","","3","Year 2","Psychology BSc","Female",1,2,1,-1,1,1,1,-1,0,1,2,2,1,-1,-2,-1,0,0,1,0,1,1,0,1,0,0,1,0,0,1,0,1,-1,-1,2,-1,-1,-1,1,-1,1,1,"The fact that many studies in psychology cannot be replicated and therefore the results can not be considered credible.",0,0,1,"",1,0,"UKRN",2,147,1,7,0.4375,-3,-0.375,4,3,1,1,1,1,1,1,1,1,1,1
"GH5457","100",1437,"TRUE","19","UNI06","Full-time","No","","3","Year 1","BSc Psychology","male",1,1,0,-1,1,2,1,0,2,1,-1,2,-1,-1,0,2,1,1,1,0,0,1,0,1,1,0,1,0,0,1,0,0,-1,0,1,2,0,1,-1,0,0,NA,"",0,0,1,"",1,0,"Non-UKRN",2,593,NA,9,0.5625,2,0.25,5,3,1,1,1,1,1,0,1,1,1,1
"GH9919","100",1034,"TRUE","22","UNI06","Full-time","No","","3","Year 2","BSc Psychology","Female",2,2,0,0,2,2,2,1,2,1,2,-1,2,-2,1,-2,1,1,0,1,0,0,0,0,0,0,1,0,1,1,1,1,1,-2,1,-2,-2,-1,1,1,1,0,"When you replicate someone's study, your study becomes same as their's.",0,0,1,"",1,0,"Non-UKRN",2,519,0,14,0.875,-3,-0.375,3,5,1,1,1,1,1,1,1,1,1,1
"GI2635","100",6430,"TRUE","20","UKRN01","Full-time","Other (Please specify)","Yes but I have done a placement year","3","Placement Year","Psychology","Female",2,2,2,2,2,2,2,-1,-1,1,2,2,0,1,-1,0,0,1,1,1,0,1,1,1,0,1,1,0,0,0,1,0,2,2,2,-1,0,0,1,2,1,1,"Not being able to replicate studies due to various reasons",0,1,1,"",1,0,"UKRN",2,252,0,17,1.0625,8,1,6,3,1,1,1,1,1,1,1,1,1,1
"GM5994","100",1421,"TRUE","19","UKRN08","Full-time","Yes","","4","Year 2","Psychology with Criminology","Female",2,1,0,1,1,2,1,-1,1,-1,2,1,2,1,0,-1,1,1,1,1,1,1,0,1,0,1,1,0,0,1,0,0,1,-1,1,1,-1,1,1,1,1,1,"researchers fail to replicate results of previous studies ",0,1,1,"",1,0,"UKRN",2,76,1,12,0.75,4,0.5,7,3,1,1,1,1,1,1,1,1,1,1
"GN3862","100",1295,"TRUE","26","UNI74","Full-time","No","","2","Year 1","psychology ","male ",2,1,2,2,2,2,1,-2,2,2,-1,1,2,-1,-1,-2,0,0,1,0,0,1,0,0,0,0,1,0,0,1,0,0,2,2,2,2,-2,2,-2,2,0,NA,"",0,0,1,"",1,0,"Non-UKRN",2,346,NA,12,0.75,8,1,2,2,1,1,1,1,1,0,1,1,1,1
"GP4392","100",689,"TRUE","21","UNI06","Full-time","No","","3","Year 1","Psychology","female",1,2,0,1,1,1,2,1,1,0,0,2,1,1,0,0,1,0,1,0,0,0,0,1,0,0,1,0,0,0,0,1,-2,1,1,1,0,0,0,0,1,1,"old studies not producing same results when re-done",0,1,1,"",1,0,"Non-UKRN",2,592,1,14,0.875,1,0.125,3,2,1,1,1,1,1,1,1,1,1,1
"GP7113","100",922,"TRUE","24","UKRN08","Full-time","Yes","","4","Placement Year","BSC (HONS) PSYCHOLOGY","Female",2,2,0,2,2,0,2,2,2,2,1,2,0,2,-1,-2,1,0,0,1,0,0,0,1,0,0,0,0,0,0,0,0,2,2,2,1,0,2,0,0,1,1,"The fact that studies previously done are now not being replicated when repeated. due to a number of factors such as poor data handling, change in culture, data manipulation, only 'positive findings' being published etc",1,1,0,"Journal access is relevant to undergrads. and it's important to learn that there could be other reasons why a paper is/is not published",1,0,"UKRN",2,134,1,18,1.125,9,1.125,3,0,1,1,1,1,1,1,1,1,1,1
"GP9970","100",651,"TRUE","19","UNI19","Full-time","Yes","","3","Year 1","Psychology BSC","female",2,2,1,-2,2,1,2,-1,2,1,2,2,-1,1,-1,-2,1,1,1,1,1,1,1,1,0,0,0,0,0,0,0,0,-1,-1,-1,-1,-2,1,-1,1,1,1,"results of scientific studies cant be reproduced and could be wrong",0,0,0,"",1,0,"Non-UKRN",2,487,1,11,0.6875,-5,-0.625,8,0,1,1,1,1,1,1,1,1,1,1
"GT8676","100",788,"TRUE","19","UNI11","Full-time","No","","3","Year 1","psychology with criminology ","female",1,1,1,-1,-1,1,1,-1,1,1,1,2,-1,-1,-1,1,0,0,1,0,0,0,0,1,0,0,1,0,0,0,0,1,1,-1,1,-1,1,1,1,1,1,1,"when people try to replicate studies however obtain different results, low reliability ",0,0,1,"",1,0,"Non-UKRN",2,681,1,5,0.3125,4,0.5,2,2,1,1,1,1,1,1,1,1,1,1
"H7443","43",981,"FALSE","25","UNI50","Full-time","No","","3","Year 1","Education and Psychology","F",NA,NA,NA,NA,NA,NA,NA,NA,NA,NA,NA,NA,NA,NA,NA,NA,0,0,0,0,0,0,0,0,0,0,0,0,0,0,0,0,NA,NA,NA,NA,NA,NA,NA,NA,NA,NA,"",NA,NA,NA,"",1,0,"Non-UKRN",2,423,NA,NA,NA,NA,NA,0,0,0,1,1,0,0,0,0,0,0,1
"HB1266","100",1485,"TRUE","20","UNI06","Full-time","Yes","","3","Placement Year","Psychology BSc","Female",2,2,0,1,0,0,1,1,-1,-2,1,1,0,0,-2,-2,1,0,1,0,1,1,0,1,0,0,1,0,0,0,0,1,0,-1,2,-1,-2,-2,0,1,0,NA,"",1,0,1,"",1,0,"Non-UKRN",2,183,NA,2,0.125,-3,-0.375,5,2,1,1,1,1,1,0,1,1,1,1
"HC1634","100",625,"TRUE","21","UNI11","Full-time","No","","3","Final Year","Psychology and Child Development","Female",1,1,0,-1,1,1,1,1,-2,0,1,1,0,1,-1,-1,1,0,1,0,0,1,0,1,0,0,1,0,0,0,0,1,1,2,1,1,-1,1,1,1,0,NA,"",0,0,1,"",1,0,"Non-UKRN",2,683,NA,4,0.25,7,0.875,4,2,1,1,1,1,1,0,1,1,1,1
"HE384","100",598,"TRUE","19","UNI64","Full-time","No","","3","Year 2","Psychology ","Female ",0,1,-1,2,2,2,2,2,1,-2,-1,2,1,0,1,-1,1,0,1,0,0,0,0,1,0,1,0,1,1,1,1,0,1,1,2,-2,-1,1,0,2,0,NA,"",0,0,1,"",1,0,"Non-UKRN",2,496,NA,11,0.6875,4,0.5,3,5,1,1,1,1,1,0,1,1,1,1
"HF0012","100",1079,"TRUE","21","UNI11","Full-time","No","","3","Final Year","Psychology and child development ","Female",2,2,1,0,0,1,2,1,1,-2,2,2,1,1,-1,-2,0,0,1,0,0,0,1,1,0,0,1,0,0,0,1,0,2,2,-2,-2,-2,-2,2,1,0,NA,"",0,0,0,"",1,0,"Non-UKRN",2,653,NA,11,0.6875,-1,-0.125,3,2,1,1,1,1,1,0,1,1,1,1
"HF6912","100",929,"TRUE","19","UNI06","Full-time","Yes","","4","Year 1","Psychology and Sociology","female",2,1,1,1,1,1,1,1,0,1,1,1,0,1,-1,-1,0,0,0,1,1,1,1,0,1,1,1,0,0,0,0,1,1,1,1,-1,-1,0,1,1,1,1,"researchers finding that studies are difficult or impossible to replicate ",1,1,1,"",1,0,"Non-UKRN",2,621,0,11,0.6875,3,0.375,4,4,1,1,1,1,1,1,1,1,1,1
"HF7693","100",627,"TRUE","20","UNI50","Full-time","No","","3","Final Year","Psychology with Forensic Psychology","Female",2,1,1,-1,1,0,2,1,0,-1,0,2,2,-1,-1,-1,1,1,0,0,1,1,0,1,0,0,1,1,0,0,1,0,1,-1,2,1,-1,-1,1,1,1,1,"The finding that many studies in social science are hard or even impossible to replicate and produce similar results ",0,0,1,"",1,0,"Non-UKRN",2,301,1,7,0.4375,3,0.375,5,3,1,1,1,1,1,1,1,1,1,1
"HG2626","100",660,"TRUE","21","UNI74","Full-time","No","","2","Year 2","Psychology","Female",-1,-1,1,0,1,0,1,2,1,1,-1,2,0,0,0,-1,0,0,1,0,0,0,1,1,0,0,0,0,0,0,0,0,1,-1,0,0,-1,-1,-1,1,0,NA,"",0,0,1,"",1,0,"Non-UKRN",2,369,NA,5,0.3125,-2,-0.25,3,0,1,1,1,1,1,0,1,1,1,1
"HG5047","100",1297,"TRUE","20","UNI06","Full-time","Yes","","4","Year 2","Psychology BSc","female",1,2,1,2,2,2,2,2,2,-2,1,2,2,-1,-2,-2,1,0,1,0,0,0,1,1,0,0,0,0,0,0,0,0,2,2,1,2,-2,1,0,2,0,NA,"",0,0,1,"",1,0,"Non-UKRN",2,528,NA,14,0.875,8,1,4,0,1,1,1,1,1,0,1,1,1,1
"HG7348","100",922,"TRUE","19","UKRN08","Full-time","No","","4","Year 1","Psychology with Foundation Year","Female",2,2,0,1,1,1,1,1,1,1,1,1,0,-1,-1,0,1,1,1,1,0,0,0,0,0,0,0,0,0,1,0,1,1,1,1,0,1,1,0,1,0,NA,"",0,0,1,"",1,0,"UKRN",2,170,NA,11,0.6875,6,0.75,4,2,1,1,1,1,1,0,1,1,1,1
"HH0734","100",1212,"TRUE","24","UNI75","Full-time","Yes","","3","Placement Year","BSc Applied Psychology","Female",-1,0,1,1,0,0,1,2,-1,-2,2,2,0,-1,-1,1,0,1,1,1,1,1,0,1,0,0,1,0,0,1,0,1,1,1,1,0,-1,0,2,0,0,NA,"",0,0,1,"",1,0,"Non-UKRN",2,440,NA,4,0.25,4,0.5,6,3,1,1,1,1,1,0,1,1,1,1
"HH3324","100",1331,"TRUE","19","UKRN01","Full-time","No","","3","Year 2","Psychology","Female",2,2,1,0,1,-1,2,1,1,0,1,-1,1,-2,1,0,0,0,0,0,0,0,0,1,0,0,0,0,0,0,0,1,1,1,1,-2,-2,1,0,1,0,NA,"",0,0,1,"",1,0,"UKRN",2,91,NA,9,0.5625,1,0.125,1,1,1,1,1,1,1,0,1,1,1,1
"HH8078","100",1850,"TRUE","28","UKRN08","Full-time","No","","3","Year 1","Criminology with psychology ","female",1,1,-1,-1,0,1,1,-1,1,0,2,2,1,-1,0,1,0,0,0,0,0,0,0,1,0,0,0,0,0,0,0,0,0,-1,1,-2,0,1,1,1,0,NA,"",0,1,1,"",1,0,"UKRN",2,68,NA,7,0.4375,1,0.125,1,0,1,1,1,1,1,0,1,1,1,1
"HJ9978","100",719,"TRUE","19","UNI09","Full-time","No","","3","Year 2","Psychology ","Female ",1,0,2,1,0,0,2,2,1,0,1,2,1,1,-1,-2,1,1,1,0,0,1,0,1,0,1,1,0,0,0,0,0,1,0,1,-2,-2,-1,0,1,0,NA,"",0,0,1,"",1,0,"Non-UKRN",2,204,NA,11,0.6875,-2,-0.25,5,2,1,1,1,1,1,0,1,1,1,1
"hk5348","100",532,"TRUE","22","UNI06","Full-time","Yes","","4","Year 2","psychology bsc sandwitch","Male",0,0,0,-1,0,1,0,-1,1,0,0,0,0,-2,0,0,0,0,0,0,0,0,0,0,0,0,0,0,0,0,0,0,1,0,0,0,-1,1,0,-2,0,NA,"",0,0,0,"",1,0,"Non-UKRN",2,590,NA,-2,-0.125,-1,-0.125,0,0,1,1,1,1,1,0,1,1,1,1
"HK5348","100",1106,"TRUE","22","UNI06","Full-time","Yes","","4","Year 2","bsc psychology, sandwitch","Male",0,0,0,0,0,0,0,0,0,0,0,0,0,0,0,0,0,0,0,1,0,0,0,0,0,0,0,0,0,0,0,0,0,0,0,0,0,0,0,0,0,NA,"",0,0,0,"no",1,0,"Non-UKRN",2,591,NA,0,0,0,0,1,0,1,1,1,1,1,0,1,1,1,1
"HL7577","100",1029,"TRUE","22","UNI06","Full-time","Yes","","4","Final Year","Psychology","Female ",1,1,0,1,0,0,1,-1,1,-2,-1,1,1,1,0,0,1,1,1,1,1,1,1,1,0,0,1,1,0,0,0,0,1,1,1,-1,1,1,1,1,1,1,"when research is difficult to replicate/ reproduce ",1,1,1,"",1,0,"Non-UKRN",2,179,0,4,0.25,6,0.75,8,2,1,1,1,1,1,1,1,1,1,1
"HM1352","100",8179,"TRUE","19","UNI06","Full-time","Yes","","4","Year 1","Psychology BSC","Female ",2,1,0,-2,-1,1,2,0,2,-2,1,1,0,1,-1,-2,1,1,1,1,1,1,0,1,0,0,0,0,0,0,0,0,-1,1,-1,-1,-1,1,-1,1,1,1,"A crisis in which its found many scientific studies and research are difficult to replicate ",1,1,1,"",1,0,"Non-UKRN",2,561,0,3,0.1875,-2,-0.25,7,0,1,1,1,1,1,1,1,1,1,1
"HM2358","100",1430,"TRUE","25","UKRN08","Full-time","No","","3","Year 2","BSc(Hons) Psychology","Male",1,2,1,1,2,2,2,2,2,1,1,1,1,1,1,1,1,1,1,1,1,1,1,1,0,0,0,0,0,0,0,0,2,1,2,1,1,1,1,1,1,1,"The incentive structure of peer-review journal publishing pushing for novel/exciting research meaning previous studies are not run again to verify results and conclusions ",1,1,1,"",1,0,"UKRN",2,13,1,22,1.375,10,1.25,8,0,1,1,1,1,1,1,1,1,1,1
"HM3160","100",1126,"TRUE","21","UNI11","Full-time","No","","3","Final Year","Psychology ","Female",1,1,0,1,1,1,1,1,1,-2,1,2,1,1,-1,1,0,0,0,0,0,0,0,0,0,0,1,0,0,1,0,1,1,1,-1,2,0,0,-1,1,0,NA,"",0,0,1,"",1,0,"Non-UKRN",2,680,NA,11,0.6875,3,0.375,0,3,1,1,1,1,1,0,1,1,1,1
"HM5522","100",2607,"TRUE","20","UKRN01","Full-time","Yes","","4","Year 2","UG Psychology","Female",2,1,0,1,0,0,1,1,1,1,1,-1,1,-2,-1,0,1,1,1,1,1,1,0,1,0,0,1,1,0,1,0,1,2,1,1,-1,-1,0,-1,1,0,NA,"",1,0,1,"",1,0,"UKRN",2,171,NA,6,0.375,2,0.25,7,4,1,1,1,1,1,0,1,1,1,1
"HQ1165","100",3750,"TRUE","24","UNI09","Full-time","No","","3","Final Year","PSYCHOLOGY","FEMALE",1,1,1,1,1,1,0,-1,2,1,2,1,1,-1,0,-1,0,0,1,0,0,0,1,1,0,0,1,0,0,0,0,0,1,1,0,1,1,1,1,1,0,NA,"",0,0,1,"was difficult to know which answer i really felt was right in my own opinion, havent been taught about any of this before, interesting and important issues",1,0,"Non-UKRN",2,203,NA,10,0.625,7,0.875,3,1,1,1,1,1,1,0,1,1,1,1
"HR3869","100",2207,"TRUE","19","UKRN01","Full-time","No","","3","Year 1","Psychology","Female",2,1,1,0,1,0,1,1,1,-1,1,1,-1,-2,-1,-1,1,1,1,1,0,1,0,1,0,1,1,0,0,0,0,0,0,0,1,-1,-1,0,1,0,0,NA,"",0,0,1,"",1,0,"UKRN",2,11,NA,4,0.25,0,0,6,2,1,1,1,1,1,0,1,1,1,1
"HR7328","100",6427,"TRUE","22","UNI73","Full-time","No","","3","Final Year","Psychology","Female",2,1,1,0,0,-1,0,-1,0,-2,1,1,1,1,-1,-2,1,0,0,1,0,0,1,1,0,0,0,1,0,0,0,0,2,1,0,1,-1,-1,1,-1,1,1,"File drawer effect, and psychological studies struggling to replicate",0,1,1,"",1,0,"Non-UKRN",2,253,1,1,0.0625,2,0.25,4,1,1,1,1,1,1,1,1,1,1,1
"HS2643","100",1203,"TRUE","20","UNI06","Full-time","Other (Please specify)","Optional placement year","3","Year 2","Psychology BSc","Female",2,0,1,-1,0,0,1,-1,2,-1,1,2,0,1,-1,-2,0,1,1,0,0,0,1,1,0,0,1,0,0,0,0,1,2,1,-1,-1,-2,0,0,-1,0,NA,"",1,1,1,"",1,0,"Non-UKRN",2,512,NA,4,0.25,-2,-0.25,4,2,1,1,1,1,1,0,1,1,1,1
"HU8082","100",1147,"TRUE","20","UKRN08","Full-time","Yes","","3","Year 2","Psychology ","MALE",2,0,1,2,2,2,2,2,2,-2,1,2,2,-1,-2,-2,1,1,1,1,0,1,0,1,0,0,0,0,1,0,1,0,0,0,1,-2,-2,-2,2,0,1,1,"Where it is difficult to find the same results of a previous study ",1,1,1,"",1,0,"UKRN",2,169,1,13,0.8125,-3,-0.375,6,2,1,1,1,1,1,1,1,1,1,1
"HW2211","88",764,"FALSE","28","UNI64","Full-time","No","","4","Year 1","BSc (Hons) Psychology (Counselling & Mental Health)","Female",1,1,1,1,1,2,2,0,1,-2,-1,2,0,-1,-1,-2,0,1,1,0,0,0,0,1,0,0,0,0,0,0,0,0,2,2,1,-1,-2,-1,-1,0,0,NA,"",0,0,1,"",1,0,"Non-UKRN",2,722,NA,5,0.3125,0,0,3,0,1,1,1,1,1,0,1,1,1,1
"HY042","100",354,"TRUE","20","UNI06","Full-time","No","","3","Year 1","Psychology ","female ",1,-1,1,-1,1,-1,1,-1,1,-1,1,-1,1,-1,1,-1,1,1,1,1,0,0,1,1,0,0,0,0,0,1,0,0,1,0,1,-1,-1,0,0,1,0,NA,"",0,0,1,"",1,0,"Non-UKRN",2,628,NA,0,0,1,0.125,6,1,1,1,1,1,1,0,1,1,1,1
"IC0413","86",661,"FALSE","20","UNI10","Full-time","No","","3","Year 2","Psychology ","Female ",1,1,1,1,1,0,-1,-1,1,1,1,1,1,-1,1,1,0,0,1,0,0,1,0,1,0,0,1,0,0,0,0,1,1,1,1,1,1,1,1,1,0,NA,"",0,0,1,"",1,0,"Non-UKRN",2,462,NA,9,0.5625,8,1,3,2,1,1,1,1,1,0,1,1,1,1
"ID8588","100",882,"TRUE","22","UKRN01","Full-time","Yes","","4","Placement Year","Psychology BSc","Female ",-1,2,0,-1,1,1,1,1,2,-1,-1,2,1,1,-1,-1,0,0,1,0,0,0,1,1,0,0,1,0,0,0,1,1,-1,2,1,2,2,-1,1,1,1,0,"I think it is where a lot of studies in psychology have not been conducted particularly rigorously and therefore the results aren't particularly accurate (for example because not all findings were reported or participants were included after not receiving the desired result. Because of this, there was a period in psychology where upon replication, many studies produced different results. There is an attempt to stop this with more rigorous guidelines such as with PRISMA for systematic reviews. ",0,0,0,"I would actually really like to know the answers to any questions asked in this study to see if i did understand them and if not, so i then do understand them :) ",1,0,"UKRN",2,189,1,6,0.375,7,0.875,3,3,1,1,1,1,1,1,1,1,1,1
"ID9882","100",677,"TRUE","20","UNI06","Full-time","Yes","","3","Year 1","Psychology ","Female",1,2,1,2,1,2,0,0,2,2,1,2,2,-1,1,0,1,1,1,1,1,1,1,1,0,0,0,0,0,0,0,0,2,1,1,1,-1,1,1,1,1,1,"It came to light in 2011, that science had become 'lazy'. People were not producing reproducible, replicable studies in order to have a larger amount of studies published. ",1,1,1,"",1,0,"Non-UKRN",2,29,0,18,1.125,7,0.875,8,0,1,1,1,1,1,1,1,1,1,1
"II4343","100",958,"TRUE","18","UNI19","Full-time","No","","3","Year 1","Psychology","woman",2,1,1,1,1,1,2,-2,2,1,1,2,1,-1,0,0,0,1,0,0,0,1,0,0,1,0,1,0,0,0,0,1,1,0,1,1,-1,-2,-1,1,0,NA,"",0,0,1,"",1,0,"Non-UKRN",2,631,NA,13,0.8125,0,0,2,3,1,1,1,1,1,0,1,1,1,1
"IL0693","100",1254,"TRUE","43","UKRN08","Full-time","No","","3","Year 2","Psychology","Female",2,1,1,0,0,0,1,-1,2,1,2,2,2,-1,1,1,0,0,1,1,0,0,1,1,0,0,1,0,0,0,0,0,1,1,2,1,-1,1,0,0,1,1,"Many historic studies do not show the same results when replicated. This changes some of the accepted paradigms being taught in universities.",1,1,1,"",1,0,"UKRN",2,39,1,14,0.875,5,0.625,4,1,1,1,1,1,1,1,1,1,1,1
"IM1789","100",1171,"TRUE","20","UKRN08","Full-time","Yes","","3","Year 2","Psychology with Criminology","Female",1,2,-1,0,0,0,0,0,0,1,1,1,1,1,-1,1,1,1,0,1,1,1,1,1,0,0,1,0,0,0,0,1,1,1,0,1,-1,0,1,0,1,1,"Many studies that have been done cannot be replicated",0,0,1,"",1,0,"UKRN",2,21,0,7,0.4375,3,0.375,7,2,1,1,1,1,1,1,1,1,1,1
"IM5123","100",2873,"TRUE","20","UNI79","Full-time","No","","3","Year 2","Psychology","Female",2,2,2,2,0,0,2,-1,1,-2,1,2,0,2,-1,0,0,0,0,0,0,0,0,1,0,0,0,0,0,0,0,1,1,0,2,-1,0,1,0,0,1,0,"Results are not replicable in a repeated study.",0,0,1,"",1,0,"Non-UKRN",2,650,1,12,0.75,3,0.375,1,1,1,1,1,1,1,1,1,1,1,1
"IM8986","100",1211,"TRUE","19","UNI06","Full-time","Yes","","4","Year 2","Psychology BSc","Female",2,-1,1,0,0,1,1,0,-1,0,2,1,2,-1,0,0,1,1,0,0,0,0,0,1,0,0,0,0,0,0,0,0,1,0,1,1,-1,0,1,1,0,NA,"",0,0,1,"",1,0,"Non-UKRN",2,564,NA,7,0.4375,4,0.5,3,0,1,1,1,1,1,0,1,1,1,1
"IS1531","100",1455,"TRUE","18","UKRN01","Full-time","Yes","","4","Year 1","Psychology BSc ","Female",1,1,1,-1,0,0,0,-1,0,-1,0,1,1,0,0,-1,0,0,1,0,0,1,0,1,0,0,1,0,0,1,0,1,2,1,1,0,0,1,-1,0,0,NA,"",0,0,1,"",1,0,"UKRN",2,117,NA,1,0.0625,4,0.5,3,3,1,1,1,1,1,0,1,1,1,1
"IS3713","100",901,"TRUE","20","UKRN08","Full-time","No","","3","Year 2","psychology ","female",2,1,0,1,1,2,2,1,1,-2,2,2,1,-2,-1,-1,1,0,0,1,0,0,1,1,0,0,1,0,0,0,0,0,1,1,2,0,-2,0,2,1,1,1,"lots of studies that were crucial to understanding behaviour and were a huge impact for psychology were found to not be replicable (not producing the same results) meaning things we thought were true, might not be. ",0,0,1,"",1,0,"UKRN",2,110,1,10,0.625,5,0.625,4,1,1,1,1,1,1,1,1,1,1,1
"IT9580","100",1666,"TRUE","27","UKRN08","Full-time","Other (Please specify)","Placement Year Optional ","3","Year 1","(BSc) Psychology","Female",1,1,1,0,0,0,0,-1,2,1,0,2,1,0,0,-1,0,0,0,1,0,0,0,0,0,0,1,0,0,1,0,1,1,1,0,1,-2,0,1,0,1,1,"The replication crisis is the phenomenon that a large percentage of published scientific studies when replicated do not yield the same results therefore this questions the reliability of the whole study.",0,1,1,"",1,0,"UKRN",2,65,1,7,0.4375,2,0.25,1,3,1,1,1,1,1,1,1,1,1,1
"IW7971","100",1062,"TRUE","19","UNI11","Full-time","No","","3","Year 1","BCs Psychology with Criminology ","Female ",2,1,0,1,-1,-1,1,1,1,-1,-1,2,0,1,1,-2,0,0,1,0,0,0,1,0,0,0,0,0,0,0,0,1,2,1,-1,-1,-2,1,1,0,1,1,"Whereby studies were being published when the findings weren’t reliable and wrong ideas and theories were being fed to the public",0,0,1,"",1,0,"Non-UKRN",2,656,0,5,0.3125,1,0.125,2,1,1,1,1,1,1,1,1,1,1,1
"IW8066","100",649,"TRUE","20","UNI80","Full-time","No","","3","Final Year","BSc Psychology Hons ","Female ",2,2,0,2,0,2,2,1,-2,-2,2,2,1,2,0,-2,0,0,1,1,0,0,1,1,0,0,1,1,0,0,0,0,2,2,2,2,-1,2,2,1,1,1,"That a lot of studies in social psychology are unable to be replicated with the same significant results ",1,1,1,"",1,0,"Non-UKRN",2,669,1,12,0.75,12,1.5,4,2,1,1,1,1,1,1,1,1,1,1
"J M 9313","100",2413,"TRUE","18","UNI19","Full-time","No","","3","Year 1","psychology","male",2,-1,1,-1,-1,1,-1,-1,2,1,1,1,0,-1,1,-1,0,0,1,0,0,1,0,1,1,1,0,1,1,0,1,0,2,1,1,1,-1,1,1,0,0,NA,"",0,1,1,"",1,0,"Non-UKRN",2,626,NA,3,0.1875,6,0.75,3,5,1,1,1,1,1,0,1,1,1,1
"J0984","100",522,"TRUE","19","UKRN01","Full-time","Yes","","4","Year 1","Psychology BSc","Female",2,2,0,-2,-2,-2,-1,-1,-1,1,1,1,1,-1,-1,-2,1,0,1,1,0,0,0,1,0,0,0,0,0,0,0,0,2,-1,1,-1,-1,-1,0,-1,0,NA,"",1,0,1,"",1,0,"UKRN",2,160,NA,-5,-0.3125,-2,-0.25,4,0,1,1,1,1,1,0,1,1,1,1
"JA5631","100",971,"TRUE","22","UNI73","Full-time","No","","3","Final Year","Psychology ","Female ",1,2,2,2,2,2,2,2,2,2,1,1,1,-1,0,-2,1,1,1,1,0,1,1,1,1,0,1,1,0,1,1,1,2,2,2,2,-1,2,1,1,1,1,"Many older influential studies on which current textbooks and lectures are based have been discovered to not replicate well, meaning that the core content being taught in psychology is founded on weak or questionable research ",1,1,1,"",1,0,"Non-UKRN",2,266,0,19,1.1875,11,1.375,7,6,1,1,1,1,1,1,1,1,1,1
"JA8045","100",1032,"TRUE","49","UNI79","Full-time","No","","3","Year 1","Psychological Counselling","Female",2,2,1,1,1,1,2,1,1,1,-1,2,0,1,0,0,1,1,1,0,0,1,0,0,0,0,1,0,0,1,0,0,1,1,2,-1,0,0,1,1,1,1,"It is the issue that in social sciences and psychology many previous pieces of research have been found to be hard to replicate or reproduce",0,0,1,"",1,0,"Non-UKRN",2,645,0,15,0.9375,5,0.625,4,2,1,1,1,1,1,1,1,1,1,1
"JA9528","100",1404,"TRUE","20","UNI06","Full-time","Other (Please specify)","optional","3","Year 2","BSc Psychology","male",1,2,1,0,-1,1,-1,-1,2,1,2,2,0,-1,-1,-2,1,1,0,0,1,0,0,1,0,0,1,0,0,1,0,0,2,1,1,0,-1,1,2,-1,0,NA,"",0,0,1,"",1,0,"Non-UKRN",2,232,NA,5,0.3125,5,0.625,4,2,1,1,1,1,1,0,1,1,1,1
"JB2017","100",977,"TRUE","19","UNI06","Full-time","Yes","","4","Year 1","Psychology","Female",2,1,0,2,1,0,1,0,2,1,2,2,1,1,-1,0,1,1,1,0,0,1,0,1,0,0,0,1,1,0,1,0,1,1,1,1,-1,1,1,0,1,1,"The problem where researchers can't replicate studies due to the past researchers not providing all the information needed in order for easy replication ",0,1,1,"",1,0,"Non-UKRN",2,638,1,15,0.9375,5,0.625,5,3,1,1,1,1,1,1,1,1,1,1
"jb2304","100",1557,"TRUE","19","UKRN01","Full-time","Other (Please specify)","undecided","3","Year 1","psychology","male",1,1,0,1,0,1,0,0,1,1,1,1,1,1,1,1,1,0,1,0,0,1,1,1,0,0,0,0,0,0,0,0,1,1,1,-1,0,1,0,-1,0,NA,"",1,0,1,"",1,0,"UKRN",2,118,NA,12,0.75,2,0.25,5,0,1,1,1,1,1,0,1,1,1,1
"JB3353","100",1505,"TRUE","19","UNI10","Full-time","No","","3","Year 2","Psychology ","Female",1,1,1,-1,1,1,1,2,-1,-1,2,2,2,-2,0,-1,1,1,0,1,1,0,1,0,0,0,1,0,0,1,0,1,1,-2,2,1,2,1,1,1,0,NA,"",0,1,1,"",1,0,"Non-UKRN",2,418,NA,8,0.5,7,0.875,5,3,1,1,1,1,1,0,1,1,1,1
"JB5933","100",862,"TRUE","21","UNI58","Full-time","Yes","","3","Year 2","psychology with criminology","female",2,2,1,1,-1,0,1,1,1,1,0,2,1,1,-2,-2,1,1,1,0,0,0,1,1,0,0,0,0,0,0,0,0,1,1,1,1,-1,1,0,1,0,NA,"",0,0,1,"",1,0,"Non-UKRN",2,721,NA,9,0.5625,5,0.625,5,0,1,1,1,1,1,0,1,1,1,1
"JB6097","100",1101,"TRUE","19","UKRN01","Full-time","Yes","","4","Year 2","Psychology","Female",2,1,2,1,1,0,2,-2,1,-1,0,1,1,-2,-1,-1,1,1,1,1,0,0,1,1,0,0,0,0,0,0,0,0,1,1,2,-1,-1,1,0,1,1,1,"researchers went back to replicate many interesting results and studies to find many were not replicable ",0,0,1,"",1,0,"UKRN",2,351,1,5,0.3125,4,0.5,6,0,1,1,1,1,1,1,1,1,1,1
"JC1292","100",1142,"TRUE","19","UNI50","Full-time","No","","3","Year 1","Psychology with clinical psychology ","female",1,1,1,-1,1,0,1,0,1,0,1,1,1,0,0,-1,1,1,1,0,0,1,0,1,0,1,1,0,0,0,0,1,0,-1,1,-1,-1,1,1,1,0,NA,"",0,0,1,"",1,0,"Non-UKRN",2,291,NA,7,0.4375,1,0.125,5,3,1,1,1,1,1,0,1,1,1,1
"JC5097","86",676,"FALSE","22","UNI50","Full-time","No","","3","Final Year","BSc Psychology (Hons)","Male",2,2,2,2,1,0,2,1,2,0,1,2,0,1,-2,-1,1,1,1,1,1,0,1,1,1,1,1,0,0,0,1,1,2,2,2,1,-1,2,1,2,1,1,"Refers to a situation in which a large number of studies are difficult to replicate.  As a function of trying to increase impact + other factors, journals are biased towards new research which reject null hypotheses. The result being that the behaviour of data dredging (e.g. p hacking, fiddling with outliers etc.) becomes selected for in researchers, or only selectively reporting certain findings and so on. As these obviously are not reported in the method, it becomes difficult for other researchers to reproduce. ",1,0,1,"",1,0,"Non-UKRN",2,422,1,15,0.9375,11,1.375,7,5,1,1,1,1,1,1,1,1,1,1
"JC6773","100",625,"TRUE","19","UNI06","Full-time","Yes","","4","Year 2","Psychology Bsc Hons ","female ",1,2,0,0,1,0,1,0,0,0,1,0,1,-1,-1,0,1,1,1,1,1,1,1,1,0,0,1,0,0,1,0,1,1,0,0,-1,-1,0,1,0,0,NA,"",0,0,0,"",1,0,"Non-UKRN",2,588,NA,5,0.3125,0,0,8,3,1,1,1,1,1,0,1,1,1,1
"JD9807","100",582,"TRUE","19","UNI06","Full-time","Yes","","4","Year 1","Psychology and Business","female",2,1,2,-1,1,2,2,2,1,0,1,0,1,-2,1,-1,1,1,1,1,1,1,1,1,1,0,1,1,0,0,0,1,0,-1,1,-2,-1,1,2,0,0,NA,"",0,1,1,"",1,0,"Non-UKRN",2,711,NA,12,0.75,0,0,8,4,1,1,1,1,1,0,1,1,1,1
"JD9952","100",985,"TRUE","21","UNI74","Full-time","No","","3","Final Year","Psychology and English Literature ","Female ",1,1,1,1,1,1,1,0,1,-1,1,2,0,0,-1,-1,1,0,0,0,0,0,0,0,0,0,1,0,0,1,1,1,1,1,1,-2,-1,-1,1,1,1,1,"It's been found a lot of studies are hard to replicate which means they want research to be more heavily scrutinised and it makes the data questionable",1,0,1,"",1,0,"Non-UKRN",2,336,1,8,0.5,1,0.125,1,4,1,1,1,1,1,1,1,1,1,1
"JE8724","98",723,"FALSE","19","UNI58","Full-time","No","","3","Year 1","Psychology Bsc (hons)","Female",2,2,0,0,2,0,2,0,2,-2,2,2,0,-2,0,-2,1,1,1,1,1,1,1,0,0,0,0,0,0,0,0,1,1,1,1,1,-1,0,0,0,1,1,"Using a previous studies design ",0,0,1,"",1,0,"Non-UKRN",2,501,0,8,0.5,3,0.375,7,1,1,1,1,1,1,1,1,1,1,1
"JF0021","100",655,"TRUE","18","UNI19","Full-time","No","","3","Year 1","Psychology","Female",2,1,1,1,1,1,2,2,1,1,0,2,-1,-2,0,-1,1,1,1,1,1,1,1,1,1,1,1,0,0,0,0,1,1,1,1,1,-1,0,1,1,1,1,"People aren't able to replicate studies",0,0,1,"",1,0,"Non-UKRN",2,413,0,11,0.6875,5,0.625,8,4,1,1,1,1,1,1,1,1,1,1
"JF1982","100",1394,"TRUE","19","UKRN01","Full-time","Yes","","4","Year 2","BSc Psychology ","Female",2,1,0,2,-1,1,2,2,1,1,0,1,0,0,1,-1,1,1,0,0,1,0,0,0,0,0,1,1,0,1,1,1,1,1,1,0,0,0,-1,1,1,1,"The replication crisis, at least in psychology, is the belief that some studies cannot be reproduced and may be wrong ",0,1,1,"",1,0,"UKRN",2,215,0,12,0.75,3,0.375,3,5,1,1,1,1,1,1,1,1,1,1
"JF6554","100",1091,"TRUE","20","UNI11","Full-time","No","","3","Year 1","BSc Forensic Investigative Psychology","Non-binary ",2,1,1,2,0,1,1,1,1,2,1,2,1,1,-1,-2,1,1,0,1,1,0,1,1,0,0,1,0,0,1,0,0,1,1,0,1,-1,0,1,0,1,1,"It describes a crisis that started with a paper by somebody called Ioannidis published in PLoS Science in 2005. They found a mathematical way to predict how likely results of studies conducted in fields were real/true and found that in fields with small sample sizes, easy-to-come-by hypotheses and lots of latent constructs (like psychology), results are unlikely to be real/true. This led to lots of famous/classical studies being replicated in a big project, followed by ""Many Labs 2 and 3"", and they all had shocking results. Of the first big replication project, around 90-something % of the original studies had shown significant effects. Of the replicated studies, only 30 or 40-something % did. Of those, only under half the effects found were comparable to the originally found effects in effect size, the other effect sizes were about half as big. This led to a confidence crisis in psychology. So, summed up, the replication crisis means that studies can't be replicated/don't show significant effects/comparable effect sizes when replicated. ",1,0,1,"I find it funny that the attempts to tackle the replication crisis (more transparency, pre-registration of hypotheses, etc) don't tackle the source of the problem. They'll only lead to people cheating more elaborately, they don't do anything about the underlying issues. ",1,0,"Non-UKRN",2,652,1,14,0.875,3,0.375,6,2,1,1,1,1,1,1,1,1,1,1
"JG1284","64",7352,"FALSE","18","UNI64","Full-time","Yes","","3","Year 1","Criminology and Psychology","female",-1,0,1,-1,-1,1,1,1,1,-1,1,-1,1,-1,-1,-1,1,1,1,0,0,0,0,0,0,0,0,1,1,1,1,1,1,1,1,1,-1,1,NA,NA,NA,NA,"",NA,NA,NA,"",1,0,"Non-UKRN",2,545,NA,-1,-0.0625,NA,NA,3,5,1,1,1,0,0,0,0,0,0,1
"JG2035","98",675,"FALSE","21","UNI64","Full-time","No","","3","Final Year","Psychology (forensic and psychopathology) ","Female",1,2,1,2,1,0,2,-1,2,1,1,2,1,1,-1,-1,0,0,1,0,0,0,1,1,0,0,0,0,0,0,0,0,-1,1,1,-1,-1,1,2,1,0,NA,"",0,0,1,"",1,0,"Non-UKRN",2,536,NA,14,0.875,3,0.375,3,0,1,1,1,1,1,0,1,1,1,1
"JG5708","100",1173,"TRUE","22","UNI19","Full-time","No","","3","Final Year","Psychology ","Female ",1,1,1,1,0,0,2,1,-2,-1,1,1,0,1,-1,-2,0,0,0,0,0,0,1,1,0,0,1,1,0,0,0,0,2,1,0,-1,-1,-1,2,1,1,1,"The lack of replicating studies that have been done and finding the same results as the previous studies ",0,0,0,"",1,0,"Non-UKRN",2,367,1,4,0.25,3,0.375,2,2,1,1,1,1,1,1,1,1,1,1
"JG8066","100",1152,"TRUE","20","UKRN08","Full-time","No","","3","Year 1","Psychology","Female",1,1,1,2,1,1,2,2,2,2,1,1,2,-1,-1,-1,1,1,1,1,0,1,0,1,0,0,0,0,1,0,1,0,2,1,2,2,-1,-1,1,1,1,1,"It is the fact that many published findings are only published because they are new and 'sexy', and so are not replicated as everyone just wants to do new studies. ",0,0,1,"",1,0,"UKRN",2,155,0,16,1,7,0.875,6,2,1,1,1,1,1,1,1,1,1,1
"JG8205","100",1376,"TRUE","40","UNI73","Full-time","No","","3","Year 2","Psychology","Female",2,1,1,1,0,1,2,2,2,2,0,2,1,2,-1,-1,1,0,1,0,1,0,0,1,0,0,0,0,0,0,0,0,1,1,2,0,-1,1,0,-1,1,1,"The inability to repeat studies and get the same results",0,1,1,"",1,0,"Non-UKRN",2,269,1,17,1.0625,3,0.375,4,0,1,1,1,1,1,1,1,1,1,1
"jg8865","100",1508,"TRUE","20","UNI06","Full-time","Yes","","4","Year 2","business and psychology","male",1,-2,1,-1,1,0,1,-2,1,-2,1,-2,0,-2,1,0,1,1,1,1,1,1,1,1,0,0,0,0,0,1,0,0,1,-1,-1,1,-1,-1,-1,0,0,NA,"",0,0,0,"",1,0,"Non-UKRN",2,187,NA,-4,-0.25,-3,-0.375,8,1,1,1,1,1,1,0,1,1,1,1
"JH0132","100",920,"TRUE","24","UNI73","Full-time","Yes","","4","Year 1","Psychology Bsc","Male",2,2,1,1,0,0,-1,-1,1,-1,0,1,1,-2,-1,-2,0,1,1,0,0,1,0,1,0,0,1,0,0,1,0,0,2,1,-2,-2,1,1,0,1,1,1,"A total clusterfuck of egotistical fools making a name for themselves with fanciful results that marr the ideals of psychology and scientific practice that we all endeavor towards.",1,0,1,"",1,0,"Non-UKRN",2,255,0,1,0.0625,2,0.25,4,2,1,1,1,1,1,1,1,1,1,1
"JH0984","100",776,"TRUE","19","UKRN01","Full-time","Yes","","4","Year 1","Psychology BSc","Female",2,2,-2,-2,-1,-1,-1,-1,-1,1,1,2,-1,-1,-2,-2,0,0,1,1,0,1,0,1,0,0,1,1,0,1,0,0,2,-2,0,-2,-2,-1,1,-1,0,NA,"",0,0,1,"",1,0,"UKRN",2,74,NA,-7,-0.4375,-5,-0.625,4,3,1,1,1,1,1,0,1,1,1,1
"JJ6275","100",881,"TRUE","19","UKRN08","Full-time","No","","3","Year 2","psychology with criminology","male",2,2,0,-1,0,1,1,0,0,-1,1,2,0,-2,-1,-2,1,0,1,1,0,1,1,1,0,1,0,0,1,0,0,0,1,1,-2,-2,-2,0,1,0,1,1,"the replication crises was due to difficulty in replicating certain findings of research conducted",0,0,1,"",1,0,"UKRN",2,142,1,2,0.125,-3,-0.375,6,2,1,1,1,1,1,1,1,1,1,1
"JJ6728","100",1051,"TRUE","18","UNI06","Full-time","Yes","","4","Year 1","Psychology and Business BSc","Male",2,2,-1,2,1,2,2,2,2,1,2,2,1,2,-1,-1,1,1,0,1,1,0,1,0,0,0,1,0,0,1,0,1,2,1,1,1,-2,0,-2,2,1,1,"The belief that some results cant be reproduced",0,0,1,"",1,0,"Non-UKRN",2,585,0,20,1.25,3,0.375,5,3,1,1,1,1,1,1,1,1,1,1
"JK0072","100",692,"TRUE","21","UKRN08","Full-time","No","","3","Year 1","Criminology and psychology ","Female",1,1,1,1,2,2,1,1,1,2,1,2,2,-1,-1,-2,0,0,1,1,0,1,0,1,0,0,0,0,0,1,0,0,2,2,0,-2,-1,0,2,0,1,1,"When experiments previously published actually do not replicate. They are not valid.",0,0,1,"",1,0,"UKRN",2,93,0,14,0.875,3,0.375,4,1,1,1,1,1,1,1,1,1,1,1
"JK3084","100",812,"TRUE","19","UNI11","Full-time","No","","3","Year 1","(BSc) Psychology","Female",1,1,-1,1,1,1,1,1,1,1,-1,1,0,0,-1,-1,1,0,1,1,0,1,0,1,0,0,0,0,0,0,0,0,-1,-1,1,-1,-1,-1,0,1,1,1,"that most studies are incredibly difficult to reproduce exactly, so many studies go unrepeated and so results could be invalid",0,0,1,"",1,0,"Non-UKRN",2,692,0,6,0.375,-3,-0.375,5,0,1,1,1,1,1,1,1,1,1,1
"JK4785","100",683,"TRUE","19","UNI11","Full-time","No","","3","Year 2","Forensic investigative Psychology","Male",1,1,1,2,2,1,2,1,2,1,0,2,1,1,1,2,0,0,0,0,0,0,0,1,1,1,1,1,1,1,1,0,2,2,2,2,-1,1,0,0,1,0,"Experiments have been falsified for too long and the way forward is an open science framework where people can be held accountable for the file case phenomenon ",1,0,1,"",1,0,"Non-UKRN",2,659,0,21,1.3125,8,1,1,7,1,1,1,1,1,1,1,1,1,1
"jk6849","100",918,"TRUE","23","UNI62","Full-time","No","","3","Final Year","Psychological and behavioural science","Female",2,2,2,2,1,1,1,1,2,2,2,2,1,2,-1,-1,0,0,1,1,0,1,1,1,0,0,0,0,0,0,1,0,2,2,1,2,-1,1,2,2,1,1,"Very few findings in psychology have been replicated which means they may not be true as using a p value of 0.05 means 1 in every 20 positive findings will be false positives however if nothing is replicated then we have no way of knowing which are the false positives",0,0,1,"",1,0,"Non-UKRN",2,365,1,21,1.3125,11,1.375,5,1,1,1,1,1,1,1,1,1,1,1
"JL3087","100",1226,"TRUE","21","UKRN08","Full-time","Yes","","4","Year 1","Psychology BSc (Hons)","Female",2,1,1,2,2,2,2,2,2,2,1,2,2,2,-2,-2,1,1,1,1,0,1,0,1,0,0,1,0,0,0,0,0,2,2,2,2,-1,1,1,2,1,1,"the belief that many psychological research papers are inaccurate and therefore unreliable as they cannot be successfully replicated ",1,1,1,"",1,0,"UKRN",2,132,0,21,1.3125,11,1.375,6,1,1,1,1,1,1,1,1,1,1,1
"JL8897","100",1573,"TRUE","19","UKRN01","Full-time","Yes","","3","Year 2","psychology","male",2,1,-1,-1,-1,1,-1,-1,0,0,1,2,0,-1,-1,1,1,1,1,1,1,1,0,1,1,0,1,0,0,1,0,0,2,-1,-1,0,0,1,1,0,0,NA,"",1,0,1,"",1,0,"UKRN",2,184,NA,1,0.0625,2,0.25,7,3,1,1,1,1,1,0,1,1,1,1
"JM2444","100",496,"TRUE","18","UNI19","Full-time","No","","3","Year 1","psychology","female",0,-1,1,-1,1,0,1,0,0,-1,0,-1,1,-1,1,0,1,1,1,0,0,0,0,1,0,0,0,1,1,1,1,0,1,-1,1,-1,-1,-1,1,-1,1,1,"not being able to repeat a study ",0,0,1,"",1,0,"Non-UKRN",2,629,0,0,0,-2,-0.25,4,4,1,1,1,1,1,1,1,1,1,1
"JM3447","100",497,"TRUE","20","UNI06","Full-time","Yes","","4","Year 2","Psychology and Marketing","Female",0,1,1,1,1,1,1,-1,1,0,1,0,0,-1,0,1,1,1,1,1,1,1,1,1,1,0,0,0,0,0,0,0,1,0,1,0,1,1,0,1,0,NA,"",1,0,1,"",1,0,"Non-UKRN",2,506,NA,7,0.4375,5,0.625,8,1,1,1,1,1,1,0,1,1,1,1
"JM3459","100",911,"TRUE","20","UNI50","Full-time","No","","3","Final Year","Psychology with clinical psychology ","Female ",2,2,0,1,1,1,1,1,-1,-1,1,2,0,-1,-1,-1,0,0,1,0,0,0,0,1,0,0,1,0,0,0,0,0,-1,1,1,-1,-1,-1,1,1,0,NA,"",0,0,1,"",1,0,"Non-UKRN",2,289,NA,7,0.4375,0,0,2,1,1,1,1,1,1,0,1,1,1,1
"JM3882","100",1321,"TRUE","19","UNI19","Full-time","Yes","","3","Year 1","psychology ","female",2,1,1,1,0,1,0,0,0,1,1,0,0,1,0,-1,0,0,1,0,0,0,0,1,0,0,0,0,0,0,0,0,1,0,-1,0,-1,0,1,0,1,1,"difficulty of replicating or reproducing many studies",0,0,0,"",1,0,"Non-UKRN",2,419,0,8,0.5,0,0,2,0,1,1,1,1,1,1,1,1,1,1
"JM7977","100",2318,"TRUE","20","UKRN08","Full-time","Yes","","4","Year 2","Psychology Single Honours (BSc) ","Male",1,1,1,-1,-1,0,-1,-1,0,0,1,1,1,2,-2,-1,1,1,1,1,0,1,0,1,0,0,0,0,0,0,0,0,0,-1,1,1,0,0,1,1,1,1,"A crisis whereby Psychologists all over the world are repeating studies and finding that most of them show conflicting results when compared to the original studies.",0,0,1,"",1,0,"UKRN",2,53,1,1,0.0625,3,0.375,6,0,1,1,1,1,1,1,1,1,1,1
"JN8611","100",1711,"TRUE","19","UNI06","Full-time","Yes","","3","Year 1","Psychology","Female",1,2,2,2,2,1,2,2,2,2,0,2,0,2,-1,-1,1,0,1,1,0,0,0,1,1,0,1,0,0,0,0,1,2,2,2,1,-1,2,1,2,1,1,"It was when people started to find that a lot psychological studies could not be replicated",0,1,1,"",1,0,"Non-UKRN",2,584,0,20,1.25,11,1.375,4,3,1,1,1,1,1,1,1,1,1,1
"Jp4525","100",701,"TRUE","20","UNI79","Full-time","No","","3","Year 2","Psychology ","Female",1,2,1,2,2,2,2,1,2,-2,-1,1,1,2,-1,-2,1,1,0,0,1,0,0,0,0,0,1,0,0,1,0,1,1,2,2,-2,-2,-1,1,0,0,NA,"",1,0,1,"",1,0,"Non-UKRN",2,641,NA,13,0.8125,1,0.125,3,3,1,1,1,1,1,0,1,1,1,1
"JR2441","100",869,"TRUE","21","UNI11","Full-time","No","","3","Final Year","Psychology","Female",1,1,1,1,1,1,2,1,1,0,1,1,0,-1,1,0,0,0,1,0,0,1,0,1,1,1,0,1,1,0,1,0,2,1,2,0,-1,-1,-1,1,0,NA,"",0,0,1,"",1,0,"Non-UKRN",2,661,NA,12,0.75,3,0.375,3,5,1,1,1,1,1,0,1,1,1,1
"JR3491","100",755,"TRUE","19","UKRN01","Full-time","Yes","","4","Year 1","Psychology ","Female",2,2,-1,1,1,1,1,1,1,-1,-1,2,0,2,-2,-1,1,1,0,0,0,0,0,1,0,0,1,1,0,1,0,0,1,-2,1,-2,-1,0,-1,1,0,NA,"",0,0,1,"",1,0,"UKRN",2,167,NA,8,0.5,-3,-0.375,3,3,1,1,1,1,1,0,1,1,1,1
"JR3857","100",430,"TRUE","20","UNI06","Full-time","No","","3","Year 2","Psychology","Female",1,2,-1,2,-1,1,0,-1,-2,0,1,2,1,-1,-2,-2,0,0,1,0,0,1,0,0,0,0,1,0,0,1,0,0,-1,-1,1,-2,-2,-1,1,1,0,NA,"",0,0,1,"",1,0,"Non-UKRN",2,193,NA,0,0,-4,-0.5,2,2,1,1,1,1,1,0,1,1,1,1
"JR6311","100",575,"TRUE","19","UNI06","Full-time","Yes","","4","Year 1","Business and Psychology","Female",2,1,1,-1,0,-1,1,1,2,1,1,2,1,-1,0,-1,1,1,0,1,1,1,1,1,0,0,1,0,0,0,0,0,2,2,2,2,-1,-1,2,2,1,1,"Issue with past studies not producing the same results once replicated ",1,1,1,"",1,0,"Non-UKRN",2,601,1,9,0.5625,10,1.25,7,1,1,1,1,1,1,1,1,1,1,1
"js2639","100",2496,"TRUE","19","UNI06","Full-time","Yes","","4","Year 1","Psychology and Marketing ","Female ",1,1,1,2,2,0,2,2,2,2,2,2,1,-1,0,-2,1,1,1,0,0,1,0,1,0,0,0,0,0,0,0,0,2,1,1,-1,-1,1,2,1,1,1,"a problem within the reliability of reproducing studies.",0,1,1,"",1,0,"Non-UKRN",2,636,0,17,1.0625,6,0.75,5,0,1,1,1,1,1,1,1,1,1,1
"JS7292","100",620,"TRUE","19","UKRN08","Full-time","No","","3","Year 2","Psychology with Criminology","Female",2,2,1,1,1,1,1,1,1,1,2,1,1,1,-1,-2,0,0,1,1,1,0,1,1,0,0,0,0,0,0,0,0,1,1,2,2,-2,0,2,1,1,1,"Where some studies are difficult to reproduce with the same effects/results",0,0,1,"",1,0,"UKRN",2,56,1,14,0.875,7,0.875,5,0,1,1,1,1,1,1,1,1,1,1
"js8581","100",660,"TRUE","20","UKRN01","Full-time","Yes","","4","Year 2","Psychology","Female",1,1,1,-1,1,1,2,2,1,-1,1,1,1,-1,1,-1,1,0,1,1,0,1,0,1,0,1,0,0,1,0,1,0,1,1,1,-1,-1,1,-1,0,1,0,"A lot of studies in psychology are difficult or impossible to replicate.",0,0,1,"no",1,0,"UKRN",2,405,0,10,0.625,1,0.125,5,3,1,1,1,1,1,1,1,1,1,1
"JT3145","100",540,"TRUE","19","UKRN01","Full-time","Yes","","4","Year 2","Psychology","Female",-1,1,1,1,1,1,1,1,1,1,2,2,1,-1,1,-1,1,1,1,1,1,1,1,1,0,0,0,0,0,0,0,0,-2,-2,-1,-1,-1,-1,1,1,0,NA,"",0,1,1,"",1,0,"UKRN",2,107,NA,12,0.75,-6,-0.75,8,0,1,1,1,1,1,0,1,1,1,1
"JU2196","100",273,"TRUE","19","UNI19","Full-time","No","","3","Year 1","Psychology ","Female ",1,0,0,2,2,0,2,2,0,0,0,0,-2,2,0,-2,0,0,0,0,0,0,0,0,1,1,1,1,1,1,1,1,0,0,0,0,0,0,0,0,0,NA,"",0,0,0,"",1,0,"Non-UKRN",2,479,NA,7,0.4375,0,0,0,8,1,1,1,1,1,0,1,1,1,1
"JW2351","100",997,"TRUE","25","UKRN08","Full-time","No","","3","Year 2","Psychology","Female",1,1,2,0,0,0,2,0,1,-2,1,2,2,2,1,-1,1,1,1,1,0,0,1,1,0,0,1,0,0,0,0,0,1,-1,2,1,1,1,0,0,1,1,"Many studies are impossible to replicate and this due to many methodological issues in studies. This may show studies are significant and they are not when replicated this could be down to various issues such as p-hacking, changing methods halfway research to gain significant results, hiding certain data, etc. This causes a lot of issues with studies being put online and not showing the whole/real truth. This is why open science has been introduced.",1,1,1,"N/A",1,0,"UKRN",2,37,1,12,0.75,5,0.625,6,1,1,1,1,1,1,1,1,1,1,1
"JW3343","100",851,"TRUE","18","UNI19","Full-time","No","","3","Year 1","Psychology","Male",1,1,0,0,1,1,2,1,1,-1,-1,1,0,-1,0,-1,0,0,0,0,0,0,0,0,0,0,1,0,0,1,0,1,1,1,1,1,-1,0,0,0,0,NA,"",0,0,1,"",1,0,"Non-UKRN",2,608,NA,5,0.3125,3,0.375,0,3,1,1,1,1,1,0,1,1,1,1
"JW3347","100",1555,"TRUE","22","UNI11","Full-time","No","","3","Final Year","BSc Psychology","Female",1,1,2,1,2,1,2,2,1,1,1,2,1,1,1,-1,1,1,1,1,0,1,1,1,1,1,1,0,0,1,1,1,2,2,2,2,-1,1,1,1,1,1,"When research is unable to be sufficiently replicated due to the researcher not sharing enough detail to do so, in doing this their study cannot be fairly checked before being taken as valid.",1,1,1,"",1,0,"Non-UKRN",2,685,1,19,1.1875,10,1.25,7,6,1,1,1,1,1,1,1,1,1,1
"JW5216","100",906,"TRUE","18","UNI06","Full-time","Yes","","4","Year 1","Psychology BSc","Male",2,1,1,1,1,0,2,1,1,-1,2,2,0,-2,-1,-1,1,0,1,0,0,1,0,1,1,0,0,0,0,0,0,1,1,-1,1,-1,-2,0,2,1,1,1,"That it has been found that many studies in Psychology have been conducted improperly and cannot be replicated to find the same results.",0,0,1,"",1,0,"Non-UKRN",2,510,1,9,0.5625,1,0.125,4,2,1,1,1,1,1,1,1,1,1,1
"KA4203","86",114573,"FALSE","19","UNI06","Full-time","Yes","","4","Year 2","Psychology BSc","female",1,1,-1,-1,1,1,1,-1,-1,-1,1,0,2,-2,-1,-1,0,0,0,0,0,0,0,0,0,0,1,1,1,1,0,1,1,-1,1,1,1,-1,-1,1,0,NA,"",0,0,1,"",1,0,"Non-UKRN",2,415,NA,-1,-0.0625,2,0.25,0,5,1,1,1,1,1,0,1,1,1,1
"KB1485","100",729,"TRUE","19","UNI58","Full-time","No","","3","Year 1","Psychology","Male",2,1,1,1,2,1,2,1,2,1,1,2,0,-1,0,0,0,0,1,1,1,0,0,0,1,1,0,0,0,0,1,1,2,1,1,-1,-1,0,1,1,1,0,"The fact that many studies are difficult if not impossible to reproduce",0,0,1,"",1,0,"Non-UKRN",2,416,0,16,1,4,0.5,3,4,1,1,1,1,1,1,1,1,1,1
"KB2455","88",2679,"FALSE","22","UNI10","Full-time","No","","3","Final Year","Psychology ","Female",1,2,0,1,1,1,1,-1,1,-1,0,2,0,-1,-1,-1,1,1,1,0,1,1,0,1,0,0,0,1,0,0,1,0,1,0,1,-2,-1,-1,1,1,0,NA,"",0,0,1,"",1,0,"Non-UKRN",2,457,NA,5,0.3125,0,0,6,2,1,1,1,1,1,0,1,1,1,1
"KB3240","48",449,"FALSE","21","UNI10","Full-time","No","","3","Final Year","BSc Psychology ","Female",2,2,1,-1,-1,1,2,1,1,-1,1,2,-1,-1,-1,-2,1,0,1,1,0,0,1,1,0,1,0,0,1,1,0,0,NA,NA,NA,NA,NA,NA,NA,NA,NA,NA,"",NA,NA,NA,"",1,0,"Non-UKRN",2,454,NA,5,0.3125,NA,NA,5,3,1,1,1,0,0,0,0,0,0,1
"KB3913","100",1329,"TRUE","23","UKRN08","Full-time","No","","3","Year 2","Psychology","Female",1,2,1,2,1,1,2,1,1,1,2,2,0,1,-2,-1,1,1,1,1,1,1,1,1,1,1,0,1,0,0,1,0,1,1,2,2,0,2,1,0,1,1,"Studies not being able to reproduce results. Likely due to researchers not disclosing how they analysed their data and not sharing all details of the methodology.",1,1,1,"",1,0,"UKRN",2,4,1,15,0.9375,9,1.125,8,4,1,1,1,1,1,1,1,1,1,1
"KB5930","98",680,"FALSE","19","UNI64","Full-time","No","","3","Year 1","Psychology ","Female",2,1,-1,0,1,1,1,-1,1,1,2,2,1,-1,-1,1,0,1,1,1,1,0,0,0,1,0,0,0,0,1,1,1,-2,-2,0,-1,-1,1,-2,-1,1,1,"",1,1,1,"",1,0,"Non-UKRN",2,531,NA,10,0.625,-8,-1,4,4,1,1,1,1,1,1,1,1,1,1
"KD2573","98",1413,"FALSE","19","UKRN01","Full-time","Yes","","4","Year 1","Psychology","Female",1,1,-1,1,1,1,1,1,0,-1,-1,2,0,-1,-1,0,1,1,1,1,1,1,1,1,0,0,0,0,0,0,0,0,-1,-1,1,-1,-1,1,1,1,0,NA,"",1,0,1,"",1,0,"UKRN",2,121,NA,4,0.25,0,0,8,0,1,1,1,1,1,0,1,1,1,1
"KE3833","100",548,"TRUE","20","UNI06","Full-time","Yes","","4","Year 2","psychology","female",2,0,0,0,1,2,2,-1,-1,0,1,2,0,0,-1,-2,1,1,1,1,1,1,1,1,0,0,0,0,0,0,0,0,1,0,1,-1,-1,0,0,2,0,NA,"",0,0,0,"",1,0,"Non-UKRN",2,598,NA,5,0.3125,2,0.25,8,0,1,1,1,1,1,0,1,1,1,1
"KE5091","100",1938,"TRUE","19","UKRN01","Full-time","Yes","","4","Year 2","BSc Psychology UG","Male",1,1,0,0,0,1,1,0,1,-2,2,2,-1,2,-1,-1,0,0,1,1,0,1,0,1,0,0,1,1,0,1,0,0,0,0,1,-1,-1,1,1,1,0,NA,"",0,0,1,"",1,0,"UKRN",2,207,NA,6,0.375,2,0.25,4,3,1,1,1,1,1,0,1,1,1,1
"KE9463","100",659,"TRUE","20","UNI50","Full-time","No","","3","Year 2","Psychology BSc (Hons)","female",2,2,2,2,1,2,2,2,2,1,1,2,2,1,-2,-2,1,1,1,1,1,1,1,1,1,0,1,0,0,0,0,1,2,2,2,2,-2,-2,-1,2,1,1,"The concern of studies not having accurate/valid findings, with researchers fabricating results to coincide with their hypotheses",1,1,1,"",1,0,"Non-UKRN",2,292,1,20,1.25,5,0.625,8,3,1,1,1,1,1,1,1,1,1,1
"KF9339","100",659,"TRUE","19","UNI80","Full-time","No","","3","Year 1","Psychology with Forensic Psychology","Female",2,2,0,2,0,0,0,-1,1,2,2,2,0,1,-2,-1,0,0,1,0,0,0,0,1,0,0,0,0,0,0,0,0,-1,0,-2,-1,1,-1,1,0,0,NA,"",0,0,1,"",1,0,"Non-UKRN",2,679,NA,10,0.625,-3,-0.375,2,0,1,1,1,1,1,0,1,1,1,1
"KH2410","100",3343,"TRUE","28","UKRN08","Full-time","No","","3","Final Year","Psychology","Female",2,1,0,1,2,1,1,0,1,-1,2,2,2,2,-1,-1,1,1,1,1,1,1,1,1,0,0,1,1,0,0,0,0,2,1,1,-1,-1,-1,2,1,1,1,"When studies do not openly determine their aims and details of their planned research process prior to collecting data - can lead to unreliable information being published",1,1,1,"",1,0,"UKRN",2,3,1,14,0.875,4,0.5,8,2,1,1,1,1,1,1,1,1,1,1
"KH9477","100",1064,"TRUE","25","UKRN08","Full-time","No","","3","Year 2","Psychology with Criminology ","Female ",1,2,0,2,0,0,1,0,1,2,1,2,1,0,-1,1,0,0,1,1,0,0,0,1,0,0,1,0,0,0,0,1,1,1,1,1,-1,-1,1,0,1,1,"old studies were re-run and found to not be replicable - the results didn't match up ",1,1,1,"",1,0,"UKRN",2,64,1,13,0.8125,3,0.375,3,2,1,1,1,1,1,1,1,1,1,1
"KJ4376","100",824,"TRUE","19","UNI09","Full-time","No","","3","Year 2","Psychology with clinical and health psychology","Male",2,2,2,2,2,2,2,2,2,-2,1,2,2,2,-2,-1,0,0,0,0,0,0,0,0,0,0,1,1,1,0,1,1,2,2,2,1,-1,2,2,2,1,0,"Lot of historic studies in psychology just can't be replicated because of poor recording of methodolgy and whne they are the results are rarely reproduced. ",0,0,1,"",1,0,"Non-UKRN",2,208,1,20,1.25,12,1.5,0,5,1,1,1,1,1,1,1,1,1,1
"KK2183","100",1436,"TRUE","19","UNI06","Full-time","Yes","","4","Year 2","Psychology BSc","female",-1,2,1,1,1,1,2,-1,1,1,-2,2,-1,1,-1,-2,0,0,1,0,0,1,0,1,0,0,1,0,0,1,0,1,2,1,1,-1,-2,0,-2,-1,0,NA,"",0,0,1,"",1,0,"Non-UKRN",2,518,NA,5,0.3125,-2,-0.25,3,3,1,1,1,1,1,0,1,1,1,1
"KK3121","100",547,"TRUE","21","UKRN08","Full-time","No","","3","Year 2","Psychology with Criminology","Female",2,1,1,1,2,1,2,1,2,2,1,2,0,2,0,-1,1,1,1,1,0,1,1,0,0,0,1,0,1,0,0,1,-1,1,1,2,-1,0,2,-1,1,1,"Research not being consistent, findings differing when the study is replicated. ",0,0,1,"",1,0,"UKRN",2,125,1,19,1.1875,3,0.375,6,3,1,1,1,1,1,1,1,1,1,1
"KL0164","100",810,"TRUE","19","UNI10","Full-time","Yes","","4","Year 1","Forensic Psychology","Female",1,1,1,-1,1,1,2,1,1,-2,2,2,1,-2,0,-1,1,0,1,0,0,0,0,1,0,0,0,0,0,0,0,1,2,-1,-1,-1,1,-1,1,-1,0,NA,"",0,0,0,"",1,0,"Non-UKRN",2,404,NA,8,0.5,-1,-0.125,3,1,1,1,1,1,1,0,1,1,1,1
"KL0499","100",677,"TRUE","23","UKRN08","Full-time","No","","3","Year 1","BSC Criminology with Psychology","Male",1,1,1,-1,2,1,0,-1,1,1,2,1,1,-2,0,1,1,1,0,1,0,0,0,0,0,0,1,0,1,1,1,1,-1,-1,1,1,1,1,1,0,1,1,"The issues that arise from the same studies being completed in the same way but giving different results as a result of people being dishonest or manipulating their study - either by changing their hypothesis to fit their findings or being biased with their sample",0,1,1,"",1,0,"UKRN",2,49,1,9,0.5625,3,0.375,3,5,1,1,1,1,1,1,1,1,1,1
"KL5818","86",716,"FALSE","18","UNI10","Full-time","No","","3","Year 1","Forensic Psychology","Female",2,2,0,1,1,2,2,2,2,1,0,2,0,-1,-2,-1,0,1,0,0,0,0,0,0,0,0,1,0,0,0,0,1,2,1,2,-1,0,1,0,1,0,NA,"",0,0,1,"",1,0,"Non-UKRN",2,461,NA,13,0.8125,6,0.75,1,2,1,1,1,1,1,0,1,1,1,1
"KL7001","100",1071,"TRUE","18`","UNI09","Full-time","No","","3","Year 1","Psychology","Female",2,1,1,-2,1,1,0,-1,2,1,1,2,2,-1,1,1,1,0,1,0,0,1,0,1,1,0,1,0,0,1,0,1,1,1,1,1,-1,1,1,1,0,NA,"",0,0,1,"",1,0,"Non-UKRN",2,195,NA,12,0.75,6,0.75,4,4,1,1,1,1,1,0,1,1,1,1
"KL9838","100",910,"TRUE","26","UNI73","Full-time","No","","3","Year 1","Psychology, Clinical and Cognitive Neuroscience","Female",2,2,1,1,-1,1,1,-1,1,-1,2,2,1,-1,1,-2,0,0,0,0,0,0,0,1,0,0,1,0,0,0,0,0,-1,-1,-1,-2,-2,-2,2,-2,1,1,"Recent studies aiming to reproduce results of older, classic studies have not been able to acheive the same results, providing a concern for their reliability/validity. ",0,0,1,"",1,0,"Non-UKRN",2,264,1,9,0.5625,-9,-1.125,1,1,1,1,1,1,1,1,1,1,1,1
"KM5775","100",1075,"TRUE","19","UNI06","Full-time","Yes","","3","Year 1","Bsc Psychology","female ",2,1,0,-1,1,2,2,1,2,0,2,1,1,-1,2,0,1,0,0,1,0,0,1,1,0,0,1,0,0,0,0,0,2,1,1,1,-1,0,0,1,1,1,"the belief that many scientific studies cannot be reproduced and are therefore wrong.",1,1,0,"",1,0,"Non-UKRN",2,597,0,15,0.9375,5,0.625,4,1,1,1,1,1,1,1,1,1,1,1
"KM6340","100",1071,"TRUE","19","UKRN08","Full-time","Yes","","4","Year 2","BSc Psychology","Female",1,0,1,1,0,1,1,1,-1,0,1,2,0,0,-1,0,0,0,1,1,0,1,0,1,0,0,1,1,0,0,0,0,1,1,-1,0,0,1,1,0,1,1,"Many researchers have either tampered with their results or studies to achieved desired results which later could not be reproduced when other researchers carried out the same study. This calls into question which results in popular studies are legitimate, how credible their sources are (i.e., the researcher), and reliability of findings.",0,0,0,"",1,0,"UKRN",2,19,1,7,0.4375,3,0.375,4,2,1,1,1,1,1,1,1,1,1,1
"KM9411","100",783,"TRUE","19","UNI19","Full-time","No","","3","Year 1","psychology","female",1,0,1,1,2,2,2,1,2,2,1,-1,0,-2,-1,-1,1,1,1,1,1,1,1,1,0,0,0,0,0,0,0,0,1,1,0,0,-1,-1,1,1,1,1,"",0,0,0,"",1,0,"Non-UKRN",2,627,NA,10,0.625,2,0.25,8,0,1,1,1,1,1,1,1,1,1,1
"KN0888","95",989,"FALSE","56","UNI50","Full-time","No","","3","Year 1","Psychology ","Female",-1,1,0,-2,0,1,2,2,2,-2,2,2,1,1,0,1,0,0,1,1,0,1,0,1,0,0,0,0,0,0,0,0,-1,1,2,1,-1,-1,1,1,0,NA,"",0,0,1,"",1,0,"Non-UKRN",2,425,NA,10,0.625,3,0.375,4,0,1,1,1,1,1,0,1,1,1,1
"KN3812","100",980,"TRUE","35","UNI50","Full-time","No","","3","Year 1","Psychology with Forensic Psychology","Female",2,2,1,2,1,2,1,1,1,1,1,2,1,1,-1,1,0,0,0,0,0,0,0,1,0,0,0,0,0,0,0,0,2,2,2,-1,0,1,1,1,0,NA,"",0,0,1,"",1,0,"Non-UKRN",2,309,NA,19,1.1875,8,1,1,0,1,1,1,1,1,0,1,1,1,1
"KP26868","100",670,"TRUE","19","UNI64","Full-time","No","","3","Year 1","Forensic psychology and psychopathology","Female",2,2,1,0,1,0,2,-1,1,1,1,2,1,0,1,-2,1,1,0,1,1,0,1,0,0,0,1,0,0,1,0,1,1,1,0,-2,-2,1,-1,1,1,0,"The validity of past studies has turned out to be false. A lot of studies were reviewed and reattempted by a large group of researchers and less than half we're replicable.",0,0,1,"I enjoyed this. Thanks. Hope you get the results you were hoping for. ",1,0,"Non-UKRN",2,492,0,12,0.75,-1,-0.125,5,3,1,1,1,1,1,1,1,1,1,1
"KR7506","100",509,"TRUE","20","UNI19","Full-time","No","","3","Year 1","Psychology ","Female",1,2,-2,-1,-1,-1,1,2,-1,1,2,2,0,1,-2,0,0,0,0,0,0,0,0,1,0,0,0,0,0,0,0,0,1,0,-1,1,1,1,2,-1,1,1,"refers to the concerns of the credibility of findings.",0,0,0,"",1,0,"Non-UKRN",2,465,1,4,0.25,4,0.5,1,0,1,1,1,1,1,1,1,1,1,1
"KR8725","100",1363,"TRUE","20","UNI06","Full-time","Yes","","3","Year 1","Psychology with Sociology Joint honours","female",1,1,-1,0,1,1,1,1,1,0,1,1,1,0,-1,-1,0,0,1,0,0,1,0,1,0,0,1,0,0,1,0,0,-1,1,1,1,-1,-1,1,1,0,NA,"",0,0,0,"",1,0,"Non-UKRN",2,562,NA,7,0.4375,2,0.25,3,2,1,1,1,1,1,0,1,1,1,1
"KS1305","100",1119,"TRUE","20","UNI06","Full-time","Yes","","4","Year 2","Psychology BSc","Male",2,2,0,1,1,1,2,1,1,1,1,-1,1,-1,-1,-1,1,0,1,1,0,0,0,1,0,0,1,1,0,0,0,1,1,1,-1,-1,-1,1,2,1,0,NA,"",1,1,0,"",1,0,"Non-UKRN",2,520,NA,10,0.625,3,0.375,4,3,1,1,1,1,1,0,1,1,1,1
"KS3785","100",893,"TRUE","20","UNI06","Full-time","Yes","","4","Year 2","Psychology BSc","Female",2,1,1,-1,-1,1,2,2,1,1,1,2,-1,-2,-1,-1,1,0,0,1,1,0,1,0,0,1,1,0,0,1,0,1,2,2,2,1,-1,1,2,1,0,NA,"",0,0,1,"",1,0,"Non-UKRN",2,710,NA,7,0.4375,10,1.25,4,4,1,1,1,1,1,0,1,1,1,1
"ks5820","100",1105,"TRUE","26","UNI08","Full-time","No","","3","Year 2","Psychllogy ","Female",1,2,0,2,1,1,2,1,1,-1,-1,2,2,-1,1,-1,0,0,1,1,0,1,0,1,0,0,0,0,0,0,0,0,1,1,2,1,-1,1,-1,1,1,0,"Its a crisis that alot of fileds are facing. Replicating famous studies and resulting in differing results
",1,0,0,"I kind of assuming what open research us",1,0,"Non-UKRN",2,302,1,12,0.75,5,0.625,4,0,1,1,1,1,1,1,1,1,1,1
"KS8952","100",523,"TRUE","20","UNI50","Full-time","No","","3","Final Year","Psychology (Hons) BSc","Female",2,1,2,-1,1,2,2,2,1,-2,1,-1,1,-1,1,-1,0,0,1,0,0,0,1,1,1,1,0,1,1,1,0,0,1,-2,-1,-1,-1,1,1,-1,0,NA,"",0,0,1,"",1,0,"Non-UKRN",2,295,NA,10,0.625,-3,-0.375,3,5,1,1,1,1,1,0,1,1,1,1
"KS9322","100",1198,"TRUE","19","UNI19","Full-time","No","","3","Year 1","Psychology","Female",1,2,1,0,0,1,2,2,1,-1,1,1,1,-1,-1,-1,1,1,0,0,0,1,0,0,0,0,1,0,0,0,0,1,1,-1,2,-1,-1,0,1,0,0,NA,"",0,0,1,"",1,0,"Non-UKRN",2,411,NA,9,0.5625,1,0.125,3,2,1,1,1,1,1,0,1,1,1,1
"KT0577","100",545,"TRUE","19","UNI50","Full-time","No","","3","Year 1","Psychology with clinical psychology ","Female",2,1,1,1,1,1,1,1,0,-2,1,1,2,-1,-1,-1,1,0,1,0,1,1,0,1,0,1,0,1,0,0,1,0,-2,-1,1,-1,-2,1,2,-1,0,NA,"",1,0,1,"",1,0,"Non-UKRN",2,281,NA,8,0.5,-3,-0.375,5,3,1,1,1,1,1,0,1,1,1,1
"KV0346","98",251934,"FALSE","20","UNI11","Full-time","No","","3","Year 1","Psychology and child development ","female ",2,-1,1,-2,2,2,2,-2,2,-2,2,2,0,-2,0,-2,1,1,1,0,1,0,0,1,1,0,1,1,0,1,0,0,1,-1,-1,1,-1,-1,1,1,1,1,"That some scientific studies are impossible to replicate for a number of reasons, for example ",1,0,1,"",1,0,"Non-UKRN",2,712,0,4,0.25,0,0,5,4,1,1,1,1,1,1,1,1,1,1
"KW7251","100",2049,"TRUE","19","UKRN08","Full-time","No","","2","Year 2","Psychology with Criminology","Female",-1,1,1,1,0,0,-1,-1,2,0,1,2,1,-1,0,0,1,1,1,1,1,1,1,1,0,0,1,0,0,1,1,0,2,2,1,-1,-1,1,1,-1,1,1,"That many scientific studies are difficult or impossible to replicate or reproduce.",1,1,1,"",1,0,"UKRN",2,141,0,5,0.3125,4,0.5,8,3,1,1,1,1,1,1,1,1,1,1
"KW8163","100",814,"TRUE","27","UKRN08","Full-time","No","","3","Year 2","Psychology with Criminology","Female",2,2,0,0,0,0,2,2,2,-2,0,2,0,2,0,-2,0,0,1,0,0,1,1,1,0,0,1,0,0,1,1,0,2,2,0,0,-2,-1,0,0,1,1,"The issue that a lot of studies in psychology cannot be replicated.",0,0,1,"",1,0,"UKRN",2,61,0,10,0.625,1,0.125,4,3,1,1,1,1,1,1,1,1,1,1
"LB1091","100",823,"TRUE","29","UKRN08","Full-time","No","","3","Year 2","Psychology","Male",2,2,0,2,2,2,2,0,2,-2,2,2,2,-2,2,-2,1,1,1,1,1,1,1,1,0,0,0,0,0,0,0,0,2,-2,2,2,-2,-2,2,0,1,1,"It is an ongoing methodological crisis in which it has been found that many scientific studies are difficult to replicate or reproduce. ",1,1,1,"",1,0,"UKRN",2,109,0,16,1,2,0.25,8,0,1,1,1,1,1,1,1,1,1,1
"LB4637","100",1538,"TRUE","18","UNI10","Full-time","No","","3","Year 1","Psychology with Creative Writing ","Female",1,2,0,2,0,1,1,1,1,1,-1,1,0,-1,-1,-1,0,0,1,0,0,1,0,1,0,0,1,0,0,0,0,1,1,1,1,0,-1,1,0,1,0,NA,"",0,0,1,"",1,0,"Non-UKRN",2,466,NA,7,0.4375,4,0.5,3,2,1,1,1,1,1,0,1,1,1,1
"LB6698","100",834,"TRUE","19","UKRN08","Full-time","No","","4","Year 1","Psychology with Criminology Foundation Year ","Male ",2,2,1,1,1,1,1,1,1,0,0,0,0,-1,-2,-1,1,0,1,0,0,0,0,1,0,0,0,0,0,0,0,0,1,0,1,-1,-2,-1,-1,0,0,NA,"",1,0,1,"",1,0,"UKRN",2,149,NA,7,0.4375,-3,-0.375,3,0,1,1,1,1,1,0,1,1,1,1
"LB9263","98",3188,"FALSE","21","UNI50","Full-time","Yes","","3","Placement Year","Psychology with Forensic Psychology ","Female ",1,1,1,1,1,1,1,2,0,-2,1,1,1,-1,0,-1,0,0,1,0,0,0,0,1,0,0,0,0,0,0,0,0,2,2,1,-1,-2,0,0,1,0,NA,"",0,0,0,"",1,0,"Non-UKRN",2,444,NA,8,0.5,3,0.375,2,0,1,1,1,1,1,0,1,1,1,1
"LC0390","100",597,"TRUE","20","UKRN01","Full-time","Yes","","4","Year 2","Psychology","Female",1,2,2,2,-1,0,1,1,-2,-2,1,2,2,-2,-2,-1,1,0,0,0,0,0,1,1,0,0,1,0,0,0,0,0,-1,1,-1,-2,-1,1,1,0,0,NA,"",1,0,1,"",1,0,"UKRN",2,319,NA,4,0.25,-2,-0.25,3,1,1,1,1,1,1,0,1,1,1,1
"LC2796","100",1613,"TRUE","23","UNI10","Full-time","No","","3","Final Year","psychology","female",2,2,0,2,0,0,1,-2,0,-2,2,2,-1,2,-1,-1,1,0,0,0,0,0,0,1,0,1,1,1,0,1,0,0,2,1,0,-1,1,-2,2,0,0,NA,"",1,0,1,"",1,0,"Non-UKRN",2,332,NA,6,0.375,3,0.375,2,4,1,1,1,1,1,0,1,1,1,1
"LC4786","100",1742,"TRUE","21","UNI10","Full-time","No","","3","Final Year","BSc (Hons) Psychology and Criminology","Female",1,1,0,1,2,2,2,2,1,1,2,1,0,-1,1,1,1,0,1,1,0,0,0,1,0,0,1,0,0,0,0,1,1,1,2,-2,1,1,1,1,0,NA,"",0,0,1,"",1,0,"Non-UKRN",2,328,NA,17,1.0625,6,0.75,4,2,1,1,1,1,1,0,1,1,1,1
"LE8209","100",2481,"TRUE","19","UKRN08","Full-time","No","","3","Year 1","Criminology with psychology","female",1,1,0,1,0,1,0,0,0,1,1,2,1,-1,-1,0,0,0,0,0,0,0,0,1,0,0,1,0,0,1,0,0,1,0,1,-1,-1,0,1,0,1,1,"not sure",0,0,0,"",1,0,"UKRN",2,157,0,7,0.4375,1,0.125,1,2,1,1,1,1,1,1,1,1,1,1
"lf0250","100",785,"TRUE","23","UNI73","Full-time","No","","4","Final Year","BSc psychology","female",1,1,1,2,1,2,2,1,2,2,1,2,0,1,-1,-1,0,1,0,1,1,0,0,1,1,1,1,0,0,1,1,1,1,1,1,-1,-1,2,1,1,1,0,"The idea that fundamental/pioneering studies from previous decades, ones we often use as a reference for current research, are not replicable in modern times. ",0,0,1,"",1,0,"Non-UKRN",2,271,0,17,1.0625,5,0.625,4,6,1,1,1,1,1,1,1,1,1,1
"LF0348","100",1425,"TRUE","41","UNI74","Full-time","No","","2","Year 1","BSc Psychology","Female",1,1,0,1,0,0,2,2,1,0,1,1,0,1,-1,-1,0,0,1,1,1,0,1,1,0,0,1,0,0,0,0,0,1,1,1,-1,0,1,1,0,0,NA,"",1,0,1,"",1,0,"Non-UKRN",2,377,NA,9,0.5625,4,0.5,5,1,1,1,1,1,1,0,1,1,1,1
"LH1679","100",787,"TRUE","18","UNI19","Full-time","No","","3","Year 1","psychology","Female",-1,-1,1,2,2,1,2,-1,2,1,-1,2,0,-1,0,-1,1,1,0,1,0,0,0,1,0,0,1,0,0,0,0,0,0,1,1,-1,-1,0,1,0,0,NA,"",0,0,1,"",1,0,"Non-UKRN",2,483,NA,7,0.4375,1,0.125,4,1,1,1,1,1,1,0,1,1,1,1
"lh1815","100",791,"TRUE","20","UKRN08","Full-time","Yes","","3","Year 2","Psychology with Criminology","Female",0,1,-1,-1,2,0,2,2,1,-1,2,2,1,-1,-1,-1,1,1,1,1,0,0,0,1,0,0,0,0,0,0,0,0,1,-1,2,0,-2,-1,1,1,1,1,"when previous research is replicated and that research has been altered to get the desired results and thenpunblished without an academic journal proofing this first",1,0,0,"",1,0,"UKRN",2,14,0,7,0.4375,1,0.125,5,0,1,1,1,1,1,1,1,1,1,1
"LH2199","98",3689,"FALSE","19","UNI72","Full-time","Other (Please specify)","10 hours worth of placement","3","Year 2","Psychology and Counselling","Female",-1,2,-1,-2,-1,0,-1,2,-1,-2,1,1,1,1,-1,1,0,1,0,1,1,0,1,1,1,0,1,0,0,1,0,0,-1,-1,0,-1,-1,1,1,-1,0,NA,"",1,0,1,"",1,0,"Non-UKRN",2,354,NA,-1,-0.0625,-3,-0.375,5,3,1,1,1,1,1,0,1,1,1,1
"LH3530","100",1591,"TRUE","19","UNI73","Full-time","No","","3","Year 2","Psychology","Female",2,2,2,1,1,1,2,2,2,-2,1,2,1,-1,0,-2,1,1,0,0,1,0,1,0,0,0,1,1,0,1,0,1,-2,2,1,1,-2,-2,2,2,0,NA,"",0,1,1,"",1,0,"Non-UKRN",2,246,NA,14,0.875,2,0.25,4,4,1,1,1,1,1,0,1,1,1,1
"LH4244","100",895,"TRUE","21","UKRN04","Full-time","No","","3","Final Year","Psychology BSC ","Female ",1,-1,-1,2,1,1,1,1,1,-2,1,2,1,1,-1,-1,1,1,1,1,1,1,1,1,0,0,1,1,0,1,1,1,2,2,-1,-1,-1,1,1,1,1,1,"When you replicate and reproduce a poorly done study ",1,1,1,"",1,0,"UKRN",2,400,0,7,0.4375,4,0.5,8,5,1,1,1,1,1,1,1,1,1,1
"LH6439","100",4998,"TRUE","21","UKRN01","Full-time","Yes","","4","Year 2","Psychology BSc (Hons)","Female",1,1,0,1,-1,0,1,1,1,-2,2,2,0,-1,-1,-1,1,0,1,0,0,0,1,1,0,0,0,0,0,0,0,0,1,-1,-1,-1,-1,0,1,1,1,0,"psychological studies difficult/ unable to be replicated",0,1,1,"",1,0,"UKRN",2,89,0,4,0.25,-1,-0.125,4,0,1,1,1,1,1,1,1,1,1,1
"Lh9126","100",965,"TRUE","18","UNI06","Full-time","Yes","","4","Year 1","Psychology bsc ","Female",1,0,1,-1,1,1,2,1,1,-1,1,-1,0,-1,1,-1,0,0,0,1,0,0,1,0,1,1,1,0,1,1,0,1,2,1,1,-1,-1,1,0,1,1,1,"The replication of research studies by other researchers ",0,0,1,"",1,0,"Non-UKRN",2,707,0,5,0.3125,4,0.5,2,6,1,1,1,1,1,1,1,1,1,1
"LJ3705","100",1769,"TRUE","19","UNI72","Full-time","No","","3","Year 1","BA HONS Sport and Psychology ","Female ",1,2,0,1,1,1,2,2,2,1,2,1,0,0,-1,1,1,0,1,1,0,0,1,1,1,0,1,0,0,0,0,0,1,-1,0,-1,-1,1,2,0,0,NA,"",0,0,1,"",1,0,"Non-UKRN",2,272,NA,16,1,1,0.125,5,2,1,1,1,1,1,0,1,1,1,1
"LK2705","100",1454,"TRUE","21","UKRN04","Full-time","No","","3","Year 2","BSc Criminology and Psychology","Female",2,2,1,-1,1,1,1,1,1,1,1,1,1,-1,1,-1,1,1,1,0,0,1,0,1,0,0,1,0,0,1,0,0,1,-1,1,1,1,1,-1,1,0,NA,"",1,1,1,"",1,0,"UKRN",2,373,NA,12,0.75,4,0.5,5,2,1,1,1,1,1,0,1,1,1,1
"LL5771","100",3092,"TRUE","20","UNI19","Full-time","No","","3","Year 1","Psychology","Female",2,1,1,1,1,0,-1,-1,1,2,2,2,0,-1,1,-1,0,1,1,1,0,1,0,1,1,0,0,0,0,0,0,1,1,1,0,-1,-2,1,-1,0,1,1,"The replication crisis means that the results of a certain study can not be reproduced. This can cause problems in the reliability of the study. ",0,0,1,"",1,0,"Non-UKRN",2,630,1,10,0.625,-1,-0.125,5,2,1,1,1,1,1,1,1,1,1,1
"LM1024","100",820,"TRUE","19","UNI10","Full-time","No","","3","Year 1","Bsc hons psychology ","Female ",1,1,0,1,1,1,1,1,1,1,1,1,0,1,-1,-1,1,1,0,1,1,0,1,1,0,0,1,0,0,1,0,0,-1,1,1,-1,-1,1,1,1,1,0,"The reliability of findings and research to reproduce these findings ",0,0,1,"",1,0,"Non-UKRN",2,322,0,10,0.625,2,0.25,6,2,1,1,1,1,1,1,1,1,1,1
"LM1808","100",1225,"TRUE","20","UKRN01","Full-time","Yes","","4","Placement Year","Psychology","Female",0,1,2,0,2,2,2,2,2,-2,2,2,2,2,-1,0,0,0,1,1,1,0,1,1,0,0,0,0,0,0,0,0,2,1,2,0,0,1,1,1,1,1,"This is the idea that research that has been replicated is unable to yield the same results as they did in the original study.",0,1,1,"",1,0,"UKRN",2,90,1,18,1.125,8,1,5,0,1,1,1,1,1,1,1,1,1,1
"LM5442","100",761,"TRUE","40","UNI75","Full-time","No","","3","Final Year","Bsc psychology ","Female ",2,2,1,1,2,0,1,-1,2,-2,2,2,-1,2,-1,-1,0,0,1,0,1,0,0,1,1,1,0,1,0,1,1,0,2,2,0,-1,-2,-1,1,2,1,0,"The difficulty to replicate studies.",1,0,0,"",1,0,"Non-UKRN",2,437,0,11,0.6875,3,0.375,3,5,1,1,1,1,1,1,1,1,1,1
"LM5983","100",876,"TRUE","22","UNI80","Full-time","Yes","","4","Final Year","Applied Psychology ","Female",2,2,1,2,1,1,1,1,1,1,1,2,1,1,2,-1,1,1,1,1,1,0,1,0,1,1,1,1,1,0,0,1,1,1,1,1,0,2,1,0,1,1,"Not been replicating data and instead citing results that may not be reliable",1,0,1,"",1,0,"Non-UKRN",2,667,1,19,1.1875,7,0.875,6,6,1,1,1,1,1,1,1,1,1,1
"LN7228","100",662,"TRUE","19","UKRN08","Full-time","No","","4","Year 1","Criminology with Psychology (with foundation year)","Female",2,2,0,-2,2,2,2,2,2,-1,2,2,0,-1,-2,-2,0,0,1,0,0,0,0,1,0,0,1,0,0,0,0,0,2,2,-1,-2,-2,1,2,1,0,NA,"",0,0,1,"",1,0,"UKRN",2,73,NA,10,0.625,3,0.375,2,1,1,1,1,1,1,0,1,1,1,1
"LP2132","100",721,"TRUE","18","UNI19","Full-time","No","","3","Year 1","BA Honours Psychology ","Female ",-1,2,-1,-1,1,1,2,1,1,-2,2,2,0,0,-1,-2,1,0,1,0,0,1,0,1,0,0,0,0,0,0,0,0,1,2,2,1,-2,-1,2,-1,1,1,"Not good for buliding trust and reputation for psychological research. ",0,1,1,"",1,0,"Non-UKRN",2,471,0,4,0.25,4,0.5,4,0,1,1,1,1,1,1,1,1,1,1
"LP2843","100",3640,"TRUE","19","UKRN01","Full-time","No","","3","Year 1","Psychology BSc","Male",1,1,1,1,1,1,1,1,1,-2,1,2,1,2,-1,-1,1,0,1,1,0,1,0,1,0,0,1,0,0,0,0,0,1,1,1,-1,-1,1,1,1,1,0,"There are problems in being able to replicate studies ",1,0,1,"",1,0,"UKRN",2,316,0,11,0.6875,4,0.5,5,1,1,1,1,1,1,1,1,1,1,1
"LP6708","100",944,"TRUE","33","UKRN08","Full-time","Yes","","4","Placement Year","Psychology with criminology with foundation year ","F",2,2,1,1,0,0,2,2,2,2,1,2,2,1,-1,-1,1,1,1,1,0,0,0,1,0,0,1,0,0,0,0,0,2,1,1,1,-1,1,1,0,1,1,"a lack of replication (the ability to repeat studies and find similar results to the original) implying the original studies were not scientifically sound ",1,1,1,"",1,0,"UKRN",2,43,1,18,1.125,6,0.75,5,1,1,1,1,1,1,1,1,1,1,1
"LP8635","100",1397,"TRUE","21","UNI11","Full-time","No","","3","Year 2","Psychology","female",1,2,0,1,0,1,1,-1,0,-2,2,1,0,1,-2,-2,0,0,0,1,1,0,0,0,1,1,1,0,0,1,1,1,1,0,1,0,-2,1,1,1,1,1,"Studies are difficult to replicate",0,0,1,"",1,0,"Non-UKRN",2,691,0,3,0.1875,3,0.375,2,6,1,1,1,1,1,1,1,1,1,1
"LR0801","100",33386,"TRUE","19","UNI75","Full-time","No","","3","Year 1","Psychology","Male",1,1,0,1,0,2,1,-1,1,-1,1,2,1,-1,1,1,1,1,1,0,1,1,0,1,0,0,0,1,0,0,1,0,-2,1,2,-1,1,1,-1,0,1,0,"that some studies are near enough impossible to reproduce",0,1,1,"have a nice day:)",1,0,"Non-UKRN",2,447,0,10,0.625,1,0.125,6,2,1,1,1,1,1,1,1,1,1,1
"LS0336","100",1161,"TRUE","19","UNI19","Full-time","No","","3","Year 1","BCs Hon Psychology","Female ",2,1,1,1,0,2,1,1,0,2,2,2,1,-1,-1,-1,1,0,1,0,0,0,0,1,0,0,0,0,0,0,0,0,0,-1,-1,-2,0,1,1,0,1,1,"A methodological crisis where psychological studies especially before 2012, where unreplicable and therefore the reliability of the studies could not be tested",0,0,1,"",1,0,"Non-UKRN",2,407,0,13,0.8125,-2,-0.25,3,0,1,1,1,1,1,1,1,1,1,1
"LS4306","100",2187,"TRUE","19","UNI19","Full-time","No","","3","Year 1","Psychology Bsc","Female",2,2,2,-1,-1,1,1,-2,2,-2,2,2,2,-1,0,-2,0,0,1,1,0,1,0,1,0,0,1,0,0,1,0,1,2,0,2,2,-2,-1,2,-1,1,1,"data produced by a researcher is not reliable or accurate which means that it is unable to be replicated.",0,0,1,"",1,0,"Non-UKRN",2,409,1,7,0.4375,4,0.5,4,3,1,1,1,1,1,1,1,1,1,1
"LS4458","100",1248,"TRUE","20","UKRN08","Full-time","No","","3","Year 1","Psychology","Female",2,0,1,-2,1,1,1,-1,2,0,2,-1,2,-1,0,-1,0,0,0,1,0,0,0,0,1,1,1,0,0,1,0,1,1,0,2,1,-1,-1,1,2,1,1,"Researchers are unable to replicate certain studies because those same studies have been fabricated to look like an interesting finding so it can get published. Now there are ways to prevent this from happening, so findings from research studies are genuine and can be replicated later on.",1,1,1,"",1,0,"UKRN",2,69,0,6,0.375,5,0.625,1,5,1,1,1,1,1,1,1,1,1,1
"LS6626","100",1222,"TRUE","20","UNI72","Full-time","Yes","","3","Year 2","Psychology and Counselling","F",2,2,0,2,0,2,2,-1,-2,1,1,2,1,1,0,-1,1,1,1,1,1,1,1,1,0,0,0,0,0,0,0,0,1,0,0,1,0,-1,1,1,0,NA,"",0,0,1,"",1,0,"Non-UKRN",2,275,NA,12,0.75,3,0.375,8,0,1,1,1,1,1,0,1,1,1,1
"LS8494","98",844,"FALSE","20","UKRN01","Full-time","No","","3","Final Year","Psychology BSc","female",1,1,1,-1,0,0,-1,-1,-1,0,0,1,1,0,-1,-1,1,1,0,0,0,1,1,1,0,0,1,1,0,0,0,0,1,0,1,0,0,1,-1,0,0,NA,"",1,0,0,"",1,0,"UKRN",2,224,NA,-1,-0.0625,2,0.25,5,2,1,1,1,1,1,0,1,1,1,1
"LS9834","100",632,"TRUE","19","UKRN01","Full-time","Yes","","4","Year 1","Psychology","Female",2,2,-1,-1,1,1,1,-1,-1,-1,2,2,0,-1,-2,0,1,1,1,1,1,1,1,1,0,0,0,0,0,0,0,0,2,1,-1,-1,-2,-1,1,1,1,1,"Many studies cannot be reproduced and therefore lack reliability.",1,0,1,"",1,0,"UKRN",2,17,0,3,0.1875,0,0,8,0,1,1,1,1,1,1,1,1,1,1
"LT0888","100",963,"TRUE","19","UNI58","Full-time","Yes","","3","Year 1","Psychology with Criminology ","Female",1,1,-1,-1,-1,0,1,-2,-1,-1,1,1,1,-1,-1,0,1,0,0,1,1,0,0,1,1,1,1,0,0,1,1,0,-2,-1,1,-1,-1,-1,1,0,1,1,"Repeating a study to ensure that the results match previous studies ",1,1,1,"",1,0,"Non-UKRN",2,392,0,-3,-0.1875,-4,-0.5,4,5,1,1,1,1,1,1,1,1,1,1
"LT1819","100",1191,"TRUE","19","UNI06","Full-time","Other (Please specify)","Not currently, but considering transferring to the placement year course","3","Year 1","Psychology ","Female",2,1,1,2,1,2,2,1,2,2,1,2,2,1,0,-1,1,1,1,1,0,1,0,1,0,1,1,0,0,0,0,0,1,1,2,1,-1,1,1,0,1,1,"The replication crisis refers to the problem that when many old studies are replicated, their findings are not consistent. Therefore, the accuracy of these previous findings are questionable.",1,1,1,"",1,0,"Non-UKRN",2,539,1,21,1.3125,6,0.75,6,2,1,1,1,1,1,1,1,1,1,1
"LT3806","100",704,"TRUE","19","UKRN08","Full-time","Yes","","4","Year 2","Psychology BSc","Female",2,1,-1,-1,0,1,1,1,1,1,1,1,1,0,-1,1,0,0,0,1,1,0,0,1,0,0,1,0,0,1,0,1,1,1,1,-1,-1,0,-1,1,1,1,"Low levels of replication in research",0,0,1,"",1,0,"UKRN",2,98,0,9,0.5625,1,0.125,3,3,1,1,1,1,1,1,1,1,1,1
"LT6555","100",1260,"TRUE","20","UNI06","Full-time","No","","3","Year 1","Psychology ","Female",1,0,1,-1,0,1,1,-1,1,0,1,2,1,1,1,0,0,0,0,0,0,0,0,0,0,0,0,0,0,0,0,0,0,0,0,0,-1,1,0,1,1,1,"It’s crazy how much can be fake news",0,0,1,"",1,0,"Non-UKRN",2,558,0,9,0.5625,1,0.125,0,0,1,1,1,1,1,1,1,1,1,1
"LT9745","100",1309,"TRUE","20","UKRN01","Full-time","Yes","","4","Year 2","BSc Psychology","Female",1,1,0,1,0,1,-1,1,0,-1,1,1,-1,1,-1,1,1,1,0,0,1,0,0,0,0,0,1,1,0,1,1,1,-1,-1,1,0,1,0,1,1,1,0,"Some psychology phenomenon is unique to a particular scenario and so it can be difficult to replicate/ reproduce those exact findings to generalise to produce solid theory",0,0,1,"",1,0,"UKRN",2,120,0,5,0.3125,2,0.25,3,5,1,1,1,1,1,1,1,1,1,1
"LW1834","100",747,"TRUE","18","UNI06","Full-time","No","","3","Year 1","Psychology","Female",1,2,0,1,1,1,2,2,1,0,0,2,2,-1,0,0,0,0,1,1,0,0,0,1,0,0,1,0,0,0,0,1,2,0,1,1,0,-1,1,0,1,1,"Whereby many studies are difficult or merely impossible to replicate/ provide the same findings nowadays in comparison to before. ",0,1,0,"",1,0,"Non-UKRN",2,568,0,14,0.875,4,0.5,3,2,1,1,1,1,1,1,1,1,1,1
"LW3685","100",1089,"TRUE","19","UKRN01","Full-time","Yes","","4","Year 2","Psychology ","Female",1,1,1,1,0,-1,-1,-1,0,0,1,2,1,-1,-1,-1,1,1,0,1,0,0,1,0,0,0,1,0,1,1,0,1,1,1,1,-2,-1,1,0,-1,0,NA,"",0,0,0,"",1,0,"UKRN",2,222,NA,2,0.125,0,0,4,4,1,1,1,1,1,0,1,1,1,1
"LW4555","100",792,"TRUE","19","UKRN01","Full-time","Yes","","4","Year 2","Psychology","Male",2,2,1,2,2,1,2,2,1,1,1,2,1,-2,-1,-1,0,1,0,0,1,0,1,1,0,0,1,0,0,1,0,0,2,2,2,-1,-1,2,1,2,0,NA,"",0,0,1,"",1,0,"UKRN",2,97,NA,16,1,9,1.125,4,2,1,1,1,1,1,0,1,1,1,1
"LW6492","100",775,"TRUE","18","UNI06","Full-time","No","","3","Year 1","Psychology","Male",2,2,2,2,2,2,2,2,2,2,1,2,2,2,0,-2,1,0,1,1,0,1,0,1,0,0,1,0,0,1,0,0,2,-2,2,0,-2,1,2,-2,1,1,"A methodological crisis in which researchers find many results of previous research to be difficult to replicate / reproduce the same findings again",1,1,1,"",1,0,"Non-UKRN",2,273,1,25,1.5625,1,0.125,5,2,1,1,1,1,1,1,1,1,1,1
"LW7050","100",759,"TRUE","27","UNI08","Full-time","No","","3","Year 2","Psychology ","Female",2,2,1,2,1,1,1,0,1,2,2,2,2,2,-1,-1,1,1,0,0,0,0,0,0,0,0,1,1,0,0,0,1,2,2,2,2,1,1,1,1,1,1,"Lack of replicating studies ",0,0,1,"",1,0,"Non-UKRN",2,303,0,19,1.1875,12,1.5,2,3,1,1,1,1,1,1,1,1,1,1
"M H8584","100",1648,"TRUE","18","UNI06","Full-time","Yes","","4","Year 1","PSYCHOLOGY","FEMALE",0,2,2,-2,0,-1,-1,0,2,1,-1,-2,2,1,0,1,1,0,1,1,0,1,0,0,0,1,0,1,1,0,1,1,-1,1,-1,1,2,1,-1,1,0,NA,"",0,0,0,"NO",1,0,"Non-UKRN",2,576,NA,4,0.25,3,0.375,4,5,1,1,1,1,1,0,1,1,1,1
"MA","100",644,"TRUE","21","UNI06","Full-time","No","","3","Year 2","Psychology","Female ",0,-1,1,0,1,-1,0,-1,0,0,1,0,1,-1,0,0,1,1,1,1,1,1,1,1,0,0,0,0,0,0,0,0,1,1,-1,0,0,0,-1,1,0,NA,"",0,0,0,"",1,0,"Non-UKRN",2,603,NA,0,0,1,0.125,8,0,1,1,1,1,1,0,1,1,1,1
"Ma0568","100",527,"TRUE","18","UKRN08","Full-time","No","","1","Year 1","Criminology and Psychology ","Female ",0,-1,0,-2,1,0,2,0,0,0,-1,-1,1,0,1,0,1,1,1,1,1,1,1,1,0,0,0,0,0,0,0,0,0,-1,1,0,-1,1,-1,1,1,1,"-",0,0,0,"None",1,0,"UKRN",2,162,NA,0,0,0,0,8,0,1,1,1,1,1,1,1,1,1,1
"MA1301","100",1029,"TRUE","20","UNI06","Full-time","No","","3","Year 1","Psychology","Female",2,2,2,2,2,0,1,1,2,2,2,2,0,-2,-2,-2,1,1,1,1,1,1,1,1,0,0,0,0,0,0,0,0,2,2,1,1,-2,1,2,2,1,1,"Since the last century more and more research studies have been hard/impossible to replicate. Two of the main reasons behind this may be the desire for ""sexy"" findings and fast science. ",1,1,1,"",1,0,"Non-UKRN",2,230,1,14,0.875,9,1.125,8,0,1,1,1,1,1,1,1,1,1,1
"MA3979","100",2745,"TRUE","18","UNI62","Full-time","No","","3","Year 1","psychological and behavioural sciences ","female ",1,2,2,0,-1,1,1,1,1,1,1,2,1,0,-1,1,0,0,1,0,0,0,1,1,0,0,0,0,0,0,0,0,1,1,1,-2,1,1,1,0,1,1,"researchers have attempted to replicate past studies to see if the finding hold true to this day, but have found that many do not ",0,0,1,"",1,0,"Non-UKRN",2,375,1,13,0.8125,4,0.5,3,0,1,1,1,1,1,1,1,1,1,1
"MA4567","100",798,"TRUE","19","UKRN08","Full-time","No","","3","Year 2","Psychology","Female",1,1,-1,1,2,1,1,2,1,1,2,2,2,2,1,-1,1,1,1,1,1,1,0,1,0,0,0,0,0,0,0,0,1,1,2,2,1,1,2,2,1,1,"Studies struggle to replicate which could be due to bad practice such as running multiple analyses till you get the result you want or including more participants after already completing the study",1,1,1,"",1,0,"UKRN",2,106,1,18,1.125,12,1.5,7,0,1,1,1,1,1,1,1,1,1,1
"MA5192","100",608,"TRUE","22","UKRN08","Full-time","No","","3","Year 2","Psychology with criminology","female",2,0,2,1,2,2,2,2,2,1,2,2,2,-1,-2,-1,1,0,1,1,0,1,0,1,0,0,1,0,0,0,0,0,2,1,0,0,-1,-1,1,1,0,NA,"",0,1,1,"",1,0,"UKRN",2,126,NA,18,1.125,3,0.375,5,1,1,1,1,1,1,0,1,1,1,1
"ma7074","100",745,"TRUE","19","UNI06","Full-time","Yes","","4","Year 2","Psychology & Business BSc","female",1,1,0,-1,-1,-2,1,-1,-2,-2,2,-1,0,-1,-1,-2,1,1,1,0,1,0,1,1,0,0,0,0,0,0,0,1,1,0,-1,-1,-1,-1,-1,-1,0,NA,"",1,0,1,"",1,0,"Non-UKRN",2,138,NA,-9,-0.5625,-5,-0.625,6,1,1,1,1,1,1,0,1,1,1,1
"MA8152","100",2120,"TRUE","18","UNI06","Full-time","Yes","","4","Year 1","Psychology","Female",1,2,1,1,-1,2,-1,-1,0,1,1,2,-1,1,-1,0,1,0,1,0,1,0,0,1,1,0,1,0,0,0,0,1,1,1,1,1,0,1,1,1,1,1,"I think it's a growing belief that that the results of many scientific studies cannot be reproduced, so they are more likely to be wrong.",0,0,1,"",1,0,"Non-UKRN",2,529,0,7,0.4375,7,0.875,4,3,1,1,1,1,1,1,1,1,1,1
"MB3219","100",781,"TRUE","23","UKRN08","Full-time","Yes","","4","Year 2","Psychology","Female",2,2,-1,-1,0,1,1,1,1,-1,2,-1,2,1,-1,-1,1,1,1,1,0,0,1,1,0,0,0,0,0,0,0,0,2,2,2,-2,0,-1,1,1,1,1,"Studies are not able to replicate previous studies ",1,1,1,"",1,0,"UKRN",2,96,0,7,0.4375,5,0.625,6,0,1,1,1,1,1,1,1,1,1,1
"mb7918","100",795,"TRUE","19","UNI06","Full-time","Yes","","4","Year 1","Psychology","female ",1,1,0,1,1,0,1,1,1,0,1,1,0,-1,-1,-1,0,0,1,0,1,0,0,1,0,0,0,0,0,0,0,0,1,1,1,1,-1,-1,1,1,0,NA,"",0,0,0,"",1,0,"Non-UKRN",2,614,NA,6,0.375,4,0.5,3,0,1,1,1,1,1,0,1,1,1,1
"MB8343","100",1586,"TRUE","20","UNI19","Full-time","No","","3","Year 1","Psychology","Female",1,1,1,0,2,2,2,1,1,1,2,2,0,1,0,1,0,1,0,0,0,0,1,0,1,0,1,0,0,0,0,1,1,1,1,0,1,1,1,1,1,1,"idea that results are wrong all because it cannot be reproduced",1,0,1,"",1,0,"Non-UKRN",2,484,1,18,1.125,7,0.875,2,3,1,1,1,1,1,1,1,1,1,1
"MB9134","100",1993,"TRUE","18","UNI06","Full-time","Yes","","3","Year 1","psychology","male",1,1,0,1,1,0,1,1,1,2,2,2,0,0,1,0,0,1,1,0,0,0,0,1,0,0,1,0,0,0,0,1,1,1,1,0,-1,0,1,1,1,0,"The crisis has shown how many studies are difficult or in some cases impossible to replicate.",1,1,1,"",1,0,"Non-UKRN",2,622,0,14,0.875,4,0.5,3,2,1,1,1,1,1,1,1,1,1,1
"MD6104","98",840,"FALSE","29","UNI11","Full-time","No","","3","Year 1","BSc Psychology","Female",2,2,-1,1,-1,2,-1,-1,1,2,1,2,1,1,-1,-1,1,1,1,1,1,1,1,1,0,0,1,0,0,1,0,0,2,1,0,-2,0,-1,2,0,1,1,"a problem with methodology that means studies are hard or impossible to replicate",1,0,1,"",1,0,"Non-UKRN",2,709,0,9,0.5625,2,0.25,8,2,1,1,1,1,1,1,1,1,1,1
"MD6750","100",1614,"TRUE","21","UKRN01","Full-time","Yes","","4","Placement Year","BSc Psychology ","Female",1,1,1,1,1,1,1,1,0,1,1,2,0,2,-1,-1,1,1,1,1,1,0,1,1,0,0,0,1,0,1,0,0,2,1,1,0,-1,1,1,1,1,0,"its often difficult to replicate a study and reproduce the same findings",1,0,1,"I think its important to teach undergraduates about open research and should be incorporated into the course",1,0,"UKRN",2,8,1,12,0.75,6,0.75,7,2,1,1,1,1,1,1,1,1,1,1
"MF9201","100",1174,"TRUE","20","UKRN01","Full-time","Yes","","4","Placement Year","Psychology BSc with Professional Training Year","Cisgender man",1,2,2,2,2,2,2,2,2,1,2,2,2,1,1,-1,1,0,1,1,1,1,1,1,1,0,1,1,1,1,1,1,-1,2,2,1,1,1,1,2,1,1,"Prominent historical social psychological research conducted around 1960-the 80s which found significant effects were not able to be reproduced with the same/improved methodology in recent replication attempts. For example, the Walking Speed Effect study was not reproducible. ",1,1,1,"",1,0,"UKRN",2,276,1,25,1.5625,9,1.125,7,7,1,1,1,1,1,1,1,1,1,1
"MF9500","48",680,"FALSE","19","UNI73","Full-time","No","","3","Year 1","Criminology and psychology ","Female ",2,0,-1,0,0,0,2,0,1,-2,1,1,0,-1,-1,0,1,1,0,1,1,0,1,1,0,0,1,0,0,1,0,0,NA,NA,NA,NA,NA,NA,NA,NA,NA,NA,"",NA,NA,NA,"",1,0,"Non-UKRN",2,387,NA,2,0.125,NA,NA,6,2,1,1,1,0,0,0,0,0,0,1
"MG3670","100",940,"TRUE","19","UKRN08","Full-time","No","","3","Year 2","Psychology with Criminology","female",1,1,1,1,1,2,2,1,1,1,2,1,1,1,0,0,0,1,0,1,0,0,1,1,1,0,1,0,0,1,0,0,-1,0,1,-2,-2,1,0,1,1,1,"difficult to replicate studies ",0,0,1,"",1,0,"UKRN",2,143,0,17,1.0625,-2,-0.25,4,3,1,1,1,1,1,1,1,1,1,1
"MG5937","100",2456,"TRUE","19","UKRN08","Full-time","Yes","","4","Year 2","Psychology","Female",1,0,1,-1,2,2,1,1,1,-1,1,1,1,-1,1,-2,1,1,1,0,1,1,0,1,0,1,1,0,0,1,0,1,1,1,1,0,-1,1,0,1,1,1,"the struggles of repeating studies",1,1,1,"",1,0,"UKRN",2,111,0,8,0.5,4,0.5,6,4,1,1,1,1,1,1,1,1,1,1
"MG6128","100",1308,"TRUE","21","UKRN04","Full-time","No","","3","Year 1","Psychology","Female",2,2,2,2,0,1,1,0,2,1,2,2,2,1,0,1,1,0,1,1,0,0,0,1,0,0,0,0,0,0,0,0,1,1,2,2,2,2,2,0,1,1,"Researchers claiming to have found significant results that aren’t replicable or reproducible due to using QRPs - leading to lots of untrue/inaccurate information.",1,1,1,"",1,0,"UKRN",2,359,1,21,1.3125,12,1.5,4,0,1,1,1,1,1,1,1,1,1,1
"MH0720","100",774,"TRUE","19","UNI06","Full-time","Yes","","4","Year 1","psychology","male",1,-1,1,-2,1,2,1,2,1,-1,1,-1,1,-1,-2,-1,1,1,1,1,1,1,1,1,0,0,0,0,0,0,0,0,1,-2,-1,-2,-2,-2,-2,-2,1,1,"ongoing methodological crisis in which it has been found that many scientific studies are difficult or impossible to replicate or reproduce",0,0,1,"",1,0,"Non-UKRN",2,634,0,2,0.125,-12,-1.5,8,0,1,1,1,1,1,1,1,1,1,1
"Mh1858","100",505,"TRUE","18","UNI06","Full-time","Yes","","4","Year 1","Psychology","Female",2,2,2,0,0,-1,2,0,-1,1,0,0,0,1,0,0,1,0,1,0,1,1,1,0,1,1,0,1,0,0,0,1,-1,-2,-2,2,0,-2,0,2,0,NA,"",0,0,0,"",1,0,"Non-UKRN",2,577,NA,8,0.5,-3,-0.375,5,4,1,1,1,1,1,0,1,1,1,1
"MH2921","100",1055,"TRUE","19","UNI06","Full-time","Yes","","3","Year 1","Psychology ","Female ",1,1,0,-1,-1,-1,2,1,-1,-2,1,2,1,0,1,0,1,0,0,0,0,0,0,1,0,1,1,1,1,1,1,0,-1,-2,1,1,-1,-1,0,1,0,NA,"",1,1,1,"",1,0,"Non-UKRN",2,580,NA,4,0.25,-2,-0.25,2,6,1,1,1,1,1,0,1,1,1,1
"MH3416","100",755,"TRUE","18","UNI09","Full-time","No","","3","Year 1","Psychology ","Woman ",2,1,0,1,1,1,1,-1,2,1,1,1,0,-1,1,-1,1,1,1,1,1,1,1,1,0,0,1,0,1,1,0,0,2,1,1,-1,-1,0,1,1,0,NA,"",0,0,1,"",1,0,"Non-UKRN",2,194,NA,10,0.625,4,0.5,8,3,1,1,1,1,1,0,1,1,1,1
"MI0051","100",1453,"TRUE","20","UNI11","Full-time","No","","3","Final Year","BSc (Hons) Psychology ","Female ",1,1,-1,1,1,0,1,2,2,0,2,2,0,-1,-2,-1,1,1,1,1,0,1,1,1,0,0,0,0,1,0,0,0,1,1,2,-1,-1,-2,-1,2,1,1,"Studies have been replicated so many times with so many different results being found. The question is when should research stop being replicated as replications are helpful in making sure research is reliable but not if there are so many variations on the results across studies with the same procedure. ",0,0,1,"",1,0,"Non-UKRN",2,655,1,8,0.5,1,0.125,7,1,1,1,1,1,1,1,1,1,1,1
"MI0534","100",1883,"TRUE","20","UKRN01","Full-time","Yes","","4","Placement Year","Psychology BSc (Hons)","Female",1,0,0,1,-1,0,0,-2,0,0,2,1,2,0,0,-1,1,1,1,1,0,1,1,1,0,1,1,0,0,0,1,0,2,2,1,1,-1,-1,1,0,1,0,"Studies are difficult to replicate and find the same results.",1,1,1,"",1,0,"UKRN",2,163,1,3,0.1875,5,0.625,7,3,1,1,1,1,1,1,1,1,1,1
"MI1199","100",1131,"TRUE","21","UKRN01","Full-time","Yes","","4","Placement Year","BSc Psychology","Female",2,1,1,1,-1,2,-1,-1,-1,-1,2,2,1,2,-2,-2,1,1,0,0,1,0,1,0,0,0,1,1,0,1,0,1,1,1,0,0,-1,-1,1,0,1,0,"the idea that many scientific studies and difficult or impossible to replicate so results are likely unlikely to be reliable",1,0,1,"",1,0,"UKRN",2,6,1,5,0.3125,1,0.125,4,4,1,1,1,1,1,1,1,1,1,1
"MJ2433","100",519,"TRUE","19","UNI06","Full-time","Yes","","4","Year 1","Psychology","Female",1,1,0,-1,1,2,-1,1,2,-1,1,1,0,1,-2,-1,1,0,1,0,0,1,0,1,0,0,0,0,0,0,0,0,1,0,-1,-1,-2,1,1,1,1,1,"",0,1,1,"",1,0,"Non-UKRN",2,553,NA,5,0.3125,0,0,4,0,1,1,1,1,1,1,1,1,1,1
"MJ6232","100",585,"TRUE","19","UKRN08","Full-time","Yes","","4","Year 1","Criminology with Psychology","Female",1,2,-1,-2,0,-1,0,-1,2,-2,1,-1,1,-1,0,1,0,0,1,0,0,0,0,1,0,0,0,0,0,0,0,0,-1,-1,1,0,-1,1,0,0,1,1,"The replication crisis refers to the growing belief that the results of many scientific studies cannot be reproduced and are thus likely to be wrong",0,0,1,"",1,0,"UKRN",2,137,0,-1,-0.0625,-1,-0.125,2,0,1,1,1,1,1,1,1,1,1,1
"MK0179","100",1179,"TRUE","19","UKRN01","Full-time","Yes","","3","Year 2","Psychology","Male",2,2,2,2,2,2,1,1,-2,-2,1,2,1,2,-1,-1,1,1,0,0,0,0,0,1,0,0,1,0,0,1,0,0,2,2,2,1,-1,-1,1,2,1,1,"A phenomenon across psychological research concerning whether the results of studies that formed the basis of many influential theories could actually be replicated ",0,0,1,"",1,0,"UKRN",2,320,1,14,0.875,8,1,3,2,1,1,1,1,1,1,1,1,1,1
"MK0981","100",809,"TRUE","23","UNI80","Full-time","Yes","","4","Final Year","BSc Psychology ","Female",2,2,1,1,2,1,2,1,2,-1,2,2,1,1,-1,-2,1,1,1,1,1,1,1,1,0,0,1,1,0,1,1,1,1,1,1,1,-2,-2,2,1,1,1,"When studies are almost impossible to reproduce as it is now illegal to follow the same methods/design used in the original studies ",1,0,1,"",1,0,"Non-UKRN",2,677,0,16,1,3,0.375,8,5,1,1,1,1,1,1,1,1,1,1
"MK1234","100",807,"TRUE","18","UNI06","Full-time","Yes","","4","Year 1","psychology","female",2,2,2,1,1,2,2,2,1,-2,2,-1,-1,-1,-1,-2,1,1,1,0,1,1,0,1,1,0,0,0,1,1,1,0,2,-1,2,0,-1,1,1,2,0,NA,"",0,0,0,"",1,0,"Non-UKRN",2,22,NA,9,0.5625,6,0.75,6,4,1,1,1,1,1,0,1,1,1,1
"MK326","100",651,"TRUE","19","UNI06","Full-time","Yes","","4","Year 1","Psychology Single Honours","Female",2,1,2,2,2,1,2,-1,2,1,2,2,2,-2,-1,-2,1,1,1,1,0,0,0,1,0,0,1,0,0,0,0,0,1,1,2,2,-1,1,2,-2,1,1,"The replication crisis is an ongoing methodological crisis in science whereby researchers find that the results of many scientific studies are difficult or impossible to replicate or reproduce on subsequent investigation ",1,1,1,"",1,0,"Non-UKRN",2,556,0,15,0.9375,6,0.75,5,1,1,1,1,1,1,1,1,1,1,1
"MM5178","100",3579,"TRUE","21","UKRN04","Full-time","No","","3","Year 1","Criminology and Psychology","F",1,1,0,1,1,1,1,1,-1,-1,1,1,-1,0,0,1,1,1,1,1,1,1,1,1,0,0,0,0,0,0,0,0,2,2,2,2,1,2,2,2,1,1,"when scientists cannot duplicate a study",1,1,1,"",1,0,"UKRN",2,448,0,7,0.4375,15,1.875,8,0,1,1,1,1,1,1,1,1,1,1
"MM5998","100",3608,"TRUE","19","UNI06","Full-time","Yes","","4","Year 1","Psychology BSc","Male",2,2,2,2,-2,-1,2,1,2,2,-1,2,1,-2,2,-1,1,1,1,1,0,1,0,1,1,1,1,0,0,1,0,0,2,1,2,-2,-1,2,-1,-2,1,1,"Most/A majority of scientific studies are difficult or impossible to reproduce",1,1,0,"",1,0,"Non-UKRN",2,635,0,13,0.8125,1,0.125,6,4,1,1,1,1,1,1,1,1,1,1
"MM6110","86",1304,"FALSE","21","UNI19","Full-time","Yes","","3","Year 1","Psychology","Female",1,1,2,1,1,0,1,-2,2,1,1,-1,0,-2,1,-1,1,0,1,0,0,0,1,1,0,0,1,0,0,0,0,1,1,1,-1,-1,-1,-1,1,1,1,0,"",0,0,1,"",1,0,"Non-UKRN",2,637,NA,6,0.375,0,0,4,2,1,1,1,1,1,1,1,1,1,1
"MM6401","100",870,"TRUE","28","UKRN08","Full-time","No","","3","Year 2","psychology with criminology","female",2,2,1,-1,2,2,2,2,2,1,1,2,-1,1,1,1,1,1,0,1,0,0,0,0,0,0,1,0,1,1,1,1,2,1,1,1,1,2,0,2,1,1,"the crisis means the difficulty to replicate the same studies resulting in the same data ",0,0,1,"",1,0,"UKRN",2,165,1,20,1.25,10,1.25,3,5,1,1,1,1,1,1,1,1,1,1
"MM7052","100",4184,"TRUE","24","UKRN08","Full-time","Yes","","3","Year 2","Psychology","Male",1,1,0,0,0,0,0,1,0,0,1,0,1,0,1,0,1,0,1,1,0,1,1,1,0,0,1,0,0,0,0,1,1,1,1,1,-1,1,1,1,1,1,"",0,1,1,"",1,0,"UKRN",2,23,NA,6,0.375,6,0.75,6,2,1,1,1,1,1,1,1,1,1,1
"MM9640","100",1175,"TRUE","21","UNI80","Full-time","Yes","","4","Final Year","Psychology with a Placement Year - BSc (Hons)","Female",2,2,2,2,2,2,2,1,2,2,1,2,2,2,0,0,1,1,1,1,0,1,1,1,0,0,0,1,0,0,0,0,2,2,2,2,0,1,2,2,1,1,"Many findings from studies in the sciences, and especially psychology, are not able to be replicated. This even includes 'classic' studies that theories and other research is built upon, making it a huge problem in psychology. A lot of this is down to poor research practices, which researchers feel pressured into using due to publication bias from journals. ",1,1,1,"This is a much needed survey! I think more should be done to tackle the replication crisis starting from how undergrads are taught.",1,0,"Non-UKRN",2,686,1,26,1.625,13,1.625,7,1,1,1,1,1,1,1,1,1,1,1
"MN7102","100",1955,"TRUE","21","UNI73","Full-time","No","","3","Year 2","Psychology","Female",1,1,0,0,0,2,0,0,1,-1,0,0,1,-1,0,1,1,0,1,0,1,0,0,1,0,0,0,0,0,0,0,0,1,1,1,-1,1,0,0,0,0,NA,"",0,0,1,"",1,0,"Non-UKRN",2,245,NA,5,0.3125,3,0.375,4,0,1,1,1,1,1,0,1,1,1,1
"MO3315","100",814,"TRUE","21","UKRN08","Full-time","No","","3","Year 1","Psychology","Female",1,2,1,1,0,2,-2,-2,1,-2,-1,2,1,2,0,-2,1,1,0,1,1,0,1,0,0,0,1,0,0,1,0,1,2,2,-2,-2,1,1,2,2,1,1,"I am glad that now there are ways to check if paper is correct and that researchers did not cheated",0,0,1,"",1,0,"UKRN",2,101,0,4,0.25,6,0.75,5,3,1,1,1,1,1,1,1,1,1,1
"MP1372","100",528,"TRUE","18","UNI06","Full-time","Yes","","4","Year 1","Psychology and Business","Female",1,1,1,-1,-1,-1,1,1,1,-1,1,1,1,1,0,-1,1,1,1,1,0,1,0,1,0,0,0,0,1,0,1,0,1,-1,1,-1,-1,0,1,-1,1,1,"replicating studies to see if you get similar results",1,1,1,"",1,0,"Non-UKRN",2,5,0,5,0.3125,-1,-0.125,6,2,1,1,1,1,1,1,1,1,1,1
"MP3003","100",170520,"TRUE","20","UKRN08","Full-time","Yes","","3","Year 2","Psychology","Female",2,2,0,-2,0,0,1,1,-1,-2,2,2,2,-1,0,-1,0,0,1,1,0,0,0,1,0,0,1,0,0,0,0,1,2,1,2,1,-1,0,1,1,1,1,"A lot of studies that originally found statistical significance and were published actually lacked reliability, and once they had been repeated the same results were not found.",0,0,1,"",1,0,"UKRN",2,81,1,5,0.3125,7,0.875,3,2,1,1,1,1,1,1,1,1,1,1
"MP4916","86",625,"FALSE","19","UNI50","Full-time","No","","3","Year 1","BSc Psychology","Non-Binary",1,2,-2,-2,1,0,2,1,1,1,2,2,-1,-1,-2,-1,1,0,1,0,0,1,0,1,0,1,0,1,1,0,1,0,1,1,-1,-1,-2,1,2,1,0,NA,"",0,0,1,"",1,0,"Non-UKRN",2,428,NA,4,0.25,2,0.25,4,4,1,1,1,1,1,0,1,1,1,1
"MP5701","100",877,"TRUE","18","UNI19","Full-time","Yes","","3","Year 1","Psychology ","Female",2,1,1,-1,1,1,2,1,1,1,0,2,0,-1,0,1,1,0,0,0,0,1,0,1,0,0,1,0,0,1,0,0,1,1,1,1,1,1,0,0,0,NA,"",0,0,1,"",1,0,"Non-UKRN",2,412,NA,12,0.75,6,0.75,3,2,1,1,1,1,1,0,1,1,1,1
"MR3165","100",665,"TRUE","19","UNI06","Full-time","No","","3","Year 1","Psychology Bsc","female",0,1,1,0,0,0,0,0,1,0,-1,-1,-1,-1,0,1,1,1,0,1,1,0,1,1,0,0,1,0,0,1,0,0,1,0,0,-1,0,-1,-1,-1,1,1,"a crisis in which many studies are difficult to replicate.",0,1,0,"",1,0,"Non-UKRN",2,570,0,0,0,-3,-0.375,6,2,1,1,1,1,1,1,1,1,1,1
"MS0858","100",919,"TRUE","20","UKRN08","Full-time","Yes","","3","Year 2","Psychology with criminology","Female",1,2,0,0,1,0,2,-1,1,-1,1,2,0,1,-2,-2,1,0,0,1,0,0,1,1,0,0,1,0,0,1,0,0,1,1,1,0,-2,-1,2,1,1,1,"An issue which was found in many areas of research specifically psychology where researches replicated experiments to see if they have good replication and reproducible. previous successful studies with well known findings were likely to be incorrect  and not replicable or reproducible ",0,0,1,"",1,0,"UKRN",2,153,1,5,0.3125,3,0.375,4,2,1,1,1,1,1,1,1,1,1,1
"MS1199","100",1056,"TRUE","22","UNI75","Full-time","No","","3","Year 2","Psychology and counselling ","Female ",2,2,2,2,1,1,2,1,2,1,2,2,-1,1,0,0,1,1,0,1,1,0,0,1,0,0,1,0,0,1,1,0,2,2,2,1,-2,-1,2,1,1,0,"Difficulty to replicate a study ",0,0,1,"",1,0,"Non-UKRN",2,438,0,20,1.25,7,0.875,5,3,1,1,1,1,1,1,1,1,1,1
"MS4255","100",969,"TRUE","18","UKRN01","Full-time","Yes","","4","Year 1","Psychology BSc","Female",2,2,0,1,0,1,0,-1,2,-1,1,2,0,1,-2,-2,0,0,0,1,0,1,0,1,0,0,0,1,0,1,0,0,2,1,1,-2,-2,0,1,1,0,NA,"",0,0,1,"",1,0,"UKRN",2,166,NA,6,0.375,2,0.25,3,2,1,1,1,1,1,0,1,1,1,1
"MS5627","100",988,"TRUE","20","UKRN08","Full-time","Yes","","3","Year 2","Psychology","Female",1,1,-1,-1,1,1,1,1,1,1,2,2,2,-1,1,-2,1,0,1,1,0,1,1,1,0,0,1,1,0,1,1,1,0,0,1,1,-1,1,1,1,1,1,"difficulty reproducing studies and results ",1,1,1,"",1,0,"UKRN",2,116,1,10,0.625,4,0.5,6,5,1,1,1,1,1,1,1,1,1,1
"MT1566","100",2666,"TRUE","24","UKRN08","Full-time","Yes","","4","Year 1","Psychology with Foundation year","Female",2,2,1,1,-1,-1,-1,-2,2,1,-1,2,-1,-1,1,1,1,1,1,0,0,1,0,1,0,0,0,0,0,0,0,0,1,1,-1,-1,-1,-1,1,-1,0,NA,"",0,0,0,"",1,0,"UKRN",2,115,NA,5,0.3125,-2,-0.25,5,0,1,1,1,1,1,0,1,1,1,1
"MT5815","98",326,"FALSE","24","UNI79","Full-time","No","","3","Year 2","Clinical Psychology","Female",-1,2,-1,1,1,2,0,-1,-1,1,0,-1,-1,-1,1,0,1,1,1,1,1,1,1,1,0,0,0,0,0,0,0,0,-1,0,0,0,-1,0,0,0,0,NA,"",0,0,1,"",1,0,"Non-UKRN",2,699,NA,1,0.0625,-2,-0.25,8,0,1,1,1,1,1,0,1,1,1,1
"MU8883","100",244,"TRUE","19","UNI06","Full-time","Yes","","4","Year 1","psychology","female",-1,0,-1,0,0,0,1,-1,1,1,0,0,1,-1,0,0,1,1,1,1,1,0,0,0,1,1,0,0,0,1,1,1,1,1,0,1,-1,1,-1,1,1,0,"",1,0,0,"",1,0,"Non-UKRN",2,610,NA,0,0,3,0.375,5,5,1,1,1,1,1,1,1,1,1,1
"MV8806","100",394,"TRUE","20","UNI06","Full-time","No","","3","Final Year","BSc in Psychology","Female",0,-1,0,-1,1,-2,0,-2,2,-1,1,-1,0,-1,1,-2,1,0,0,0,1,0,0,0,0,1,1,1,1,1,1,1,1,-1,0,-1,-1,1,0,1,1,0,"The replication/ reproducibility crisis is an ongoing methodological crisis in which it has been found that many scientific studies are difficult or impossible to replicate or reproduce. ",0,1,0,"",1,0,"Non-UKRN",2,579,0,-6,-0.375,0,0,2,7,1,1,1,1,1,1,1,1,1,1
"MV9980","100",1739,"TRUE","24","UNI80","Full-time","No","","3","Year 2","Psychology","female",1,1,0,0,0,1,1,0,1,0,2,2,2,1,-2,-1,0,0,1,0,0,1,1,1,1,0,1,0,0,1,1,1,1,0,1,-1,-1,-1,1,1,0,NA,"",0,0,1,"",1,0,"Non-UKRN",2,693,NA,9,0.5625,1,0.125,4,5,1,1,1,1,1,0,1,1,1,1
"MW2416","100",694,"TRUE","19","UNI19","Full-time","No","","3","Year 1","psychology ","female",1,1,-1,1,2,1,2,1,1,1,1,2,-1,0,-1,-1,1,1,1,1,1,1,0,1,1,1,1,0,0,0,0,1,1,0,1,-2,0,2,2,1,0,NA,"",0,0,1,"",1,0,"Non-UKRN",2,605,NA,10,0.625,5,0.625,7,4,1,1,1,1,1,0,1,1,1,1
"MW3963","100",713,"TRUE","20","UKRN01","Full-time","Yes","","4","Year 2","Psychology","Male",2,2,2,-2,2,2,2,-1,2,2,2,2,2,1,-1,-1,1,0,1,0,1,0,1,1,0,0,1,0,0,0,1,1,2,0,2,-1,-1,1,2,1,1,1,"The fact that a large amount of our scientific literature, specifically that of the 20th century, is not replicable. When we attempt to replicate the findings, we either fail or find contary findings entirely. ",0,0,1,"Regarding the payment for access to research journals: students should not have to pay for this information, but the researchers still need to be paid somehow. Universities, as establishments, should contirbute money towards journals and publishers that they get their research from, but should be able to provide it free of charge. ",1,0,"UKRN",2,262,1,18,1.125,6,0.75,5,3,1,1,1,1,1,1,1,1,1,1
"MW405","98",1909,"FALSE","19","UNI19","Full-time","No","","3","Year 1","Bachelor of science and psychology ","Male ",2,2,-1,0,1,1,2,-1,2,1,-1,2,-1,1,-1,-1,1,0,0,0,0,0,0,0,0,1,1,0,0,1,0,1,1,-1,1,1,-1,-1,0,2,1,1,"Other researchers don’t replicate studies because they rather make their own and don’t get any reward for repeating an old one ",0,0,0,"I think the sharing of data depends on which study it is . For major studies it is important to make everything available but for small studies in progress every body should decide by their own .",1,0,"Non-UKRN",2,566,0,8,0.5,2,0.25,1,4,1,1,1,1,1,1,1,1,1,1
"MZ7473","100",573,"TRUE","21","UNI74","Full-time","No","","2","Year 1","Bsc Psychology","Female",1,1,0,1,0,1,2,1,1,2,1,2,0,-1,0,0,1,1,1,1,1,1,1,1,0,0,0,0,0,0,0,0,1,1,2,0,0,0,2,0,1,1,"A lot of older research and studies that are now being replicated are not showing the same results.",0,0,0,"",1,0,"Non-UKRN",2,334,1,12,0.75,6,0.75,8,0,1,1,1,1,1,1,1,1,1,1
"NA5363","100",712,"TRUE","19","UNI79","Full-time","No","","3","Year 1","Psychology child development ","Female ",1,0,2,-1,2,1,2,1,2,1,2,0,1,-1,-1,0,1,1,1,1,1,1,1,1,0,0,0,0,0,0,0,0,1,-1,1,-1,-1,1,-1,-1,0,NA,"",0,0,0,"",1,0,"Non-UKRN",2,647,NA,12,0.75,-2,-0.25,8,0,1,1,1,1,1,0,1,1,1,1
"NB0219","100",1708,"TRUE","20","UKRN01","Full-time","No","","3","Year 2","Psychology","Female",2,1,1,1,1,1,1,1,1,-1,1,1,0,-1,0,-1,1,0,1,0,1,1,1,1,0,1,0,1,0,0,0,0,1,1,2,-1,-1,1,1,1,1,0,"Issues raised by lack of replication",0,1,1,"",1,0,"UKRN",2,209,0,9,0.5625,5,0.625,6,2,1,1,1,1,1,1,1,1,1,1
"NB8140","98",1172,"FALSE","20","UNI64","Full-time","No","","3","Year 2","BSc (Hons) Psychology (Counselling & Mental Health)","Male",1,1,0,1,0,2,1,-2,1,-2,-1,2,2,2,-2,-2,1,1,1,0,0,1,1,1,1,1,1,0,0,1,0,1,1,0,0,-1,-2,1,0,0,1,1,"It it’s particularly difficult (particularly in the social sciences) to reproduce studies and get consistent results",1,1,1,"With regards to the question about sneakily adding participants after a non-significant p-value, I understand that this is p-hacking and is not good practice however the question after the description only asked about whether or not it was right/wrong that the researcher did not decide on the number of participants before the study. My understanding is that it’s fine to not decide on a fixed number of participants, but not to add/remove participants once an analysis had been completed. ",1,0,"Non-UKRN",2,532,1,4,0.25,-1,-0.125,6,5,1,1,1,1,1,1,1,1,1,1
"NB8898","100",2142,"TRUE","19","UNI06","Full-time","Yes","","4","Year 2","Psychology and Business","Male",1,0,0,-1,2,2,2,1,2,1,1,-1,2,-1,2,0,1,1,1,1,0,1,0,1,0,0,1,1,0,1,0,0,1,-1,1,1,0,0,0,0,0,NA,"",1,0,0,"",1,0,"Non-UKRN",2,176,NA,13,0.8125,2,0.25,6,3,1,1,1,1,1,0,1,1,1,1
"NB9727","100",740,"TRUE","18","UKRN08","Full-time","No","","4","Year 1","Psychology with Criminology","Female",1,0,1,1,0,1,2,2,1,1,2,0,0,-1,0,1,0,0,1,0,1,1,1,1,0,0,1,0,0,1,0,1,-1,-1,1,0,0,1,0,-1,0,NA,"",0,0,0,"",1,0,"UKRN",2,144,NA,12,0.75,-1,-0.125,5,3,1,1,1,1,1,0,1,1,1,1
"NC1075","100",1061,"TRUE","21","UKRN01","Full-time","Yes","","4","Final Year","BSc Psychology","Female",1,2,-1,-2,0,0,1,0,-1,-2,1,1,2,1,0,-1,1,0,1,0,0,0,1,1,0,0,1,0,0,0,0,0,1,-1,1,1,1,1,1,0,1,0,"The methodology is not replicable",0,0,1,"",1,0,"UKRN",2,33,0,2,0.125,5,0.625,4,1,1,1,1,1,1,1,1,1,1,1
"NC3798","100",1233,"TRUE","20","UNI19","Full-time","No","","3","Year 1","BSc Hons Psychology ","Woman",1,2,0,2,0,0,1,1,1,1,1,2,2,1,0,-1,0,0,1,0,0,0,0,0,0,0,1,0,0,0,0,0,2,2,2,2,-1,1,1,2,1,1,"Relating to the idea that studies should be able to be reproduced and that researchers should make clear their hypotheses, method, analyses etc in order to allow studies to be reproduced. Details of the study should be shared before data is collected in order to prevent intentional/non-intentional malpractice that contributes to issues of studies not being replicated/reproduced.",0,0,1,"",1,0,"Non-UKRN",2,395,1,14,0.875,11,1.375,1,1,1,1,1,1,1,1,1,1,1,1
"ND3822","100",652,"TRUE","21","UNI09","Full-time","No","","3","Year 2","Psychology","Female",2,2,2,1,1,1,1,2,1,-1,1,2,-1,-1,-2,-1,1,0,0,1,0,0,0,1,0,0,1,0,0,1,0,0,1,1,1,-1,-2,1,1,1,0,NA,"",0,0,1,"",1,0,"Non-UKRN",2,202,NA,10,0.625,3,0.375,3,2,1,1,1,1,1,0,1,1,1,1
"NE8599","100",1247,"TRUE","21","UNI06","Full-time","Yes","","4","Year 1","Psychology","Female",2,2,2,2,2,2,2,1,2,1,2,2,2,0,1,-1,0,0,0,0,0,0,0,0,0,0,1,0,0,0,0,0,2,2,2,2,-1,1,1,2,1,1,"other researchers can't repeat other researchers work and reproduce their findings for reliability ",0,0,1,"",1,0,"Non-UKRN",2,617,1,24,1.5,11,1.375,0,1,1,1,1,1,1,1,1,1,1,1
"NG1485","98",1243,"FALSE","29","UNI08","Full-time","No","","3","Year 1","Bsc Psychology ","Female",2,1,0,1,0,-1,2,-1,1,1,1,1,0,0,-1,0,1,1,0,1,0,1,0,0,0,0,1,0,0,0,0,1,2,1,-1,-2,-1,-1,1,0,0,NA,"",1,0,1,"",1,0,"Non-UKRN",2,445,NA,7,0.4375,-1,-0.125,4,2,1,1,1,1,1,0,1,1,1,1
"nh0000","100",1166,"TRUE","22","UNI74","Full-time","No","","2","Year 2","Bsc Psychology","Female",2,2,2,1,1,1,2,1,2,1,2,1,1,-2,-1,1,1,1,1,1,1,0,1,1,0,1,1,0,0,0,0,0,2,-2,2,2,1,1,2,2,0,NA,"",0,0,1,"",1,0,"Non-UKRN",2,358,NA,17,1.0625,10,1.25,7,2,1,1,1,1,1,0,1,1,1,1
"NH0700","100",338,"TRUE","19","UNI06","Full-time","Yes","","4","Year 1","Psychology ","Female",0,-2,-1,0,-1,1,2,1,0,0,0,-1,0,-1,0,0,1,1,0,0,0,0,0,0,0,0,1,1,1,1,1,1,-1,-1,0,-1,-1,0,1,1,0,NA,"",0,0,1,"",1,0,"Non-UKRN",2,546,NA,-2,-0.125,-2,-0.25,2,6,1,1,1,1,1,0,1,1,1,1
"NH2256","43",366,"FALSE","19","UNI62","Full-time","No","","3","Year 1","Psychological & Behavioural Sciences","Female",NA,NA,NA,NA,NA,NA,NA,NA,NA,NA,NA,NA,NA,NA,NA,NA,0,0,0,0,0,0,0,0,0,0,0,0,0,0,0,0,NA,NA,NA,NA,NA,NA,NA,NA,NA,NA,"",NA,NA,NA,"",1,0,"Non-UKRN",2,463,NA,NA,NA,NA,NA,0,0,0,1,1,0,0,0,0,0,0,1
"NH3365","100",766,"TRUE","19","UNI09","Full-time","No","","3","Year 1","Psychology ","Female",1,1,0,1,0,1,0,0,-1,-1,-1,1,0,-1,-1,-1,0,0,1,0,0,0,0,0,1,1,0,1,1,1,1,1,1,-1,0,1,1,1,-1,0,0,NA,"",0,0,1,"",1,0,"Non-UKRN",2,198,NA,-1,-0.0625,2,0.25,1,7,1,1,1,1,1,0,1,1,1,1
"NJ4431","100",753,"TRUE","18","UNI62","Full-time","No","","3","Year 1","Psychological and Behvaioural Science","Female",2,2,1,2,0,1,2,1,1,0,2,2,2,1,0,-1,1,0,1,1,0,0,1,1,0,0,0,0,0,0,0,0,2,1,2,2,-1,2,0,0,1,1,"Most studies that are published have not been replicated",0,0,1,"",1,0,"Non-UKRN",2,363,0,18,1.125,8,1,5,0,1,1,1,1,1,1,1,1,1,1
"NL2968","100",750,"TRUE","38","UNI64","Full-time","Yes","","3","Year 2","BSc Psychology (Forensic & Psychopathology)","female",2,2,2,-2,-2,-2,2,2,-2,-2,1,2,1,-1,0,-1,0,0,1,0,0,1,1,1,0,0,1,0,0,1,0,1,1,1,1,0,1,1,-1,0,0,NA,"",0,0,1,"",1,0,"Non-UKRN",2,494,NA,2,0.125,4,0.5,4,3,1,1,1,1,1,0,1,1,1,1
"NM0668","100",11644,"TRUE","20","UNI06","Full-time","No","","3","Year 2","Psychology","Female",2,1,1,2,1,0,2,1,-1,-2,2,1,0,-1,-1,-2,1,1,1,1,0,1,0,1,1,0,1,0,0,0,0,1,2,0,-1,-1,-2,1,1,0,0,NA,"",0,0,0,"no",1,0,"Non-UKRN",2,537,NA,6,0.375,0,0,6,3,1,1,1,1,1,0,1,1,1,1
"NM5825","100",1144,"TRUE","20","UNI19","Full-time","No","","3","Year 1","BSc (Hons) Psychology ","Female",0,1,1,1,1,1,0,-1,0,1,1,2,1,0,-2,-2,1,0,1,1,0,0,0,0,0,0,0,0,0,0,0,1,1,1,1,2,-2,-2,1,1,1,1,"A crisis in the research world that deals with the issue that many results from empirical research can not be replicated. ",0,0,1,"",1,0,"Non-UKRN",2,623,1,5,0.3125,3,0.375,3,1,1,1,1,1,1,1,1,1,1,1
"NM7526","100",2208,"TRUE","19","UNI79","Full-time","No","","3","Year 2","Psychology","Female",-1,0,1,-1,0,0,2,1,-1,-1,1,1,1,0,-1,-1,1,1,1,1,1,1,1,1,0,0,0,0,0,0,0,0,-1,-1,-1,-1,-1,-1,1,-1,0,NA,"",0,0,1,"",1,0,"Non-UKRN",2,646,NA,1,0.0625,-6,-0.75,8,0,1,1,1,1,1,0,1,1,1,1
"nm8725","100",1818,"TRUE","21","UNI64","Full-time","No","","4","Final Year","Core Psychology with a foundation year","non-binary",1,2,0,1,1,2,2,2,-2,-2,0,2,0,0,0,-1,0,1,1,0,0,1,0,1,0,0,1,0,0,0,0,1,2,2,0,-2,-1,0,-1,1,0,NA,"",1,0,1,"",1,0,"Non-UKRN",2,715,NA,8,0.5,1,0.125,4,2,1,1,1,1,1,0,1,1,1,1
"NN3355","100",1566,"TRUE","19","UNI72","Full-time","No","","3","Year 2","Psychology and Counselling","Female",2,0,0,-1,-1,1,2,0,1,0,1,2,0,1,-1,0,1,0,0,0,0,0,1,1,0,0,1,0,0,0,0,0,1,-1,0,-1,-1,0,0,1,0,NA,"",1,0,1,"",1,0,"Non-UKRN",2,235,NA,7,0.4375,-1,-0.125,3,1,1,1,1,1,1,0,1,1,1,1
"NO3466","100",1191,"TRUE","19","UNI73","Full-time","No","","3","Year 1","Criminology & Psychology","female",2,1,1,-1,0,1,2,1,2,0,1,2,1,-2,-1,-2,0,0,0,1,1,1,1,1,1,1,1,0,0,0,0,0,1,0,-1,-2,-2,0,1,1,0,NA,"",0,0,1,"",1,0,"Non-UKRN",2,257,NA,8,0.5,-2,-0.25,5,3,1,1,1,1,1,0,1,1,1,1
"NO4337","98",2244,"FALSE","19","UNI79","Full-time","No","","3","Year 1","Psychology ","female ",1,2,0,1,2,0,1,0,1,-2,1,2,-1,-2,2,0,1,0,1,0,0,0,1,1,0,0,0,0,0,0,0,1,1,2,-1,-2,-2,1,1,0,1,1,"replication of previous study",0,0,1,"no",1,0,"Non-UKRN",2,700,0,8,0.5,0,0,4,1,1,1,1,1,1,1,1,1,1,1
"NP3781","100",1489,"TRUE","20","UNI58","Full-time","No","","3","Year 2","BSC (hons) psychology with criminology","Female",2,-2,-1,1,1,2,1,0,-1,-1,1,2,-1,1,0,0,1,1,0,1,0,0,1,1,0,0,1,0,0,0,0,0,1,-1,1,1,-1,1,-2,0,0,NA,"",0,0,1,"",1,0,"Non-UKRN",2,475,NA,5,0.3125,0,0,5,1,1,1,1,1,1,0,1,1,1,1
"NP4894","100",939,"TRUE","20","UNI06","Full-time","Yes","","3","Year 1","Psychology","Female",1,1,1,1,1,0,2,1,-1,0,1,-1,0,-1,-1,-1,1,0,1,0,1,1,0,1,0,0,1,0,0,1,0,0,0,1,1,1,-1,1,1,1,1,1,"When studies are found to be difficult to replicate.",1,1,1,"",1,0,"Non-UKRN",2,615,0,4,0.25,5,0.625,5,2,1,1,1,1,1,1,1,1,1,1
"NP8808","100",1008,"TRUE","19","UKRN01","Full-time","Yes","","3","Year 2","Psychology","Female",1,2,0,1,-1,0,0,-1,-2,-1,0,2,0,2,0,-1,1,1,0,1,1,0,0,0,0,0,1,0,0,1,1,1,1,-1,1,-1,-1,-1,-1,1,1,0,"problems when it comes to replicating studies",0,0,1,"",1,0,"UKRN",2,135,0,2,0.125,-2,-0.25,4,4,1,1,1,1,1,1,1,1,1,1
"NP9733","100",643,"TRUE","24","UNI75","Full-time","No","","3","Year 2","Applied Psychology","Female ",2,2,2,2,1,2,2,1,2,-2,2,2,-2,-2,-1,0,1,1,1,1,1,1,1,1,1,0,1,0,0,0,0,0,2,1,2,1,-1,2,-1,2,0,NA,"",0,0,1,"",1,0,"Non-UKRN",2,436,NA,13,0.8125,8,1,8,2,1,1,1,1,1,0,1,1,1,1
"NR8116","100",685,"TRUE","21","UNI73","Full-time","No","","3","Year 2","Psychology, clinical and cognitive neuroscience ","Female ",1,1,1,1,-1,1,1,-1,2,-1,1,1,1,-1,-1,-1,1,1,0,0,0,0,1,0,0,0,1,1,1,1,0,1,1,-1,1,-1,-1,1,1,1,0,NA,"",1,0,1,"",1,0,"Non-UKRN",2,244,NA,5,0.3125,2,0.25,3,5,1,1,1,1,1,0,1,1,1,1
"NS2177","100",848,"TRUE","20","UKRN04","Full-time","No","","3","Year 2","Psychology","Male",1,1,0,1,0,0,2,2,1,1,1,2,1,2,-1,-1,1,1,1,0,0,1,0,1,1,0,1,0,0,1,0,0,1,0,1,-2,-1,-1,1,1,1,1,"Its an issue where studies have not been able to be replicated because the original study is not available to everybody.",1,0,1,"",1,0,"UKRN",2,378,1,13,0.8125,0,0,5,3,1,1,1,1,1,1,1,1,1,1
"Ns5972","100",1585,"TRUE","37","UKRN08","Full-time","Yes","","4","Year 2","Psychology Bsc","Female",2,1,1,1,0,-1,2,1,2,0,0,2,2,2,1,1,0,0,0,1,1,0,1,1,0,0,1,0,0,1,0,0,1,1,1,1,0,1,1,1,1,1,"Not being able to get the same or similar results from previous studies. ",1,1,1,"",1,0,"UKRN",2,108,1,17,1.0625,7,0.875,4,2,1,1,1,1,1,1,1,1,1,1
"NT7215","100",2814,"TRUE","30","UNI19","Full-time","Yes","","3","Year 1","Psychology","Female",1,2,1,0,0,1,2,0,0,1,-2,2,1,1,-1,1,0,0,0,1,0,1,0,1,0,0,0,0,0,0,0,0,-1,2,1,2,-1,-1,1,1,1,1,"it is good to avoid ' replication crisis so that study become more reliable.",0,0,0,"It's applicable for year 2 and 3 student but not sure for year 1.",1,0,"Non-UKRN",2,474,0,10,0.625,4,0.5,3,0,1,1,1,1,1,1,1,1,1,1
"ny5876","100",2070,"TRUE","19","UKRN01","Full-time","Yes","","4","Year 2","BSc Hons Psychology","male",1,0,1,1,1,0,1,1,1,1,1,0,1,-1,-1,-1,1,1,0,1,1,0,1,1,0,0,1,0,0,1,0,0,1,1,0,-1,-1,0,1,0,1,1,"replication crisis when they found many methodological studies were difficult to replicate and reproduce ",0,0,1,"",1,0,"UKRN",2,391,0,7,0.4375,1,0.125,6,2,1,1,1,1,1,1,1,1,1,1
"OC2527","100",721,"TRUE","21","UNI73","Full-time","No","","3","Final Year","BSc Psychology","Female",2,2,1,0,-1,1,1,1,1,-2,1,2,0,1,-1,-1,1,1,1,1,1,1,1,1,0,0,0,0,0,0,0,0,1,-1,1,-1,-1,-1,1,1,0,NA,"",0,0,1,"",1,0,"Non-UKRN",2,293,NA,8,0.5,0,0,8,0,1,1,1,1,1,0,1,1,1,1
"OD2163","100",2076,"TRUE","22","UKRN08","Full-time","Yes","","3","Year 2","Psychology Bsc","Female",1,2,0,2,1,0,1,0,-1,2,1,2,2,2,-2,-1,0,1,0,1,1,0,1,1,1,0,1,0,0,1,0,0,1,0,0,1,-2,1,2,2,1,1,"The inability to replicate or reproduce results from a previous study when following the same or similar procedures.",1,1,1,"",1,0,"UKRN",2,44,1,12,0.75,5,0.625,5,3,1,1,1,1,1,1,1,1,1,1
"OE2492","100",886,"TRUE","24","UNI74","Full-time","No","","2","Year 1","Psychology with English Literature","Male",2,2,2,1,2,1,2,2,2,1,1,2,0,-1,-2,0,0,0,1,1,0,1,0,1,0,0,0,1,0,1,0,0,2,2,2,-1,-2,2,0,2,0,NA,"",0,0,1,"",1,0,"Non-UKRN",2,389,NA,17,1.0625,7,0.875,4,2,1,1,1,1,1,0,1,1,1,1
"OG5969","100",1989,"TRUE","19","UKRN08","Full-time","Yes","","4","Year 1","Single Hons Psychology","Woman",1,1,1,-1,1,0,1,-1,-1,-1,2,2,0,-1,-1,-1,1,1,1,1,1,1,1,1,0,0,0,0,0,0,0,0,2,1,1,-1,-1,1,1,1,1,1,"The replication crisis is a crisis in psychology where research studies are being replicated but have coming out with different outcomes therefore there is something wrong with the original study ",0,0,1,"",1,0,"UKRN",2,172,1,2,0.125,5,0.625,8,0,1,1,1,1,1,1,1,1,1,1
"OM6519","100",809,"TRUE","21","UNI62","Full-time","No","","3","Final Year","Psychological and Behavioural Science","Female",2,2,1,1,-1,1,1,1,1,2,-1,2,1,-1,0,1,1,1,1,1,0,1,1,1,0,0,1,0,0,1,0,0,1,1,1,1,1,1,-1,-1,1,1,"Many important and widely cited studies have not produced significant results upon replication of the study (sometimes with larger sample sizes)",0,0,1,"",1,0,"Non-UKRN",2,366,1,13,0.8125,4,0.5,7,2,1,1,1,1,1,1,1,1,1,1
"OM7160","100",759,"TRUE","21","UNI06","Full-time","No","","3","Year 2","Psychology","Female",1,1,0,1,1,1,-1,-1,0,1,0,1,0,-1,-1,-1,1,1,0,1,1,0,1,0,0,0,1,0,0,1,0,1,1,0,1,-1,-1,0,0,0,0,NA,"",0,0,0,"",1,0,"Non-UKRN",2,522,NA,2,0.125,0,0,5,3,1,1,1,1,1,0,1,1,1,1
"OP7346","100",502,"TRUE","20","UNI50","Full-time","No","","3","Final Year","BsC Psychology ","Female ",2,1,-1,-1,1,1,2,1,-1,-1,2,0,0,-1,-1,0,0,0,0,1,0,0,0,1,0,0,0,0,0,0,0,0,1,0,1,1,1,1,0,0,1,1,"A study becomes over replicated and interferes with results? ",0,0,1,"N/A",1,0,"Non-UKRN",2,296,0,4,0.25,5,0.625,2,0,1,1,1,1,1,1,1,1,1,1
"os1914","100",642,"TRUE","22","UKRN08","Full-time","No","","3","Year 2","psychology bsc","female",2,1,1,0,2,2,0,0,1,0,2,2,1,-1,-1,-1,1,0,1,1,1,1,1,1,0,1,0,0,0,0,0,0,1,1,-1,-1,0,0,1,1,1,1,"many psychology studies cannot be replicated",0,1,1,"",1,0,"UKRN",2,164,0,11,0.6875,2,0.25,7,1,1,1,1,1,1,1,1,1,1,1
"OW5710","100",390,"TRUE","20","UNI73","Full-time","No","","3","Year 2","Psychology with criminology","female",1,1,0,-2,1,1,2,1,1,0,-1,1,-1,0,-1,-1,1,1,0,1,1,0,1,0,0,0,1,0,0,1,0,1,0,-1,-1,0,-1,1,0,1,1,0,"certain studies are impossible / very hard to replicate",0,0,1,"",1,0,"Non-UKRN",2,250,0,3,0.1875,-1,-0.125,5,3,1,1,1,1,1,1,1,1,1,1
"par9723","100",837,"TRUE","20","UKRN01","Full-time","Yes","","4","Placement Year","psychology","female",1,0,0,0,0,1,-1,0,0,0,1,1,0,-1,0,0,1,1,1,1,1,1,1,1,0,0,1,0,0,0,1,0,1,-1,0,0,-1,-1,1,1,1,0,"Its a problem when lots of studies can't be replicated / reproduced.",0,0,0,"",1,0,"UKRN",2,79,0,2,0.125,0,0,8,2,1,1,1,1,1,1,1,1,1,1
"PF7051","98",893,"FALSE","20","UNI11","Full-time","No","","3","Year 1","Psychology","Female",1,1,1,1,1,0,2,2,0,-1,1,2,1,1,-1,-1,1,1,0,1,1,1,1,0,0,0,1,0,0,0,0,1,2,1,2,0,-1,-1,2,1,1,1,"When studies are impossible to replicate",0,0,1,"",1,0,"Non-UKRN",2,703,0,11,0.6875,6,0.75,6,2,1,1,1,1,1,1,1,1,1,1
"PH0046","100",787,"TRUE","20","UKRN08","Full-time","No","","3","Year 2","Psychology","Female",1,1,1,2,1,1,2,2,2,1,1,2,1,-1,-1,-1,1,1,0,1,1,1,0,1,0,0,1,0,0,0,0,0,1,1,2,2,0,1,1,1,1,1,"The crisis in which traditional studies were repeated and the results were not replicable. ",0,1,1,"",1,0,"UKRN",2,48,1,15,0.9375,9,1.125,6,1,1,1,1,1,1,1,1,1,1,1
"PH5944","100",2300,"TRUE","28","UNI11","Full-time","No","","3","Year 1","Psychology ","Female ",1,1,1,1,1,0,1,1,1,1,0,1,1,-1,-1,-1,1,1,1,0,1,1,0,1,0,0,1,0,1,0,0,0,2,1,1,-1,1,1,-1,1,1,1,"Many iconic studies have failed to replicate the same findings ",0,0,1,"",1,0,"Non-UKRN",2,689,1,8,0.5,5,0.625,6,2,1,1,1,1,1,1,1,1,1,1
"pk1250","100",1115,"TRUE","48","UNI72","Full-time","No","","4","Year 1","BA hons psychology ","Male",2,1,1,0,1,1,1,1,1,1,1,1,1,-1,-1,-1,1,1,1,1,1,1,1,1,0,0,0,0,0,0,0,0,1,1,1,-1,-1,0,1,1,1,0,"The methodology of scientific studies being difficult or impossible ro replicate ",1,0,1,"",1,0,"Non-UKRN",2,236,0,10,0.625,3,0.375,8,0,1,1,1,1,1,1,1,1,1,1
"PL1192","100",820,"TRUE","20","UKRN08","Full-time","Yes","","3","Year 2","Psychology with Criminology","Male",2,2,1,0,1,1,1,0,1,0,1,2,2,-1,0,-1,1,0,1,0,0,0,0,1,0,0,1,0,0,0,0,0,-1,0,0,1,-1,1,2,0,1,1,"many studies are difficult to replicate and so the results may not be reliable",0,0,0,"",1,0,"UKRN",2,94,1,12,0.75,2,0.25,3,1,1,1,1,1,1,1,1,1,1,1
"PP3775","100",1409,"TRUE","25","UKRN08","Full-time","Yes","","3","Year 2","Psychology with Criminology","Female",2,2,1,2,1,1,1,0,2,0,2,2,0,2,-1,0,0,0,1,1,0,1,0,1,0,0,0,0,0,0,0,0,-2,2,0,0,-1,-2,2,1,1,1,"It is a problem encountered by several different study fields. In psychology most notably social psychology where famous studies were found to not be replicable. For a study to be scientifically valid it needs to be able to be questioned and reproduced because if it can't how can science go forward.",0,0,1,"",1,0,"UKRN",2,83,0,17,1.0625,0,0,4,0,1,1,1,1,1,1,1,1,1,1
"PV8764","100",1027,"TRUE","19","UNI73","Full-time","No","","3","Year 1","Clinical and cognitive neuroscience and psychology ","Female ",2,1,0,1,1,1,1,1,1,-1,1,0,0,-1,-1,-1,0,0,1,0,1,0,1,0,0,0,0,0,0,0,0,1,1,1,1,-1,-2,-2,1,1,1,1,"When previously done research study is replicated and results show different results/do not confirm theory",0,0,1,"",1,0,"Non-UKRN",2,259,1,6,0.375,0,0,3,1,1,1,1,1,1,1,1,1,1,1
"RA0779","100",969,"TRUE","18","UKRN04","Full-time","No","","3","Year 1","Bsc Psychology ","Male ",2,1,1,1,2,2,2,1,2,-1,2,2,2,2,-1,-1,1,0,1,1,1,1,0,1,1,0,1,0,0,1,0,1,-2,1,-2,-2,-2,-1,2,2,1,1,"The studies that have purposely or accidentally used QRP's and as a result lots of replication studies are showing different results to the original findings.",1,1,1,"",1,0,"UKRN",2,361,1,19,1.1875,-4,-0.5,6,4,1,1,1,1,1,1,1,1,1,1
"RA4789","100",1125,"TRUE","18","UNI50","Full-time","No","","3","Year 1","BSc Psychology","Female",1,1,0,1,1,2,1,1,1,-2,1,1,1,-2,-1,-1,1,0,1,0,0,1,1,1,0,0,0,0,0,0,1,0,-1,0,1,-2,-1,1,1,1,1,0,"Studies being replicated with modern techniques and perspectives and seeming to not be reproducible but their findings may still be relevant",0,0,1,"",1,0,"Non-UKRN",2,297,0,6,0.375,0,0,5,1,1,1,1,1,1,1,1,1,1,1
"RA6452","100",1342,"TRUE","19","UKRN08","Full-time","Yes","","4","Year 1","Psychology BSc","Female ",2,2,2,0,1,0,2,1,2,-2,1,2,1,0,0,0,1,0,0,0,0,1,0,1,0,0,0,0,0,0,0,1,1,2,-1,-1,-2,-1,1,1,1,1,"The replication crisis refers to psychological research not being able to produce consistent results. Due to researchers manipulation of method analysis ect.",1,1,1,"",1,0,"UKRN",2,105,1,14,0.875,0,0,3,1,1,1,1,1,1,1,1,1,1,1
"RA9741","100",1509,"TRUE","20","UNI19","Full-time","No","","3","Year 1","BSc Psychology","Female",2,0,1,1,-1,0,-1,-2,-1,-2,-1,1,-1,1,-1,-1,0,0,1,1,0,1,0,1,1,1,0,0,1,0,1,0,1,1,-1,-1,-1,-1,1,1,1,1,"the issue of the methododolgy being not easy to replicate by other researchers ",0,0,1,"",1,0,"Non-UKRN",2,473,0,-5,-0.3125,0,0,4,4,1,1,1,1,1,1,1,1,1,1
"RB2308","100",1230,"TRUE","20","UKRN08","Full-time","Yes","","3","Year 2","psychology","female",2,2,-1,0,0,2,-1,2,-1,1,2,2,1,1,-2,-2,1,0,1,1,0,0,0,1,0,0,0,0,0,0,0,0,2,1,-1,0,-2,-2,2,1,1,1,"the current phenomenon in science and social sciences where research with significant results cannot be reproduced with similar and/or similar results.",1,1,1,"no",1,0,"UKRN",2,100,1,8,0.5,1,0.125,4,0,1,1,1,1,1,1,1,1,1,1
"RB5437","98",947,"FALSE","21","UKRN01","Full-time","Yes","","3","Placement Year","Psychology BSc","Female",1,1,1,-1,1,1,2,1,1,-1,1,2,2,2,-1,1,1,0,1,1,1,1,1,1,0,0,0,1,0,0,0,0,2,1,2,1,1,1,1,1,1,0,"Studies which have had a significant p value, no longer have a significant p value when replicated. This leads us to question the validity of the original findings. ",1,0,1,"None",1,0,"UKRN",2,133,1,14,0.875,10,1.25,7,1,1,1,1,1,1,1,1,1,1,1
"RB6723","100",1142,"TRUE","23","UKRN08","Full-time","Yes","","4","Year 1","Psychology","Female",2,2,0,2,2,2,-1,1,2,-2,2,2,2,2,-2,-2,0,0,1,1,0,0,0,1,1,1,0,0,1,1,1,0,2,2,1,2,-2,-2,2,2,1,1,"The inability for researchers to replicate findings from studies before and/or get findings that do replicate or don't replicate published in scientific journals.",1,1,1,"",1,0,"UKRN",2,140,1,14,0.875,7,0.875,3,5,1,1,1,1,1,1,1,1,1,1
"RB8126","100",698,"TRUE","21","UNI09","Full-time","No","","3","Year 2","Psychology with neuropsychology ","Female ",2,2,1,1,1,1,2,-1,1,-1,1,1,-1,1,-1,-1,1,1,1,1,0,1,1,1,0,0,1,1,0,0,0,1,1,-1,-1,-1,-2,-1,-1,1,0,NA,"",0,0,1,"",1,0,"Non-UKRN",2,199,NA,9,0.5625,-5,-0.625,7,3,1,1,1,1,1,0,1,1,1,1
"RB8285","100",696,"TRUE","19","UKRN01","Full-time","No","","3","Year 1","Psychology","female",2,0,0,1,2,1,2,2,1,1,1,1,1,1,0,0,1,0,1,0,0,1,0,1,0,0,0,0,0,1,0,0,0,1,1,0,0,0,1,1,0,NA,"",0,0,1,"",1,0,"UKRN",2,173,NA,16,1,4,0.5,4,1,1,1,1,1,1,0,1,1,1,1
"RD4245","100",1138,"TRUE","21","UNI10","Full-time","Yes","","4","Year 1","Forensic Psychology","Female",2,2,-1,-2,0,0,-2,-2,-2,-2,2,1,1,1,-2,-2,0,0,1,1,0,1,0,1,1,1,0,0,1,0,1,0,1,0,1,-2,-2,-2,2,0,0,NA,"",0,0,1,"",1,0,"Non-UKRN",2,345,NA,-6,-0.375,-2,-0.25,4,4,1,1,1,1,1,0,1,1,1,1
"RE7102","100",992,"TRUE","18","UKRN08","Full-time","No","","4","Year 1","PSYCHOLOGY ","female ",1,1,0,0,0,1,1,-1,0,0,-1,1,-1,-1,-1,-1,0,0,0,0,0,0,0,1,0,0,0,0,0,0,0,0,0,0,-1,-1,-1,-1,-1,1,0,NA,"",0,0,0,"",1,0,"UKRN",2,41,NA,-1,-0.0625,-4,-0.5,1,0,1,1,1,1,1,0,1,1,1,1
"RF2215","100",721,"TRUE","20","UKRN01","Full-time","Yes","","4","Year 2","Psychology","Female",2,-1,2,1,0,1,0,-1,1,-2,1,2,1,-1,-1,-2,1,0,1,1,1,0,1,1,0,0,0,0,0,0,1,1,2,1,1,-1,-1,1,0,1,1,0,"Replicating a study and not getting the same results as the previous study",0,0,0,"n/a",1,0,"UKRN",2,211,1,3,0.1875,4,0.5,6,2,1,1,1,1,1,1,1,1,1,1
"rf9283","100",3153,"TRUE","21","UNI80","Full-time","No","","3","Final Year","BSc Psychology ","Female",2,-1,2,2,2,2,2,2,2,1,0,2,-1,1,-2,-2,1,0,1,1,0,0,0,1,0,0,0,1,0,0,0,0,2,2,2,-1,-2,1,0,1,0,NA,"",1,1,0,"",1,0,"Non-UKRN",2,675,NA,14,0.875,5,0.625,4,1,1,1,1,1,1,0,1,1,1,1
"RG0354","100",802,"TRUE","19","UNI73","Full-time","No","","3","Year 1","Psychology","Female",1,2,1,0,0,0,-1,-1,2,0,-1,2,1,1,-2,-1,0,0,1,0,1,1,0,0,0,0,0,0,0,0,0,0,-1,-1,0,-1,-2,0,-1,-2,1,1,"not being able to replicate old/original studies due to ethical or sample problems ",0,0,1,"",1,0,"Non-UKRN",2,254,0,4,0.25,-8,-1,3,0,1,1,1,1,1,1,1,1,1,1
"RG3741","100",1515,"TRUE","20","UNI10","Full-time","No","","3","Year 2","Psychology","Female",1,2,0,1,0,0,2,2,-1,-1,2,2,1,0,-1,1,0,0,0,0,0,0,0,1,0,0,0,0,0,0,0,0,2,1,2,-1,1,1,1,1,0,NA,"",0,0,1,"",1,0,"Non-UKRN",2,326,NA,11,0.6875,8,1,1,0,1,1,1,1,1,0,1,1,1,1
"RG4319","100",946,"TRUE","22","UNI58","Full-time","No","","3","Year 2","BSc Psychology and Criminology ","Female ",2,1,2,2,2,2,2,-1,2,-2,1,1,1,-1,0,1,1,1,1,1,1,1,1,1,0,0,1,1,0,1,1,0,2,2,2,1,-1,-2,0,1,1,1,"The results of the study should be able to be replicated to be valid and reliable ",0,0,1,"",1,0,"Non-UKRN",2,720,0,15,0.9375,5,0.625,8,4,1,1,1,1,1,1,1,1,1,1
"RG6441","100",1211,"TRUE","18","UNI09","Full-time","No","","3","Year 1","Psychology with Forensics","Female",2,2,1,2,2,2,2,2,1,1,2,2,1,-1,0,-1,1,1,1,1,0,1,0,1,1,1,1,1,0,1,0,0,2,-1,2,-2,-1,2,1,2,1,0,"A crisis in which many scientific studies have been found impossible to replicate or reproduce.",0,0,1,"",1,0,"Non-UKRN",2,223,0,20,1.25,5,0.625,6,5,1,1,1,1,1,1,1,1,1,1
"RG6622","100",851,"TRUE","18","UKRN01","Full-time","Yes","","4","Year 1","psychology","female",2,1,0,-1,2,0,2,2,0,-2,2,1,1,-1,-1,-1,1,1,1,1,1,0,1,1,0,0,0,0,0,1,0,0,1,1,1,0,1,1,1,1,0,NA,"",0,0,0,"",1,0,"UKRN",2,38,NA,7,0.4375,7,0.875,7,1,1,1,1,1,1,0,1,1,1,1
"RI11","100",3423,"TRUE","21","UKRN08","Full-time","Yes","","4","Year 2","pscyhology","female",2,2,1,1,2,1,-1,1,0,1,2,2,2,2,1,-2,1,0,1,1,0,1,1,1,0,0,0,0,0,0,0,0,2,2,2,1,-1,-1,2,2,1,1,"in psychology, the replication/ reproducibility crisis represents the inability to replicate a study that shows the same effects as previous ones",1,1,1,"",1,0,"UKRN",2,51,1,17,1.0625,9,1.125,6,0,1,1,1,1,1,1,1,1,1,1
"RI8423","100",1503,"TRUE","19","UNI06","Full-time","No","","3","Year 1","Psychology ","Female",2,2,1,1,2,0,2,2,1,1,1,1,2,1,0,-2,1,0,1,1,1,1,0,1,0,0,1,0,0,1,0,0,2,2,1,0,-1,0,1,0,1,0,"Hard to reproduce a study because aspects are not available .",0,0,1,"Nope",1,0,"Non-UKRN",2,549,0,17,1.0625,5,0.625,6,2,1,1,1,1,1,1,1,1,1,1
"RJ9767","100",883,"TRUE","19","UNI10","Full-time","Yes","","4","Year 2","BSc Psychology with Professional Placement Year","Female",1,1,0,1,0,1,1,1,-2,1,1,2,0,1,-1,0,0,0,1,0,1,0,0,1,0,0,1,0,0,0,0,0,1,1,1,-1,-1,-2,1,0,0,NA,"",0,0,1,"",1,0,"Non-UKRN",2,323,NA,8,0.5,0,0,3,1,1,1,1,1,1,0,1,1,1,1
"RL0647","100",517,"TRUE","20","UNI79","Full-time","No","","3","Year 2","PSYCHOLOGICAL COUNSELLING","Female ",2,2,0,1,2,2,2,2,2,-2,-1,2,0,-1,1,-1,0,0,1,1,0,0,0,1,0,0,1,1,0,0,0,0,2,1,-1,-2,-2,-1,-1,-1,0,NA,"",0,0,1,"",1,0,"Non-UKRN",2,643,NA,13,0.8125,-5,-0.625,3,2,1,1,1,1,1,0,1,1,1,1
"RM0939","100",1282,"TRUE","71","UNI75","Full-time","No","","1","Year 1","Psychology & Counselling","Male",0,-1,0,-1,0,0,1,-1,1,-2,1,2,0,0,0,0,0,1,0,1,1,1,1,1,1,0,1,0,0,0,0,0,0,0,1,-1,0,0,0,0,0,NA,"",0,0,0,"",1,0,"Non-UKRN",2,449,NA,0,0,0,0,6,2,1,1,1,1,1,0,1,1,1,1
"RM1418","100",1216,"TRUE","22","UKRN08","Full-time","Yes","","3","Year 2","Bsc Psychology ","Female ",2,2,1,0,1,1,1,1,1,0,2,0,1,1,0,0,1,1,1,1,0,1,1,1,1,0,1,0,0,1,1,1,0,1,1,0,1,1,1,1,1,1,"A current and ongoing crisis where many respected and published studies have been found to be impossible to replicate and unreliable. ",1,1,1,"",1,0,"UKRN",2,114,0,14,0.875,6,0.75,7,5,1,1,1,1,1,1,1,1,1,1
"RM6479","100",837,"TRUE","21","UNI06","Full-time","No","","3","Year 2","Psychology","Female",1,1,1,0,1,1,1,1,1,-2,1,1,0,-1,0,0,1,1,1,0,0,1,1,1,0,0,0,0,0,0,0,0,1,1,1,1,0,0,0,1,0,NA,"",0,0,1,"",1,0,"Non-UKRN",2,600,NA,7,0.4375,5,0.625,6,0,1,1,1,1,1,0,1,1,1,1
"RM8615","71",289,"FALSE","25","UNI62","Full-time","No","","3","Year 2","Psychology","Female",0,0,0,0,0,0,0,0,0,0,0,0,0,0,0,0,1,1,1,1,1,1,1,1,0,0,0,0,0,0,0,0,0,0,0,0,0,0,0,0,0,NA,"",NA,NA,NA,"",1,0,"Non-UKRN",2,356,NA,0,0,0,0,8,0,1,1,1,1,1,0,0,0,0,1
"RN2396","100",731,"TRUE","19","UNI72","Full-time","No","","3","Year 2","Education studies and Psychology","Woman",2,1,1,1,1,1,1,2,2,-2,1,2,1,1,-2,-2,0,0,1,0,0,1,0,1,0,0,1,0,0,1,0,0,1,1,1,-1,-1,-1,1,1,1,0,"If a study cannot be falsified then it reduces the validity of the findings",0,0,0,"",1,0,"Non-UKRN",2,260,0,11,0.6875,2,0.25,3,2,1,1,1,1,1,1,1,1,1,1
"Rn4351","100",1363,"TRUE","21","UNI80","Full-time","Yes","","4","Placement Year","Psychology with a placement year","Female",1,1,1,1,1,1,1,-1,1,1,1,2,0,1,-1,-1,0,0,0,0,0,0,0,0,0,0,1,0,0,0,0,1,1,1,1,-1,-1,1,1,1,0,NA,"",1,0,1,"",1,0,"Non-UKRN",2,665,NA,10,0.625,4,0.5,0,2,1,1,1,1,1,0,1,1,1,1
"RN8108","98",451,"FALSE","22","UNI58","Full-time","No","","3","Year 2","Psychology with Criminology ","Female",0,1,-1,1,-1,0,1,-1,1,0,0,2,-1,1,-1,-1,1,0,1,0,0,0,1,1,0,0,1,0,0,0,1,0,-1,-1,1,-1,-1,-1,1,1,1,0,"People copying others work",0,0,1,"",1,0,"Non-UKRN",2,432,0,1,0.0625,-2,-0.25,4,2,1,1,1,1,1,1,1,1,1,1
"ro1154","100",786,"TRUE","19","UNI06","Full-time","No","","3","Year 1","BSc Psychology ","male",1,0,0,-1,1,-1,1,-1,1,1,1,0,0,-1,0,-1,1,1,1,0,0,0,0,1,0,0,1,0,0,0,0,1,1,0,1,-1,-1,-1,1,0,0,NA,"",0,1,1,"",1,0,"Non-UKRN",2,535,NA,1,0.0625,0,0,4,2,1,1,1,1,1,0,1,1,1,1
"RP0128","100",1108,"TRUE","19","UNI11","Full-time","No","","3","Year 2","Criminology with Psychology","Female",2,1,0,0,-1,1,1,0,1,-1,-1,2,-1,2,-1,-1,0,0,0,0,0,0,0,1,1,0,1,0,1,0,0,0,1,-1,1,0,-1,1,0,0,0,NA,"",0,0,0,"",1,0,"Non-UKRN",2,664,NA,4,0.25,1,0.125,1,3,1,1,1,1,1,0,1,1,1,1
"RP0952","100",1593,"TRUE","20","UNI06","Full-time","Yes","","4","Year 2","Psychology and Marketing","Female",1,1,1,1,1,1,0,1,0,0,1,2,1,-1,1,1,0,0,0,0,1,0,1,1,1,1,1,1,0,1,0,0,1,0,1,0,-1,0,-1,1,0,NA,"",0,1,1,"",1,0,"Non-UKRN",2,515,NA,12,0.75,1,0.125,3,5,1,1,1,1,1,0,1,1,1,1
"RP2308","100",1733,"TRUE","18","UNI62","Full-time","No","","3","Year 1","Psychological and Behavioural Science","Male",1,0,2,2,2,1,1,1,1,-1,2,2,-1,2,-2,1,1,1,1,0,0,0,1,1,0,0,0,1,1,1,0,0,2,2,1,-2,-2,2,2,2,1,1,"This is a crisis that was prominent within psychology, in which it was found that many studies, when replicated, were not producing the same results as compared to the original study. This was either due to differences in methodology of original/replication study, problems in methodology causing variation, or simply a lack of power.",0,1,1,"I think acknowledging and knowing about the replicability crisis, and the push for open research within psychology and other sciences is important. However, as to how psychology/science can be made to be, and (more importantly) why it isn't currently 'open' and accessible to everyone needs to be emphasised and explained more so.",1,0,"Non-UKRN",2,382,1,14,0.875,7,0.875,5,3,1,1,1,1,1,1,1,1,1,1
"RR1272","100",1912,"TRUE","32","UKRN08","Full-time","No","","4","Final Year","BSC (HONS) PSYCHOLOGY WITH CRIMINOLOGY","Female",1,1,1,1,1,1,-1,-1,1,-1,1,2,0,1,-1,-1,0,1,1,0,0,0,0,1,0,1,1,0,0,0,0,0,2,1,-1,-1,-1,1,-1,1,0,NA,"",0,0,0,"I wasn't sure in the questions using the word ""questionnaires"" if you meant completed ones or just the blank ones the researcher used. I found it difficult to answer these questions as I didn't know if it was a GDPR question being asked.",1,0,"UKRN",2,86,NA,6,0.375,1,0.125,3,2,1,1,1,1,1,0,1,1,1,1
"RR2335","100",1265,"TRUE","18","UNI06","Full-time","Yes","","4","Year 1","Psychology","Male",2,1,0,1,1,0,1,1,2,1,0,-1,0,-1,-1,-1,1,1,1,0,0,1,0,1,1,0,1,0,0,1,0,0,1,0,1,1,1,1,0,1,1,0,"Replication in the scientific method cannot be conducted in some studies",0,1,1,"I was just about to do the replication crisis lecture after this questionnaire",1,0,"Non-UKRN",2,62,0,6,0.375,6,0.75,5,3,1,1,1,1,1,1,1,1,1,1
"RS4755","100",1253,"TRUE","19","UNI06","Full-time","Yes","","4","Year 1","BSc Psychology and Marketing","Female",2,2,1,1,-1,1,1,1,1,1,1,2,1,2,-1,-2,1,1,1,1,0,0,0,1,0,0,0,0,1,1,1,0,2,2,1,2,-2,1,2,-1,1,1,"The replication crisis is an ongoing crisis in the field of psychological research. It consists of difficulty or impossibility to replicate or reproduce many scientific studies done in the past.",1,1,1,"",1,0,"Non-UKRN",2,578,0,13,0.8125,7,0.875,5,3,1,1,1,1,1,1,1,1,1,1
"RS5966","100",853,"TRUE","18","UNI09","Full-time","No","","3","Year 1","psychology ","female ",0,0,0,-1,1,0,1,-1,2,-2,2,1,1,-1,0,-1,1,1,1,1,1,1,1,1,0,0,0,0,0,0,0,0,-1,-1,-1,-2,-2,-1,-1,0,0,NA,"",0,0,0,"",1,0,"Non-UKRN",2,196,NA,2,0.125,-9,-1.125,8,0,1,1,1,1,1,0,1,1,1,1
"RS9886","100",3773,"TRUE","30","UNI08","Full-time","No","","3","Year 2","Psychology","Female",2,2,1,1,1,2,2,1,-1,1,2,2,2,2,-1,-1,1,1,1,1,0,1,1,1,0,0,0,1,0,0,0,1,2,1,-1,1,-2,1,1,2,1,0,"The failure to replicate the one-time successful studies",0,0,1,"",1,0,"Non-UKRN",2,304,0,18,1.125,5,0.625,7,2,1,1,1,1,1,1,1,1,1,1
"RT8258","100",899,"TRUE","20","UKRN08","Full-time","Yes","","4","Year 1","Psychology","Female ",2,2,0,0,0,0,0,-1,1,-2,1,2,1,-1,-1,-2,1,1,1,1,1,1,1,1,0,0,0,0,0,0,0,0,2,0,-1,-2,-2,1,0,0,1,1,"when studies are not being successfully replicated ",1,1,1,"",1,0,"UKRN",2,71,0,2,0.125,-2,-0.25,8,0,1,1,1,1,1,1,1,1,1,1
"RW0523","100",819,"TRUE","18","UNI80","Full-time","No","","3","Year 1","Psychology","Female",2,2,1,1,0,0,2,1,2,1,1,1,1,1,-2,-1,1,1,1,1,0,0,0,1,0,0,0,1,0,0,0,0,2,2,1,-1,-2,1,-1,1,0,NA,"",1,0,1,"",1,0,"Non-UKRN",2,674,NA,13,0.8125,3,0.375,5,1,1,1,1,1,1,0,1,1,1,1
"RW3044","100",687,"TRUE","21","UNI80","Full-time","No","","3","Year 2","Psychology","Female ",2,1,2,1,2,2,2,2,2,1,2,2,2,2,-1,1,0,0,0,1,0,0,0,1,0,0,0,0,0,0,0,0,1,2,2,-1,-1,1,1,1,1,1,"cant quite remember, but I definitely remember learning about it ",0,0,0,"",1,0,"Non-UKRN",2,682,0,25,1.5625,6,0.75,2,0,1,1,1,1,1,1,1,1,1,1
"RW3296","100",675,"TRUE","19","UNI11","Full-time","No","","3","Year 1","Forensic Investigative Psychology","Female",2,1,0,-1,2,0,2,-1,1,-1,2,2,0,-1,-1,-2,1,0,1,1,0,1,1,1,0,0,1,0,0,0,0,1,1,-1,1,-2,-1,-1,-1,1,1,1,"",0,0,1,"",1,0,"Non-UKRN",2,657,NA,5,0.3125,-3,-0.375,6,2,1,1,1,1,1,1,1,1,1,1
"sa1397","43",5384,"FALSE","19","UNI06","Full-time","Yes","","4","Year 1","psychology","fremqle",NA,NA,NA,NA,NA,NA,NA,NA,NA,NA,NA,NA,NA,NA,NA,NA,0,0,0,0,0,0,0,0,0,0,0,0,0,0,0,0,NA,NA,NA,NA,NA,NA,NA,NA,NA,NA,"",NA,NA,NA,"",1,0,"Non-UKRN",2,714,NA,NA,NA,NA,NA,0,0,0,1,1,0,0,0,0,0,0,1
"SA3672","100",1588,"TRUE","20","UKRN04","Full-time","Yes","","3","Year 2","Psychology ","Male",1,2,1,2,1,1,0,0,0,-1,2,2,0,1,-1,-1,1,1,1,1,1,1,0,1,0,0,0,0,0,0,1,0,2,0,-1,1,-2,-1,1,1,1,1,"The accuracy of published findings are questioned.",0,0,1,"",1,0,"UKRN",2,344,0,10,0.625,1,0.125,7,1,1,1,1,1,1,1,1,1,1,1
"Sa8482","88",497,"FALSE","22","UNI73","Full-time","No","","3","Final Year","Psychology","Female ",1,1,2,2,2,2,2,1,2,2,2,2,2,0,-1,1,1,0,1,1,1,0,1,1,0,1,0,0,0,1,0,0,1,2,2,0,1,1,2,2,1,0,"When there are studies that cannot be reproduced or done again",1,1,1,"",1,0,"Non-UKRN",2,381,0,23,1.4375,11,1.375,6,2,1,1,1,1,1,1,1,1,1,1
"Sa8690","100",756,"TRUE","18","UNI06","Full-time","Yes","","4","Year 1","Psychology and business ","Woman ",1,1,0,0,1,1,1,1,1,1,1,0,1,-1,0,-1,1,0,1,0,1,0,0,1,0,1,0,1,0,1,1,0,0,0,1,-1,-1,-1,0,0,0,NA,"",0,0,0,"",1,0,"Non-UKRN",2,547,NA,8,0.5,-2,-0.25,4,4,1,1,1,1,1,0,1,1,1,1
"SB0491","100",1195,"TRUE","20","UNI64","Full-time","Yes","","3","Year 1","Psychology (counselling and mental health)","Male ",2,2,-2,0,1,1,2,1,1,1,2,1,-1,-1,-1,1,1,0,1,0,0,1,0,1,0,1,0,1,1,0,1,0,1,-1,2,-1,1,1,2,0,1,1,"A study may be done multiples times to see whether the the data can be reproduced. Sometimes data and results from these can show data that matches studies done before",0,1,1,"",1,0,"Non-UKRN",2,491,0,10,0.625,5,0.625,4,4,1,1,1,1,1,1,1,1,1,1
"SB2453","100",980,"TRUE","20","UNI80","Full-time","Yes","","4","Year 2","Psychology with a Placement Year ","female",2,1,0,1,0,-1,0,-1,2,1,1,2,0,-1,-1,0,0,0,1,0,0,0,0,1,0,0,1,0,0,0,0,1,1,1,1,0,-2,-1,-1,1,1,1,"when results from research cannot be reproduced so research may be wrong ",1,1,1,"",1,0,"Non-UKRN",2,696,1,6,0.375,0,0,2,2,1,1,1,1,1,1,1,1,1,1
"SB4618","100",1295,"TRUE","20","UKRN08","Full-time","No","","3","Year 2","Psychology","Female",2,1,1,1,2,1,2,-1,2,1,1,1,1,-1,0,-1,1,0,1,0,0,0,0,0,0,0,1,0,0,1,0,1,2,1,2,-1,-1,1,1,1,1,1,"study replication failures of past findings ",0,0,1,"",1,0,"UKRN",2,99,0,13,0.8125,6,0.75,2,3,1,1,1,1,1,1,1,1,1,1
"SB5445","100",1520,"TRUE","42","UNI72","Full-time","No","","3","Year 1","BA Hons in Psychology and Counselling","F",1,1,1,2,1,1,2,0,1,2,1,2,-1,1,-2,1,1,0,1,0,0,0,0,0,0,0,0,0,0,0,0,0,1,1,0,-1,-1,-1,1,-1,0,NA,"",0,0,1,"",1,0,"Non-UKRN",2,234,NA,14,0.875,-1,-0.125,2,0,1,1,1,1,1,0,1,1,1,1
"SB7102","100",867,"TRUE","18","UKRN01","Full-time","Yes","","4","Year 1","Psychology","Female",1,2,0,1,1,1,-1,-1,1,1,1,2,0,1,-2,-2,1,1,1,1,0,1,0,1,1,0,1,1,0,1,0,1,-1,-1,0,-1,-2,-1,2,0,1,1,"'-The inability to accurately replicate results of past studies, reducing reliability and confidence in drawn conclusions",1,0,1,"",1,0,"UKRN",2,190,1,6,0.375,-4,-0.5,6,5,1,1,1,1,1,1,1,1,1,1
"SB8860","100",287,"TRUE","18","UNI06","Full-time","Yes","","3","Year 1","Psychology","female",1,2,0,1,0,0,0,0,-1,-1,0,-1,-1,-1,0,-1,0,0,1,0,0,0,0,1,0,0,1,0,0,0,0,0,1,-1,-2,1,1,1,1,0,1,1,"I forgot because I have the memory of a fly but I remember one of my lecturers mentioning this.",0,1,1,"I just want to be rich :(",1,0,"Non-UKRN",2,575,0,-2,-0.125,2,0.25,2,1,1,1,1,1,1,1,1,1,1,1
"sc4595","100",880,"TRUE","20","UKRN01","Full-time","Yes","","4","Year 1","Psychology Bsc","Female",2,1,1,0,1,0,1,-1,1,1,1,2,1,1,-1,-1,0,0,1,0,1,1,0,1,0,0,1,0,0,1,0,0,1,0,1,-1,-1,0,1,0,0,NA,"",0,0,1,"",1,0,"UKRN",2,221,NA,10,0.625,1,0.125,4,2,1,1,1,1,1,0,1,1,1,1
"SC8115","100",468,"TRUE","21","UNI06","Full-time","Yes","","3","Year 2","Psychology","Female",1,1,2,0,1,0,2,1,1,-2,1,-1,0,-1,1,0,1,0,0,0,0,1,1,1,0,0,1,0,0,0,1,1,-1,-1,-1,-1,0,1,-1,-1,0,NA,"",1,0,1,"",1,0,"Non-UKRN",2,514,NA,7,0.4375,-5,-0.625,4,3,1,1,1,1,1,0,1,1,1,1
"SC9121","43",158789,"FALSE","19","UNI72","Full-time","Other (Please specify)"," Not sure","3","Year 1","Psychology and Applied Drama in the Community","non binary",NA,NA,NA,NA,NA,NA,NA,NA,NA,NA,NA,NA,NA,NA,NA,NA,0,0,0,0,0,0,0,0,0,0,0,0,0,0,0,0,NA,NA,NA,NA,NA,NA,NA,NA,NA,NA,"",NA,NA,NA,"",1,0,"Non-UKRN",2,402,NA,NA,NA,NA,NA,0,0,0,1,1,0,0,0,0,0,0,1
"SD004","100",1445,"TRUE","34","UKRN08","Full-time","Yes","","4","Year 1","Psychology with Criminology Foundation ","Female",1,2,1,1,1,0,0,0,1,-1,1,0,1,-1,0,-1,0,0,1,0,0,0,0,1,0,0,0,0,0,0,0,0,1,1,-1,-1,-1,-1,0,0,1,1,"The replication crisis can be seen as the growing belief that the results from scientific studies cannot be replicated and therefore likely to be invalid.",0,0,1,"Thank you refreshing my dusty memory",1,0,"UKRN",2,128,0,6,0.375,-2,-0.25,2,0,1,1,1,1,1,1,1,1,1,1
"SD4000","100",1619,"TRUE","20","UKRN08","Full-time","Yes","","3","Year 2","Psychology","Female",1,1,0,-1,0,0,1,2,1,-1,2,2,1,-1,-1,1,1,1,0,0,1,1,1,0,0,0,1,1,0,0,0,1,1,-1,-1,-1,0,0,1,-1,1,1,"Results of scientific studies cannot be replicated and therefore are likely to be incorrect.",0,0,1,"",1,0,"UKRN",2,75,1,8,0.5,-2,-0.25,5,3,1,1,1,1,1,1,1,1,1,1
"SD5841","100",603,"TRUE","19","UKRN01","Full-time","Yes","","4","Year 2","Bsc Psychology (Hons)","Female ",1,1,0,1,1,0,2,0,2,1,1,1,0,1,0,-2,0,0,0,0,0,0,1,0,0,0,1,1,0,0,0,0,1,-1,1,-2,-2,0,1,1,0,NA,"",0,0,1,"",1,0,"UKRN",2,119,NA,10,0.625,-1,-0.125,1,2,1,1,1,1,1,0,1,1,1,1
"SD6654","100",703,"TRUE","19","UNI11","Full-time","No","","3","Year 1","Forensic investigative psychology ","Female",0,1,0,0,1,0,1,0,-1,-1,0,-1,0,-1,0,0,1,0,1,0,0,1,1,1,0,1,0,1,1,0,0,0,1,0,0,0,-1,0,0,0,0,NA,"",1,0,0,"",1,0,"Non-UKRN",2,663,NA,-1,-0.0625,0,0,5,3,1,1,1,1,1,0,1,1,1,1
"SD7996","100",609,"TRUE","22","UKRN04","Full-time","No","","3","Final Year","Psychology single honours ","Female ",1,2,1,2,1,1,2,1,2,1,1,2,0,2,-1,-1,1,1,0,1,0,0,0,1,0,0,1,0,0,1,0,0,1,2,1,-1,-1,-1,1,1,1,1,"Findings from research papers cannot be replicated using the same methodology. ",1,0,1,"",1,0,"UKRN",2,350,1,17,1.0625,3,0.375,4,2,1,1,1,1,1,1,1,1,1,1
"SD9797","100",899,"TRUE","19","UKRN01","Full-time","Yes","","4","Year 2","Psychology BSc","female",2,1,0,-1,0,0,1,1,1,-1,1,1,1,0,0,-1,1,1,1,0,0,0,1,1,0,0,1,0,0,0,0,1,-1,-1,1,-1,-1,0,1,1,0,NA,"",0,0,1,"",1,0,"UKRN",2,88,NA,6,0.375,-1,-0.125,5,2,1,1,1,1,1,0,1,1,1,1
"SF9403","64",600,"FALSE","19","UNI11","Full-time","No","","3","Year 2","Psychology BSc","Female ",2,1,1,-1,1,0,2,-1,1,-1,2,2,1,-1,-1,-2,1,0,1,0,1,1,1,1,0,1,0,1,0,0,0,0,-1,1,2,0,-2,1,NA,NA,NA,NA,"",NA,NA,NA,"",1,0,"Non-UKRN",2,706,NA,6,0.375,NA,NA,6,2,1,1,1,0,0,0,0,0,0,1
"sg0373","100",12220,"TRUE","24","UNI10","Full-time","Yes","","4","Final Year","Business Management with Psychology joint honours with a Professional Placement Year","Male",1,1,2,1,1,2,2,2,2,2,2,2,2,-2,-1,-2,1,1,1,1,0,1,1,1,0,0,0,0,1,0,0,0,2,1,2,2,-2,1,1,1,1,0,"The issue of replicating a study whilst being able to control all the variables, as to not get an unreliable set of findings. One such variable is time period.",1,0,1,"This is a hot topic that needs to be addressed if the future of social sciences wants to in anyway catch up with the fast moving contant changing world and its disciplines.",1,0,"Non-UKRN",2,371,0,17,1.0625,8,1,7,1,1,1,1,1,1,1,1,1,1,1
"SG3678","100",1502,"TRUE","46","UNI75","Full-time","No","","3","Final Year","BSc Psychology","Female",2,2,2,2,1,2,1,-1,2,-2,1,2,1,-1,-2,-1,0,0,1,1,0,0,1,1,0,0,1,1,0,0,0,1,-1,2,2,-2,-1,1,1,2,0,NA,"",0,0,1,"",1,0,"Non-UKRN",2,443,NA,11,0.6875,4,0.5,4,3,1,1,1,1,1,0,1,1,1,1
"SG4748","100",1360,"TRUE","22","UNI75","Full-time","No","","3","Year 1","Psychology","Male",2,1,0,2,1,1,2,2,-1,0,2,1,1,-1,0,-1,1,0,1,0,1,0,0,1,0,0,0,0,0,0,0,0,1,1,1,-2,-1,-1,1,1,0,NA,"",0,0,1,"",1,0,"Non-UKRN",2,464,NA,12,0.75,1,0.125,4,0,1,1,1,1,1,0,1,1,1,1
"SG4776","100",482,"TRUE","20","UKRN01","Full-time","Yes","","4","Year 2","Psychology BSc","Male",2,2,2,-2,2,-2,2,0,1,-2,2,2,2,-2,0,-2,1,1,1,1,1,1,1,1,0,0,0,0,0,0,0,0,2,-2,1,0,1,1,2,-1,1,0,"reproducing study data to check for its reliability ",0,1,1,"",1,0,"UKRN",2,175,0,7,0.4375,4,0.5,8,0,1,1,1,1,1,1,1,1,1,1
"SG5254","100",788,"TRUE","19","UKRN01","Full-time","Yes","","4","Year 2","BSc Psychology","Female",1,2,0,-2,-1,0,1,-1,-1,-2,1,1,1,0,0,-1,1,1,1,1,1,1,1,1,0,0,1,0,0,0,0,0,-2,-2,-1,-1,0,0,1,1,1,1,"The inability to reproduce/replicate previous study. ",1,0,1,"",1,0,"UKRN",2,25,0,-1,-0.0625,-4,-0.5,8,1,1,1,1,1,1,1,1,1,1,1
"Sg7937","100",771,"TRUE","19","UKRN01","Full-time","Yes","","3","Year 1","Psychology ","Female ",1,2,1,1,0,1,1,1,-1,-2,1,1,0,-1,-1,-1,0,0,1,0,0,1,0,1,0,0,0,0,0,0,0,0,2,-1,1,-1,-1,-1,1,1,0,NA,"",0,0,0,"",1,0,"UKRN",2,265,NA,4,0.25,1,0.125,3,0,1,1,1,1,1,0,1,1,1,1
"SG8808","100",881,"TRUE","19","UNI10","Full-time","Yes","","4","Year 1","Psychology with a placement year","Female",2,2,0,-1,0,-1,-1,-1,1,0,1,1,-1,-1,-1,-1,1,0,0,0,1,0,0,1,0,0,1,0,0,1,0,0,1,1,1,-1,-1,-1,1,-1,0,NA,"",1,0,1,"",1,0,"Non-UKRN",2,401,NA,-1,-0.0625,0,0,3,2,1,1,1,1,1,0,1,1,1,1
"SG9835","100",689,"TRUE","18","UNI64","Full-time","Yes","","3","Year 1","Psychology (Forensics and Psychopathology)","Female",2,1,1,0,0,0,1,-1,1,-1,1,2,2,1,-1,-1,1,0,1,0,0,1,0,1,0,0,0,0,0,0,0,0,1,-1,-1,-1,-1,0,-1,1,1,1,"The difficulty in replicating previous studies ",1,1,1,"",1,0,"Non-UKRN",2,493,0,8,0.5,-3,-0.375,4,0,1,1,1,1,1,1,1,1,1,1
"SH1566","98",659,"FALSE","19","UKRN01","Full-time","Yes","","4","Year 2","Psychology","Female",1,2,2,0,1,1,2,2,2,1,1,1,0,1,-1,1,1,1,1,1,1,0,1,1,0,0,0,0,0,1,0,0,2,1,1,1,1,1,1,1,1,1,"Where researchers have struggled to relicate/ reproduce results and findings from previous researchers",1,1,1,"",1,0,"UKRN",2,188,1,17,1.0625,9,1.125,7,1,1,1,1,1,1,1,1,1,1,1
"SH2020","100",3265,"TRUE","20","UNI06","Full-time","Yes","","4","Year 2","Psychology ","Female",1,1,1,-2,1,1,2,1,1,0,2,0,0,0,0,0,0,0,1,0,0,0,0,1,0,0,0,0,0,0,0,1,-1,-1,-1,0,-1,0,1,0,1,1,"When you replicate the study ",0,1,1,"",1,0,"Non-UKRN",2,583,0,9,0.5625,-3,-0.375,2,1,1,1,1,1,1,1,1,1,1,1
"Sh3783","100",996,"TRUE","28","UNI75","Full-time","Yes","","3","Year 2","Applied psychology","Female ",0,1,1,-1,-1,0,1,1,1,-2,1,2,1,1,-1,1,1,1,1,1,1,1,1,1,0,0,1,0,0,1,0,0,2,1,0,0,-2,-1,1,1,0,NA,"",0,0,0,"",1,0,"Non-UKRN",2,434,NA,6,0.375,2,0.25,8,2,1,1,1,1,1,0,1,1,1,1
"SH4318","100",633,"TRUE","20","UNI19","Full-time","No","","3","Year 1","BSc Psychology","Female",2,1,1,-1,0,1,0,-1,-1,1,1,1,-1,0,0,-1,1,1,0,0,0,0,1,1,0,0,0,0,0,0,0,0,1,1,1,0,-1,1,1,1,0,NA,"",0,0,1,"",1,0,"Non-UKRN",2,606,NA,3,0.1875,5,0.625,4,0,1,1,1,1,1,0,1,1,1,1
"SJ5333","100",1498,"TRUE","19","UNI06","Full-time","Yes","","4","Year 1","Psychology and Sociology","Female",1,1,1,1,1,1,2,2,2,1,2,2,0,0,-1,-1,1,1,1,1,0,1,1,1,1,0,1,1,0,1,0,0,1,1,0,-1,-1,0,1,-1,1,1,"a crisis where scientific studies have been difficult to replicate",0,1,1,"",1,0,"Non-UKRN",2,571,0,15,0.9375,0,0,7,4,1,1,1,1,1,1,1,1,1,1
"SJ7957","100",524,"TRUE","19","UNI06","Full-time","Yes","","4","Year 2","Psychology","Female",2,0,0,1,0,0,0,2,1,0,1,0,2,0,2,0,1,1,0,1,0,1,1,1,0,0,1,0,1,1,0,1,0,1,0,1,-1,-2,1,1,1,0,"repeating studies can cause over analysis of results",0,0,0,"no",1,0,"Non-UKRN",2,516,0,11,0.6875,1,0.125,6,4,1,1,1,1,1,1,1,1,1,1
"SK0607","100",774,"TRUE","20","UKRN01","Full-time","Yes","","4","Year 2","Psychology ","Female ",2,1,1,1,0,0,1,1,1,-2,1,1,0,1,-1,-2,1,1,1,0,0,1,1,1,0,0,1,0,0,1,0,0,1,1,1,0,-2,-1,0,1,0,NA,"",1,0,1,"",1,0,"UKRN",2,92,NA,6,0.375,1,0.125,6,2,1,1,1,1,1,0,1,1,1,1
"SK4099","100",1321,"TRUE","19","UNI06","Full-time","Yes","","4","Year 2","Psychology","Female",2,1,0,1,0,0,0,0,2,0,1,1,1,-1,-1,0,1,1,0,1,1,0,0,0,0,0,1,0,0,1,1,1,1,1,0,0,-1,-1,0,1,0,NA,"",1,0,0,"",1,0,"Non-UKRN",2,599,NA,7,0.4375,1,0.125,4,4,1,1,1,1,1,0,1,1,1,1
"SL0515","100",642,"TRUE","18","UNI50","Full-time","Other (Please specify)","Optional","3","Year 1","Psychology ","Female ",2,1,1,-1,2,2,2,2,2,-2,1,1,1,-1,0,0,1,0,1,0,0,1,0,1,0,1,0,1,1,0,1,0,1,0,1,0,-2,0,0,1,0,NA,"",0,0,1,"",1,0,"Non-UKRN",2,285,NA,13,0.8125,1,0.125,4,4,1,1,1,1,1,0,1,1,1,1
"SL2835","100",508,"TRUE","21","UKRN04","Full-time","No","","3","Final Year","psychology and criminology","male",2,2,0,-1,2,2,2,2,1,-2,-2,2,0,-2,-2,0,0,0,0,0,0,0,0,1,0,0,1,0,0,0,0,0,2,2,2,-2,-1,0,0,1,0,NA,"",0,0,1,"",1,0,"UKRN",2,353,NA,6,0.375,4,0.5,1,1,1,1,1,1,1,0,1,1,1,1
"SL5049","100",2535,"TRUE","19","UNI50","Full-time","No","","3","Year 1","BSc Psychology ","Female",2,2,0,1,1,2,2,1,2,-2,1,2,2,1,-1,-2,0,1,0,1,1,0,1,0,1,0,1,0,0,1,0,1,1,1,2,-2,-1,1,1,1,0,NA,"",1,0,1,"",1,0,"Non-UKRN",2,294,NA,14,0.875,4,0.5,4,4,1,1,1,1,1,0,1,1,1,1
"sm3242","100",1156,"TRUE","19","UNI06","Full-time","Yes","","4","Year 2","psychology ","female",1,0,0,1,1,1,1,0,0,0,1,1,-1,1,0,0,1,1,1,1,0,1,0,1,1,0,1,0,0,1,0,1,1,-1,1,0,-1,0,1,1,0,NA,"",1,0,1,"",1,0,"Non-UKRN",2,12,NA,7,0.4375,2,0.25,6,4,1,1,1,1,1,0,1,1,1,1
"SM4990","100",1765,"TRUE","21","UKRN01","Full-time","Yes","","4","Placement Year","Psychology BSc","female",0,1,0,1,1,1,1,1,2,0,1,2,1,2,-2,-1,1,0,1,1,1,1,1,1,0,0,1,0,0,0,1,0,2,2,1,-1,1,0,2,2,1,1,"An inability to replicate or reproduce an earlier study",1,1,1,"",1,0,"UKRN",2,63,0,11,0.6875,9,1.125,7,2,1,1,1,1,1,1,1,1,1,1
"SM7128","100",479,"TRUE","21","UNI72","Full-time","No","","3","Year 1","Psychology","Nonbinary",2,2,2,2,2,2,2,2,2,2,2,2,2,-1,-2,-2,1,1,1,0,0,1,0,0,0,0,1,0,0,1,0,0,1,1,2,2,-1,-1,1,2,0,NA,"",0,0,1,"",1,0,"Non-UKRN",2,268,NA,21,1.3125,7,0.875,4,2,1,1,1,1,1,0,1,1,1,1
"SM7233","100",1358,"TRUE","22","UNI06","Full-time","Yes","","3","Placement Year","BSc Psychology ","Female",2,1,-1,2,1,1,-1,-1,1,1,-1,2,2,-1,0,1,1,1,1,1,0,1,1,1,0,0,1,1,0,1,0,0,1,1,0,1,1,-1,0,1,1,0,"It is difficult to replicate studies the exact same way",0,0,0,"We do not get taught much about how research works/is produced as undergraduates. I don’t know the common code of practice for publishing and sharing experiments",1,0,"Non-UKRN",2,178,0,9,0.5625,4,0.5,7,3,1,1,1,1,1,1,1,1,1,1
"SN8432","100",1159,"TRUE","25","UNI10","Full-time","Yes","","4","Placement Year","BSc hons Psychology with Placement Year","Female",2,2,1,1,2,1,-1,-1,1,1,1,2,0,2,-1,-1,1,0,0,0,0,0,0,0,0,0,1,1,1,1,0,1,1,2,-2,1,1,1,1,2,1,0,"Inconsistencies and concerns with credibility of past research, some from 'pioneers'",0,0,1,"",1,0,"Non-UKRN",2,331,0,12,0.75,7,0.875,1,5,1,1,1,1,1,1,1,1,1,1
"SO9146","100",475,"TRUE","19","UNI79","Full-time","No","","3","Year 1","Psychology ","Female",0,1,0,1,0,0,2,1,2,-2,1,2,1,0,1,-1,0,0,1,1,1,1,0,1,1,1,0,0,0,0,1,0,0,0,1,1,2,2,1,0,0,NA,"",0,0,1,"",1,0,"Non-UKRN",2,690,NA,9,0.5625,7,0.875,5,3,1,1,1,1,1,0,1,1,1,1
"SP1532","100",2590,"TRUE","23","UKRN08","Full-time","No","","3","Year 2","Psychology","female",1,1,0,1,-1,0,1,1,0,1,1,2,2,-1,0,2,1,1,0,1,0,0,1,1,0,0,1,0,1,1,0,0,1,1,-1,0,0,0,1,0,1,1,"refers to scientific studies which are difficult to replicate",0,0,0,"",1,0,"UKRN",2,104,0,11,0.6875,2,0.25,5,3,1,1,1,1,1,1,1,1,1,1
"SP2279","100",2073,"TRUE","21","UNI80","Full-time","No","","3","Final Year","Psychology ","Female ",1,1,1,1,1,1,1,1,-1,-1,1,1,1,-1,-1,-1,1,0,1,0,0,0,0,1,0,0,1,1,0,0,0,0,1,-1,1,1,1,1,1,1,1,1,"",0,1,1,"",1,0,"Non-UKRN",2,673,NA,6,0.375,6,0.75,3,2,1,1,1,1,1,1,1,1,1,1
"SP4469","100",1494,"TRUE","18","UNI19","Full-time","No","","3","Year 1","Psychology","Male",1,2,0,1,1,0,1,1,1,1,2,2,2,-1,0,-1,0,0,0,0,1,1,1,0,1,1,1,1,0,0,0,1,2,1,0,0,-2,1,2,1,1,1,"A contemporary issue in which behavioral psychological experiments cant be replicated therefore discrediting their results",0,0,1,"No",1,0,"Non-UKRN",2,499,1,13,0.8125,5,0.625,3,5,1,1,1,1,1,1,1,1,1,1
"SP5590","100",727,"TRUE","20","UNI11","Full-time","No","","3","Final Year","Psychology","Female",2,1,1,1,1,1,1,-1,0,0,2,2,1,1,-1,1,1,1,1,1,1,1,1,1,0,0,0,0,0,0,0,0,2,0,2,2,-2,1,2,2,1,0,"Where there is an issue with the replication as it did not go to plan",0,0,1,"",1,0,"Non-UKRN",2,687,0,13,0.8125,9,1.125,8,0,1,1,1,1,1,1,1,1,1,1
"SR0273","100",631,"TRUE","18","UNI06","Full-time","Yes","","4","Year 1","Psychology and business ","Female ",2,2,1,1,1,1,2,2,1,1,1,2,1,0,0,-2,1,0,0,1,1,0,0,1,0,0,1,0,0,1,0,0,2,1,1,1,-1,1,0,1,1,1,"Some scientific studies are difficult or impossible to replicate. ",0,1,1,"",1,0,"Non-UKRN",2,270,0,16,1,6,0.75,4,2,1,1,1,1,1,1,1,1,1,1
"SR3287","100",975,"TRUE","49","UNI75","Full-time","No","","3","Final Year","Applied Psychology and Counselling. ","Female ",1,1,-1,-1,0,-1,1,1,-1,-2,1,1,-1,1,-1,0,0,0,0,0,0,0,0,1,0,0,1,1,0,1,1,1,-1,-1,-1,-1,1,1,0,0,1,1,"Past studies results are now being called into question for not being robust enough. ",0,0,1,"Research methods is hard and takes continual learning and keeping up to date. ",1,0,"Non-UKRN",2,470,0,-1,-0.0625,-2,-0.25,1,5,1,1,1,1,1,1,1,1,1,1
"SR4755","100",2602,"TRUE","19","UNI06","Full-time","Yes","","4","Year 1","BSc Psychology and Maketing","Female",-2,2,2,2,1,1,1,1,2,1,2,2,2,2,-1,-2,1,1,1,1,0,1,0,1,0,0,0,0,1,0,1,0,2,2,2,2,-2,1,2,-2,1,1,"The replication crisis is an ongoing crisis in the field of psychological research. It consists of the difficulty or impossibility to replicate or reproduce many scientific studies done in the past.",1,1,1,"",1,0,"Non-UKRN",2,581,0,16,1,7,0.875,6,2,1,1,1,1,1,1,1,1,1,1
"SS0156","100",934,"TRUE","20","UNI50","Full-time","No","","3","Year 2","Psychology with clinical psychology","Female",1,1,0,0,1,1,1,1,1,-1,0,0,1,-1,1,-2,1,0,1,0,0,1,0,1,0,0,1,0,0,1,0,1,1,1,1,-1,-1,1,0,1,0,NA,"",0,0,0,"",1,0,"Non-UKRN",2,286,NA,5,0.3125,3,0.375,4,3,1,1,1,1,1,0,1,1,1,1
"SS2219","100",1095,"TRUE","23","UNI79","Full-time","No","","3","Year 1","Addiction Psychology","male",2,2,2,2,2,2,2,2,2,2,2,2,-2,-2,-2,-2,1,1,1,0,0,1,0,1,0,0,0,1,1,0,1,0,2,2,2,2,2,2,2,2,0,NA,"",1,0,1,"",1,0,"Non-UKRN",2,642,NA,16,1,16,2,5,3,1,1,1,1,1,0,1,1,1,1
"SS2961","100",3602,"TRUE","21","UKRN08","Full-time","Yes","","4","Year 1","BSc (Honours) Psychology","female",2,1,0,1,1,0,0,0,-1,-1,2,2,1,-1,0,-1,0,0,0,1,1,0,1,0,0,0,1,0,0,1,0,1,1,0,1,-1,-1,-1,2,0,1,1,"A crisis in which it has been found that a lot of scientific studies are difficult or even impossible to replicate/reproduce.",0,1,1,"",1,0,"UKRN",2,180,0,6,0.375,1,0.125,3,3,1,1,1,1,1,1,1,1,1,1
"ss3849","100",982,"TRUE","20","UKRN01","Full-time","Yes","","4","Year 2","Psychology","female",1,1,0,0,0,0,0,-1,1,0,1,1,0,-1,-1,0,1,1,1,1,1,1,1,1,1,0,1,1,1,1,1,1,1,1,1,-1,-1,1,-1,1,1,1,"Looks at the creditability of research and how research findings do not always replicate ,",0,1,1,"",1,0,"UKRN",2,267,1,2,0.125,2,0.25,8,7,1,1,1,1,1,1,1,1,1,1
"ss4015","100",595,"TRUE","19","UNI06","Full-time","Yes","","4","Year 1","single honors psychology with placement year","female",2,2,2,2,2,2,2,2,2,2,1,2,1,-2,-1,0,1,1,0,1,1,1,1,0,0,0,1,0,0,0,0,1,2,2,2,2,0,2,1,2,1,1,"It is difficult to replicate studies due to context differences.",1,1,1,"no",1,0,"Non-UKRN",2,10,0,21,1.3125,13,1.625,6,2,1,1,1,1,1,1,1,1,1,1
"SS5879","100",1552,"TRUE","21","UKRN01","Full-time","Yes","","4","Year 2","Psychology","Female",1,1,1,0,1,1,1,1,1,1,1,2,0,1,0,1,0,0,1,1,0,0,1,1,0,0,0,0,0,0,0,0,1,1,1,0,0,1,-1,1,0,NA,"",0,0,1,"no, good questions that make you think",1,0,"UKRN",2,67,NA,14,0.875,4,0.5,4,0,1,1,1,1,1,0,1,1,1,1
"SS7952","100",835,"TRUE","22","UKRN04","Full-time","No","","3","Year 2","BSc (hons) Psychology","Female",2,2,2,2,1,1,2,1,1,2,2,2,2,2,0,-1,1,1,1,1,0,1,0,1,1,0,1,0,0,1,0,0,2,2,2,1,-1,0,1,1,1,1,"This issue that many studies from the past report significant findings but when an attempt to replicate the findings was carried out, no significant effect was found.",0,1,1,"",1,0,"UKRN",2,340,1,23,1.4375,8,1,6,3,1,1,1,1,1,1,1,1,1,1
"ST7909","100",970,"TRUE","19","UNI06","Full-time","Yes","","4","Year 1","psychology ","female",1,1,2,0,1,0,1,0,0,0,2,1,0,0,-2,-2,1,1,1,1,1,1,1,1,1,1,1,0,0,1,1,0,1,0,0,-2,-2,1,0,0,0,NA,"",1,0,1,"",1,0,"Non-UKRN",2,619,NA,5,0.3125,-2,-0.25,8,5,1,1,1,1,1,0,1,1,1,1
"St8036","100",395,"TRUE","20","UNI06","Full-time","Yes","","4","Year 1","Psychology ","Female ",0,0,0,0,0,0,2,0,0,0,0,0,0,0,0,0,1,1,1,1,1,1,1,1,0,0,0,0,0,0,0,0,0,0,0,0,0,0,0,0,0,NA,"",0,0,0,"",1,0,"Non-UKRN",2,565,NA,2,0.125,0,0,8,0,1,1,1,1,1,0,1,1,1,1
"SW2404","100",1289,"TRUE","49","UNI74","Full-time","No","","2","Year 1","Bsc Psychology","Female",1,1,0,-1,0,1,1,1,0,-2,1,1,0,-1,-1,-2,1,0,1,0,0,1,1,1,1,0,1,0,0,1,0,0,-1,-1,1,-1,-2,-1,1,-1,0,NA,"",0,0,0,"Some of these issues should be applicable to undergraduates because these are ethical issues and it should be part of an undergraduates foundation of understanding.",1,0,"Non-UKRN",2,476,NA,0,0,-5,-0.625,5,3,1,1,1,1,1,0,1,1,1,1
"SW5425","100",1212,"TRUE","18","UKRN01","Full-time","Yes","","4","Year 1","Psychology","Female",2,1,-1,-1,-1,1,-1,-1,1,2,1,2,0,1,-2,-2,0,0,1,1,0,1,0,1,1,1,0,0,1,0,1,0,1,-1,1,-2,2,1,1,1,1,0,"previous studies cannot be replicated",0,0,1,"",1,0,"UKRN",2,55,0,2,0.125,4,0.5,4,4,1,1,1,1,1,1,1,1,1,1
"SW8232","100",2164,"TRUE","19","UNI06","Full-time","No","","3","Year 1","Psychology","female",1,1,-1,1,1,1,2,-1,1,-1,1,2,1,-1,1,0,0,0,0,0,0,0,0,1,0,0,1,0,0,1,0,0,-1,-1,-1,-1,-1,-1,2,1,1,1,"Many psychological or scientific studies that have been published can't be reproduced and are probably incorrect because of no way to extract the same results again.",1,1,1,"",1,0,"Non-UKRN",2,538,1,9,0.5625,-3,-0.375,1,2,1,1,1,1,1,1,1,1,1,1
"TA7054","100",742,"TRUE","19","UNI06","Full-time","Yes","","4","Year 2","psychology","female",0,-1,1,-1,0,-1,2,2,2,0,1,1,1,0,1,0,1,0,0,0,0,0,0,1,0,0,0,0,0,0,0,0,-1,-1,1,0,-1,1,0,0,0,NA,"",1,0,1,"",1,0,"Non-UKRN",2,523,NA,8,0.5,-1,-0.125,2,0,1,1,1,1,1,0,1,1,1,1
"TB1970","100",290,"TRUE","20","UNI62","Full-time","No","","3","Year 2","Psychological and Behavioural Sciences","Female",1,2,1,1,-1,1,1,1,1,1,1,2,1,1,1,1,1,1,1,1,1,1,1,1,0,0,0,0,0,0,0,0,2,1,2,1,1,1,2,0,1,1,"difficulty of getting the same (usually significant) results when an experiment is conducted again; either in theoretical/conceptual replication, where methods aren't followed exactly, or in exact replication, where they are -- this is bad for science because it casts doubts on finding a ""real"" effect",1,1,1,"",1,0,"Non-UKRN",2,372,1,16,1,10,1.25,8,0,1,1,1,1,1,1,1,1,1,1
"TB9143","100",1153,"TRUE","23","UNI06","Full-time","No","","3","Year 2","Psychology","Female",2,1,1,0,1,1,-1,-1,1,1,1,1,0,0,-2,-2,1,1,0,1,1,0,1,0,0,0,1,0,0,1,0,1,-1,1,0,-1,-2,-2,2,1,1,0,"not being able to produce the same data after using the exact resources and procedures",0,0,1,"",1,0,"Non-UKRN",2,503,1,4,0.25,-2,-0.25,5,3,1,1,1,1,1,1,1,1,1,1
"TD4821","100",2410,"TRUE","19","UNI06","Full-time","Yes","","4","Year 2","BSc Psychology","Female",1,-1,1,1,1,1,1,1,1,0,0,2,1,-1,-1,0,1,0,1,0,1,1,1,1,0,0,0,0,0,0,1,1,1,0,1,0,-1,1,1,1,0,NA,"",0,0,1,"",1,0,"Non-UKRN",2,542,NA,8,0.5,4,0.5,6,2,1,1,1,1,1,0,1,1,1,1
"TE6731","100",3133,"TRUE","21","UNI73","Full-time","Yes","","4","Year 2","Psychology and criminology with a year in industry","Woman",2,2,2,2,0,1,-1,1,0,1,2,2,1,-1,-1,-1,1,1,0,1,1,1,1,0,0,0,1,0,0,0,0,1,2,2,1,1,-1,1,2,1,1,1,"Not enough experiments are being replicated so uncertain about how reliable their results are",0,0,1,"",1,0,"Non-UKRN",2,256,1,12,0.75,9,1.125,6,2,1,1,1,1,1,1,1,1,1,1
"TG6249","100",896,"TRUE","20","UNI06","Full-time","Yes","","4","Year 1","Psychology","Female",2,2,1,2,0,0,2,0,2,-1,1,1,1,-2,-1,-2,1,1,0,1,1,0,1,0,0,0,1,0,0,1,0,1,0,1,-1,-1,-1,0,1,1,1,1,"Many psychological studies these days have been replicated and do not replicate the same results as the original studies. ",0,0,1,"",1,0,"Non-UKRN",2,555,1,8,0.5,0,0,5,3,1,1,1,1,1,1,1,1,1,1
"TH1066","100",1889,"TRUE","19","UKRN01","Full-time","Other (Please specify)","Optional","3","Year 1","Psychology Bsc","Female",2,2,1,1,0,1,0,-1,0,-1,1,2,1,0,-1,0,1,1,1,0,0,1,0,1,0,0,0,0,0,0,0,0,1,1,-1,0,1,1,2,0,1,0,"There has been great difficulty in reproducing psychological research that throws the reliability of such studies into question",1,0,0,"",1,0,"UKRN",2,7,0,8,0.5,5,0.625,5,0,1,1,1,1,1,1,1,1,1,1
"TM0370","100",1209,"TRUE","21","UKRN08","Full-time","Yes","","4","Year 2","Psychology","Female",1,1,1,-1,1,1,2,1,1,-2,-1,2,1,-1,-1,-1,0,0,1,1,0,1,0,1,0,0,1,0,0,1,0,1,1,-1,1,1,-2,-1,1,1,1,1,"Results can not be reproduced",0,0,1,"",1,0,"UKRN",2,77,1,5,0.3125,1,0.125,4,3,1,1,1,1,1,1,1,1,1,1
"TM2516","100",1105,"TRUE","20","UNI06","Full-time","No","","3","Year 1","Psychology ","Female ",1,1,-1,-2,-2,1,2,-1,1,-2,2,2,1,2,-1,-1,0,0,1,0,0,0,0,1,0,0,0,0,0,0,0,0,-1,-1,1,-1,-2,1,2,1,1,1,"",0,0,1,"",1,0,"Non-UKRN",2,609,NA,3,0.1875,0,0,2,0,1,1,1,1,1,1,1,1,1,1
"TM28080","100",841,"TRUE","20","UNI06","Full-time","Yes","","3","Year 1","Psychology and business ","Male ",1,2,2,2,2,0,2,0,2,-1,1,1,1,-2,-1,-2,1,1,0,0,0,0,0,0,0,0,1,0,1,1,0,1,2,2,2,-1,-2,-2,0,0,1,1,"When an experiment fails to produce similar results ",0,1,1,"",1,0,"Non-UKRN",2,508,1,10,0.625,1,0.125,2,4,1,1,1,1,1,1,1,1,1,1
"TM6561","100",691,"TRUE","21","UKRN01","Full-time","No","","3","Final Year","Psychology BSc","Female",1,1,1,1,0,1,1,1,1,-1,1,1,1,0,-1,-1,1,1,1,0,0,0,1,1,0,0,1,0,0,0,0,0,1,1,2,1,-1,1,1,1,1,1,"The inability to replicate the findings of a lot of classic psychological studies/research",0,1,1,"",1,0,"UKRN",2,229,1,8,0.5,7,0.875,5,1,1,1,1,1,1,1,1,1,1,1
"TP0137","100",2509,"TRUE","19","UNI10","Full-time","No","","3","Year 2","Psychology ","Female ",2,1,1,-1,2,0,2,1,2,-1,2,-1,1,-2,-1,-2,1,0,1,1,0,1,1,1,0,1,0,0,1,0,0,0,-1,-2,1,-1,-1,1,1,0,1,0,"I think it’s when there are concerns for how valid the findings actually are ",0,0,1,"",1,0,"Non-UKRN",2,362,0,6,0.375,-2,-0.25,6,2,1,1,1,1,1,1,1,1,1,1
"tp1823","100",620,"TRUE","20","UNI06","Full-time","Yes","","4","Year 1","business and psychology","male",1,1,1,0,1,1,1,1,1,-2,2,2,1,2,-1,-1,0,0,1,0,0,1,0,1,1,1,0,1,1,0,1,0,1,-2,1,-1,-1,2,1,1,0,NA,"",0,0,1,"",1,0,"Non-UKRN",2,225,NA,11,0.6875,2,0.25,3,5,1,1,1,1,1,0,1,1,1,1
"TP1823","100",774,"TRUE","20","UNI06","Full-time","Yes","","4","Year 1","business and psychology","male",1,1,1,1,1,0,1,1,1,1,1,2,1,2,0,-1,0,0,1,0,1,1,0,1,0,0,0,0,0,1,0,0,1,1,2,-1,1,2,1,1,0,NA,"",0,0,1,"",1,0,"Non-UKRN",2,228,NA,14,0.875,8,1,4,1,1,1,1,1,1,0,1,1,1,1
"TR5314","100",987,"TRUE","18","UNI19","Full-time","Yes","","3","Year 1","Bcs Psychology ","Transgender Male ",2,2,1,2,1,1,1,2,2,-1,-1,1,2,1,-2,-2,1,0,1,1,1,1,0,1,0,1,0,0,0,0,1,0,2,2,2,2,-2,-1,1,2,1,1,"The issue where replication of a study cannot be made.",0,0,1,"",1,0,"Non-UKRN",2,420,0,12,0.75,8,1,6,2,1,1,1,1,1,1,1,1,1,1
"TR5988","100",891,"TRUE","27","UKRN08","Full-time","No","","4","Final Year","Psychology","Male",2,2,2,2,2,2,2,2,2,2,1,-1,2,-1,1,-2,1,1,1,1,0,1,0,1,0,0,0,0,1,0,1,0,2,0,1,1,-1,1,-1,-1,1,1,"That previous studies are not showing the same results when repeated",1,1,1,"",1,0,"UKRN",2,154,1,20,1.25,2,0.25,6,2,1,1,1,1,1,1,1,1,1,1
"Ts0074","100",965,"TRUE","21","UNI19","Full-time","No","","3","Year 2","Psychology ","Female ",1,1,2,1,-1,1,-1,-1,1,1,-1,1,-1,-1,-1,1,1,0,1,0,0,0,1,1,1,0,0,0,0,0,0,0,2,1,1,1,1,1,-2,-1,0,NA,"",0,0,1,"",1,0,"Non-UKRN",2,380,NA,3,0.1875,4,0.5,4,1,1,1,1,1,1,0,1,1,1,1
"TS6221","100",1927,"TRUE","23","UNI75","Full-time","No","","3","Year 1","Psychology BSc","Female",2,2,2,-1,-1,1,0,0,2,2,2,2,2,1,-1,-2,0,0,0,1,1,0,1,1,0,0,1,0,0,1,0,0,2,-1,2,-2,-2,1,2,2,0,NA,"",1,1,1,"",1,0,"Non-UKRN",2,458,NA,13,0.8125,4,0.5,4,2,1,1,1,1,1,0,1,1,1,1
"TS9638","100",667,"TRUE","18","UNI11","Full-time","No","","3","Year 1","BSc Psychology","Female",1,1,1,-2,1,0,2,1,1,1,2,0,1,-2,-1,-2,1,1,0,1,1,0,1,0,0,0,1,0,0,1,0,1,1,0,1,-1,-2,1,1,1,1,0,"not too sure",0,0,1,"",1,0,"Non-UKRN",2,662,0,5,0.3125,2,0.25,5,3,1,1,1,1,1,1,1,1,1,1
"TT2038","100",438,"TRUE","24","UNI80","Full-time","Yes","","4","Placement Year","Psychology with Clinical Psychology and Placement Year","Female",2,2,-2,-1,-2,-2,1,1,-2,-2,-1,2,1,-2,-2,-1,1,1,0,0,0,0,0,1,0,0,1,0,0,0,0,1,1,-1,-1,-2,-2,-2,-1,1,0,NA,"",0,0,1,"",1,0,"Non-UKRN",2,666,NA,-8,-0.5,-7,-0.875,3,2,1,1,1,1,1,0,1,1,1,1
"UA0637","100",1045,"TRUE","23","UNI06","Full-time","Yes","","3","Year 2","BSc Psychology","Male",2,1,0,-1,0,0,1,0,1,0,2,1,0,-1,0,-2,1,1,1,1,0,1,0,1,0,0,1,1,0,1,0,0,1,1,1,-1,-1,1,1,1,0,NA,"",1,0,1,"",1,0,"Non-UKRN",2,526,NA,4,0.25,4,0.5,6,3,1,1,1,1,1,0,1,1,1,1
"UF2767","100",665,"TRUE","21","UNI73","Full-time","No","","3","Final Year","Psychology","Female",1,2,2,2,2,2,1,0,2,2,2,2,2,2,-1,-1,1,0,0,1,0,0,1,1,0,0,0,1,0,0,1,0,2,2,2,2,0,2,2,2,1,1,"Researchers being unable to replicate studies successfully. ",1,1,1,"",1,0,"Non-UKRN",2,263,0,22,1.375,14,1.75,4,2,1,1,1,1,1,1,1,1,1,1
"VP9425","100",1119,"TRUE","22","UNI08","Full-time","No","","3","Final Year","BSc Psychology","F",2,2,0,2,2,2,2,2,-2,-2,2,2,2,2,-2,-2,1,1,1,1,1,1,1,1,1,1,1,0,1,1,1,1,2,2,2,2,-2,-2,2,2,1,1,"Some studies are impossible to be replicated ",1,1,1,"",1,0,"Non-UKRN",2,396,0,14,0.875,8,1,8,7,1,1,1,1,1,1,1,1,1,1
"WA7248","100",1400,"TRUE","18","UNI06","Full-time","No","","3","Year 1","Psychology ","Female ",0,0,0,0,0,0,0,0,0,0,0,0,0,0,0,0,0,0,1,0,0,0,0,1,1,1,0,1,1,1,1,0,0,0,0,0,0,0,0,0,0,NA,"",0,0,0,"",1,0,"Non-UKRN",2,625,NA,0,0,0,0,2,6,1,1,1,1,1,0,1,1,1,1
"WB2931","100",547,"TRUE","18","UNI06","Full-time","Yes","","4","Year 1","Psychology and Sociology","Male",1,1,1,-1,0,0,0,-1,1,0,1,1,1,-1,0,-1,1,1,1,1,0,1,1,1,1,0,0,0,0,0,0,1,-1,0,1,-1,-1,1,1,0,1,1,"studies are extremely difficult to reproduce",1,1,1,"",1,0,"Non-UKRN",2,557,0,3,0.1875,0,0,7,2,1,1,1,1,1,1,1,1,1,1
"WB9245","100",700,"TRUE","22","UNI64","Full-time","No","","3","Year 2","Psychology (Forensic and Psychopathology)","Female",2,1,1,0,1,1,2,0,1,0,1,1,0,-1,1,0,1,1,1,0,0,1,0,1,0,0,0,1,1,0,1,0,1,-1,0,-1,-1,1,1,0,1,0,"Problems that may occur during a replication study: for example using the same methods and questionnaire but differents participants and the result is opposite from the original one",0,0,1,"",1,0,"Non-UKRN",2,716,1,11,0.6875,0,0,5,3,1,1,1,1,1,1,1,1,1,1
"ya1200","100",520,"TRUE","20","UNI06","Full-time","No","","3","Year 2","psychology","female",1,2,1,0,1,1,1,1,0,0,0,0,1,0,2,-2,1,1,0,0,1,1,0,1,0,0,1,0,0,0,0,0,2,2,-1,-2,-2,0,1,2,0,NA,"",0,0,1,"",1,0,"Non-UKRN",2,574,NA,9,0.5625,2,0.25,5,1,1,1,1,1,1,0,1,1,1,1
"YB7967","100",975,"TRUE","24","UKRN08","Full-time","Yes","","3","Placement Year","Bsc Psychology","Female",2,2,2,2,2,2,2,1,2,2,2,2,2,2,-1,-2,1,1,1,1,1,0,1,1,0,1,1,1,0,0,0,0,2,2,2,2,-1,2,2,-2,1,1,"The realisation that much of psychological research has not adhered to good scientific practice, making many findings questionnable ",1,1,1,"",1,0,"UKRN",2,2,1,24,1.5,9,1.125,7,3,1,1,1,1,1,1,1,1,1,1
"YM4978","100",1096,"TRUE","20","UNI09","Full-time","No","","3","Year 1","Psychology with forensic psychology ","Famale ",1,2,2,2,2,1,2,2,1,1,2,2,1,-1,-1,-1,1,1,1,0,0,1,1,1,0,0,0,1,1,0,0,0,1,1,1,-1,-1,1,1,1,0,NA,"",1,0,1,"",1,0,"Non-UKRN",2,213,NA,18,1.125,4,0.5,6,2,1,1,1,1,1,0,1,1,1,1
"YP6286","100",822,"TRUE","20","UNI64","Full-time","Other (Please specify)","Don't think so","3","Year 2","Psychology","female",2,2,-1,2,2,2,2,1,2,1,1,2,0,-1,-1,-1,0,0,0,1,0,0,1,0,1,1,1,0,1,1,0,1,1,1,1,-2,-2,-1,0,0,0,NA,"",0,0,1,"It would be nice if we study about these things at uni",1,0,"Non-UKRN",2,490,NA,15,0.9375,-2,-0.25,2,6,1,1,1,1,1,0,1,1,1,1
"Z01","100",478,"TRUE","19","UNI06","Full-time","No","","3","Year 1","BSc Psychology ","Female",1,-1,2,0,0,-1,1,-1,1,0,1,-1,1,0,1,0,1,1,0,0,0,1,1,1,0,0,1,0,0,1,0,0,1,-1,1,-2,-2,0,-1,-1,0,NA,"",0,0,1,"",1,0,"Non-UKRN",2,543,NA,4,0.25,-5,-0.625,5,2,1,1,1,1,1,0,1,1,1,1
"ZA3457","100",1005,"TRUE","19","UKRN08","Full-time","No","","3","Year 1","Psychology","Female",2,2,1,2,1,1,2,1,1,1,1,2,1,2,-1,-1,0,0,1,1,0,0,0,1,0,0,0,0,0,0,0,0,2,1,1,0,-2,-1,1,1,1,1,"There is an issue with replicating findings in research which suggests a problem with reliability",0,0,0,"",1,0,"UKRN",2,145,0,18,1.125,3,0.375,3,0,1,1,1,1,1,1,1,1,1,1
"ZA6662","100",1514,"TRUE","20","UNI06","Full-time","Yes","","4","Year 2","Psychology and Marketing","male",1,1,-1,0,1,1,1,1,-1,1,-1,-1,0,0,0,0,1,1,1,0,0,0,0,1,1,1,1,0,0,0,0,0,0,1,-1,-1,0,1,0,1,0,NA,"",1,0,1,"",1,0,"Non-UKRN",2,524,NA,3,0.1875,1,0.125,4,3,1,1,1,1,1,0,1,1,1,1
"ZB4816","100",665,"TRUE","19","UNI73","Full-time","Yes","","4","Year 1","Crim Psych","Female",2,2,0,1,1,1,1,0,1,0,2,2,1,-1,-1,-1,0,0,1,0,0,0,0,1,0,0,0,0,0,0,0,0,1,-1,1,0,-1,1,1,0,1,1,"when other researchers cannot replicate a study/ have trouble doing this due to e.g. it being outdated, now unethical etc",0,0,1,"",1,0,"Non-UKRN",2,240,0,11,0.6875,2,0.25,2,0,1,1,1,1,1,1,1,1,1,1
"zc2732","100",456,"TRUE","18","UKRN01","Full-time","Yes","","4","Year 1","Psychology","Male",2,2,2,2,2,2,2,2,2,2,2,2,2,-2,2,-2,0,0,1,0,0,0,0,1,0,0,0,0,0,0,0,0,2,2,2,2,-1,-1,2,2,0,NA,"",0,0,0,"",1,0,"UKRN",2,393,NA,24,1.5,10,1.25,2,0,1,1,1,1,1,0,1,1,1,1
"ZE4112","100",544,"TRUE","20","UKRN04","Full-time","Other (Please specify)","Depending on COVID-19","3","Placement Year","Bsc Psychology","Female",1,2,0,1,2,0,2,2,-1,-1,0,2,-1,-1,1,-1,1,0,1,1,0,0,1,1,0,1,0,0,1,1,0,0,1,1,2,1,-2,0,0,1,1,1,"That a lot of significant research when replicated do not find the same results",1,1,1,"No",1,0,"UKRN",2,355,1,8,0.5,4,0.5,5,3,1,1,1,1,1,1,1,1,1,1
"ZG0921","100",1167,"TRUE","19","UNI19","Full-time","No","","3","Year 1","Psychology","Female",1,1,1,1,2,1,1,1,2,1,-1,2,0,-1,-1,0,0,0,1,0,0,1,0,1,0,0,1,0,0,1,0,0,1,1,2,0,-1,-1,0,1,1,1,"difficulty of reproducing scientific studies",0,0,0,"",1,0,"Non-UKRN",2,417,0,11,0.6875,3,0.375,3,2,1,1,1,1,1,1,1,1,1,1
"ZH5819","100",1026,"TRUE","20","UNI09","Full-time","No","","3","Final Year","Psychology","Female",2,1,1,1,1,1,2,2,2,1,1,2,1,0,-1,-2,0,0,0,0,0,1,1,1,1,1,1,0,0,0,0,0,1,1,2,-1,-2,0,2,1,0,NA,"",0,0,1,"",1,0,"Non-UKRN",2,216,NA,15,0.9375,4,0.5,3,3,1,1,1,1,1,0,1,1,1,1
"ZL9078","100",251,"TRUE","18","UNI06","Full-time","Yes","","4","Year 1","BSc Psychology ","Male ",1,1,1,0,0,-1,1,0,1,-1,1,0,-1,1,-1,0,1,1,1,1,1,1,1,0,0,0,0,0,0,0,0,1,-1,2,-1,0,-1,1,1,1,1,1,"when studies struggle to be correctly replicated ",0,1,1,"",1,0,"Non-UKRN",2,554,0,3,0.1875,2,0.25,7,1,1,1,1,1,1,1,1,1,1,1
"ZM6575","100",799,"TRUE","20","UNI19","Full-time","Other (Please specify)","not sure ","3","Year 1","psychology ","female ",0,-1,-1,-1,0,0,1,1,0,-1,0,1,0,0,0,0,0,0,0,0,1,0,1,0,1,1,1,0,0,0,0,0,-1,-1,1,1,0,0,0,1,0,NA,"",0,0,1,"",1,0,"Non-UKRN",2,397,NA,-1,-0.0625,1,0.125,2,3,1,1,1,1,1,0,1,1,1,1
"ZO3474","100",810,"TRUE","17","UNI06","Full-time","Yes","","3","Year 1","Psychology","Male",1,0,0,-1,0,1,0,-1,0,0,1,1,0,1,-1,0,1,0,1,0,0,0,1,0,0,1,0,1,1,1,0,1,0,0,1,-1,0,0,-1,0,0,NA,"",1,0,1,"",1,0,"Non-UKRN",2,639,NA,2,0.125,-1,-0.125,3,5,1,1,1,1,1,0,1,1,1,1
"ZR3804","100",766,"TRUE","21","UNI06","Full-time","Yes","","4","Year 2","Psychology and Sociology","Female",1,1,1,1,2,1,2,1,1,1,1,0,1,-1,1,1,0,0,0,1,1,0,1,0,1,1,1,0,0,1,0,1,1,1,2,-1,1,2,0,1,0,NA,"",1,0,1,"",1,0,"Non-UKRN",2,572,NA,15,0.9375,7,0.875,3,5,1,1,1,1,1,0,1,1,1,1
"ZS4978","100",2055,"TRUE","19","UKRN08","Full-time","No","","3","Year 2","Psychology (Hons)","Female",2,2,1,-1,1,1,1,2,1,-1,0,2,1,1,-1,-2,1,0,1,0,0,0,0,1,0,0,0,0,0,0,0,0,2,2,1,1,-2,-2,2,1,1,1,"The replication crisis refers to studies in Psychology producing non-replicable results possibly due to methodological issues. The inability to give similar results raises questions on the studies' reliability ",0,1,1,"",1,0,"UKRN",2,82,1,10,0.625,5,0.625,3,0,1,1,1,1,1,1,1,1,1,1
"ZS9594","100",2050,"TRUE","20","UNI64","Full-time","No","","3","Year 2","Psychology Forensic & Psychopathology","Female",2,1,0,0,2,0,0,1,0,-1,1,0,2,-2,-1,0,0,1,0,1,1,0,1,0,1,0,1,0,0,1,0,1,1,-1,1,-1,-1,0,1,0,1,1,"Older studies cannot be repeated/replicated to confirm that they're accurate and reliable. ",0,0,1,"n/a",1,0,"Non-UKRN",2,717,0,5,0.3125,0,0,4,4,1,1,1,1,1,1,1,1,1,1
"ZT7811","100",1088,"TRUE","18","UKRN01","Full-time","Yes","","4","Year 1","Psychology","Female",1,1,1,1,0,0,1,-1,1,-2,1,2,1,-1,-1,-1,1,1,0,0,0,0,1,1,0,0,1,1,1,1,0,0,-1,1,1,-2,-1,0,1,0,0,NA,"",0,1,1,"",1,0,"UKRN",2,318,NA,4,0.25,-1,-0.125,4,4,1,1,1,1,1,0,1,1,1,1
