"ID","Progress","Uni","PTY","Current_Year","Course_Duration","Course_Name","Gender","Age","UKRN","timepoint","Perception_Replication1","Perception_Replication2","Perception_Materials1","Perception_Materials2","Perception_Education1","Perception_Education2","Perception_Access1","Perception_Access2","Perception_Data1","Perception_Data2","Perception_Power1","Perception_Power2","Perception_Preregistration1","Perception_Preregistration2","Perception_Preprint1","Perception_Preprint2","Knowledge_Replication","Knowledge_Materials","Knowledge_Education","Knowledge_Access","Knowledge_Data","Knowledge_Power","Knowledge_Preregistration","Knowledge_Preprint","Awareness_Replication","Awareness_Materials","Awareness_Education","Awareness_Access","Awareness_Data","Awareness_Power","Awareness_Preregistration","Awareness_Preprint","Experience_Replication","Experience_Materials","Experience_Education","Experience_Access","Experience_Data","Experience_Power","Experience_Preregistration","Experience_Preprint","Perception_Score_Total","Perception_Score_Mean","Knowledge_Score_Total","Knowledge_Score_Mean","Awareness_Score_Total","Experience_Score_Total","crisis_aware","crisis_learnt","crisis_explain","os_explain","os_learnt","applicability","comments"
192,"100","UKRN01","Yes","Final Year","4","Psychology","female","21","UKRN",2,2,1,1,-1,2,1,1,1,2,1,1,-1,1,-1,-1,-1,2,1,2,-1,-1,1,1,1,1,0,1,0,0,0,1,1,0,0,0,0,0,0,0,0,9,0.5625,6,0.75,4,0,1,0,NA,0,0,1,""
613,"100","UNI19","No","Year 1","3","Psychology ","Female ","19","Non-UKRN",2,2,2,0,-2,0,1,0,-1,0,-2,1,2,1,-2,-1,-2,1,2,1,-1,-1,-1,0,-1,1,1,1,0,1,1,0,1,0,0,1,0,0,0,0,1,-1,-0.0625,0,0,6,2,0,NA,NA,1,1,1,""
540,"100","UNI06","Yes","Year 1","4","Psychology ","Female","19","Non-UKRN",2,2,1,0,-1,1,1,1,1,1,-1,1,-1,1,-1,1,0,-1,-1,1,0,-1,-1,1,0,1,1,1,0,0,0,1,0,0,0,0,1,1,1,0,1,7,0.4375,-2,-0.25,4,4,0,NA,NA,0,0,1,""
348,"100","UNI74","No","Year 1","2","Psychology BSc","Female","18","Non-UKRN",2,1,1,0,0,0,1,1,0,1,0,-1,2,2,-1,0,1,2,1,1,-1,-1,0,-1,1,1,1,0,1,1,0,0,0,0,0,1,0,0,1,1,1,8,0.5,2,0.25,4,4,1,0,0,1,0,1,""
723,"71","UKRN01","Yes","Year 2","3","Psychology counselling and mental health","Female","37","UKRN",2,0,0,0,0,0,0,0,0,0,0,0,0,0,0,0,0,0,0,0,0,0,0,0,0,1,0,1,1,1,1,1,1,0,1,0,0,0,0,0,0,0,0,0,0,7,1,1,NA,NA,NA,NA,NA,""
277,"100","UKRN01","Yes","Year 2","4","psychology ","female ","19","UKRN",2,0,0,1,2,-1,1,-1,-1,1,0,1,1,1,-1,-1,-1,1,1,1,0,-1,0,1,1,1,0,1,0,0,0,1,1,0,1,0,1,1,1,0,0,2,0.125,4,0.5,4,4,1,1,0,0,0,1,""
247,"100","UNI73","No","Year 2","3","BSc Psychology","Female","19","Non-UKRN",2,1,2,1,1,1,1,2,-1,1,1,1,-1,0,1,-1,-1,2,1,-1,-1,0,1,-1,1,1,1,1,0,1,0,0,1,1,0,1,0,0,0,0,1,9,0.5625,2,0.25,5,3,1,1,0,1,0,1,""
237,"100","UNI06","Yes","Year 2","4","psychology","female","20","Non-UKRN",2,0,0,1,0,1,-1,-1,0,0,1,0,1,0,-1,1,0,0,0,1,1,-2,0,0,0,1,1,1,0,1,0,1,1,0,0,0,0,1,0,0,1,2,0.125,0,0,6,2,0,NA,NA,0,1,0,""
624,"100","UNI06","No","Year 1","3","Psychology ","Female","19","Non-UKRN",2,2,2,0,0,2,1,2,0,2,1,0,-1,0,0,0,-1,1,1,2,0,-1,-1,0,1,1,1,1,1,1,1,1,1,0,0,0,0,0,0,0,0,10,0.625,3,0.375,8,0,0,NA,NA,0,1,0,""
112,"100","UKRN01","Yes","Placement Year","4","BSc Psychology","Female","21","UKRN",2,2,1,2,1,2,2,2,2,2,1,2,1,2,1,-1,-1,2,1,2,1,1,2,1,2,1,1,1,1,1,1,1,1,1,0,1,0,1,1,0,0,21,1.3125,12,1.5,8,4,1,0,1,1,0,1,""
640,"100","UNI79","No","Year 1","3","Psychology BS","Male","20","Non-UKRN",2,1,2,1,-1,2,-1,2,2,1,-2,-1,1,1,0,-1,-2,2,-1,2,-1,-1,2,-1,1,0,0,1,0,0,1,0,1,0,0,1,0,0,1,0,0,5,0.3125,3,0.375,3,2,0,NA,NA,1,0,1,""
559,"100","UNI06","Yes","Year 1","4","Psychology and Marketing ","Male","19","Non-UKRN",2,-1,1,1,-1,2,0,1,1,1,-1,2,0,1,-1,1,1,1,-1,1,-1,-1,1,1,1,0,1,0,0,1,1,1,1,1,0,1,1,0,0,0,0,8,0.5,2,0.25,5,3,1,0,0,1,0,1,""
586,"100","UNI06","Yes","Year 2","4","Bsc Psychology","Female","20","Non-UKRN",2,1,1,0,1,1,1,1,1,1,0,1,1,0,-1,-1,-1,-1,1,1,0,-1,0,1,1,0,0,1,0,0,1,0,1,0,0,0,0,0,0,0,0,7,0.4375,2,0.25,3,0,0,NA,NA,0,0,1,""
248,"100","UNI73","No","Final Year","3","Psychology BSc","female","20","Non-UKRN",2,1,2,1,1,2,1,1,1,-1,-1,1,2,1,1,-2,-1,1,2,2,1,-1,-1,2,1,1,1,1,1,1,1,1,1,0,0,0,1,1,0,1,1,10,0.625,7,0.875,8,4,1,1,1,1,1,1,""
212,"100","UKRN01","Yes","Year 2","4","Psychology","Female","20","UKRN",2,2,1,0,-1,0,0,1,1,1,1,2,2,-1,-1,-1,0,1,1,1,1,-1,-1,0,1,1,1,0,1,1,0,1,0,0,0,1,0,0,1,0,1,7,0.4375,3,0.375,5,3,0,NA,NA,1,0,1,""
210,"100","UNI09","No","Final Year","3","Psychology","Male","21","Non-UKRN",2,2,2,0,1,2,1,1,1,1,0,1,1,0,1,1,-2,-1,1,1,1,-1,0,1,1,0,0,0,0,0,0,0,1,0,0,0,1,0,0,0,0,13,0.8125,3,0.375,1,1,0,NA,NA,0,0,1,""
78,"100","UKRN08","No","Year 2","3","Psychology","Female","20","UKRN",2,1,2,0,0,2,2,2,2,1,0,1,2,1,0,-1,-1,1,0,2,1,-1,-1,1,1,1,1,0,1,1,1,0,1,0,0,1,0,0,0,0,0,14,0.875,4,0.5,6,1,1,1,1,0,0,1,""
388,"100","UNI58","No","Year 1","4","Psychology Bsc. (Hons) with Study Abroad Year","Female","19","Non-UKRN",2,2,2,0,2,2,2,2,2,1,0,-1,2,2,-2,-1,-1,2,2,1,1,-1,-1,1,2,0,0,1,0,1,1,0,1,0,0,1,0,0,1,0,0,14,0.875,7,0.875,4,2,1,0,1,0,0,1,""
85,"100","UKRN01","No","Year 2","3","Psychology","Female","20","UKRN",2,1,1,1,1,0,-1,1,1,1,-1,1,2,0,2,0,0,2,1,0,-1,0,-1,1,0,1,1,0,1,1,0,0,1,0,0,1,0,0,1,1,0,10,0.625,2,0.25,5,3,1,1,1,0,0,1,""
421,"98","UNI50","No","Year 1","3","Psychology","Female","18","Non-UKRN",2,1,1,0,1,0,1,1,1,1,0,1,1,1,1,-1,-1,1,1,1,-1,-1,0,0,1,1,1,1,1,1,1,0,1,1,1,1,1,0,1,0,0,9,0.5625,2,0.25,7,5,1,1,0,0,0,0,""
688,"100","UNI11","No","Final Year","3","Psychology","Female","21","Non-UKRN",2,1,2,1,1,2,2,1,2,1,1,1,1,-1,1,-1,2,1,-1,1,-1,1,1,2,1,0,0,1,0,0,1,1,1,0,0,1,0,0,1,1,1,17,1.0625,5,0.625,4,4,0,NA,NA,0,0,1,"I think it’s important that students should have access to research freely to ensure they have the best, up-to-date information to gain their qualifications "
342,"100","UKRN04","No","Final Year","3","BSc Psychology ","Female ","21","UKRN",2,1,2,2,1,1,1,1,1,1,-2,-1,2,-1,1,-1,-1,1,1,1,-1,-1,1,1,1,0,0,1,0,0,0,0,1,0,0,1,0,0,0,0,1,8,0.5,4,0.5,2,2,1,1,0,0,0,1,""
239,"100","UNI73","No","Year 1","3","BSc Psychology","Female ","19","Non-UKRN",2,1,1,0,0,0,1,1,1,-1,-1,-1,2,0,1,-1,-1,1,1,1,-1,0,-1,1,0,0,0,1,0,0,0,0,1,0,0,0,0,0,0,0,0,3,0.1875,2,0.25,2,0,1,1,1,0,0,1,""
347,"100","UNI08","No","Year 1","3","BSc Psychology","Female","19","Non-UKRN",2,1,-1,0,2,2,2,1,1,2,1,-1,2,1,1,-2,1,2,2,1,-1,0,-1,1,0,1,1,1,1,0,1,0,1,0,0,1,1,0,0,0,1,13,0.8125,4,0.5,6,3,1,0,0,0,0,1,""
241,"100","UNI73","No","Year 2","4","Psychology","Female","22","Non-UKRN",2,1,1,1,1,2,1,2,1,1,-1,0,2,0,1,-1,-1,-1,1,1,-1,-2,1,1,1,0,1,1,0,0,1,0,1,0,0,1,0,0,0,0,1,11,0.6875,1,0.125,4,2,1,1,0,0,0,1,""
242,"100","UNI73","No","Year 1","3","Psychology","Gender fluid","22","Non-UKRN",2,2,1,0,1,1,1,2,2,1,0,1,1,0,-1,-1,-1,1,1,-1,-2,-1,-1,0,1,0,0,1,0,0,1,0,1,0,0,1,0,0,1,0,1,10,0.625,-2,-0.25,3,3,0,NA,NA,0,0,0,""
258,"100","UNI73","No","Final Year","3","BSc Criminology & Psychology","Female","20","Non-UKRN",2,2,2,1,2,2,2,2,-1,2,2,1,2,0,-1,-2,-1,1,1,2,1,-1,1,1,1,0,0,1,0,0,0,0,1,0,0,0,0,0,0,0,0,15,0.9375,7,0.875,2,0,1,1,1,0,0,1,"I'm joint honours"
544,"100","UNI06","Yes","Year 2","4","Psychology","Female","20","Non-UKRN",2,2,1,-1,1,-1,1,1,1,1,-1,1,1,1,1,-1,-1,1,1,1,1,-1,1,1,1,0,0,1,0,0,1,0,1,0,0,1,0,0,0,0,1,7,0.4375,6,0.75,3,2,0,NA,NA,0,0,1,""
459,"100","UNI10","No","Year 2","3","Psychology","Female","21","Non-UKRN",2,2,-2,2,1,2,0,2,0,1,1,1,2,-1,-2,0,-2,1,1,1,-2,-2,2,1,1,0,0,1,0,0,0,1,1,0,0,0,0,0,0,0,0,7,0.4375,3,0.375,3,0,0,NA,NA,0,0,1,""
226,"100","UNI06","Yes","Year 1","4","Psychology & Business","Female","18","Non-UKRN",2,1,2,2,2,0,0,1,0,1,-1,1,1,1,-1,-1,-1,1,2,-1,-1,-2,-1,1,1,1,1,1,1,1,1,1,1,1,1,1,0,0,0,0,0,8,0.5,0,0,8,3,0,NA,NA,1,0,1,""
32,"100","UKRN01","Yes","Final Year","4","Psychology","Cis female","22","UKRN",2,2,1,2,1,1,1,2,2,2,-1,1,1,0,0,0,0,1,1,2,0,0,1,1,0,1,1,1,1,1,1,1,1,0,1,1,0,0,0,1,0,15,0.9375,6,0.75,8,3,1,1,1,1,1,1,""
18,"100","UKRN08","No","Year 2","3","psychology with criminology","female","20","UKRN",2,1,1,0,-1,1,1,1,1,1,-2,2,1,1,-1,0,0,-1,-1,1,-1,-1,1,1,0,0,0,1,0,0,0,0,1,0,0,0,0,0,0,0,0,7,0.4375,-1,-0.125,2,0,1,1,1,0,0,0,""
374,"100","UNI10","Yes","Year 1","3","BSc in Psychology ","Female ","18","Non-UKRN",2,2,1,1,-1,-1,1,1,1,1,1,1,1,-1,-1,-1,0,1,-1,1,0,-1,1,1,1,0,0,1,1,0,0,0,1,0,0,0,0,0,0,0,0,6,0.375,3,0.375,3,0,0,NA,NA,0,0,0,""
123,"100","UKRN01","No","Year 2","3","PSYchology","male","19","UKRN",2,2,2,1,1,-1,1,1,1,1,1,1,2,1,-1,0,-1,1,0,0,1,-1,1,1,1,1,0,0,0,1,1,1,1,0,1,1,1,0,0,0,0,12,0.75,4,0.5,5,3,1,0,0,0,0,1,""
468,"43","UKRN01","Yes","Year 2","3","Bsc Psychology","female","24","UKRN",2,NA,NA,NA,NA,NA,NA,NA,NA,NA,NA,NA,NA,NA,NA,NA,NA,NA,NA,NA,NA,NA,NA,NA,NA,0,0,0,0,0,0,0,0,0,0,0,0,0,0,0,0,NA,NA,NA,NA,0,0,NA,NA,NA,NA,NA,NA,""
525,"100","UNI06","Yes","Year 1","4","Psychology and Business Management","Male","18","Non-UKRN",2,2,2,1,0,0,1,1,1,1,0,1,2,2,-2,0,-1,2,1,2,-1,-1,1,1,1,0,0,1,0,0,1,0,1,0,0,1,0,0,0,0,0,11,0.6875,6,0.75,3,1,1,1,0,0,0,1,""
414,"100","UNI19","Other (Please specify)","Year 1","3","BSc Psychology","Female","18","Non-UKRN",2,1,2,0,-1,1,1,2,2,1,0,0,2,0,1,-1,0,1,1,1,-2,0,0,-1,1,0,0,1,0,0,0,0,0,0,0,1,0,0,0,0,0,11,0.6875,1,0.125,1,1,1,1,1,0,0,1,""
552,"100","UNI06","Yes","Year 1","4","psychology","female","20","Non-UKRN",2,2,2,2,0,1,1,0,-1,1,0,1,2,2,1,1,0,1,1,1,0,-1,-1,2,1,1,1,0,1,1,0,1,1,0,0,1,0,0,1,0,0,15,0.9375,4,0.5,6,2,1,1,0,0,1,1,""
560,"100","UNI06","Yes","Year 1","4","Psychology ","Male","21","Non-UKRN",2,1,1,1,1,0,1,0,0,1,1,1,1,1,0,0,-1,2,1,-1,-1,-1,0,1,1,0,0,0,0,0,0,0,1,0,0,0,0,0,0,0,0,9,0.5625,2,0.25,1,0,1,1,1,0,0,1,""
42,"100","UKRN08","No","Year 2","3","BSC Hons Psychology ","Female","21","UKRN",2,1,1,0,2,1,1,1,0,1,1,0,2,1,0,0,-1,1,1,1,1,-1,0,1,1,1,0,1,1,0,1,0,1,0,1,0,0,1,0,1,0,11,0.6875,5,0.625,5,3,1,1,0,0,1,1,""
338,"100","UNI10","No","Final Year","3","Psychology","Female ","22","Non-UKRN",2,2,1,0,-1,2,2,2,1,2,-2,2,2,0,2,1,1,1,1,-1,-1,1,-2,2,-1,1,1,1,1,1,1,1,0,0,0,0,0,0,0,0,1,17,1.0625,0,0,7,1,0,NA,NA,0,0,1,""
24,"100","UKRN08","Yes","Year 2","3","Psychology","Female ","20","UKRN",2,1,1,1,-1,2,1,2,2,2,-1,2,2,-1,0,-1,1,2,1,2,1,1,1,1,2,0,0,1,1,0,1,1,1,0,0,1,0,0,0,0,0,13,0.8125,11,1.375,5,1,1,1,1,0,1,1,""
205,"98","UKRN08","No","Year 2","3","BSC Honors Psychology","Female","22","UKRN",2,2,2,-1,1,0,1,1,1,1,-1,1,2,2,2,1,1,2,1,2,1,1,1,2,1,1,0,1,1,0,0,1,1,0,0,0,0,0,0,0,0,16,1,11,1.375,5,0,1,1,1,1,1,1,""
315,"100","UKRN01","Yes","Year 1","4","Psychology ","Female","19","UKRN",2,2,1,0,0,0,1,1,1,1,0,2,2,0,-1,-1,-1,2,1,1,-2,0,0,1,1,0,0,1,0,0,1,0,1,0,0,1,0,0,1,0,1,8,0.5,4,0.5,3,3,0,NA,NA,0,0,1,""
45,"100","UKRN08","No","Year 2","3","Psychology Bsc(Hons)","Male","22","UKRN",2,2,2,0,0,1,1,1,1,1,1,1,2,1,-2,-1,-1,1,0,2,-1,-1,0,0,1,1,1,1,0,0,1,1,1,1,1,1,0,0,0,0,1,10,0.625,2,0.25,6,4,1,1,1,1,0,1,""
527,"100","UNI06","Yes","Year 2","4","psychology","female","19","Non-UKRN",2,1,1,1,-1,0,0,2,1,0,-2,1,2,0,-1,-1,-1,-1,1,-1,-1,-1,-1,1,1,1,1,1,1,1,1,1,1,0,0,0,0,0,0,0,0,3,0.1875,-2,-0.25,8,0,0,NA,NA,1,0,1,""
604,"100","UNI19","No","Year 1","3","Paychology","female ","20","Non-UKRN",2,-1,1,1,1,1,0,1,1,1,1,1,2,1,-1,-1,-1,1,1,1,1,2,1,1,1,0,0,0,0,0,0,0,1,0,0,1,0,0,0,0,0,8,0.5,9,1.125,1,1,1,0,0,0,0,0,""
489,"98","UNI75","Yes","Placement Year","3","BSc Psychology","Male","41","Non-UKRN",2,1,1,0,1,0,1,0,-1,-1,0,1,1,0,0,0,0,1,0,0,0,0,0,0,0,0,0,1,0,0,0,0,1,0,0,1,0,0,0,0,0,4,0.25,1,0.125,2,1,0,NA,NA,0,0,1,"no"
26,"100","UKRN08","Yes","Year 1","4","Psychology","Female","20","UKRN",2,2,2,1,-1,1,0,-1,-1,1,-2,1,1,1,0,-1,-2,2,1,-2,-2,0,-1,1,1,1,1,1,1,1,1,0,1,0,0,1,1,1,1,0,1,2,0.125,0,0,7,5,1,1,1,1,1,1,""
314,"100","UNI08","No","Year 1","3","Psychology","Female","18","Non-UKRN",2,1,1,0,1,1,0,1,0,-1,1,0,1,1,1,-1,-1,1,-1,1,-1,-1,1,0,1,1,1,0,0,1,1,1,0,0,0,1,1,0,0,0,1,6,0.375,1,0.125,5,3,1,0,0,0,1,1,""
521,"100","UNI06","Other (Please specify)","Year 2","3","Psychology","Male","21","Non-UKRN",2,1,1,1,-1,1,0,1,0,1,-2,1,2,0,1,-2,-1,0,1,1,-1,-1,0,1,0,0,0,1,0,0,1,0,1,0,0,1,0,0,1,0,1,4,0.25,1,0.125,3,3,0,NA,NA,0,0,0,""
386,"100","UNI10","Yes","Year 2","4","English Literature And Psychology ","Male","20","Non-UKRN",2,1,2,0,1,1,2,1,2,1,-2,2,2,0,-2,-2,-1,2,1,1,-2,-2,1,2,2,0,0,1,0,0,1,0,1,1,1,0,1,1,0,1,0,8,0.5,5,0.625,3,5,1,0,0,0,0,1,""
357,"100","UNI74","No","Year 2","2","Psychology with Spanish","Female","20","Non-UKRN",2,-1,1,0,0,-1,1,1,1,-2,-1,1,2,-1,2,-2,-2,1,0,1,-2,-2,0,2,1,0,0,0,0,0,0,0,1,0,0,0,0,0,0,0,0,-1,-0.0625,1,0.125,1,0,0,NA,NA,0,0,1,""
705,"100","UNI06","Yes","Year 1","4","Psychology","female","20","Non-UKRN",2,0,0,1,0,1,0,0,0,0,0,1,2,1,0,-1,-1,-1,0,2,-1,0,-1,1,0,1,0,0,0,0,0,0,0,0,1,1,1,1,1,1,1,4,0.25,0,0,1,7,0,NA,NA,0,0,1,""
376,"100","UNI10","Yes","Year 1","3","Criminology and Psychology ","Female ","19","Non-UKRN",2,2,2,0,1,0,1,2,1,2,0,1,2,0,-2,-1,-2,1,1,2,-1,-1,1,0,1,1,1,0,1,1,0,1,1,0,0,1,0,0,1,0,0,9,0.5625,4,0.5,6,2,0,NA,NA,1,0,1,""
333,"100","UNI10","No","Final Year","3","PSYCHOLOGY BSc (Hons)","Female","21","Non-UKRN",2,1,2,2,2,0,1,1,-1,0,-2,1,2,1,1,-2,-2,-2,2,1,1,-2,0,2,-1,0,1,1,1,1,0,1,1,0,0,1,1,0,0,1,1,7,0.4375,1,0.125,6,4,1,0,0,0,0,1,""
611,"100","UNI06","Yes","Year 1","4","Psychology","Female","19","Non-UKRN",2,1,0,0,0,0,0,0,1,0,0,0,0,0,0,0,0,-1,0,1,-1,-1,0,0,0,1,1,1,0,1,1,0,1,0,0,0,1,0,0,1,0,2,0.125,-2,-0.25,6,2,0,NA,NA,0,0,1,""
66,"100","UKRN08","No","Year 1","3","Psychology","Female","23","UKRN",2,2,2,2,1,1,1,2,0,2,2,2,2,2,-2,1,0,2,2,2,1,1,0,2,-2,1,1,1,1,1,1,0,1,0,0,0,0,0,0,0,0,20,1.25,8,1,7,0,1,1,1,0,1,1,""
168,"100","UKRN08","Other (Please specify)","Year 2","3","psychology with criminology","male","20","UKRN",2,0,0,0,0,0,0,0,0,0,0,0,0,0,0,0,-1,0,0,0,0,0,0,0,0,0,0,1,1,0,1,1,1,0,0,1,1,0,1,1,1,-1,-0.0625,0,0,5,5,1,1,1,0,0,0,""
139,"100","UKRN01","Yes","Year 2","4","Psychology","Female","21","UKRN",2,1,2,1,2,1,1,1,1,1,1,1,2,1,1,1,-1,1,1,1,-1,-1,1,1,1,1,1,1,0,0,1,1,1,0,0,0,0,0,0,0,0,17,1.0625,4,0.5,6,0,1,1,1,1,1,1,""
310,"100","UNI50","No","Year 1","3","Psychology ","Female","18","Non-UKRN",2,2,1,1,1,1,1,0,-1,-1,-1,1,1,1,-2,-1,0,1,1,1,-2,-1,1,1,0,1,1,0,1,1,0,1,0,0,0,1,0,0,1,0,1,4,0.25,2,0.25,5,3,0,NA,NA,0,0,1,""
511,"100","UNI06","Yes","Year 2","4","Psychology & Marketing","F","19","Non-UKRN",2,1,1,0,0,1,0,1,0,1,1,1,1,1,-1,0,0,1,0,1,0,0,1,0,1,1,0,0,0,0,0,0,0,0,1,0,0,0,0,0,0,8,0.5,4,0.5,1,1,0,NA,NA,1,1,0,""
282,"100","UNI50","No","Year 1","3","Psychology with Forensic Psychology","Male","19","Non-UKRN",2,2,1,0,1,2,2,2,1,2,1,1,2,0,1,-1,-1,1,1,1,0,0,1,1,2,1,1,0,0,1,0,1,1,0,0,1,0,0,1,0,0,16,1,7,0.875,5,2,0,NA,NA,0,0,1,""
57,"100","UKRN08","No","Year 1","4","Psychology","Male","21","UKRN",2,2,2,0,0,-1,0,1,-1,1,-1,2,-1,1,1,-1,-1,-1,-1,1,1,0,0,1,2,1,0,1,0,0,1,0,1,0,1,0,1,1,0,1,0,4,0.25,3,0.375,4,4,0,NA,NA,0,0,1,""
337,"88","UNI72","No","Year 2","3","Psychology","Female","21","Non-UKRN",2,2,1,0,-1,-1,0,1,1,1,-1,1,2,1,-1,-2,0,1,-1,-1,-1,-2,-2,1,0,1,1,1,0,0,0,1,1,0,0,1,0,0,0,1,1,4,0.25,-5,-0.625,5,3,1,0,0,0,1,1,""
403,"90","UNI73","No","Year 2","3","Psychology ","Female ","20","Non-UKRN",2,1,1,-1,-1,-1,1,-1,-1,1,-1,1,1,0,-1,-1,0,1,1,-1,-1,-1,0,0,1,1,1,0,0,0,1,1,0,0,0,1,0,1,0,0,1,-2,-0.125,0,0,4,3,1,0,0,0,0,1,""
278,"100","UNI06","Yes","Year 1","4","Psychology (BSc)","Female ","19","Non-UKRN",2,1,1,0,0,1,2,1,1,-2,-2,1,-1,1,-1,1,1,1,1,1,1,-1,-1,-1,1,1,1,1,0,1,1,1,1,0,0,1,0,0,1,0,1,5,0.3125,2,0.25,7,3,1,0,0,1,1,1,""
321,"100","UNI10","Yes","Year 1","4","BSc Psychology with professional placement year ","Female ","19","Non-UKRN",2,2,2,0,-1,0,1,1,0,1,0,1,2,1,-1,-1,-1,1,-1,1,-2,-1,1,1,0,1,0,1,1,0,1,0,1,0,0,1,1,0,1,0,0,7,0.4375,0,0,5,3,1,1,0,1,0,1,"N/A"
724,"98","UNI64","No","Year 1","3","Core Psychology","Female","25","Non-UKRN",2,1,2,0,2,0,1,-2,-1,0,-2,1,2,1,-2,-1,-1,1,0,2,0,1,0,1,2,0,0,0,1,0,0,1,1,0,0,1,0,0,0,0,0,1,0.0625,7,0.875,3,1,1,1,0,0,0,1,"For me it had raised an awareness that I still have a lot to learn around research practice and how this works, the ethics and the different styles of research. "
360,"100","UNI10","No","Final Year","3","Psychology Bsc (Hons)","Female ","20","Non-UKRN",2,1,1,1,1,1,2,2,1,2,-1,2,1,0,1,-1,-1,1,1,1,-1,-1,-1,1,1,1,1,0,0,0,0,0,0,0,0,1,1,1,1,1,1,13,0.8125,2,0.25,2,6,1,0,1,0,0,1,"N/A"
288,"100","UNI50","No","Year 1","3","Psychology ","Female ","18","Non-UKRN",2,1,1,0,2,1,2,2,2,2,1,0,2,0,-1,-1,1,1,1,2,1,-1,2,2,1,1,0,1,0,0,1,0,1,0,1,0,1,1,0,1,0,15,0.9375,9,1.125,4,4,1,1,1,0,0,1,""
587,"100","UNI06","Yes","Year 2","4","psychology Bsc","female","21","Non-UKRN",2,2,1,1,0,0,0,2,0,1,0,1,-1,-1,-1,1,-1,1,1,1,1,-2,0,1,2,0,0,1,0,0,1,0,1,0,0,1,0,0,1,0,0,5,0.3125,5,0.625,3,2,0,NA,NA,1,0,1,""
651,"100","UNI79","No","Final Year","3","Psychology","female","21","Non-UKRN",2,2,2,0,2,0,0,2,2,1,1,-1,2,0,2,1,-2,2,2,2,-2,-1,1,-1,0,0,0,1,0,0,1,0,1,1,1,0,1,1,0,1,0,14,0.875,3,0.375,3,5,0,NA,NA,0,0,1,""
15,"100","UKRN01","Yes","Placement Year","4","BSc in Psychology","Female","21","UKRN",2,0,1,2,2,0,0,2,1,2,-2,-1,2,-1,0,-1,-1,2,0,1,2,1,1,-1,2,0,1,0,1,0,0,1,1,0,0,1,0,0,0,0,0,6,0.375,8,1,4,1,1,0,0,1,0,1,""
341,"100","UKRN04","No","Year 2","3","Psychology","Female","20","UKRN",2,2,2,-1,1,1,1,2,1,1,1,1,2,1,1,-2,-1,1,1,1,1,-1,1,1,1,1,0,1,0,0,1,1,1,0,1,0,1,1,0,1,0,13,0.8125,6,0.75,5,4,1,1,1,0,0,1,""
283,"100","UNI50","No","Year 2","3","Psychology ","Female","19","Non-UKRN",2,2,1,0,2,1,1,2,0,1,-2,-1,2,0,-1,-1,-2,-1,-1,2,-1,-1,-1,-1,1,1,0,1,0,0,1,0,1,0,1,0,1,1,0,1,0,5,0.3125,-3,-0.375,4,4,0,NA,NA,0,0,1,""
339,"100","UKRN04","No","Final Year","3","Psychology ","Female","21","UKRN",2,2,2,-1,1,0,1,2,2,1,1,-1,2,0,-1,-1,-1,1,1,0,-1,-1,1,-1,-1,1,1,1,1,1,1,1,1,0,0,0,0,0,0,0,0,9,0.5625,-1,-0.125,8,0,0,NA,NA,0,0,1,""
274,"100","UNI06","Yes","Year 2","4","BSc Psychology and Business","female","20","Non-UKRN",2,0,0,-1,1,0,0,0,0,0,1,0,0,1,0,-1,0,0,-1,0,0,-1,1,1,0,1,0,0,0,0,0,0,0,0,1,1,1,1,1,1,1,1,0.0625,0,0,1,7,1,1,0,0,1,0,""
249,"100","UNI73","No","Year 2","3","Psychology ","Female ","20","Non-UKRN",2,2,1,2,-1,1,1,2,2,1,-1,1,-1,1,-2,-1,-1,-1,1,1,1,-2,-1,1,1,0,0,1,0,0,0,1,0,1,1,0,1,1,1,1,1,7,0.4375,1,0.125,2,7,1,1,0,0,0,0,""
551,"100","UNI06","Yes","Year 2","3","Psychology Bcs Hons ","Female","19","Non-UKRN",2,2,2,1,0,1,1,-1,-1,0,-2,1,1,1,-1,1,-1,1,0,1,0,-1,1,1,1,0,0,1,0,1,1,1,1,0,0,1,0,0,1,0,1,5,0.3125,4,0.5,5,3,0,NA,NA,0,0,1,""
84,"100","UKRN08","No","Year 2","3","Psychology with Criminology ","Female ","21","UKRN",2,2,1,0,0,1,0,1,1,1,0,1,1,1,-1,-1,-1,1,-1,1,-1,-1,-1,0,0,0,0,1,0,1,0,0,1,0,0,0,0,0,0,0,0,7,0.4375,-2,-0.25,3,0,1,1,1,0,0,1,""
431,"98","UNI08","No","Year 2","3","BSc Psychology","Female","26","Non-UKRN",2,2,2,2,2,1,1,1,1,1,-2,2,2,2,2,-1,0,2,2,2,1,0,-2,2,2,1,1,0,0,0,0,0,0,0,0,1,1,0,1,1,1,18,1.125,9,1.125,2,5,0,NA,NA,0,0,1,"I believe it's extremely important for research to be transparent and responsible. Attempting to manipulate the findings by running several unplanned comparisons or adding participants to the pool is deceitful and can end up and a very poor practice."
379,"55","UNI73","No","Final Year","3","Psychology","Female","22","Non-UKRN",2,1,1,1,1,1,1,1,1,1,1,1,1,-1,-1,-1,-1,0,0,NA,NA,NA,NA,NA,NA,0,0,1,0,0,1,1,1,0,0,1,0,0,0,1,0,8,0.5,NA,NA,4,2,NA,NA,NA,NA,NA,NA,""
719,"100","UNI64","No","Year 2","3","Psychology BSc","Female","30","Non-UKRN",2,0,1,1,1,-1,0,1,0,-1,-1,1,2,-1,-1,-1,0,0,0,1,-1,1,-1,1,-1,1,0,1,0,0,0,0,1,1,0,0,0,0,0,0,0,1,0.0625,0,0,3,1,0,NA,NA,0,0,1,""
424,"60","UNI50","No","Year 2","3","Psychology Bsc","Female ","19","Non-UKRN",2,1,1,-1,1,-1,1,-1,-1,-1,1,1,1,1,1,-1,1,-1,-1,2,-1,NA,NA,NA,NA,0,0,0,0,0,0,0,0,0,0,1,0,0,1,0,1,4,0.25,NA,NA,0,3,NA,NA,NA,NA,NA,NA,""
456,"98","UNI10","No","Final Year","3","Psychology Major Business and Managment minor","Female ","31","Non-UKRN",2,2,2,2,2,1,2,2,2,2,0,2,1,2,-2,-1,-2,2,2,2,2,0,2,0,0,0,0,0,1,0,0,0,1,1,1,1,0,1,1,1,0,17,1.0625,10,1.25,2,6,0,NA,NA,0,0,1,""
177,"100","UNI06","Yes","Year 1","4","Psychology BSc","Female","18","Non-UKRN",2,1,-1,1,0,-1,2,-1,-1,0,0,2,2,0,2,-1,-2,1,1,0,0,-2,-2,2,2,1,0,1,0,0,1,0,1,1,0,1,0,0,1,0,0,3,0.1875,2,0.25,4,3,1,1,1,1,1,1,""
517,"100","UNI06","Yes","Year 1","4","Psychology ","female","19","Non-UKRN",2,2,2,2,2,1,1,2,0,2,2,1,2,1,1,0,1,1,0,1,1,-1,0,1,-1,1,1,0,1,0,0,0,1,0,0,0,0,0,0,0,0,22,1.375,2,0.25,4,0,1,1,1,0,0,0,""
325,"100","UNI10","No","Year 2","3","Psychology ","Female","19","Non-UKRN",2,2,2,1,-2,2,0,2,1,1,-2,2,2,2,-2,0,-2,2,1,2,-2,-2,0,1,1,0,1,1,1,0,0,0,1,0,0,0,0,0,0,0,0,9,0.5625,3,0.375,4,0,1,1,1,0,1,1,""
197,"100","UNI09","No","Year 1","3","Psychology ","Female ","18","Non-UKRN",2,1,1,0,-1,1,1,2,1,1,-1,-1,2,0,-1,-1,-1,1,0,2,-1,-1,0,-1,1,0,0,1,0,0,0,0,0,0,0,1,0,0,0,0,0,4,0.25,1,0.125,1,1,1,1,0,0,0,1,""
573,"100","UNI06","Yes","Year 2","3","psychology","female","19","Non-UKRN",2,2,1,1,1,1,1,2,-1,1,1,1,2,0,-1,-1,0,1,0,-1,-1,-1,-1,1,1,0,0,1,0,1,1,1,1,1,1,0,1,0,0,0,0,11,0.6875,-1,-0.125,5,3,0,NA,NA,0,0,0,""
513,"100","UNI06","No","Year 2","3","Psychology","Male","20","Non-UKRN",2,1,2,1,-2,1,2,0,1,1,-1,1,-2,1,-1,1,0,2,0,1,-1,-2,1,1,0,1,1,1,0,0,1,1,1,0,0,1,0,0,1,1,1,6,0.375,2,0.25,6,4,0,NA,NA,1,0,1,""
148,"100","UKRN08","Other (Please specify)","Year 1","3","Bsc Psychology ","Female ","18","UKRN",2,1,1,0,0,1,0,0,-1,1,-1,2,1,1,1,-1,1,1,1,1,1,1,0,1,1,1,0,1,1,1,1,0,1,0,0,1,0,0,1,0,0,7,0.4375,7,0.875,6,2,1,1,1,1,1,1,""
58,"100","UNI06","No","Year 1","3","Psychology","female","19","Non-UKRN",2,2,2,1,-2,0,2,2,2,2,2,2,2,2,-2,-2,-2,2,2,1,2,-1,1,-2,1,1,1,1,1,0,1,0,1,0,0,0,0,0,1,0,0,13,0.8125,6,0.75,6,1,1,1,0,1,1,1,""
695,"100","UNI11","No","Year 1","3","Psychology","Female","20","Non-UKRN",2,1,2,1,1,1,2,1,2,2,2,0,2,1,-1,0,-2,1,1,2,1,-1,2,-1,2,0,0,0,0,0,0,0,0,0,0,1,0,0,1,0,1,15,0.9375,7,0.875,0,3,1,1,1,0,0,1,""
327,"100","UNI10","No","Year 2","3","Psychology","Female","20","Non-UKRN",2,2,1,1,1,1,1,1,2,2,1,2,2,1,-1,1,0,1,1,1,-2,-1,1,1,1,0,0,0,0,0,0,1,1,0,0,1,0,0,0,0,0,18,1.125,3,0.375,2,1,0,NA,NA,0,0,1,""
616,"100","UNI06","No","Year 1","3","psychology","female","19","Non-UKRN",2,1,1,1,-1,1,0,1,0,1,-1,1,-1,1,-1,1,0,-1,-1,1,0,1,1,0,1,1,1,1,1,1,1,1,1,0,0,0,0,0,0,0,0,5,0.3125,2,0.25,8,0,0,NA,NA,1,0,0,""
343,"100","UNI10","No","Year 2","3","psychology","female","20","Non-UKRN",2,2,1,1,1,2,1,2,1,2,1,1,1,1,-1,-1,-1,1,1,-1,-1,-1,1,-1,1,1,1,0,1,1,0,1,1,0,0,1,0,0,1,0,0,14,0.875,0,0,6,2,0,NA,NA,1,0,1,""
330,"100","UNI10","No","Year 2","3","education and psychology","female","20","Non-UKRN",2,1,1,2,-1,1,1,2,1,2,0,2,1,0,0,0,-2,-2,0,1,-1,-2,2,0,1,1,1,1,1,1,1,0,1,0,0,0,0,0,0,1,0,11,0.6875,-1,-0.125,7,1,1,0,0,0,0,1,""
469,"48","UNI10","No","Final Year","3","Psychology","female","22","Non-UKRN",2,0,1,-1,-2,1,1,1,0,1,-1,2,1,1,-2,-1,-2,NA,NA,NA,NA,NA,NA,NA,NA,1,0,1,1,0,1,1,1,0,0,1,1,0,1,1,1,0,0,NA,NA,6,5,NA,NA,NA,NA,NA,NA,""
500,"100","UNI19","Other (Please specify)","Year 1","3","psychology ","female","19","Non-UKRN",2,2,1,0,1,0,0,1,1,1,-2,1,1,1,1,-1,-2,2,2,1,1,-2,-1,2,1,0,0,1,0,0,0,0,0,0,0,0,0,0,0,0,1,6,0.375,6,0.75,1,1,1,1,0,0,0,1,""
174,"100","UKRN01","No","Year 1","3","Psychology BSc (Hons)","Male","19","UKRN",2,2,2,2,2,2,2,2,2,2,0,2,2,1,1,-2,-2,2,2,2,-2,-2,1,1,2,1,1,1,1,1,1,0,1,0,0,0,0,0,0,0,0,20,1.25,6,0.75,7,0,0,NA,NA,1,0,1,"N/A"
384,"100","UKRN01","No","Year 2","3","Psychology","female","21","UKRN",2,1,2,2,1,1,-1,2,1,2,-2,2,2,1,1,-1,-2,1,1,1,1,-2,-1,0,0,1,0,1,0,0,1,0,1,0,0,0,0,0,0,0,0,12,0.75,1,0.125,4,0,1,1,1,1,1,1,""
698,"98","UNI79","Yes","Year 1","3","Child Psychology","female","19","Non-UKRN",2,1,0,1,-1,0,1,2,2,1,0,1,-1,1,-1,1,-1,1,-2,1,-1,-1,0,-1,1,0,0,0,0,0,0,1,0,1,1,1,0,0,1,0,0,7,0.4375,-2,-0.25,1,4,1,0,0,1,1,1,""
633,"100","UNI19","No","Year 1","3","Psychology ","Female","20","Non-UKRN",2,1,-1,1,1,2,0,2,2,2,1,1,1,1,-1,1,-1,-1,-1,1,-1,-2,0,2,1,1,0,1,0,0,1,0,1,1,0,1,0,0,1,0,1,13,0.8125,-1,-0.125,4,4,0,NA,0,1,0,1,""
113,"100","UKRN08","Yes","Year 2","4","Psychology and Criminology","Female","20","UKRN",2,1,1,0,1,1,1,1,0,1,0,0,2,1,-1,-2,-2,0,1,1,1,-1,1,1,1,1,1,1,1,1,1,1,0,0,0,0,0,0,0,0,1,5,0.3125,5,0.625,7,1,1,1,0,0,0,1,""
136,"100","UKRN08","No","Year 1","3","Psychology with Criminology","female","20","UKRN",2,1,2,0,0,-1,1,0,2,1,0,1,1,1,-2,-1,0,1,0,0,1,0,0,1,1,1,0,1,0,0,0,1,1,0,0,1,0,0,0,0,0,6,0.375,4,0.5,4,1,1,1,0,0,0,1,"no :)"
595,"100","UNI06","Yes","Year 1","4","Psychology","Male","19","Non-UKRN",2,2,1,1,1,-1,2,1,0,1,0,1,-1,0,0,1,1,1,-1,0,1,0,2,1,0,1,1,1,1,1,1,1,1,0,0,0,0,0,0,0,0,10,0.625,4,0.5,8,0,0,NA,NA,1,0,0,""
317,"100","UKRN01","Yes","Year 1","4","Psychology","Female","18","UKRN",2,2,2,-1,1,1,1,-1,1,2,-2,2,2,2,1,-2,0,1,1,2,-1,0,1,1,1,0,0,0,1,0,1,0,1,0,0,0,0,0,0,0,0,11,0.6875,6,0.75,3,0,0,NA,NA,0,0,0,""
72,"100","UNI06","Yes","Year 2","3","Psychology ","female","21","Non-UKRN",2,1,1,1,1,1,1,1,1,1,0,-1,1,0,2,0,0,1,1,0,1,-1,0,0,0,1,1,1,1,1,1,1,1,0,0,1,0,0,1,0,1,11,0.6875,2,0.25,8,3,0,NA,NA,0,0,0,""
181,"100","UKRN08","Yes","Year 2","3","BSc (Hons) Psychology ","Female","20","UKRN",2,1,1,1,0,1,1,2,1,2,1,1,2,1,1,-1,-1,1,1,1,1,-1,1,1,1,1,1,1,1,0,1,0,1,1,0,1,0,0,0,0,0,14,0.875,6,0.75,6,2,1,1,1,1,1,1,""
702,"98","UNI11","No","Final Year","3","Psychology and child development ","Female ","20","Non-UKRN",2,2,2,1,2,2,0,2,1,2,-2,1,2,1,0,1,-2,2,1,1,0,-2,-2,1,-2,0,0,0,0,0,0,1,1,0,0,0,0,0,0,0,0,15,0.9375,-1,-0.125,2,0,1,1,1,0,0,1,""
534,"100","UNI06","Yes","Year 2","4","psychology and marketing","female","19","Non-UKRN",2,1,0,0,1,1,0,0,0,2,1,2,1,1,-1,0,0,1,0,1,0,-1,1,1,1,1,1,1,1,1,0,1,1,0,0,0,0,0,1,0,0,9,0.5625,4,0.5,7,1,0,NA,NA,0,0,0,""
284,"100","UNI50","No","Final Year","3","BSc Psychology (Hons)","Female","21","Non-UKRN",2,2,2,1,-1,1,2,2,2,-1,-2,-2,2,1,-1,-1,-1,1,-1,2,2,-1,1,1,2,1,1,1,1,0,0,1,1,0,0,1,0,0,0,0,0,6,0.375,7,0.875,6,1,1,1,1,0,0,1,""
251,"100","UNI73","No","Year 2","3","Psychology ","Male ","20","Non-UKRN",2,1,2,1,1,2,1,2,2,1,1,-1,2,-1,1,-1,-2,1,1,1,-1,-2,-1,-1,1,1,1,1,0,0,0,0,1,0,0,0,0,0,0,0,0,12,0.75,-1,-0.125,4,0,1,1,0,0,0,1,""
530,"100","UNI06","Yes","Year 2","4","Psychology ","Female","20","Non-UKRN",2,1,0,1,1,1,-1,1,1,1,-1,1,2,1,-1,1,-1,2,0,1,1,-1,-2,-1,1,1,1,1,1,0,1,0,1,0,0,0,0,0,0,0,0,8,0.5,1,0.125,6,0,1,0,0,1,0,1,""
541,"100","UNI06","No","Year 2","3","Psychology single hons.","Female","20","Non-UKRN",2,2,1,0,1,1,1,1,-1,0,-1,1,0,1,-1,-1,-2,1,1,0,-1,-1,1,0,1,1,1,1,1,1,1,1,1,0,0,1,0,0,1,1,0,3,0.1875,2,0.25,8,3,0,NA,NA,1,0,1,""
569,"100","UNI75","No","Year 1","3","Psychology and counselling","Female","22","Non-UKRN",2,0,-1,1,-1,1,1,1,1,-2,-1,1,-1,1,0,1,1,1,-1,1,1,0,0,-1,1,1,1,0,0,0,0,0,0,0,0,0,0,0,0,0,0,3,0.1875,2,0.25,2,0,0,NA,NA,0,1,1,""
478,"100","UNI19","Yes","Year 1","3","BSc in psychology ","Female","19","Non-UKRN",2,2,2,1,-2,1,1,1,0,1,1,2,2,1,-1,-1,-2,0,0,1,1,-1,0,2,0,1,0,0,0,0,0,1,1,0,1,1,1,1,1,0,0,9,0.5625,3,0.375,3,5,0,NA,NA,0,0,1,""
498,"100","UNI19","No","Year 1","3","Psychology","Female","19","Non-UKRN",2,2,1,0,2,1,0,2,0,2,0,0,2,1,1,-1,-2,1,1,2,2,-1,0,1,1,1,0,1,1,0,1,1,1,0,0,1,1,0,1,0,1,11,0.6875,7,0.875,6,4,1,1,1,1,1,1,""
279,"100","UKRN01","No","Year 2","3","Psychology ","Female","21","UKRN",2,2,1,1,1,1,1,1,-1,1,-2,1,2,1,-1,-1,-2,2,1,1,-2,-1,-1,1,2,1,1,1,1,1,1,0,1,0,0,0,0,0,0,1,0,6,0.375,3,0.375,7,1,0,NA,NA,1,0,1,"n/a"
480,"98","UNI74","No","Year 2","2","Psychology","Male","79","Non-UKRN",2,1,-1,-1,-2,1,0,2,-1,-1,-2,1,1,2,0,0,0,1,-1,-1,-1,1,1,1,1,1,1,1,1,1,1,1,1,1,0,1,0,1,0,0,1,0,0,2,0.25,8,4,1,1,0,1,1,1,"Open research means providing access to research worldwide but it comes with a responsibility for confidentiality and anonymity. "
352,"100","UNI74","No","Year 2","2","Psychology ","Female ","20","Non-UKRN",2,2,-2,1,-1,1,-1,2,2,0,-1,1,0,1,-1,-1,1,2,-1,1,-1,-1,1,1,-1,0,1,1,0,0,0,0,0,0,0,0,0,0,0,0,0,4,0.25,1,0.125,2,0,0,NA,NA,0,0,1,""
122,"100","UKRN01","Yes","Year 2","4","psychology bsc","female","cb01329@surrey.ac.uk","UKRN",2,1,1,1,1,1,1,2,1,1,1,1,1,1,-1,0,-1,0,-1,-1,-1,-1,0,0,1,1,1,0,1,0,0,0,1,0,0,1,0,0,1,0,0,12,0.75,-3,-0.375,4,2,0,NA,NA,1,1,1,""
95,"100","UKRN01","Yes","Placement Year","4","Psychology BSc","female","21","UKRN",2,1,1,0,1,1,0,1,1,-1,-2,1,2,1,-1,-2,-2,-1,0,1,-1,-2,-1,1,1,1,0,1,0,0,0,1,1,0,0,1,0,0,0,1,0,2,0.125,-2,-0.25,4,2,0,NA,NA,0,0,1,""
191,"100","UNI06","Yes","Final Year","4","Psychology","Female","22","Non-UKRN",2,2,1,0,0,2,2,1,0,-1,2,1,1,0,-1,0,-1,1,-1,2,1,-1,0,0,1,1,1,1,1,0,0,0,1,0,0,0,0,0,0,0,0,9,0.5625,3,0.375,5,0,1,0,0,0,0,0,""
87,"100","UKRN01","No","Year 1","3","BSc Psychology","Female","20","UKRN",2,1,1,0,-1,2,0,2,2,1,0,2,2,1,2,-2,-1,1,0,1,-2,-2,0,1,0,0,0,1,1,0,1,0,1,0,0,0,0,0,0,0,0,12,0.75,-1,-0.125,4,0,0,NA,NA,0,0,1,""
20,"100","UKRN08","Yes","Year 1","3","Psychology","Male","19","UKRN",2,1,1,-1,0,1,1,1,2,1,0,1,1,0,-1,0,-1,1,1,1,0,-1,1,0,1,1,1,1,1,0,1,0,1,0,0,0,0,0,0,0,1,7,0.4375,4,0.5,6,1,1,1,1,0,1,0,"n/a"
607,"100","UNI19","No","Year 1","3","Psychology","female","20","Non-UKRN",2,1,0,0,-1,1,1,2,2,1,1,2,1,0,-1,-1,-2,1,0,-1,-1,-1,-1,0,1,0,0,1,0,0,1,0,0,0,0,1,0,0,1,0,0,7,0.4375,-2,-0.25,2,2,0,NA,NA,0,0,1,""
280,"100","UNI50","No","Final Year","3","Psychology","Female","21","Non-UKRN",2,1,0,-1,1,1,1,1,-1,1,-1,1,1,0,-1,-1,-1,-1,-1,-1,-1,0,-1,1,1,1,1,0,1,1,1,1,1,0,0,1,0,0,0,0,0,2,0.125,-3,-0.375,7,1,1,1,NA,0,1,1,""
368,"100","UNI62","No","Year 1","3","Psychological and Behavioural Sciences ","Female ","19","Non-UKRN",2,2,2,2,1,0,2,1,0,-1,1,2,1,1,-1,-2,-2,2,1,2,2,-1,1,2,2,1,1,1,0,0,1,1,1,0,1,1,0,0,1,0,0,9,0.5625,11,1.375,6,3,1,1,1,1,1,1,""
313,"100","UNI58","Yes","Year 1","3","Psychology ","Female","20","Non-UKRN",2,1,2,0,1,0,0,2,1,-1,-1,-1,1,0,-1,0,1,1,1,1,-1,-1,1,-1,0,1,1,1,0,1,0,0,1,1,1,0,0,1,0,0,0,5,0.3125,1,0.125,5,3,0,NA,NA,1,0,1,""
70,"100","UKRN01","Yes","Year 2","4","Psychology BSc","Male","19","UKRN",2,2,1,1,1,0,1,1,0,1,-2,1,2,1,2,0,-2,2,2,2,-1,-2,1,1,2,1,0,1,0,0,1,0,1,0,0,0,0,0,0,0,1,10,0.625,7,0.875,4,1,0,NA,NA,1,0,1,""
159,"100","UKRN01","Yes","Placement Year","4","Psychology","Female","20","UKRN",2,2,2,2,1,0,1,1,0,1,1,2,2,0,2,0,-1,2,2,2,2,2,2,2,2,1,1,1,0,1,1,1,1,0,0,0,1,0,0,0,0,16,1,16,2,7,1,1,1,1,1,1,0,"I think that the issues raised are applicable to students that want to do research in the future, but not necessarily right now"
185,"100","UNI06","Yes","Final Year","4","BSc Psychology","Female","22","Non-UKRN",2,1,1,1,2,1,2,2,2,1,2,-1,2,2,1,-1,0,1,1,2,2,-1,-1,-1,2,0,0,1,1,0,0,1,1,0,0,0,1,0,0,0,0,18,1.125,5,0.625,4,1,1,0,1,0,0,1,""
676,"100","UNI80","No","Year 1","3","Psychology BSc","Female","19","Non-UKRN",2,1,2,1,0,1,2,2,0,1,0,2,1,1,-1,-1,-1,1,-1,2,-1,-2,1,-1,0,1,1,0,0,1,0,1,0,0,0,1,1,0,1,0,1,11,0.6875,-1,-0.125,4,4,1,0,1,0,0,1,""
495,"98","UNI75","No","Year 1","3","BSc Applied Psychology","Female","40","Non-UKRN",2,1,1,0,0,1,0,-1,-1,-1,-2,1,1,0,-1,-1,-1,1,-1,-1,-1,-1,-1,0,1,0,1,0,0,1,0,1,0,1,0,1,0,0,0,0,0,-3,-0.1875,-3,-0.375,3,2,0,NA,NA,0,0,0,""
50,"100","UKRN08","No","Final Year","4","Psychology with criminology ","female","21","UKRN",2,2,2,0,1,1,0,1,-1,0,1,0,2,-1,-1,-1,-1,1,1,1,-2,-1,0,2,-2,0,0,1,0,0,0,0,0,0,0,0,0,0,0,0,0,5,0.3125,0,0,1,0,1,1,1,0,0,1,""
704,"98","UNI11","No","Year 2","3","Psychology & Child Development","F","45","Non-UKRN",2,2,2,-1,1,0,1,0,0,-1,1,1,2,0,2,-1,-1,1,1,-1,-2,-1,2,2,2,0,1,1,0,1,1,0,1,0,1,1,0,0,1,0,0,8,0.5,4,0.5,5,3,1,1,0,0,0,1,"Releasing data online wven if anonymised may go against what consent has been given.  Releasing method etc pay offer someone else thr opportunity to conduct and publish your study before you do. "
708,"98","UNI80","No","Year 1","3","forensic psychology","female","58","Non-UKRN",2,1,1,-1,-1,-1,-2,1,-1,-1,-2,1,2,1,2,-1,-1,1,1,1,0,1,0,0,0,1,1,0,0,1,0,1,1,0,0,1,1,0,1,0,0,-2,-0.125,4,0.5,5,3,0,NA,NA,1,0,1,""
54,"100","UKRN01","Yes","Year 2","4","Psycho ","Female ","20","UKRN",2,2,1,-1,1,1,0,2,0,1,1,2,2,0,-1,0,0,1,0,1,-1,-1,0,0,1,1,0,1,1,0,1,1,1,0,1,0,0,1,0,0,0,11,0.6875,1,0.125,6,2,0,NA,NA,0,0,1,""
9,"100","UKRN01","Yes","Placement Year","4","Psychology","Female","20","UKRN",2,0,2,1,1,1,1,2,1,0,-1,2,2,2,-1,-1,-1,0,1,2,-1,-1,-2,2,0,1,1,1,1,0,1,1,1,0,0,1,0,0,0,0,0,11,0.6875,1,0.125,7,1,1,1,1,0,1,1,""
35,"100","UKRN08","No","Year 2","3","Psychology","Male","25","UKRN",2,2,2,2,1,1,1,1,-1,2,-2,2,2,2,-2,2,2,2,2,2,2,2,2,2,2,1,1,1,1,1,1,1,1,1,0,1,0,0,1,0,0,17,1.0625,16,2,8,3,1,1,0,1,1,1,"For science, especially psychology, to progress as a discipline studies must be able to be replicated. The fact that some stuff taught that cannot be readily repeated is still taught as the truth is mind boggling. "
390,"100","UKRN04","No","Year 2","3","Psychology and education joint honours","female","19","UKRN",2,1,1,-1,-1,1,-1,1,-1,1,-1,2,-1,1,-2,-1,1,-1,-1,-1,-1,1,1,1,1,1,1,1,1,1,1,1,1,0,0,0,0,0,0,0,0,0,0,0,0,8,0,0,NA,NA,1,1,1,""
450,"100","UNI58","Yes","Year 1","4","Psychology BSc with study abroad year","Female","19","Non-UKRN",2,2,2,-1,1,1,1,1,-1,1,-1,1,1,1,-1,-2,-2,1,1,1,-1,-2,-1,1,-1,0,0,1,0,0,1,0,1,0,0,1,0,0,1,0,0,4,0.25,-1,-0.125,3,2,0,NA,NA,0,0,1,""
370,"100","UNI10","No","Year 2","3","BSc Forensic Psychology ","Female ","20","Non-UKRN",2,1,1,-1,1,1,1,1,1,-1,-1,1,1,1,1,0,-1,1,-2,1,0,-1,-1,1,-1,1,0,1,0,0,0,0,1,0,0,1,0,0,0,0,0,7,0.4375,-2,-0.25,3,1,0,NA,NA,0,0,0,""
406,"100","UNI10","No","Final Year","3","BSc (Hons) Psychology","Female","21","Non-UKRN",2,2,1,0,1,2,2,2,2,2,0,2,2,2,0,0,-1,2,1,2,2,-1,2,1,2,0,0,1,1,0,1,1,1,0,0,1,1,0,1,1,0,19,1.1875,11,1.375,5,4,0,NA,NA,0,0,1,""
477,"100","UNI10","No","Year 2","3","Psychology and Business and Management","Female","21","Non-UKRN",2,1,1,0,1,1,1,1,1,1,0,2,2,0,1,-1,-1,0,1,1,-1,-1,0,1,1,0,0,1,1,1,0,1,1,0,0,1,1,1,0,0,0,11,0.6875,2,0.25,5,3,0,NA,NA,1,1,1,""
364,"100","UNI62","No","Year 1","3","psychology and behavioural sciences","female","22","Non-UKRN",2,2,1,2,2,2,0,2,-2,2,2,2,2,0,2,-2,-2,2,0,-2,-2,-2,-2,2,2,1,1,1,0,0,1,0,1,1,0,1,0,0,0,0,1,15,0.9375,-2,-0.25,5,3,1,1,1,1,0,1,""
27,"100","UKRN08","No","Year 1","4","Psychology with Criminology ","Female ","19","UKRN",2,2,2,1,1,1,1,1,-1,0,-1,1,2,1,-1,-2,-1,2,2,1,1,-1,-2,1,1,1,0,1,0,1,1,0,1,0,0,0,0,0,0,0,1,7,0.4375,5,0.625,5,1,1,1,0,0,0,1,""
261,"100","UNI73","Yes","Year 1","4","BSc Criminology & Psychology","Female","25","Non-UKRN",2,2,2,0,0,0,0,1,-1,2,-1,1,2,1,1,-1,-1,1,-1,1,-1,-1,0,0,0,1,0,1,0,0,1,0,1,1,0,1,0,0,1,0,0,8,0.5,-1,-0.125,4,3,1,1,1,0,0,1,""
385,"100","UNI10","No","Final Year","3","Criminology, Psychology Joint","Female","21","Non-UKRN",2,1,2,0,1,-1,1,1,1,2,1,0,2,-1,-1,-1,0,2,1,1,-1,1,1,1,0,1,0,1,0,1,1,0,1,0,1,0,1,0,0,1,0,8,0.5,6,0.75,5,3,0,NA,NA,1,0,1,""
233,"100","UNI72","No","Year 1","3","Psychology and counselling ","Male","19","Non-UKRN",2,-2,2,-1,-1,-1,-2,1,2,-1,-1,2,-1,2,-2,0,-1,2,1,0,0,-1,-1,-1,1,1,1,1,1,1,1,1,1,0,0,0,0,0,0,0,0,-4,-0.25,1,0.125,8,0,1,0,0,1,0,1,""
697,"100","UNI80","Yes","Final Year","4","Applied Psychology (Psychology with a Work Placement Year)","Female","21","Non-UKRN",2,1,2,2,1,1,1,1,1,2,1,2,2,2,1,-1,-1,2,2,2,1,-1,2,1,2,1,1,1,1,0,0,1,1,1,0,1,1,0,0,1,1,18,1.125,11,1.375,6,5,1,1,1,1,1,1,"I'm very interested in this topic as I want to dedicate my life to research, so I enjoyed completing this questionnaire!"
648,"100","UNI79","No","Year 2","3","Psychological Counselling","Cis Woman","34","Non-UKRN",2,1,0,2,2,2,1,2,2,2,1,1,1,0,-1,0,0,2,1,2,0,0,0,1,1,0,0,1,0,0,0,0,0,0,0,0,0,0,0,0,0,16,1,7,0.875,1,0,1,1,NA,0,0,1,""
467,"98","UKRN04","No","Year 2","3","BSc (Hons) Psychology","Female","20","UKRN",2,0,2,0,2,1,1,2,0,0,-2,1,0,2,0,-1,0,2,2,1,0,0,0,2,1,0,0,0,1,0,0,0,1,0,0,0,0,0,0,0,0,8,0.5,8,1,2,0,1,0,1,0,0,1,"Some student do not have the knowledge of the issues raised in this questionnaire, which is an important problem"
383,"98","UNI73","No","Year 2","3","BSc Psychology","Female","19","Non-UKRN",2,2,1,1,1,1,0,2,2,1,-2,1,2,2,2,-2,-1,1,1,2,-1,-1,1,1,1,1,1,1,0,1,0,0,1,0,0,0,1,0,1,1,0,13,0.8125,5,0.625,5,3,1,1,1,0,0,1,""
602,"100","UNI06","Yes","Year 2","4","BSc Psychology","Male","20","Non-UKRN",2,1,1,1,1,1,1,2,1,1,1,1,1,1,-1,2,0,1,1,1,0,0,1,0,1,1,1,1,1,1,1,1,1,0,0,0,0,0,0,0,0,15,0.9375,5,0.625,8,0,0,NA,NA,1,0,1,""
129,"100","UKRN08","Yes","Year 1","4","Psychology BSc (Hons)","Non-binary","20","UKRN",2,2,1,0,2,2,1,1,0,1,2,2,2,1,-2,-2,-1,-2,-2,2,1,-1,2,2,1,1,1,0,1,1,0,1,1,0,0,1,0,0,1,0,0,12,0.75,3,0.375,6,2,1,1,0,0,0,1,""
726,"43","UNI58","Other (Please specify)","Year 1","3","Psychology BSc (Hons)","female","21","Non-UKRN",2,NA,NA,NA,NA,NA,NA,NA,NA,NA,NA,NA,NA,NA,NA,NA,NA,NA,NA,NA,NA,NA,NA,NA,NA,0,0,0,0,0,0,0,0,0,0,0,0,0,0,0,0,NA,NA,NA,NA,0,0,NA,NA,NA,NA,NA,NA,""
435,"100","UNI75","Yes","Year 2","3","BSC  Psychology and Counselling","FEMALE","58","Non-UKRN",2,0,1,0,1,1,1,1,0,-1,1,1,1,1,1,-2,-1,1,1,0,-1,-1,-1,0,0,0,0,1,1,0,0,1,1,1,1,0,0,1,1,0,0,6,0.375,-1,-0.125,4,4,0,NA,NA,0,0,1,""
594,"100","UNI06","No","Year 1","3","Psychology ","Female","21","Non-UKRN",2,0,1,-1,-1,1,0,0,1,1,-1,0,0,0,-1,0,0,0,-1,0,0,0,1,1,1,1,1,1,0,0,0,1,1,0,0,0,0,0,0,0,0,0,0,2,0.25,5,0,1,1,NA,0,0,0,""
632,"100","UNI19","No","Year 1","3","psychology ","male ","18","Non-UKRN",2,2,2,1,-1,1,1,1,1,1,1,1,2,0,-1,0,-1,1,1,0,-1,-1,1,1,1,1,0,0,0,0,0,0,1,0,0,0,0,0,0,0,1,11,0.6875,3,0.375,2,1,0,NA,NA,0,0,1,""
102,"100","UKRN01","Yes","Year 2","4","Psychology","Male","20","UKRN",2,2,1,2,0,0,0,0,0,2,0,1,2,1,-1,-1,-1,2,1,1,-1,-1,-1,1,-1,0,0,1,0,0,1,0,1,0,0,0,0,0,0,0,1,8,0.5,1,0.125,3,1,0,NA,0,0,0,1,""
307,"100","UNI50","No","Year 1","3","Psychology with Forensic Psychology ","Female ","19","Non-UKRN",2,1,1,0,1,1,1,1,1,-1,-1,1,2,0,1,-1,1,1,-1,1,-1,-1,1,-1,-1,1,0,1,0,0,1,0,1,0,0,1,0,0,0,0,1,9,0.5625,-2,-0.25,4,2,0,NA,NA,0,0,1,""
713,"48","UNI80","No","Year 1","3","Psychology with clinical psychology ","Female ","20","Non-UKRN",2,2,0,-2,-1,1,0,0,0,-2,1,2,2,0,-1,-2,-1,NA,NA,NA,NA,NA,NA,NA,NA,0,0,1,0,0,0,0,1,0,0,0,0,0,0,0,0,-1,-0.0625,NA,NA,2,0,NA,NA,NA,NA,NA,NA,""
214,"100","UNI09","No","Year 2","3","Psychology with Neuropsychology","Male","20","Non-UKRN",2,1,1,2,-2,1,1,2,2,1,1,0,2,1,2,-2,0,2,2,2,-1,1,2,1,0,1,0,0,0,0,0,0,0,0,1,1,1,1,1,1,1,13,0.8125,9,1.125,1,7,1,1,0,1,0,1,""
103,"100","UKRN01","Yes","Year 1","4","BSCH Psychology","Female","25","UKRN",2,2,2,2,0,2,2,2,2,2,1,2,1,0,0,0,1,1,1,1,1,1,1,1,2,1,1,1,1,1,1,0,1,1,1,1,0,0,1,0,1,21,1.3125,9,1.125,7,5,1,1,0,1,0,1,""
28,"100","UKRN08","Yes","Year 2","3","Psychology Bsc ","male","37","UKRN",2,0,1,0,1,1,2,2,2,1,2,2,2,1,-1,-1,1,-1,1,2,1,-1,1,1,1,1,0,1,0,0,1,0,1,0,0,1,0,0,1,0,0,16,1,5,0.625,4,2,1,1,0,1,1,1,""
298,"100","UNI08","No","Year 1","3","BSc Psychology","Female","24","Non-UKRN",2,1,1,0,0,1,1,1,1,1,0,1,1,1,-1,0,0,-1,-1,1,0,0,1,0,1,1,1,0,0,1,1,1,1,0,0,1,1,0,1,0,1,9,0.5625,1,0.125,6,4,0,NA,NA,0,0,1,""
34,"100","UKRN01","Yes","Year 1","4","Psychology","Female","19","UKRN",2,2,-1,0,-1,0,1,1,1,1,-2,2,2,0,-1,-1,0,-1,-2,1,-2,-1,-1,-1,1,1,0,0,0,1,0,0,1,0,0,1,0,0,1,0,0,4,0.25,-6,-0.75,3,2,0,NA,NA,0,0,0,""
46,"100","UKRN01","Yes","Placement Year","3","Psychology BSc","Female","22","UKRN",2,2,1,1,1,2,1,2,1,1,2,2,1,0,1,2,0,2,1,1,1,-1,1,-1,2,0,1,0,1,1,0,0,0,1,0,1,0,0,1,1,1,20,1.25,6,0.75,3,5,0,NA,NA,1,0,1,""
31,"100","UKRN01","No","Year 2","3","Psychology","Male","20","UKRN",2,1,1,1,1,1,1,2,1,1,2,0,2,0,1,0,0,2,2,1,1,-1,1,1,1,1,1,1,1,1,1,1,1,0,0,0,0,0,0,0,0,15,0.9375,8,1,8,0,1,1,1,0,0,1,""
618,"100","UNI06","Yes","Year 1","3","Psychology ","Male","19","Non-UKRN",2,1,1,2,-1,0,0,0,0,1,0,1,2,1,1,1,-1,1,0,0,0,-1,-1,1,1,1,0,1,1,0,1,0,1,1,0,0,0,0,0,0,0,9,0.5625,1,0.125,5,1,1,1,0,0,1,1,""
596,"100","UNI06","Yes","Year 1","4","Psychology and Business","Female","18","Non-UKRN",2,1,1,1,1,1,1,1,-1,1,1,-1,1,1,-1,-1,1,1,1,1,1,-1,-1,1,1,1,1,1,1,1,1,1,1,0,0,0,0,0,0,0,0,8,0.5,4,0.5,8,0,1,1,1,1,1,1,""
453,"98","UNI10","No","Final Year","3","English Literature and Psychology (Joint Hons) ","Female","27","Non-UKRN",2,2,2,2,2,2,2,2,1,2,2,1,2,1,-1,-2,-1,2,2,2,1,-1,1,2,1,1,1,1,1,0,0,0,1,0,0,1,0,0,0,0,0,19,1.1875,10,1.25,5,1,1,0,0,0,0,0,"I learned about biases during A Level. I would also note I chose the psychology modules with the least research/application elements as I am more interested in theory "
482,"100","UNI19","Other (Please specify)","Year 1","3","Psychology ","Female ","19","Non-UKRN",2,2,1,1,0,0,0,1,1,1,1,1,2,1,0,-1,0,1,0,1,1,-1,-1,1,0,1,0,0,0,1,1,0,0,0,0,1,0,0,0,0,1,11,0.6875,2,0.25,3,2,1,1,1,1,0,1,""
200,"100","UNI09","No","Final Year","3","BSc Psychology With Neuropsychology","Female","21","Non-UKRN",2,1,2,-2,2,2,1,2,2,2,1,-1,2,2,2,-1,1,2,2,2,2,1,1,1,1,0,0,1,1,1,0,1,1,0,0,0,0,0,0,0,0,18,1.125,12,1.5,5,0,1,1,1,0,0,1,"As part of the Academic Twitter universe, I see a lot of tweets and a push towards open access research. However, these people all tend to be postgrads / PHD students. I know its a key debate, but it doesn't get mentioned (I find) at undergraduate level when I think it should. I do have a rough idea of what it incorporates but wouldn't be confident in explaining it to another student. "
124,"100","UKRN01","No","Year 1","3","Psychology","male","18","UKRN",2,1,2,0,1,1,2,1,1,1,1,1,2,1,-1,0,0,1,1,1,0,0,0,1,1,1,1,1,0,0,1,0,1,0,0,0,0,0,0,0,0,14,0.875,5,0.625,5,0,1,0,0,1,0,1,""
582,"100","UNI06","No","Year 1","3","psychology","female","19","Non-UKRN",2,1,1,1,1,1,-1,1,1,1,1,2,0,0,-1,-1,-1,1,1,0,-1,1,-1,1,1,1,0,1,0,0,1,1,1,0,0,1,0,0,1,0,0,7,0.4375,3,0.375,5,2,0,NA,NA,0,0,1,""
324,"100","UNI10","Yes","Year 1","4","forensic psychology","female ","19","Non-UKRN",2,1,1,0,1,1,1,2,1,2,1,1,2,1,1,-1,-1,1,1,1,-1,-1,1,1,1,0,0,0,0,0,0,0,0,0,0,1,0,0,0,0,1,14,0.875,4,0.5,0,2,0,NA,NA,0,0,1,""
30,"100","UKRN08","Yes","Year 1","4","psychology ","female","19","UKRN",2,2,1,2,0,2,0,2,2,2,2,-1,2,0,1,-1,0,1,1,2,1,-1,0,0,1,1,0,1,0,0,1,0,1,0,0,1,0,0,1,0,1,16,1,5,0.625,4,3,1,1,1,0,0,1,""
146,"100","UKRN01","Yes","Year 1","4","Psychology","Female","20","UKRN",2,2,1,1,-1,1,0,0,-1,1,-2,1,1,1,-2,1,-2,2,0,2,2,-1,1,-2,1,1,1,1,1,1,1,1,1,0,0,0,0,0,0,0,0,2,0.125,5,0.625,8,0,1,1,0,0,0,0,""
670,"100","UNI11","No","Year 2","3","BSc psychology ","Female ","22","Non-UKRN",2,1,1,1,1,1,1,1,-2,-1,-1,2,2,-2,1,-1,2,0,0,1,-1,1,-1,0,0,1,0,0,1,1,0,0,0,0,1,1,0,0,1,1,1,7,0.4375,0,0,3,5,1,0,0,0,0,1,"No"
52,"100","UNI06","Yes","Year 1","4","Psychology BSc","female","19","Non-UKRN",2,1,1,1,0,1,0,2,1,1,-1,1,2,0,0,2,-1,1,1,1,1,-2,1,0,1,1,1,1,1,1,1,0,1,0,0,0,0,0,0,1,0,11,0.6875,4,0.5,7,1,1,1,1,1,1,1,""
311,"100","UNI58","No","Final Year","3","BSc Psychology","Female","21","Non-UKRN",2,2,2,1,2,2,2,1,-1,1,-2,-1,2,2,1,-2,-1,2,2,2,2,-1,1,1,1,1,1,0,1,0,0,0,0,0,0,1,0,1,1,1,1,11,0.6875,10,1.25,3,5,0,NA,NA,0,0,1,""
243,"100","UNI73","No","Final Year","3","Criminology & Psychology","Female","21","Non-UKRN",2,1,1,1,1,1,1,2,1,0,1,-1,1,1,-1,-1,-1,2,2,2,2,-1,-1,1,1,1,0,0,1,1,0,1,1,0,1,1,0,0,1,0,0,8,0.5,8,1,5,3,0,NA,NA,0,0,1,""
497,"98","UNI75","Other (Please specify)","Year 2","3","Psychology ","Female ","20","Non-UKRN",2,-1,-1,1,-1,1,1,-1,-1,1,-2,1,2,1,1,-1,-1,1,0,1,1,-2,1,1,1,1,0,1,0,0,0,0,1,0,1,0,1,1,1,1,0,0,0,4,0.5,3,5,0,NA,NA,0,0,1,""
701,"100","UNI80","No","Year 2","3","Psychology","Female","20","Non-UKRN",2,2,2,1,1,0,1,2,1,1,-2,-1,1,2,-1,-1,-1,1,1,2,-1,-1,-1,1,1,1,1,0,1,1,0,1,0,0,0,1,0,0,1,0,1,8,0.5,3,0.375,5,3,1,1,1,0,0,1,"It is often difficult to distinguish reputable research, particularly as so much reasurch accepts the findings as gospel, common knowledge or ""classic"" ""foundation"" studies."
660,"100","UNI11","No","Year 1","3","Forensic investigative psychology","Female","29","Non-UKRN",2,1,2,-1,1,1,1,1,-1,0,0,2,1,1,-1,-1,-1,2,0,1,1,-2,-1,1,0,1,0,1,0,0,1,0,1,1,0,1,0,0,1,0,1,6,0.375,2,0.25,4,4,1,1,0,0,0,1,""
152,"100","UKRN01","Yes","Year 1","4","Psychology","female","18","UKRN",2,1,2,1,1,1,1,2,2,2,1,0,1,-1,-1,-1,0,2,2,2,-1,0,1,0,2,1,1,1,1,1,1,1,0,0,0,0,0,0,0,0,1,12,0.75,8,1,7,1,0,NA,NA,1,1,1,""
335,"100","UNI10","Yes","Year 2","4","Psychology ","Female ","21","Non-UKRN",2,1,0,1,0,1,0,1,0,2,-2,1,2,1,0,0,-1,1,1,1,0,-1,0,1,0,0,0,1,0,0,0,1,1,0,0,1,0,0,0,0,0,7,0.4375,3,0.375,3,1,0,NA,NA,0,0,1,""
485,"100","UNI19","No","Year 1","3","Psychology","Female","20","Non-UKRN",2,1,1,-1,-1,0,0,1,0,1,1,1,2,0,1,-1,-2,1,0,1,1,-2,0,0,0,1,1,1,1,1,1,1,1,0,0,0,0,0,0,0,0,4,0.25,1,0.125,8,0,1,1,1,1,0,0,""
150,"100","UKRN08","Yes","Year 2","4","Psychology ","Female","23","UKRN",2,1,1,1,-1,0,1,1,1,1,-1,1,2,1,1,-1,-1,1,1,-1,1,-1,-1,1,1,1,0,1,1,0,0,0,1,0,0,1,0,0,0,0,0,8,0.5,2,0.25,4,1,1,1,0,0,1,1,""
238,"100","UNI73","No","Final Year","3","BSc Psychology","Female","20","Non-UKRN",2,1,2,-2,-2,0,0,1,0,-1,-2,0,2,1,2,0,-1,0,0,1,0,1,1,0,0,1,0,0,1,0,0,0,1,0,0,1,0,0,0,1,0,1,0.0625,3,0.375,3,2,1,1,1,0,1,0,""
1,"100","UKRN08","No","Final Year","3","Psychology BSc","Female","20","UKRN",2,1,2,2,2,2,2,1,-1,1,-1,2,2,2,2,-1,-1,2,2,-2,2,-1,1,2,1,1,1,1,1,0,1,1,1,1,1,1,1,0,0,1,1,17,1.0625,7,0.875,7,6,1,1,0,1,1,1,""
60,"100","UKRN08","Yes","Year 1","3","BSc Criminology with Psychology","Female","18","UKRN",2,1,1,1,-1,-1,-1,1,1,-1,-2,1,1,1,1,-1,-1,1,1,2,1,-1,-1,1,1,1,1,0,0,0,1,0,1,0,0,1,0,0,0,0,0,1,0.0625,5,0.625,4,1,1,1,1,0,1,0,""
36,"100","UKRN01","Yes","Year 1","4","psychology","female","19","UKRN",2,2,0,0,0,1,1,2,0,1,0,1,2,1,-1,-1,-1,-1,0,1,0,-1,0,-1,0,1,1,0,0,1,1,1,1,0,0,1,1,0,0,0,0,8,0.5,-2,-0.25,6,2,0,NA,NA,0,0,1,""
408,"100","UNI19","No","Year 1","3","BSc Psychology","Female","19","Non-UKRN",2,1,1,-1,1,0,0,1,0,-2,-2,2,2,0,2,-1,-2,2,0,1,0,-2,0,2,0,0,0,0,1,0,0,0,1,1,0,1,0,0,1,0,0,2,0.125,3,0.375,2,3,1,1,1,0,0,1,"This is very interesting to think about and I think all undergraduates should be taught this material."
349,"100","UNI08","No","Year 2","3","Psychology (BSc, Undergraduate)","female","35","Non-UKRN",2,1,2,1,1,1,1,1,1,0,1,2,2,1,2,-1,-1,2,1,2,1,1,1,1,1,1,1,1,1,1,1,1,1,1,0,1,1,1,1,0,1,15,0.9375,10,1.25,8,6,1,1,1,1,1,1,"I am very grateful to my professors and lecturers for informing their students of these issues, teaching about methodological issues, reserach ethics, and making it part of the discussion in reserach methods classes.  "
182,"100","UKRN01","Yes","Year 1","4","Psychology","Female","19","UKRN",2,1,2,0,2,-1,0,-1,-1,1,0,1,2,1,2,-2,-1,1,2,0,1,-2,-1,1,0,0,0,1,0,1,0,0,1,0,0,0,0,0,0,0,0,6,0.375,2,0.25,3,0,0,NA,NA,0,0,1,""
394,"100","UKRN01","Yes","Year 1","4","Psychology ","Female ","20","UKRN",2,1,1,0,-2,1,1,1,1,-1,-1,-1,2,0,-1,-1,-1,1,0,2,-1,-2,1,0,1,0,0,1,0,0,0,0,1,0,0,0,0,0,0,0,0,0,0,2,0.25,2,0,0,NA,NA,0,0,0,""
507,"100","UNI06","Yes","Year 2","4","Psychology BSc (Hons)","Male","21","Non-UKRN",2,2,0,1,1,1,1,2,1,1,-2,1,1,0,-1,0,-1,1,1,1,-1,-1,1,1,1,1,1,0,0,0,0,1,0,0,0,1,1,1,1,0,1,8,0.5,4,0.5,3,5,0,NA,NA,1,0,1,""
612,"100","UNI19","No","Year 1","3","Psychology ","Female ","19","Non-UKRN",2,1,1,0,1,1,0,1,1,0,1,1,2,0,2,-2,0,0,0,0,-1,-1,1,0,1,1,0,1,0,1,0,0,1,1,0,0,0,0,0,0,1,10,0.625,0,0,4,2,1,1,1,1,0,0,""
130,"100","UKRN08","No","Year 2","3","<Psychology with Criminology","female","20","UKRN",2,2,2,1,1,0,1,1,1,1,2,1,1,2,1,2,-1,2,2,2,2,-1,2,2,1,1,1,1,1,1,1,1,1,1,0,1,0,0,1,0,1,18,1.125,12,1.5,8,4,1,1,1,0,0,1,""
654,"100","UNI11","No","Year 2","3","Psychology with criminology ","Female","20","Non-UKRN",2,1,2,1,1,1,1,2,2,1,1,1,2,0,1,-1,-1,2,2,2,1,-2,-2,1,1,1,0,1,1,0,1,0,1,0,1,0,0,1,0,1,0,15,0.9375,5,0.625,5,3,1,1,1,0,0,1,""
161,"100","UKRN08","Yes","Year 1","4","Psychology with criminology","female","20","UKRN",2,1,1,0,1,1,0,1,0,1,-1,2,1,1,-2,-1,-1,1,0,1,0,-2,-1,1,1,1,1,1,0,0,1,0,1,1,1,1,0,0,1,0,0,5,0.3125,1,0.125,5,4,1,1,1,1,0,1,""
504,"100","UNI06","Yes","Year 2","4","BSc Psychology and Business","Female","21","Non-UKRN",2,1,0,1,1,1,1,2,1,2,0,1,0,1,-1,1,1,1,1,1,1,1,1,1,1,0,1,0,1,1,0,1,1,1,0,1,0,0,1,0,0,13,0.8125,8,1,5,3,0,NA,NA,0,0,0,""
452,"98","UNI10","No","Year 2","3","Psychology and Criminology BsC","Female","19","Non-UKRN",2,1,1,0,1,1,2,-1,2,1,1,1,1,0,0,0,0,-1,-1,1,-1,1,1,0,0,0,0,1,0,0,0,0,1,0,0,1,0,0,0,0,0,11,0.6875,0,0,2,1,0,NA,NA,0,0,1,"To many of the questions, I found myself saying “that should be their choice”. "
658,"100","UNI11","No","Final Year","3","Psychology","Female ","21","Non-UKRN",2,1,1,1,0,0,0,1,2,1,1,2,1,1,1,0,0,1,1,1,1,0,0,0,1,1,1,1,1,1,1,0,1,0,0,0,0,0,0,1,0,13,0.8125,5,0.625,7,1,1,1,0,0,0,1,""
59,"100","UKRN08","Yes","Year 2","3","Psychology","Female","21","UKRN",2,2,1,0,-1,0,1,1,0,0,-1,1,1,1,-1,-1,-1,2,1,1,-1,-1,-1,1,1,1,0,1,1,0,0,0,1,0,0,0,0,0,0,0,0,3,0.1875,3,0.375,4,0,1,1,0,1,1,1,""
329,"100","UNI10","No","Year 1","3","Forensic Psychology","Female","18","Non-UKRN",2,1,1,1,-1,1,1,1,1,2,-2,1,2,2,-2,-1,-1,-1,-1,-1,-2,-1,-1,1,1,1,0,1,0,0,1,1,1,0,1,0,1,1,0,0,0,7,0.4375,-5,-0.625,5,3,1,0,0,0,0,1,""
290,"100","UNI50","No","Year 1","3","Psychology with Forensics","female","18","Non-UKRN",2,2,1,0,0,0,1,1,0,-1,-1,2,2,0,-1,-2,-1,1,0,-2,-2,-2,0,1,1,1,0,1,0,0,1,0,1,0,0,1,0,0,1,0,0,3,0.1875,-3,-0.375,4,2,0,NA,NA,0,0,1,""
718,"100","UNI64","No","Year 2","3","Criminal Investigation with Forensic Psychology","Female","21","Non-UKRN",2,1,0,-1,1,1,1,1,-1,1,-1,1,0,1,-1,-1,0,1,1,0,0,-1,0,-1,1,1,1,0,1,1,1,1,1,0,0,1,0,0,0,0,0,3,0.1875,1,0.125,7,1,0,NA,NA,0,0,1,""
80,"100","UKRN08","No","Year 1","3","Bsc Psychology","Female","19","UKRN",2,2,2,0,0,-1,1,2,1,1,1,1,2,0,-1,-1,-1,1,1,-2,-1,-1,0,1,1,0,0,1,0,0,1,0,1,0,0,1,0,0,1,0,0,9,0.5625,0,0,3,2,1,1,0,0,0,0,""
287,"100","UNI50","No","Year 1","3","Psychology with Clinical Psychology (BSc)","Female ","18","Non-UKRN",2,2,2,0,2,-1,1,2,1,2,1,2,2,1,-1,-2,-1,2,1,2,-1,-1,2,1,1,0,0,0,0,0,0,0,1,0,0,0,0,0,0,0,0,13,0.8125,7,0.875,1,0,0,NA,NA,0,0,0,""
589,"100","UNI06","No","Year 1","3","Psychology ","Female","18","Non-UKRN",2,1,1,1,-1,1,0,1,-1,1,1,1,0,1,-1,-1,-1,1,0,1,1,-2,0,1,-1,1,0,1,0,0,1,0,1,0,1,0,1,1,0,1,0,4,0.25,1,0.125,4,4,0,NA,NA,0,1,1,""
158,"100","UKRN01","No","Year 1","3","Psychology","Female","19","UKRN",2,0,1,-1,-1,0,-1,-1,1,-1,-2,1,2,-1,2,-1,-1,1,-1,-1,-1,-2,-1,2,-1,1,0,0,0,1,0,0,1,0,1,1,1,0,1,0,0,-3,-0.1875,-4,-0.5,3,4,1,1,0,1,0,1,""
127,"100","UKRN01","Yes","Year 1","4","Psychology BSc","Female","19","UKRN",2,2,1,1,1,1,1,2,2,-2,-1,-1,1,0,-1,-1,-2,2,1,1,1,-2,-1,-1,1,1,1,1,1,1,0,1,1,0,0,0,0,0,1,0,0,4,0.25,2,0.25,7,1,0,NA,NA,0,0,1,""
672,"100","UNI80","Yes","Year 2","4","Psychology","Female","20","Non-UKRN",2,1,1,0,2,1,1,1,0,1,2,1,2,2,2,-1,-1,1,1,1,1,0,0,1,1,1,0,1,1,0,1,0,1,0,0,0,0,0,0,0,0,15,0.9375,6,0.75,5,0,1,1,1,0,0,1,"N/A"
725,"71","UNI64","No","Final Year","3","Psychology (Forensic & Psychopathology)","female ","21","Non-UKRN",2,2,2,2,-1,1,0,2,2,2,-2,1,2,2,-1,1,-1,2,1,2,-1,-2,1,1,0,1,1,0,1,1,1,1,1,0,0,1,0,0,0,0,0,14,0.875,4,0.5,7,1,1,NA,NA,NA,NA,NA,""
186,"100","UNI06","Yes","Final Year","4","Psychology","Female","22","Non-UKRN",2,2,1,0,0,0,1,1,-1,1,-1,1,2,1,0,-1,-1,1,1,1,-1,0,1,0,1,1,0,0,0,0,1,0,1,0,0,1,1,0,0,0,0,6,0.375,4,0.5,3,2,1,0,1,1,1,1,""
548,"100","UNI06","Yes","Year 1","4","Psychology and Business Bsc","Female","18","Non-UKRN",2,2,-1,0,-1,1,1,2,1,2,-1,1,2,2,0,1,0,2,1,0,-1,-2,-1,0,1,1,1,1,1,1,1,1,1,0,0,1,0,0,1,0,1,12,0.75,0,0,8,3,0,NA,NA,0,0,1,""
227,"98","UNI06","Yes","Final Year","4","Psychology BSc with Placement Year ","female","21","Non-UKRN",2,1,1,1,1,1,2,1,1,1,2,1,2,2,1,0,-1,1,1,2,2,1,1,1,1,1,1,1,1,0,1,1,1,0,0,0,1,0,0,0,0,17,1.0625,10,1.25,7,1,1,1,1,1,1,1,"Learning about the reproducibility crisis/ open science -  not sure if the course has changed now, but for final years this was just through lecturers at aston e.g. Ed, Charlotte Hartwright, Jason etc. etc. mentioning it as we were doing other modules, there is an optional final year module on this too, also a group of us have had the chance to participate in a consortium project this year"
201,"100","UNI09","Yes","Year 1","4","Psychology","Female","18","Non-UKRN",2,-1,-1,-2,2,2,2,2,1,2,-2,-1,-1,0,0,-2,2,2,2,2,0,1,1,2,2,0,0,0,0,1,0,1,0,1,1,1,1,0,1,0,1,3,0.1875,12,1.5,2,6,0,NA,NA,0,1,1,""
694,"100","UNI80","No","Year 2","3","Psychology with clinical psychology ","Female ","20","Non-UKRN",2,1,-1,0,1,1,0,1,0,1,-2,1,2,1,1,-1,-1,1,0,-1,-2,-2,-1,1,0,1,1,0,1,1,1,0,0,0,0,1,0,0,0,1,1,5,0.3125,-4,-0.5,5,3,1,1,1,0,1,1,""
299,"100","UNI08","No","Year 2","3","BSc in Psychology","Female","39","Non-UKRN",2,0,1,0,2,1,1,2,1,1,1,2,2,2,2,-1,1,2,2,1,-2,0,1,1,1,1,0,0,0,1,0,1,0,0,1,1,1,0,0,0,1,18,1.125,6,0.75,3,4,1,1,1,0,0,1,""
671,"100","UNI80","No","Final Year","3","Psychology ","Female ","23","Non-UKRN",2,2,1,0,1,2,1,2,2,1,1,2,1,0,-1,-1,-1,1,-1,1,1,-1,-1,1,-1,1,1,1,1,1,1,1,1,0,1,1,1,0,1,0,0,13,0.8125,0,0,8,4,1,1,NA,0,1,1,""
533,"100","UNI06","No","Year 2","3","psychology Bsc single honours ","female","20","Non-UKRN",2,1,2,-1,1,1,-1,1,1,1,-2,2,0,-1,-1,-2,0,-1,1,1,-1,-2,-2,0,1,1,1,0,0,1,0,1,0,0,0,1,1,0,1,0,1,2,0.125,-3,-0.375,4,4,0,NA,NA,1,0,1,""
151,"100","UKRN08","Yes","Year 1","3","Criminology with Psychology","Female ","18","UKRN",2,2,1,1,-1,1,0,1,1,1,0,2,-1,1,-1,0,-1,2,0,1,-1,-1,0,1,1,0,0,1,1,1,0,1,0,1,1,0,0,0,1,0,1,7,0.4375,3,0.375,4,4,1,1,1,0,1,1,""
47,"100","UKRN01","Yes","Placement Year","4","BSc Psychology","Female","20","UKRN",2,2,1,1,1,1,1,1,0,0,0,1,2,0,0,-1,-1,1,1,0,0,-1,0,2,2,0,1,0,1,1,0,1,1,1,0,1,0,0,1,0,0,9,0.5625,5,0.625,5,3,1,0,0,0,0,0,"Research content such as 'replication crisis' does not receive much focus, perhaps until final year of undergraduate degree (whilst completing dissertation)."
40,"100","UKRN01","Yes","Placement Year","4","psychology bsc","female","21","UKRN",2,2,2,2,0,2,1,2,1,2,1,2,2,2,-1,1,-2,2,2,1,1,-2,1,2,-2,0,0,1,1,0,1,1,1,0,0,0,0,0,0,1,0,19,1.1875,5,0.625,5,1,1,1,1,1,1,1,"/"
505,"100","UNI06","No","Year 2","3","Psychology BSc","Female ","21","Non-UKRN",2,0,1,1,0,1,0,1,1,1,0,2,1,0,0,-1,0,1,0,1,0,-1,1,1,1,1,0,1,0,0,1,1,1,0,0,0,0,0,0,0,0,8,0.5,4,0.5,5,0,0,NA,NA,1,0,1,""
156,"100","UKRN08","No","Year 2","3","Psychology BSc","Female","19","UKRN",2,1,1,1,0,0,0,2,1,2,-2,1,2,2,1,-1,-1,1,0,1,1,-1,1,1,1,0,0,0,1,0,0,1,1,1,1,1,0,1,1,0,0,10,0.625,5,0.625,3,5,1,1,0,0,1,1,""
206,"100","UNI09","No","Final Year","3","Psychology","Female","21","Non-UKRN",2,2,2,1,2,0,0,1,-1,-1,-1,-1,2,1,1,-1,0,1,-1,1,0,-2,1,-1,0,0,0,1,1,0,0,0,1,0,0,0,0,0,0,0,0,7,0.4375,-1,-0.125,3,0,0,NA,NA,1,0,0,""
550,"100","UNI06","Yes","Year 2","4","Psychology and business ","Female ","19","Non-UKRN",2,0,1,0,0,0,1,1,1,0,0,1,0,1,0,-1,-1,1,0,1,-1,-1,1,-1,1,1,1,0,1,1,0,1,1,0,0,1,0,0,1,0,0,4,0.25,1,0.125,6,2,0,NA,NA,0,0,0,""
649,"100","UNI06","No","Year 1","3","Psychology ","Female ","19","Non-UKRN",2,1,1,-1,-1,2,2,1,1,1,1,1,1,1,-1,1,1,-2,-1,1,1,-1,1,1,1,1,1,1,0,0,1,0,1,0,0,0,1,1,0,1,1,12,0.75,1,0.125,5,4,0,NA,NA,0,0,0,""
446,"100","UNI19","Yes","Year 1","3","BSc Psychology","Female","19","Non-UKRN",2,2,2,1,-1,-1,0,2,2,2,-2,0,1,1,-2,-1,-1,1,0,2,-1,-1,-1,-1,-1,1,0,1,0,1,0,0,1,0,1,0,1,0,1,1,0,5,0.3125,-2,-0.25,4,4,0,NA,NA,0,0,0,""
220,"100","UKRN01","Yes","Year 2","4","Psychology ","Female ","19","UKRN",2,1,1,0,-2,0,1,1,1,0,0,1,2,1,2,1,1,-1,-2,-1,-2,2,1,0,0,0,0,1,1,0,1,1,1,1,1,0,0,1,0,0,0,11,0.6875,-3,-0.375,5,3,0,NA,NA,0,0,1,""
668,"100","UNI80","Yes","Final Year","4","Psychology with applied clinical psychology","female","22","Non-UKRN",2,2,2,1,1,2,1,2,1,2,-2,1,2,1,1,-1,-2,2,2,2,1,-2,-1,2,2,1,0,1,1,0,0,0,1,0,1,0,0,1,1,1,0,14,0.875,8,1,4,4,1,1,1,1,0,1,""
217,"100","UKRN01","Yes","Placement Year","4","Bsc Psychology","Female","20","UKRN",2,2,1,1,1,1,0,0,-1,1,-1,1,1,1,1,0,-1,1,1,0,-1,-1,-1,1,1,0,1,1,0,0,0,1,1,0,0,0,0,0,0,0,0,8,0.5,1,0.125,4,0,1,1,1,0,0,1,""
488,"98","UNI75","No","Final Year","3","BSc Applied Psychology ","Female","33","Non-UKRN",2,1,2,1,1,-1,-1,1,1,1,-2,2,2,1,2,-2,-2,2,1,1,-1,-1,0,1,1,0,0,1,0,1,0,0,1,0,0,0,0,0,0,0,0,7,0.4375,4,0.5,3,0,1,0,1,0,0,1,"The concept of sharing data freely is not all that black and white. I do believe if intending to replicate, review or meta-analyses then yes, you should get access. The issue with making it public is that even anonymised there is an element of data protection breach with raw data, which still belongs to the contributor- unless they have given permission for others to use it, you can’t really share it. Particularly if this a qualitative study. "
684,"100","UNI11","No","Final Year","3","BSc Psychology","Female","21","Non-UKRN",2,1,2,1,2,1,-1,2,2,-1,-2,1,2,1,1,-1,-1,2,1,2,2,1,1,1,1,1,1,1,1,0,1,1,1,0,0,1,0,0,0,1,0,10,0.625,11,1.375,7,2,1,1,1,1,1,1,"I think students should be taught where to access open research papers, so that after their course they can continue to access academic sources and continue learning about topics that interest them. "
16,"100","UKRN08","Other (Please specify)","Year 1","3","Psychology","Woman","21","UKRN",2,1,1,1,-1,2,1,2,1,-1,-1,1,2,1,1,-2,-1,1,1,1,1,-1,0,2,1,1,1,1,1,0,1,0,1,1,1,1,0,0,0,0,0,8,0.5,6,0.75,6,3,1,1,1,0,0,1,""
398,"100","UNI62","No","Year 2","3","psychological and behavioural sciences","male","19","Non-UKRN",2,1,2,0,2,0,1,2,1,1,0,1,2,1,1,-1,-1,1,1,1,1,-2,1,1,0,1,1,1,1,1,0,1,1,0,0,0,0,0,1,0,0,13,0.8125,4,0.5,7,1,1,1,1,1,1,1,""
131,"100","UKRN08","No","Year 2","3","Psychology","Female ","19","UKRN",2,2,2,1,2,0,0,2,1,2,2,2,2,1,2,-1,-1,2,2,1,2,-2,1,2,0,1,1,1,1,1,1,1,1,0,0,0,0,0,0,0,0,19,1.1875,8,1,8,0,1,1,1,1,1,1,""
486,"100","UNI19","No","Year 1","3","Psychology","Female","18","Non-UKRN",2,1,1,0,0,1,0,0,0,0,-1,1,2,0,1,0,-1,1,0,-1,0,-2,-2,1,0,0,0,1,0,1,1,0,0,0,0,1,0,1,0,0,0,5,0.3125,-3,-0.375,3,2,0,NA,NA,0,0,0,""
147,"100","UKRN01","No","Year 2","3","Psychology BSc","Female","19","UKRN",2,1,2,1,-1,1,1,1,-1,0,1,2,2,1,-1,-2,-1,-1,-1,2,-1,-1,-1,1,-1,0,0,1,0,1,1,0,1,0,0,1,0,0,1,0,1,7,0.4375,-3,-0.375,4,3,1,1,1,0,0,1,""
593,"100","UNI06","No","Year 1","3","BSc Psychology","male","19","Non-UKRN",2,1,1,0,-1,1,2,1,0,2,1,-1,2,-1,-1,0,2,-1,0,1,2,0,1,-1,0,1,1,1,0,0,1,0,1,1,0,1,0,0,1,0,0,9,0.5625,2,0.25,5,3,0,NA,NA,0,0,1,""
519,"100","UNI06","No","Year 2","3","BSc Psychology","Female","22","Non-UKRN",2,2,2,0,0,2,2,2,1,2,1,2,-1,2,-2,1,-2,1,-2,1,-2,-2,-1,1,1,1,1,0,1,0,0,0,0,0,0,1,0,1,1,1,1,14,0.875,-3,-0.375,3,5,1,0,0,0,0,1,""
252,"100","UKRN01","Other (Please specify)","Placement Year","3","Psychology","Female","20","UKRN",2,2,2,2,2,2,2,2,-1,-1,1,2,2,0,1,-1,0,2,2,2,-1,0,0,1,2,0,1,1,1,0,1,1,1,0,1,1,0,0,0,1,0,17,1.0625,8,1,6,3,1,1,0,0,1,1,""
76,"100","UKRN08","Yes","Year 2","4","Psychology with Criminology","Female","19","UKRN",2,2,1,0,1,1,2,1,-1,1,-1,2,1,2,1,0,-1,1,-1,1,1,-1,1,1,1,1,1,1,1,1,1,0,1,0,1,1,0,0,1,0,0,12,0.75,4,0.5,7,3,1,1,1,0,1,1,""
346,"100","UNI74","No","Year 1","2","psychology ","male ","26","Non-UKRN",2,2,1,2,2,2,2,1,-2,2,2,-1,1,2,-1,-1,-2,2,2,2,2,-2,2,-2,2,0,0,1,0,0,1,0,0,0,0,1,0,0,1,0,0,12,0.75,8,1,2,2,0,NA,NA,0,0,1,""
592,"100","UNI06","No","Year 1","3","Psychology","female","21","Non-UKRN",2,1,2,0,1,1,1,2,1,1,0,0,2,1,1,0,0,-2,1,1,1,0,0,0,0,1,0,1,0,0,0,0,1,0,0,1,0,0,0,0,1,14,0.875,1,0.125,3,2,1,1,1,0,1,1,""
134,"100","UKRN08","Yes","Placement Year","4","BSC (HONS) PSYCHOLOGY","Female","24","UKRN",2,2,2,0,2,2,0,2,2,2,2,1,2,0,2,-1,-2,2,2,2,1,0,2,0,0,1,0,0,1,0,0,0,1,0,0,0,0,0,0,0,0,18,1.125,9,1.125,3,0,1,1,1,1,1,0,"Journal access is relevant to undergrads. and it's important to learn that there could be other reasons why a paper is/is not published"
487,"100","UNI19","Yes","Year 1","3","Psychology BSC","female","19","Non-UKRN",2,2,2,1,-2,2,1,2,-1,2,1,2,2,-1,1,-1,-2,-1,-1,-1,-1,-2,1,-1,1,1,1,1,1,1,1,1,1,0,0,0,0,0,0,0,0,11,0.6875,-5,-0.625,8,0,1,1,1,0,0,0,""
681,"100","UNI11","No","Year 1","3","psychology with criminology ","female","19","Non-UKRN",2,1,1,1,-1,-1,1,1,-1,1,1,1,2,-1,-1,-1,1,1,-1,1,-1,1,1,1,1,0,0,1,0,0,0,0,1,0,0,1,0,0,0,0,1,5,0.3125,4,0.5,2,2,1,1,1,0,0,1,""
423,"43","UNI50","No","Year 1","3","Education and Psychology","F","25","Non-UKRN",2,NA,NA,NA,NA,NA,NA,NA,NA,NA,NA,NA,NA,NA,NA,NA,NA,NA,NA,NA,NA,NA,NA,NA,NA,0,0,0,0,0,0,0,0,0,0,0,0,0,0,0,0,NA,NA,NA,NA,0,0,NA,NA,NA,NA,NA,NA,""
183,"100","UNI06","Yes","Placement Year","3","Psychology BSc","Female","20","Non-UKRN",2,2,2,0,1,0,0,1,1,-1,-2,1,1,0,0,-2,-2,0,-1,2,-1,-2,-2,0,1,1,0,1,0,1,1,0,1,0,0,1,0,0,0,0,1,2,0.125,-3,-0.375,5,2,0,NA,NA,1,0,1,""
683,"100","UNI11","No","Final Year","3","Psychology and Child Development","Female","21","Non-UKRN",2,1,1,0,-1,1,1,1,1,-2,0,1,1,0,1,-1,-1,1,2,1,1,-1,1,1,1,1,0,1,0,0,1,0,1,0,0,1,0,0,0,0,1,4,0.25,7,0.875,4,2,0,NA,NA,0,0,1,""
496,"100","UNI64","No","Year 2","3","Psychology ","Female ","19","Non-UKRN",2,0,1,-1,2,2,2,2,2,1,-2,-1,2,1,0,1,-1,1,1,2,-2,-1,1,0,2,1,0,1,0,0,0,0,1,0,1,0,1,1,1,1,0,11,0.6875,4,0.5,3,5,0,NA,NA,0,0,1,""
653,"100","UNI11","No","Final Year","3","Psychology and child development ","Female","21","Non-UKRN",2,2,2,1,0,0,1,2,1,1,-2,2,2,1,1,-1,-2,2,2,-2,-2,-2,-2,2,1,0,0,1,0,0,0,1,1,0,0,1,0,0,0,1,0,11,0.6875,-1,-0.125,3,2,0,NA,NA,0,0,0,""
621,"100","UNI06","Yes","Year 1","4","Psychology and Sociology","female","19","Non-UKRN",2,2,1,1,1,1,1,1,1,0,1,1,1,0,1,-1,-1,1,1,1,-1,-1,0,1,1,0,0,0,1,1,1,1,0,1,1,1,0,0,0,0,1,11,0.6875,3,0.375,4,4,1,1,0,1,1,1,""
301,"100","UNI50","No","Final Year","3","Psychology with Forensic Psychology","Female","20","Non-UKRN",2,2,1,1,-1,1,0,2,1,0,-1,0,2,2,-1,-1,-1,1,-1,2,1,-1,-1,1,1,1,1,0,0,1,1,0,1,0,0,1,1,0,0,1,0,7,0.4375,3,0.375,5,3,1,1,1,0,0,1,""
369,"100","UNI74","No","Year 2","2","Psychology","Female","21","Non-UKRN",2,-1,-1,1,0,1,0,1,2,1,1,-1,2,0,0,0,-1,1,-1,0,0,-1,-1,-1,1,0,0,1,0,0,0,1,1,0,0,0,0,0,0,0,0,5,0.3125,-2,-0.25,3,0,0,NA,NA,0,0,1,""
528,"100","UNI06","Yes","Year 2","4","Psychology BSc","female","20","Non-UKRN",2,1,2,1,2,2,2,2,2,2,-2,1,2,2,-1,-2,-2,2,2,1,2,-2,1,0,2,1,0,1,0,0,0,1,1,0,0,0,0,0,0,0,0,14,0.875,8,1,4,0,0,NA,NA,0,0,1,""
170,"100","UKRN08","No","Year 1","4","Psychology with Foundation Year","Female","19","UKRN",2,2,2,0,1,1,1,1,1,1,1,1,1,0,-1,-1,0,1,1,1,0,1,1,0,1,1,1,1,1,0,0,0,0,0,0,0,0,0,1,0,1,11,0.6875,6,0.75,4,2,0,NA,NA,0,0,1,""
440,"100","UNI75","Yes","Placement Year","3","BSc Applied Psychology","Female","24","Non-UKRN",2,-1,0,1,1,0,0,1,2,-1,-2,2,2,0,-1,-1,1,1,1,1,0,-1,0,2,0,0,1,1,1,1,1,0,1,0,0,1,0,0,1,0,1,4,0.25,4,0.5,6,3,0,NA,NA,0,0,1,""
91,"100","UKRN01","No","Year 2","3","Psychology","Female","19","UKRN",2,2,2,1,0,1,-1,2,1,1,0,1,-1,1,-2,1,0,1,1,1,-2,-2,1,0,1,0,0,0,0,0,0,0,1,0,0,0,0,0,0,0,1,9,0.5625,1,0.125,1,1,0,NA,NA,0,0,1,""
68,"100","UKRN08","No","Year 1","3","Criminology with psychology ","female","28","UKRN",2,1,1,-1,-1,0,1,1,-1,1,0,2,2,1,-1,0,1,0,-1,1,-2,0,1,1,1,0,0,0,0,0,0,0,1,0,0,0,0,0,0,0,0,7,0.4375,1,0.125,1,0,0,NA,NA,0,1,1,""
204,"100","UNI09","No","Year 2","3","Psychology ","Female ","19","Non-UKRN",2,1,0,2,1,0,0,2,2,1,0,1,2,1,1,-1,-2,1,0,1,-2,-2,-1,0,1,1,1,1,0,0,1,0,1,0,1,1,0,0,0,0,0,11,0.6875,-2,-0.25,5,2,0,NA,NA,0,0,1,""
590,"100","UNI06","Yes","Year 2","4","psychology bsc sandwitch","Male","22","Non-UKRN",2,0,0,0,-1,0,1,0,-1,1,0,0,0,0,-2,0,0,1,0,0,0,-1,1,0,-2,0,0,0,0,0,0,0,0,0,0,0,0,0,0,0,0,-2,-0.125,-1,-0.125,0,0,0,NA,NA,0,0,0,""
591,"100","UNI06","Yes","Year 2","4","bsc psychology, sandwitch","Male","22","Non-UKRN",2,0,0,0,0,0,0,0,0,0,0,0,0,0,0,0,0,0,0,0,0,0,0,0,0,0,0,0,1,0,0,0,0,0,0,0,0,0,0,0,0,0,0,0,0,1,0,0,NA,NA,0,0,0,"no"
179,"100","UNI06","Yes","Final Year","4","Psychology","Female ","22","Non-UKRN",2,1,1,0,1,0,0,1,-1,1,-2,-1,1,1,1,0,0,1,1,1,-1,1,1,1,1,1,1,1,1,1,1,1,1,0,0,1,1,0,0,0,0,4,0.25,6,0.75,8,2,1,1,0,1,1,1,""
561,"100","UNI06","Yes","Year 1","4","Psychology BSC","Female ","19","Non-UKRN",2,2,1,0,-2,-1,1,2,0,2,-2,1,1,0,1,-1,-2,-1,1,-1,-1,-1,1,-1,1,1,1,1,1,1,1,0,1,0,0,0,0,0,0,0,0,3,0.1875,-2,-0.25,7,0,1,1,0,1,1,1,""
13,"100","UKRN08","No","Year 2","3","BSc(Hons) Psychology","Male","25","UKRN",2,1,2,1,1,2,2,2,2,2,1,1,1,1,1,1,1,2,1,2,1,1,1,1,1,1,1,1,1,1,1,1,1,0,0,0,0,0,0,0,0,22,1.375,10,1.25,8,0,1,1,1,1,1,1,""
680,"100","UNI11","No","Final Year","3","Psychology ","Female","21","Non-UKRN",2,1,1,0,1,1,1,1,1,1,-2,1,2,1,1,-1,1,1,1,-1,2,0,0,-1,1,0,0,0,0,0,0,0,0,0,0,1,0,0,1,0,1,11,0.6875,3,0.375,0,3,0,NA,NA,0,0,1,""
171,"100","UKRN01","Yes","Year 2","4","UG Psychology","Female","20","UKRN",2,2,1,0,1,0,0,1,1,1,1,1,-1,1,-2,-1,0,2,1,1,-1,-1,0,-1,1,1,1,1,1,1,1,0,1,0,0,1,1,0,1,0,1,6,0.375,2,0.25,7,4,0,NA,NA,1,0,1,""
203,"100","UNI09","No","Final Year","3","PSYCHOLOGY","FEMALE","24","Non-UKRN",2,1,1,1,1,1,1,0,-1,2,1,2,1,1,-1,0,-1,1,1,0,1,1,1,1,1,0,0,1,0,0,0,1,1,0,0,1,0,0,0,0,0,10,0.625,7,0.875,3,1,0,NA,NA,0,0,1,"was difficult to know which answer i really felt was right in my own opinion, havent been taught about any of this before, interesting and important issues"
11,"100","UKRN01","No","Year 1","3","Psychology","Female","19","UKRN",2,2,1,1,0,1,0,1,1,1,-1,1,1,-1,-2,-1,-1,0,0,1,-1,-1,0,1,0,1,1,1,1,0,1,0,1,0,1,1,0,0,0,0,0,4,0.25,0,0,6,2,0,NA,NA,0,0,1,""
253,"100","UNI73","No","Final Year","3","Psychology","Female","22","Non-UKRN",2,2,1,1,0,0,-1,0,-1,0,-2,1,1,1,1,-1,-2,2,1,0,1,-1,-1,1,-1,1,0,0,1,0,0,1,1,0,0,0,1,0,0,0,0,1,0.0625,2,0.25,4,1,1,1,1,0,1,1,""
512,"100","UNI06","Other (Please specify)","Year 2","3","Psychology BSc","Female","20","Non-UKRN",2,2,0,1,-1,0,0,1,-1,2,-1,1,2,0,1,-1,-2,2,1,-1,-1,-2,0,0,-1,0,1,1,0,0,0,1,1,0,0,1,0,0,0,0,1,4,0.25,-2,-0.25,4,2,0,NA,NA,1,1,1,""
169,"100","UKRN08","Yes","Year 2","3","Psychology ","MALE","20","UKRN",2,2,0,1,2,2,2,2,2,2,-2,1,2,2,-1,-2,-2,0,0,1,-2,-2,-2,2,0,1,1,1,1,0,1,0,1,0,0,0,0,1,0,1,0,13,0.8125,-3,-0.375,6,2,1,1,1,1,1,1,""
722,"88","UNI64","No","Year 1","4","BSc (Hons) Psychology (Counselling & Mental Health)","Female","28","Non-UKRN",2,1,1,1,1,1,2,2,0,1,-2,-1,2,0,-1,-1,-2,2,2,1,-1,-2,-1,-1,0,0,1,1,0,0,0,0,1,0,0,0,0,0,0,0,0,5,0.3125,0,0,3,0,0,NA,NA,0,0,1,""
628,"100","UNI06","No","Year 1","3","Psychology ","female ","20","Non-UKRN",2,1,-1,1,-1,1,-1,1,-1,1,-1,1,-1,1,-1,1,-1,1,0,1,-1,-1,0,0,1,1,1,1,1,0,0,1,1,0,0,0,0,0,1,0,0,0,0,1,0.125,6,1,0,NA,NA,0,0,1,""
462,"86","UNI10","No","Year 2","3","Psychology ","Female ","20","Non-UKRN",2,1,1,1,1,1,0,-1,-1,1,1,1,1,1,-1,1,1,1,1,1,1,1,1,1,1,0,0,1,0,0,1,0,1,0,0,1,0,0,0,0,1,9,0.5625,8,1,3,2,0,NA,NA,0,0,1,""
189,"100","UKRN01","Yes","Placement Year","4","Psychology BSc","Female ","22","UKRN",2,-1,2,0,-1,1,1,1,1,2,-1,-1,2,1,1,-1,-1,-1,2,1,2,2,-1,1,1,0,0,1,0,0,0,1,1,0,0,1,0,0,0,1,1,6,0.375,7,0.875,3,3,1,0,1,0,0,0,"I would actually really like to know the answers to any questions asked in this study to see if i did understand them and if not, so i then do understand them :) "
29,"100","UNI06","Yes","Year 1","3","Psychology ","Female","20","Non-UKRN",2,1,2,1,2,1,2,0,0,2,2,1,2,2,-1,1,0,2,1,1,1,-1,1,1,1,1,1,1,1,1,1,1,1,0,0,0,0,0,0,0,0,18,1.125,7,0.875,8,0,1,1,0,1,1,1,""
631,"100","UNI19","No","Year 1","3","Psychology","woman","18","Non-UKRN",2,2,1,1,1,1,1,2,-2,2,1,1,2,1,-1,0,0,1,0,1,1,-1,-2,-1,1,0,1,0,0,0,1,0,0,1,0,1,0,0,0,0,1,13,0.8125,0,0,2,3,0,NA,NA,0,0,1,""
39,"100","UKRN08","No","Year 2","3","Psychology","Female","43","UKRN",2,2,1,1,0,0,0,1,-1,2,1,2,2,2,-1,1,1,1,1,2,1,-1,1,0,0,0,0,1,1,0,0,1,1,0,0,1,0,0,0,0,0,14,0.875,5,0.625,4,1,1,1,1,1,1,1,""
21,"100","UKRN08","Yes","Year 2","3","Psychology with Criminology","Female","20","UKRN",2,1,2,-1,0,0,0,0,0,0,1,1,1,1,1,-1,1,1,1,0,1,-1,0,1,0,1,1,0,1,1,1,1,1,0,0,1,0,0,0,0,1,7,0.4375,3,0.375,7,2,1,1,0,0,0,1,""
650,"100","UNI79","No","Year 2","3","Psychology","Female","20","Non-UKRN",2,2,2,2,2,0,0,2,-1,1,-2,1,2,0,2,-1,0,1,0,2,-1,0,1,0,0,0,0,0,0,0,0,0,1,0,0,0,0,0,0,0,1,12,0.75,3,0.375,1,1,1,0,1,0,0,1,""
564,"100","UNI06","Yes","Year 2","4","Psychology BSc","Female","19","Non-UKRN",2,2,-1,1,0,0,1,1,0,-1,0,2,1,2,-1,0,0,1,0,1,1,-1,0,1,1,1,1,0,0,0,0,0,1,0,0,0,0,0,0,0,0,7,0.4375,4,0.5,3,0,0,NA,NA,0,0,1,""
117,"100","UKRN01","Yes","Year 1","4","Psychology BSc ","Female","18","UKRN",2,1,1,1,-1,0,0,0,-1,0,-1,0,1,1,0,0,-1,2,1,1,0,0,1,-1,0,0,0,1,0,0,1,0,1,0,0,1,0,0,1,0,1,1,0.0625,4,0.5,3,3,0,NA,NA,0,0,1,""
110,"100","UKRN08","No","Year 2","3","psychology ","female","20","UKRN",2,2,1,0,1,1,2,2,1,1,-2,2,2,1,-2,-1,-1,1,1,2,0,-2,0,2,1,1,0,0,1,0,0,1,1,0,0,1,0,0,0,0,0,10,0.625,5,0.625,4,1,1,1,1,0,0,1,""
65,"100","UKRN08","Other (Please specify)","Year 1","3","(BSc) Psychology","Female","27","UKRN",2,1,1,1,0,0,0,0,-1,2,1,0,2,1,0,0,-1,1,1,0,1,-2,0,1,0,0,0,0,1,0,0,0,0,0,0,1,0,0,1,0,1,7,0.4375,2,0.25,1,3,1,1,1,0,1,1,""
656,"100","UNI11","No","Year 1","3","BCs Psychology with Criminology ","Female ","19","Non-UKRN",2,2,1,0,1,-1,-1,1,1,1,-1,-1,2,0,1,1,-2,2,1,-1,-1,-2,1,1,0,0,0,1,0,0,0,1,0,0,0,0,0,0,0,0,1,5,0.3125,1,0.125,2,1,1,1,0,0,0,1,""
669,"100","UNI80","No","Final Year","3","BSc Psychology Hons ","Female ","20","Non-UKRN",2,2,2,0,2,0,2,2,1,-2,-2,2,2,1,2,0,-2,2,2,2,2,-1,2,2,1,0,0,1,1,0,0,1,1,0,0,1,1,0,0,0,0,12,0.75,12,1.5,4,2,1,1,1,1,1,1,""
626,"100","UNI19","No","Year 1","3","psychology","male","18","Non-UKRN",2,2,-1,1,-1,-1,1,-1,-1,2,1,1,1,0,-1,1,-1,2,1,1,1,-1,1,1,0,0,0,1,0,0,1,0,1,1,1,0,1,1,0,1,0,3,0.1875,6,0.75,3,5,0,NA,NA,0,1,1,""
160,"100","UKRN01","Yes","Year 1","4","Psychology BSc","Female","19","UKRN",2,2,2,0,-2,-2,-2,-1,-1,-1,1,1,1,1,-1,-1,-2,2,-1,1,-1,-1,-1,0,-1,1,0,1,1,0,0,0,1,0,0,0,0,0,0,0,0,-5,-0.3125,-2,-0.25,4,0,0,NA,NA,1,0,1,""
266,"100","UNI73","No","Final Year","3","Psychology ","Female ","22","Non-UKRN",2,1,2,2,2,2,2,2,2,2,2,1,1,1,-1,0,-2,2,2,2,2,-1,2,1,1,1,1,1,1,0,1,1,1,1,0,1,1,0,1,1,1,19,1.1875,11,1.375,7,6,1,1,0,1,1,1,""
645,"100","UNI79","No","Year 1","3","Psychological Counselling","Female","49","Non-UKRN",2,2,2,1,1,1,1,2,1,1,1,-1,2,0,1,0,0,1,1,2,-1,0,0,1,1,1,1,1,0,0,1,0,0,0,0,1,0,0,1,0,0,15,0.9375,5,0.625,4,2,1,1,0,0,0,1,""
232,"100","UNI06","Other (Please specify)","Year 2","3","BSc Psychology","male","20","Non-UKRN",2,1,2,1,0,-1,1,-1,-1,2,1,2,2,0,-1,-1,-2,2,1,1,0,-1,1,2,-1,1,1,0,0,1,0,0,1,0,0,1,0,0,1,0,0,5,0.3125,5,0.625,4,2,0,NA,NA,0,0,1,""
638,"100","UNI06","Yes","Year 1","4","Psychology","Female","19","Non-UKRN",2,2,1,0,2,1,0,1,0,2,1,2,2,1,1,-1,0,1,1,1,1,-1,1,1,0,1,1,1,0,0,1,0,1,0,0,0,1,1,0,1,0,15,0.9375,5,0.625,5,3,1,1,1,0,1,1,""
118,"100","UKRN01","Other (Please specify)","Year 1","3","psychology","male","19","UKRN",2,1,1,0,1,0,1,0,0,1,1,1,1,1,1,1,1,1,1,1,-1,0,1,0,-1,1,0,1,0,0,1,1,1,0,0,0,0,0,0,0,0,12,0.75,2,0.25,5,0,0,NA,NA,1,0,1,""
418,"100","UNI10","No","Year 2","3","Psychology ","Female","19","Non-UKRN",2,1,1,1,-1,1,1,1,2,-1,-1,2,2,2,-2,0,-1,1,-2,2,1,2,1,1,1,1,1,0,1,1,0,1,0,0,0,1,0,0,1,0,1,8,0.5,7,0.875,5,3,0,NA,NA,0,1,1,""
721,"100","UNI58","Yes","Year 2","3","psychology with criminology","female","21","Non-UKRN",2,2,2,1,1,-1,0,1,1,1,1,0,2,1,1,-2,-2,1,1,1,1,-1,1,0,1,1,1,1,0,0,0,1,1,0,0,0,0,0,0,0,0,9,0.5625,5,0.625,5,0,0,NA,NA,0,0,1,""
351,"100","UKRN01","Yes","Year 2","4","Psychology","Female","19","UKRN",2,2,1,2,1,1,0,2,-2,1,-1,0,1,1,-2,-1,-1,1,1,2,-1,-1,1,0,1,1,1,1,1,0,0,1,1,0,0,0,0,0,0,0,0,5,0.3125,4,0.5,6,0,1,1,1,0,0,1,""
291,"100","UNI50","No","Year 1","3","Psychology with clinical psychology ","female","19","Non-UKRN",2,1,1,1,-1,1,0,1,0,1,0,1,1,1,0,0,-1,0,-1,1,-1,-1,1,1,1,1,1,1,0,0,1,0,1,0,1,1,0,0,0,0,1,7,0.4375,1,0.125,5,3,0,NA,NA,0,0,1,""
422,"86","UNI50","No","Final Year","3","BSc Psychology (Hons)","Male","22","Non-UKRN",2,2,2,2,2,1,0,2,1,2,0,1,2,0,1,-2,-1,2,2,2,1,-1,2,1,2,1,1,1,1,1,0,1,1,1,1,1,0,0,0,1,1,15,0.9375,11,1.375,7,5,1,1,1,1,0,1,""
588,"100","UNI06","Yes","Year 2","4","Psychology Bsc Hons ","female ","19","Non-UKRN",2,1,2,0,0,1,0,1,0,0,0,1,0,1,-1,-1,0,1,0,0,-1,-1,0,1,0,1,1,1,1,1,1,1,1,0,0,1,0,0,1,0,1,5,0.3125,0,0,8,3,0,NA,NA,0,0,0,""
711,"100","UNI06","Yes","Year 1","4","Psychology and Business","female","19","Non-UKRN",2,2,1,2,-1,1,2,2,2,1,0,1,0,1,-2,1,-1,0,-1,1,-2,-1,1,2,0,1,1,1,1,1,1,1,1,1,0,1,1,0,0,0,1,12,0.75,0,0,8,4,0,NA,NA,0,1,1,""
336,"100","UNI74","No","Final Year","3","Psychology and English Literature ","Female ","21","Non-UKRN",2,1,1,1,1,1,1,1,0,1,-1,1,2,0,0,-1,-1,1,1,1,-2,-1,-1,1,1,1,0,0,0,0,0,0,0,0,0,1,0,0,1,1,1,8,0.5,1,0.125,1,4,1,1,1,1,0,1,""
501,"98","UNI58","No","Year 1","3","Psychology Bsc (hons)","Female","19","Non-UKRN",2,2,2,0,0,2,0,2,0,2,-2,2,2,0,-2,0,-2,1,1,1,1,-1,0,0,0,1,1,1,1,1,1,1,0,0,0,0,0,0,0,0,1,8,0.5,3,0.375,7,1,1,1,0,0,0,1,""
413,"100","UNI19","No","Year 1","3","Psychology","Female","18","Non-UKRN",2,2,1,1,1,1,1,2,2,1,1,0,2,-1,-2,0,-1,1,1,1,1,-1,0,1,1,1,1,1,1,1,1,1,1,1,1,1,0,0,0,0,1,11,0.6875,5,0.625,8,4,1,1,0,0,0,1,""
215,"100","UKRN01","Yes","Year 2","4","BSc Psychology ","Female","19","UKRN",2,2,1,0,2,-1,1,2,2,1,1,0,1,0,0,1,-1,1,1,1,0,0,0,-1,1,1,1,0,0,1,0,0,0,0,0,1,1,0,1,1,1,12,0.75,3,0.375,3,5,1,1,0,0,1,1,""
652,"100","UNI11","No","Year 1","3","BSc Forensic Investigative Psychology","Non-binary ","20","Non-UKRN",2,2,1,1,2,0,1,1,1,1,2,1,2,1,1,-1,-2,1,1,0,1,-1,0,1,0,1,1,0,1,1,0,1,1,0,0,1,0,0,1,0,0,14,0.875,3,0.375,6,2,1,1,1,1,0,1,"I find it funny that the attempts to tackle the replication crisis (more transparency, pre-registration of hypotheses, etc) don't tackle the source of the problem. They'll only lead to people cheating more elaborately, they don't do anything about the underlying issues. "
545,"64","UNI64","Yes","Year 1","3","Criminology and Psychology","female","18","Non-UKRN",2,-1,0,1,-1,-1,1,1,1,1,-1,1,-1,1,-1,-1,-1,1,1,1,1,-1,1,NA,NA,1,1,1,0,0,0,0,0,0,0,0,1,1,1,1,1,-1,-0.0625,NA,NA,3,5,NA,NA,NA,NA,NA,NA,""
536,"98","UNI64","No","Final Year","3","Psychology (forensic and psychopathology) ","Female","21","Non-UKRN",2,1,2,1,2,1,0,2,-1,2,1,1,2,1,1,-1,-1,-1,1,1,-1,-1,1,2,1,0,0,1,0,0,0,1,1,0,0,0,0,0,0,0,0,14,0.875,3,0.375,3,0,0,NA,NA,0,0,1,""
367,"100","UNI19","No","Final Year","3","Psychology ","Female ","22","Non-UKRN",2,1,1,1,1,0,0,2,1,-2,-1,1,1,0,1,-1,-2,2,1,0,-1,-1,-1,2,1,0,0,0,0,0,0,1,1,0,0,1,1,0,0,0,0,4,0.25,3,0.375,2,2,1,1,1,0,0,0,""
155,"100","UKRN08","No","Year 1","3","Psychology","Female","20","UKRN",2,1,1,1,2,1,1,2,2,2,2,1,1,2,-1,-1,-1,2,1,2,2,-1,-1,1,1,1,1,1,1,0,1,0,1,0,0,0,0,1,0,1,0,16,1,7,0.875,6,2,1,1,0,0,0,1,""
269,"100","UNI73","No","Year 2","3","Psychology","Female","40","Non-UKRN",2,2,1,1,1,0,1,2,2,2,2,0,2,1,2,-1,-1,1,1,2,0,-1,1,0,-1,1,0,1,0,1,0,0,1,0,0,0,0,0,0,0,0,17,1.0625,3,0.375,4,0,1,1,1,0,1,1,""
187,"100","UNI06","Yes","Year 2","4","business and psychology","male","20","Non-UKRN",2,1,-2,1,-1,1,0,1,-2,1,-2,1,-2,0,-2,1,0,1,-1,-1,1,-1,-1,-1,0,1,1,1,1,1,1,1,1,0,0,0,0,0,1,0,0,-4,-0.25,-3,-0.375,8,1,0,NA,NA,0,0,0,""
255,"100","UNI73","Yes","Year 1","4","Psychology Bsc","Male","24","Non-UKRN",2,2,2,1,1,0,0,-1,-1,1,-1,0,1,1,-2,-1,-2,2,1,-2,-2,1,1,0,1,0,1,1,0,0,1,0,1,0,0,1,0,0,1,0,0,1,0.0625,2,0.25,4,2,1,1,0,1,0,1,""
74,"100","UKRN01","Yes","Year 1","4","Psychology BSc","Female","19","UKRN",2,2,2,-2,-2,-1,-1,-1,-1,-1,1,1,2,-1,-1,-2,-2,2,-2,0,-2,-2,-1,1,-1,0,0,1,1,0,1,0,1,0,0,1,1,0,1,0,0,-7,-0.4375,-5,-0.625,4,3,0,NA,NA,0,0,1,""
142,"100","UKRN08","No","Year 2","3","psychology with criminology","male","19","UKRN",2,2,2,0,-1,0,1,1,0,0,-1,1,2,0,-2,-1,-2,1,1,-2,-2,-2,0,1,0,1,0,1,1,0,1,1,1,0,1,0,0,1,0,0,0,2,0.125,-3,-0.375,6,2,1,1,1,0,0,1,""
585,"100","UNI06","Yes","Year 1","4","Psychology and Business BSc","Male","18","Non-UKRN",2,2,2,-1,2,1,2,2,2,2,1,2,2,1,2,-1,-1,2,1,1,1,-2,0,-2,2,1,1,0,1,1,0,1,0,0,0,1,0,0,1,0,1,20,1.25,3,0.375,5,3,1,1,0,0,0,1,""
93,"100","UKRN08","No","Year 1","3","Criminology and psychology ","Female","21","UKRN",2,1,1,1,1,2,2,1,1,1,2,1,2,2,-1,-1,-2,2,2,0,-2,-1,0,2,0,0,0,1,1,0,1,0,1,0,0,0,0,0,1,0,0,14,0.875,3,0.375,4,1,1,1,0,0,0,1,""
692,"100","UNI11","No","Year 1","3","(BSc) Psychology","Female","19","Non-UKRN",2,1,1,-1,1,1,1,1,1,1,1,-1,1,0,0,-1,-1,-1,-1,1,-1,-1,-1,0,1,1,0,1,1,0,1,0,1,0,0,0,0,0,0,0,0,6,0.375,-3,-0.375,5,0,1,1,0,0,0,1,""
659,"100","UNI11","No","Year 2","3","Forensic investigative Psychology","Male","19","Non-UKRN",2,1,1,1,2,2,1,2,1,2,1,0,2,1,1,1,2,2,2,2,2,-1,1,0,0,0,0,0,0,0,0,0,1,1,1,1,1,1,1,1,0,21,1.3125,8,1,1,7,1,0,0,1,0,1,""
365,"100","UNI62","No","Final Year","3","Psychological and behavioural science","Female","23","Non-UKRN",2,2,2,2,2,1,1,1,1,2,2,2,2,1,2,-1,-1,2,2,1,2,-1,1,2,2,0,0,1,1,0,1,1,1,0,0,0,0,0,0,1,0,21,1.3125,11,1.375,5,1,1,1,1,0,0,1,""
132,"100","UKRN08","Yes","Year 1","4","Psychology BSc (Hons)","Female","21","UKRN",2,2,1,1,2,2,2,2,2,2,2,1,2,2,2,-2,-2,2,2,2,2,-1,1,1,2,1,1,1,1,0,1,0,1,0,0,1,0,0,0,0,0,21,1.3125,11,1.375,6,1,1,1,0,1,1,1,""
184,"100","UKRN01","Yes","Year 2","3","psychology","male","19","UKRN",2,2,1,-1,-1,-1,1,-1,-1,0,0,1,2,0,-1,-1,1,2,-1,-1,0,0,1,1,0,1,1,1,1,1,1,0,1,1,0,1,0,0,1,0,0,1,0.0625,2,0.25,7,3,0,NA,NA,1,0,1,""
629,"100","UNI19","No","Year 1","3","psychology","female","18","Non-UKRN",2,0,-1,1,-1,1,0,1,0,0,-1,0,-1,1,-1,1,0,1,-1,1,-1,-1,-1,1,-1,1,1,1,0,0,0,0,1,0,0,0,1,1,1,1,0,0,0,-2,-0.25,4,4,1,1,0,0,0,1,""
506,"100","UNI06","Yes","Year 2","4","Psychology and Marketing","Female","20","Non-UKRN",2,0,1,1,1,1,1,1,-1,1,0,1,0,0,-1,0,1,1,0,1,0,1,1,0,1,1,1,1,1,1,1,1,1,1,0,0,0,0,0,0,0,7,0.4375,5,0.625,8,1,0,NA,NA,1,0,1,""
289,"100","UNI50","No","Final Year","3","Psychology with clinical psychology ","Female ","20","Non-UKRN",2,2,2,0,1,1,1,1,1,-1,-1,1,2,0,-1,-1,-1,-1,1,1,-1,-1,-1,1,1,0,0,1,0,0,0,0,1,0,0,1,0,0,0,0,0,7,0.4375,0,0,2,1,0,NA,NA,0,0,1,""
419,"100","UNI19","Yes","Year 1","3","psychology ","female","19","Non-UKRN",2,2,1,1,1,0,1,0,0,0,1,1,0,0,1,0,-1,1,0,-1,0,-1,0,1,0,0,0,1,0,0,0,0,1,0,0,0,0,0,0,0,0,8,0.5,0,0,2,0,1,1,0,0,0,0,""
53,"100","UKRN08","Yes","Year 2","4","Psychology Single Honours (BSc) ","Male","20","UKRN",2,1,1,1,-1,-1,0,-1,-1,0,0,1,1,1,2,-2,-1,0,-1,1,1,0,0,1,1,1,1,1,1,0,1,0,1,0,0,0,0,0,0,0,0,1,0.0625,3,0.375,6,0,1,1,1,0,0,1,""
584,"100","UNI06","Yes","Year 1","3","Psychology","Female","19","Non-UKRN",2,1,2,2,2,2,1,2,2,2,2,0,2,0,2,-1,-1,2,2,2,1,-1,2,1,2,1,0,1,1,0,0,0,1,1,0,1,0,0,0,0,1,20,1.25,11,1.375,4,3,1,1,0,0,1,1,""
641,"100","UNI79","No","Year 2","3","Psychology ","Female","20","Non-UKRN",2,1,2,1,2,2,2,2,1,2,-2,-1,1,1,2,-1,-2,1,2,2,-2,-2,-1,1,0,1,1,0,0,1,0,0,0,0,0,1,0,0,1,0,1,13,0.8125,1,0.125,3,3,0,NA,NA,1,0,1,""
661,"100","UNI11","No","Final Year","3","Psychology","Female","21","Non-UKRN",2,1,1,1,1,1,1,2,1,1,0,1,1,0,-1,1,0,2,1,2,0,-1,-1,-1,1,0,0,1,0,0,1,0,1,1,1,0,1,1,0,1,0,12,0.75,3,0.375,3,5,0,NA,NA,0,0,1,""
167,"100","UKRN01","Yes","Year 1","4","Psychology ","Female","19","UKRN",2,2,2,-1,1,1,1,1,1,1,-1,-1,2,0,2,-2,-1,1,-2,1,-2,-1,0,-1,1,1,1,0,0,0,0,0,1,0,0,1,1,0,1,0,0,8,0.5,-3,-0.375,3,3,0,NA,NA,0,0,1,""
193,"100","UNI06","No","Year 2","3","Psychology","Female","20","Non-UKRN",2,1,2,-1,2,-1,1,0,-1,-2,0,1,2,1,-1,-2,-2,-1,-1,1,-2,-2,-1,1,1,0,0,1,0,0,1,0,0,0,0,1,0,0,1,0,0,0,0,-4,-0.5,2,2,0,NA,NA,0,0,1,""
601,"100","UNI06","Yes","Year 1","4","Business and Psychology","Female","19","Non-UKRN",2,2,1,1,-1,0,-1,1,1,2,1,1,2,1,-1,0,-1,2,2,2,2,-1,-1,2,2,1,1,0,1,1,1,1,1,0,0,1,0,0,0,0,0,9,0.5625,10,1.25,7,1,1,1,1,1,1,1,""
636,"100","UNI06","Yes","Year 1","4","Psychology and Marketing ","Female ","19","Non-UKRN",2,1,1,1,2,2,0,2,2,2,2,2,2,1,-1,0,-2,2,1,1,-1,-1,1,2,1,1,1,1,0,0,1,0,1,0,0,0,0,0,0,0,0,17,1.0625,6,0.75,5,0,1,1,0,0,1,1,""
56,"100","UKRN08","No","Year 2","3","Psychology with Criminology","Female","19","UKRN",2,2,2,1,1,1,1,1,1,1,1,2,1,1,1,-1,-2,1,1,2,2,-2,0,2,1,0,0,1,1,1,0,1,1,0,0,0,0,0,0,0,0,14,0.875,7,0.875,5,0,1,1,1,0,0,1,""
405,"100","UKRN01","Yes","Year 2","4","Psychology","Female","20","UKRN",2,1,1,1,-1,1,1,2,2,1,-1,1,1,1,-1,1,-1,1,1,1,-1,-1,1,-1,0,1,0,1,1,0,1,0,1,0,1,0,0,1,0,1,0,10,0.625,1,0.125,5,3,1,0,0,0,0,1,"no"
107,"100","UKRN01","Yes","Year 2","4","Psychology","Female","19","UKRN",2,-1,1,1,1,1,1,1,1,1,1,2,2,1,-1,1,-1,-2,-2,-1,-1,-1,-1,1,1,1,1,1,1,1,1,1,1,0,0,0,0,0,0,0,0,12,0.75,-6,-0.75,8,0,0,NA,NA,0,1,1,""
479,"100","UNI19","No","Year 1","3","Psychology ","Female ","19","Non-UKRN",2,1,0,0,2,2,0,2,2,0,0,0,0,-2,2,0,-2,0,0,0,0,0,0,0,0,0,0,0,0,0,0,0,0,1,1,1,1,1,1,1,1,7,0.4375,0,0,0,8,0,NA,NA,0,0,0,""
37,"100","UKRN08","No","Year 2","3","Psychology","Female","25","UKRN",2,1,1,2,0,0,0,2,0,1,-2,1,2,2,2,1,-1,1,-1,2,1,1,1,0,0,1,1,1,1,0,0,1,1,0,0,1,0,0,0,0,0,12,0.75,5,0.625,6,1,1,1,1,1,1,1,"N/A"
608,"100","UNI19","No","Year 1","3","Psychology","Male","18","Non-UKRN",2,1,1,0,0,1,1,2,1,1,-1,-1,1,0,-1,0,-1,1,1,1,1,-1,0,0,0,0,0,0,0,0,0,0,0,0,0,1,0,0,1,0,1,5,0.3125,3,0.375,0,3,0,NA,NA,0,0,1,""
685,"100","UNI11","No","Final Year","3","BSc Psychology","Female","22","Non-UKRN",2,1,1,2,1,2,1,2,2,1,1,1,2,1,1,1,-1,2,2,2,2,-1,1,1,1,1,1,1,1,0,1,1,1,1,1,1,0,0,1,1,1,19,1.1875,10,1.25,7,6,1,1,1,1,1,1,""
510,"100","UNI06","Yes","Year 1","4","Psychology BSc","Male","18","Non-UKRN",2,2,1,1,1,1,0,2,1,1,-1,2,2,0,-2,-1,-1,1,-1,1,-1,-2,0,2,1,1,0,1,0,0,1,0,1,1,0,0,0,0,0,0,1,9,0.5625,1,0.125,4,2,1,1,1,0,0,1,""
415,"86","UNI06","Yes","Year 2","4","Psychology BSc","female","19","Non-UKRN",2,1,1,-1,-1,1,1,1,-1,-1,-1,1,0,2,-2,-1,-1,1,-1,1,1,1,-1,-1,1,0,0,0,0,0,0,0,0,0,0,1,1,1,1,0,1,-1,-0.0625,2,0.25,0,5,0,NA,NA,0,0,1,""
416,"100","UNI58","No","Year 1","3","Psychology","Male","19","Non-UKRN",2,2,1,1,1,2,1,2,1,2,1,1,2,0,-1,0,0,2,1,1,-1,-1,0,1,1,0,0,1,1,1,0,0,0,1,1,0,0,0,0,1,1,16,1,4,0.5,3,4,1,0,0,0,0,1,""
457,"88","UNI10","No","Final Year","3","Psychology ","Female","22","Non-UKRN",2,1,2,0,1,1,1,1,-1,1,-1,0,2,0,-1,-1,-1,1,0,1,-2,-1,-1,1,1,1,1,1,0,1,1,0,1,0,0,0,1,0,0,1,0,5,0.3125,0,0,6,2,0,NA,NA,0,0,1,""
454,"48","UNI10","No","Final Year","3","BSc Psychology ","Female","21","Non-UKRN",2,2,2,1,-1,-1,1,2,1,1,-1,1,2,-1,-1,-1,-2,NA,NA,NA,NA,NA,NA,NA,NA,1,0,1,1,0,0,1,1,0,1,0,0,1,1,0,0,5,0.3125,NA,NA,5,3,NA,NA,NA,NA,NA,NA,""
4,"100","UKRN08","No","Year 2","3","Psychology","Female","23","UKRN",2,1,2,1,2,1,1,2,1,1,1,2,2,0,1,-2,-1,1,1,2,2,0,2,1,0,1,1,1,1,1,1,1,1,1,1,0,1,0,0,1,0,15,0.9375,9,1.125,8,4,1,1,1,1,1,1,""
531,"98","UNI64","No","Year 1","3","Psychology ","Female","19","Non-UKRN",2,2,1,-1,0,1,1,1,-1,1,1,2,2,1,-1,-1,1,-2,-2,0,-1,-1,1,-2,-1,0,1,1,1,1,0,0,0,1,0,0,0,0,1,1,1,10,0.625,-8,-1,4,4,1,1,NA,1,1,1,""
121,"98","UKRN01","Yes","Year 1","4","Psychology","Female","19","UKRN",2,1,1,-1,1,1,1,1,1,0,-1,-1,2,0,-1,-1,0,-1,-1,1,-1,-1,1,1,1,1,1,1,1,1,1,1,1,0,0,0,0,0,0,0,0,4,0.25,0,0,8,0,0,NA,NA,1,0,1,""
598,"100","UNI06","Yes","Year 2","4","psychology","female","20","Non-UKRN",2,2,0,0,0,1,2,2,-1,-1,0,1,2,0,0,-1,-2,1,0,1,-1,-1,0,0,2,1,1,1,1,1,1,1,1,0,0,0,0,0,0,0,0,5,0.3125,2,0.25,8,0,0,NA,NA,0,0,0,""
207,"100","UKRN01","Yes","Year 2","4","BSc Psychology UG","Male","19","UKRN",2,1,1,0,0,0,1,1,0,1,-2,2,2,-1,2,-1,-1,0,0,1,-1,-1,1,1,1,0,0,1,1,0,1,0,1,0,0,1,1,0,1,0,0,6,0.375,2,0.25,4,3,0,NA,NA,0,0,1,""
292,"100","UNI50","No","Year 2","3","Psychology BSc (Hons)","female","20","Non-UKRN",2,2,2,2,2,1,2,2,2,2,1,1,2,2,1,-2,-2,2,2,2,2,-2,-2,-1,2,1,1,1,1,1,1,1,1,1,0,1,0,0,0,0,1,20,1.25,5,0.625,8,3,1,1,1,1,1,1,""
679,"100","UNI80","No","Year 1","3","Psychology with Forensic Psychology","Female","19","Non-UKRN",2,2,2,0,2,0,0,0,-1,1,2,2,2,0,1,-2,-1,-1,0,-2,-1,1,-1,1,0,0,0,1,0,0,0,0,1,0,0,0,0,0,0,0,0,10,0.625,-3,-0.375,2,0,0,NA,NA,0,0,1,""
3,"100","UKRN08","No","Final Year","3","Psychology","Female","28","UKRN",2,2,1,0,1,2,1,1,0,1,-1,2,2,2,2,-1,-1,2,1,1,-1,-1,-1,2,1,1,1,1,1,1,1,1,1,0,0,1,1,0,0,0,0,14,0.875,4,0.5,8,2,1,1,1,1,1,1,""
64,"100","UKRN08","No","Year 2","3","Psychology with Criminology ","Female ","25","UKRN",2,1,2,0,2,0,0,1,0,1,2,1,2,1,0,-1,1,1,1,1,1,-1,-1,1,0,0,0,1,1,0,0,0,1,0,0,1,0,0,0,0,1,13,0.8125,3,0.375,3,2,1,1,1,1,1,1,""
208,"100","UNI09","No","Year 2","3","Psychology with clinical and health psychology","Male","19","Non-UKRN",2,2,2,2,2,2,2,2,2,2,-2,1,2,2,2,-2,-1,2,2,2,1,-1,2,2,2,0,0,0,0,0,0,0,0,0,0,1,1,1,0,1,1,20,1.25,12,1.5,0,5,1,0,1,0,0,1,""
518,"100","UNI06","Yes","Year 2","4","Psychology BSc","female","19","Non-UKRN",2,-1,2,1,1,1,1,2,-1,1,1,-2,2,-1,1,-1,-2,2,1,1,-1,-2,0,-2,-1,0,0,1,0,0,1,0,1,0,0,1,0,0,1,0,1,5,0.3125,-2,-0.25,3,3,0,NA,NA,0,0,1,""
125,"100","UKRN08","No","Year 2","3","Psychology with Criminology","Female","21","UKRN",2,2,1,1,1,2,1,2,1,2,2,1,2,0,2,0,-1,-1,1,1,2,-1,0,2,-1,1,1,1,1,0,1,1,0,0,0,1,0,1,0,0,1,19,1.1875,3,0.375,6,3,1,1,1,0,0,1,""
404,"100","UNI10","Yes","Year 1","4","Forensic Psychology","Female","19","Non-UKRN",2,1,1,1,-1,1,1,2,1,1,-2,2,2,1,-2,0,-1,2,-1,-1,-1,1,-1,1,-1,1,0,1,0,0,0,0,1,0,0,0,0,0,0,0,1,8,0.5,-1,-0.125,3,1,0,NA,NA,0,0,0,""
49,"100","UKRN08","No","Year 1","3","BSC Criminology with Psychology","Male","23","UKRN",2,1,1,1,-1,2,1,0,-1,1,1,2,1,1,-2,0,1,-1,-1,1,1,1,1,1,0,1,1,0,1,0,0,0,0,0,0,1,0,1,1,1,1,9,0.5625,3,0.375,3,5,1,1,1,0,1,1,""
461,"86","UNI10","No","Year 1","3","Forensic Psychology","Female","18","Non-UKRN",2,2,2,0,1,1,2,2,2,2,1,0,2,0,-1,-2,-1,2,1,2,-1,0,1,0,1,0,1,0,0,0,0,0,0,0,0,1,0,0,0,0,1,13,0.8125,6,0.75,1,2,0,NA,NA,0,0,1,""
195,"100","UNI09","No","Year 1","3","Psychology","Female","18`","Non-UKRN",2,2,1,1,-2,1,1,0,-1,2,1,1,2,2,-1,1,1,1,1,1,1,-1,1,1,1,1,0,1,0,0,1,0,1,1,0,1,0,0,1,0,1,12,0.75,6,0.75,4,4,0,NA,NA,0,0,1,""
264,"100","UNI73","No","Year 1","3","Psychology, Clinical and Cognitive Neuroscience","Female","26","Non-UKRN",2,2,2,1,1,-1,1,1,-1,1,-1,2,2,1,-1,1,-2,-1,-1,-1,-2,-2,-2,2,-2,0,0,0,0,0,0,0,1,0,0,1,0,0,0,0,0,9,0.5625,-9,-1.125,1,1,1,1,1,0,0,1,""
597,"100","UNI06","Yes","Year 1","3","Bsc Psychology","female ","19","Non-UKRN",2,2,1,0,-1,1,2,2,1,2,0,2,1,1,-1,2,0,2,1,1,1,-1,0,0,1,1,0,0,1,0,0,1,1,0,0,1,0,0,0,0,0,15,0.9375,5,0.625,4,1,1,1,0,1,1,0,""
19,"100","UKRN08","Yes","Year 2","4","BSc Psychology","Female","19","UKRN",2,1,0,1,1,0,1,1,1,-1,0,1,2,0,0,-1,0,1,1,-1,0,0,1,1,0,0,0,1,1,0,1,0,1,0,0,1,1,0,0,0,0,7,0.4375,3,0.375,4,2,1,1,1,0,0,0,""
627,"100","UNI19","No","Year 1","3","psychology","female","19","Non-UKRN",2,1,0,1,1,2,2,2,1,2,2,1,-1,0,-2,-1,-1,1,1,0,0,-1,-1,1,1,1,1,1,1,1,1,1,1,0,0,0,0,0,0,0,0,10,0.625,2,0.25,8,0,1,1,NA,0,0,0,""
425,"95","UNI50","No","Year 1","3","Psychology ","Female","56","Non-UKRN",2,-1,1,0,-2,0,1,2,2,2,-2,2,2,1,1,0,1,-1,1,2,1,-1,-1,1,1,0,0,1,1,0,1,0,1,0,0,0,0,0,0,0,0,10,0.625,3,0.375,4,0,0,NA,NA,0,0,1,""
309,"100","UNI50","No","Year 1","3","Psychology with Forensic Psychology","Female","35","Non-UKRN",2,2,2,1,2,1,2,1,1,1,1,1,2,1,1,-1,1,2,2,2,-1,0,1,1,1,0,0,0,0,0,0,0,1,0,0,0,0,0,0,0,0,19,1.1875,8,1,1,0,0,NA,NA,0,0,1,""
492,"100","UNI64","No","Year 1","3","Forensic psychology and psychopathology","Female","19","Non-UKRN",2,2,2,1,0,1,0,2,-1,1,1,1,2,1,0,1,-2,1,1,0,-2,-2,1,-1,1,1,1,0,1,1,0,1,0,0,0,1,0,0,1,0,1,12,0.75,-1,-0.125,5,3,1,0,0,0,0,1,"I enjoyed this. Thanks. Hope you get the results you were hoping for. "
465,"100","UNI19","No","Year 1","3","Psychology ","Female","20","Non-UKRN",2,1,2,-2,-1,-1,-1,1,2,-1,1,2,2,0,1,-2,0,1,0,-1,1,1,1,2,-1,0,0,0,0,0,0,0,1,0,0,0,0,0,0,0,0,4,0.25,4,0.5,1,0,1,1,1,0,0,0,""
562,"100","UNI06","Yes","Year 1","3","Psychology with Sociology Joint honours","female","20","Non-UKRN",2,1,1,-1,0,1,1,1,1,1,0,1,1,1,0,-1,-1,-1,1,1,1,-1,-1,1,1,0,0,1,0,0,1,0,1,0,0,1,0,0,1,0,0,7,0.4375,2,0.25,3,2,0,NA,NA,0,0,0,""
520,"100","UNI06","Yes","Year 2","4","Psychology BSc","Male","20","Non-UKRN",2,2,2,0,1,1,1,2,1,1,1,1,-1,1,-1,-1,-1,1,1,-1,-1,-1,1,2,1,1,0,1,1,0,0,0,1,0,0,1,1,0,0,0,1,10,0.625,3,0.375,4,3,0,NA,NA,1,1,0,""
710,"100","UNI06","Yes","Year 2","4","Psychology BSc","Female","20","Non-UKRN",2,2,1,1,-1,-1,1,2,2,1,1,1,2,-1,-2,-1,-1,2,2,2,1,-1,1,2,1,1,0,0,1,1,0,1,0,0,1,1,0,0,1,0,1,7,0.4375,10,1.25,4,4,0,NA,NA,0,0,1,""
302,"100","UNI08","No","Year 2","3","Psychllogy ","Female","26","Non-UKRN",2,1,2,0,2,1,1,2,1,1,-1,-1,2,2,-1,1,-1,1,1,2,1,-1,1,-1,1,0,0,1,1,0,1,0,1,0,0,0,0,0,0,0,0,12,0.75,5,0.625,4,0,1,0,1,1,0,0,"I kind of assuming what open research us"
295,"100","UNI50","No","Final Year","3","Psychology (Hons) BSc","Female","20","Non-UKRN",2,2,1,2,-1,1,2,2,2,1,-2,1,-1,1,-1,1,-1,1,-2,-1,-1,-1,1,1,-1,0,0,1,0,0,0,1,1,1,1,0,1,1,1,0,0,10,0.625,-3,-0.375,3,5,0,NA,NA,0,0,1,""
411,"100","UNI19","No","Year 1","3","Psychology","Female","19","Non-UKRN",2,1,2,1,0,0,1,2,2,1,-1,1,1,1,-1,-1,-1,1,-1,2,-1,-1,0,1,0,1,1,0,0,0,1,0,0,0,0,1,0,0,0,0,1,9,0.5625,1,0.125,3,2,0,NA,NA,0,0,1,""
281,"100","UNI50","No","Year 1","3","Psychology with clinical psychology ","Female","19","Non-UKRN",2,2,1,1,1,1,1,1,1,0,-2,1,1,2,-1,-1,-1,-2,-1,1,-1,-2,1,2,-1,1,0,1,0,1,1,0,1,0,1,0,1,0,0,1,0,8,0.5,-3,-0.375,5,3,0,NA,NA,1,0,1,""
712,"98","UNI11","No","Year 1","3","Psychology and child development ","female ","20","Non-UKRN",2,2,-1,1,-2,2,2,2,-2,2,-2,2,2,0,-2,0,-2,1,-1,-1,1,-1,-1,1,1,1,1,1,0,1,0,0,1,1,0,1,1,0,1,0,0,4,0.25,0,0,5,4,1,1,0,1,0,1,""
141,"100","UKRN08","No","Year 2","2","Psychology with Criminology","Female","19","UKRN",2,-1,1,1,1,0,0,-1,-1,2,0,1,2,1,-1,0,0,2,2,1,-1,-1,1,1,-1,1,1,1,1,1,1,1,1,0,0,1,0,0,1,1,0,5,0.3125,4,0.5,8,3,1,1,0,1,1,1,""
61,"100","UKRN08","No","Year 2","3","Psychology with Criminology","Female","27","UKRN",2,2,2,0,0,0,0,2,2,2,-2,0,2,0,2,0,-2,2,2,0,0,-2,-1,0,0,0,0,1,0,0,1,1,1,0,0,1,0,0,1,1,0,10,0.625,1,0.125,4,3,1,1,0,0,0,1,""
109,"100","UKRN08","No","Year 2","3","Psychology","Male","29","UKRN",2,2,2,0,2,2,2,2,0,2,-2,2,2,2,-2,2,-2,2,-2,2,2,-2,-2,2,0,1,1,1,1,1,1,1,1,0,0,0,0,0,0,0,0,16,1,2,0.25,8,0,1,1,0,1,1,1,""
466,"100","UNI10","No","Year 1","3","Psychology with Creative Writing ","Female","18","Non-UKRN",2,1,2,0,2,0,1,1,1,1,1,-1,1,0,-1,-1,-1,1,1,1,0,-1,1,0,1,0,0,1,0,0,1,0,1,0,0,1,0,0,0,0,1,7,0.4375,4,0.5,3,2,0,NA,NA,0,0,1,""
149,"100","UKRN08","No","Year 1","4","Psychology with Criminology Foundation Year ","Male ","19","UKRN",2,2,2,1,1,1,1,1,1,1,0,0,0,0,-1,-2,-1,1,0,1,-1,-2,-1,-1,0,1,0,1,0,0,0,0,1,0,0,0,0,0,0,0,0,7,0.4375,-3,-0.375,3,0,0,NA,NA,1,0,1,""
444,"98","UNI50","Yes","Placement Year","3","Psychology with Forensic Psychology ","Female ","21","Non-UKRN",2,1,1,1,1,1,1,1,2,0,-2,1,1,1,-1,0,-1,2,2,1,-1,-2,0,0,1,0,0,1,0,0,0,0,1,0,0,0,0,0,0,0,0,8,0.5,3,0.375,2,0,0,NA,NA,0,0,0,""
319,"100","UKRN01","Yes","Year 2","4","Psychology","Female","20","UKRN",2,1,2,2,2,-1,0,1,1,-2,-2,1,2,2,-2,-2,-1,-1,1,-1,-2,-1,1,1,0,1,0,0,0,0,0,1,1,0,0,1,0,0,0,0,0,4,0.25,-2,-0.25,3,1,0,NA,NA,1,0,1,""
332,"100","UNI10","No","Final Year","3","psychology","female","23","Non-UKRN",2,2,2,0,2,0,0,1,-2,0,-2,2,2,-1,2,-1,-1,2,1,0,-1,1,-2,2,0,1,0,0,0,0,0,0,1,0,1,1,1,0,1,0,0,6,0.375,3,0.375,2,4,0,NA,NA,1,0,1,""
328,"100","UNI10","No","Final Year","3","BSc (Hons) Psychology and Criminology","Female","21","Non-UKRN",2,1,1,0,1,2,2,2,2,1,1,2,1,0,-1,1,1,1,1,2,-2,1,1,1,1,1,0,1,1,0,0,0,1,0,0,1,0,0,0,0,1,17,1.0625,6,0.75,4,2,0,NA,NA,0,0,1,""
157,"100","UKRN08","No","Year 1","3","Criminology with psychology","female","19","UKRN",2,1,1,0,1,0,1,0,0,0,1,1,2,1,-1,-1,0,1,0,1,-1,-1,0,1,0,0,0,0,0,0,0,0,1,0,0,1,0,0,1,0,0,7,0.4375,1,0.125,1,2,1,1,0,0,0,0,""
271,"100","UNI73","No","Final Year","4","BSc psychology","female","23","Non-UKRN",2,1,1,1,2,1,2,2,1,2,2,1,2,0,1,-1,-1,1,1,1,-1,-1,2,1,1,0,1,0,1,1,0,0,1,1,1,1,0,0,1,1,1,17,1.0625,5,0.625,4,6,1,0,0,0,0,1,""
377,"100","UNI74","No","Year 1","2","BSc Psychology","Female","41","Non-UKRN",2,1,1,0,1,0,0,2,2,1,0,1,1,0,1,-1,-1,1,1,1,-1,0,1,1,0,0,0,1,1,1,0,1,1,0,0,1,0,0,0,0,0,9,0.5625,4,0.5,5,1,0,NA,NA,1,0,1,""
483,"100","UNI19","No","Year 1","3","psychology","Female","18","Non-UKRN",2,-1,-1,1,2,2,1,2,-1,2,1,-1,2,0,-1,0,-1,0,1,1,-1,-1,0,1,0,1,1,0,1,0,0,0,1,0,0,1,0,0,0,0,0,7,0.4375,1,0.125,4,1,0,NA,NA,0,0,1,""
14,"100","UKRN08","Yes","Year 2","3","Psychology with Criminology","Female","20","UKRN",2,0,1,-1,-1,2,0,2,2,1,-1,2,2,1,-1,-1,-1,1,-1,2,0,-2,-1,1,1,1,1,1,1,0,0,0,1,0,0,0,0,0,0,0,0,7,0.4375,1,0.125,5,0,1,1,0,1,0,0,""
354,"98","UNI72","Other (Please specify)","Year 2","3","Psychology and Counselling","Female","19","Non-UKRN",2,-1,2,-1,-2,-1,0,-1,2,-1,-2,1,1,1,1,-1,1,-1,-1,0,-1,-1,1,1,-1,0,1,0,1,1,0,1,1,1,0,1,0,0,1,0,0,-1,-0.0625,-3,-0.375,5,3,0,NA,NA,1,0,1,""
246,"100","UNI73","No","Year 2","3","Psychology","Female","19","Non-UKRN",2,2,2,2,1,1,1,2,2,2,-2,1,2,1,-1,0,-2,-2,2,1,1,-2,-2,2,2,1,1,0,0,1,0,1,0,0,0,1,1,0,1,0,1,14,0.875,2,0.25,4,4,0,NA,NA,0,1,1,""
400,"100","UKRN04","No","Final Year","3","Psychology BSC ","Female ","21","UKRN",2,1,-1,-1,2,1,1,1,1,1,-2,1,2,1,1,-1,-1,2,2,-1,-1,-1,1,1,1,1,1,1,1,1,1,1,1,0,0,1,1,0,1,1,1,7,0.4375,4,0.5,8,5,1,1,0,1,1,1,""
89,"100","UKRN01","Yes","Year 2","4","Psychology BSc (Hons)","Female","21","UKRN",2,1,1,0,1,-1,0,1,1,1,-2,2,2,0,-1,-1,-1,1,-1,-1,-1,-1,0,1,1,1,0,1,0,0,0,1,1,0,0,0,0,0,0,0,0,4,0.25,-1,-0.125,4,0,1,0,0,0,1,1,""
707,"100","UNI06","Yes","Year 1","4","Psychology bsc ","Female","18","Non-UKRN",2,1,0,1,-1,1,1,2,1,1,-1,1,-1,0,-1,1,-1,2,1,1,-1,-1,1,0,1,0,0,0,1,0,0,1,0,1,1,1,0,1,1,0,1,5,0.3125,4,0.5,2,6,1,1,0,0,0,1,""
272,"100","UNI72","No","Year 1","3","BA HONS Sport and Psychology ","Female ","19","Non-UKRN",2,1,2,0,1,1,1,2,2,2,1,2,1,0,0,-1,1,1,-1,0,-1,-1,1,2,0,1,0,1,1,0,0,1,1,1,0,1,0,0,0,0,0,16,1,1,0.125,5,2,0,NA,NA,0,0,1,""
373,"100","UKRN04","No","Year 2","3","BSc Criminology and Psychology","Female","21","UKRN",2,2,2,1,-1,1,1,1,1,1,1,1,1,1,-1,1,-1,1,-1,1,1,1,1,-1,1,1,1,1,0,0,1,0,1,0,0,1,0,0,1,0,0,12,0.75,4,0.5,5,2,0,NA,NA,1,1,1,""
630,"100","UNI19","No","Year 1","3","Psychology","Female","20","Non-UKRN",2,2,1,1,1,1,0,-1,-1,1,2,2,2,0,-1,1,-1,1,1,0,-1,-2,1,-1,0,0,1,1,1,0,1,0,1,1,0,0,0,0,0,0,1,10,0.625,-1,-0.125,5,2,1,1,1,0,0,1,""
322,"100","UNI10","No","Year 1","3","Bsc hons psychology ","Female ","19","Non-UKRN",2,1,1,0,1,1,1,1,1,1,1,1,1,0,1,-1,-1,-1,1,1,-1,-1,1,1,1,1,1,0,1,1,0,1,1,0,0,1,0,0,1,0,0,10,0.625,2,0.25,6,2,1,0,0,0,0,1,""
90,"100","UKRN01","Yes","Placement Year","4","Psychology","Female","20","UKRN",2,0,1,2,0,2,2,2,2,2,-2,2,2,2,2,-1,0,2,1,2,0,0,1,1,1,0,0,1,1,1,0,1,1,0,0,0,0,0,0,0,0,18,1.125,8,1,5,0,1,1,1,0,1,1,""
437,"100","UNI75","No","Final Year","3","Bsc psychology ","Female ","40","Non-UKRN",2,2,2,1,1,2,0,1,-1,2,-2,2,2,-1,2,-1,-1,2,2,0,-1,-2,-1,1,2,0,0,1,0,1,0,0,1,1,1,0,1,0,1,1,0,11,0.6875,3,0.375,3,5,1,0,0,1,0,0,""
667,"100","UNI80","Yes","Final Year","4","Applied Psychology ","Female","22","Non-UKRN",2,2,2,1,2,1,1,1,1,1,1,1,2,1,1,2,-1,1,1,1,1,0,2,1,0,1,1,1,1,1,0,1,0,1,1,1,1,1,0,0,1,19,1.1875,7,0.875,6,6,1,1,1,1,0,1,""
73,"100","UKRN08","No","Year 1","4","Criminology with Psychology (with foundation year)","Female","19","UKRN",2,2,2,0,-2,2,2,2,2,2,-1,2,2,0,-1,-2,-2,2,2,-1,-2,-2,1,2,1,0,0,1,0,0,0,0,1,0,0,1,0,0,0,0,0,10,0.625,3,0.375,2,1,0,NA,NA,0,0,1,""
471,"100","UNI19","No","Year 1","3","BA Honours Psychology ","Female ","18","Non-UKRN",2,-1,2,-1,-1,1,1,2,1,1,-2,2,2,0,0,-1,-2,1,2,2,1,-2,-1,2,-1,1,0,1,0,0,1,0,1,0,0,0,0,0,0,0,0,4,0.25,4,0.5,4,0,1,1,0,0,1,1,""
316,"100","UKRN01","No","Year 1","3","Psychology BSc","Male","19","UKRN",2,1,1,1,1,1,1,1,1,1,-2,1,2,1,2,-1,-1,1,1,1,-1,-1,1,1,1,1,0,1,1,0,1,0,1,0,0,1,0,0,0,0,0,11,0.6875,4,0.5,5,1,1,0,0,1,0,1,""
43,"100","UKRN08","Yes","Placement Year","4","Psychology with criminology with foundation year ","F","33","UKRN",2,2,2,1,1,0,0,2,2,2,2,1,2,2,1,-1,-1,2,1,1,1,-1,1,1,0,1,1,1,1,0,0,0,1,0,0,1,0,0,0,0,0,18,1.125,6,0.75,5,1,1,1,1,1,1,1,""
691,"100","UNI11","No","Year 2","3","Psychology","female","21","Non-UKRN",2,1,2,0,1,0,1,1,-1,0,-2,2,1,0,1,-2,-2,1,0,1,0,-2,1,1,1,0,0,0,1,1,0,0,0,1,1,1,0,0,1,1,1,3,0.1875,3,0.375,2,6,1,1,0,0,0,1,""
447,"100","UNI75","No","Year 1","3","Psychology","Male","19","Non-UKRN",2,1,1,0,1,0,2,1,-1,1,-1,1,2,1,-1,1,1,-2,1,2,-1,1,1,-1,0,1,1,1,0,1,1,0,1,0,0,0,1,0,0,1,0,10,0.625,1,0.125,6,2,1,0,0,0,1,1,"have a nice day:)"
407,"100","UNI19","No","Year 1","3","BCs Hon Psychology","Female ","19","Non-UKRN",2,2,1,1,1,0,2,1,1,0,2,2,2,1,-1,-1,-1,0,-1,-1,-2,0,1,1,0,1,0,1,0,0,0,0,1,0,0,0,0,0,0,0,0,13,0.8125,-2,-0.25,3,0,1,1,0,0,0,1,""
409,"100","UNI19","No","Year 1","3","Psychology Bsc","Female","19","Non-UKRN",2,2,2,2,-1,-1,1,1,-2,2,-2,2,2,2,-1,0,-2,2,0,2,2,-2,-1,2,-1,0,0,1,1,0,1,0,1,0,0,1,0,0,1,0,1,7,0.4375,4,0.5,4,3,1,1,1,0,0,1,""
69,"100","UKRN08","No","Year 1","3","Psychology","Female","20","UKRN",2,2,0,1,-2,1,1,1,-1,2,0,2,-1,2,-1,0,-1,1,0,2,1,-1,-1,1,2,0,0,0,1,0,0,0,0,1,1,1,0,0,1,0,1,6,0.375,5,0.625,1,5,1,1,0,1,1,1,""
275,"100","UNI72","Yes","Year 2","3","Psychology and Counselling","F","20","Non-UKRN",2,2,2,0,2,0,2,2,-1,-2,1,1,2,1,1,0,-1,1,0,0,1,0,-1,1,1,1,1,1,1,1,1,1,1,0,0,0,0,0,0,0,0,12,0.75,3,0.375,8,0,0,NA,NA,0,0,1,""
224,"98","UKRN01","No","Final Year","3","Psychology BSc","female","20","UKRN",2,1,1,1,-1,0,0,-1,-1,-1,0,0,1,1,0,-1,-1,1,0,1,0,0,1,-1,0,1,1,0,0,0,1,1,1,0,0,1,1,0,0,0,0,-1,-0.0625,2,0.25,5,2,0,NA,NA,1,0,0,""
17,"100","UKRN01","Yes","Year 1","4","Psychology","Female","19","UKRN",2,2,2,-1,-1,1,1,1,-1,-1,-1,2,2,0,-1,-2,0,2,1,-1,-1,-2,-1,1,1,1,1,1,1,1,1,1,1,0,0,0,0,0,0,0,0,3,0.1875,0,0,8,0,1,1,0,1,0,1,""
392,"100","UNI58","Yes","Year 1","3","Psychology with Criminology ","Female","19","Non-UKRN",2,1,1,-1,-1,-1,0,1,-2,-1,-1,1,1,1,-1,-1,0,-2,-1,1,-1,-1,-1,1,0,1,0,0,1,1,0,0,1,1,1,1,0,0,1,1,0,-3,-0.1875,-4,-0.5,4,5,1,1,0,1,1,1,""
539,"100","UNI06","Other (Please specify)","Year 1","3","Psychology ","Female","19","Non-UKRN",2,2,1,1,2,1,2,2,1,2,2,1,2,2,1,0,-1,1,1,2,1,-1,1,1,0,1,1,1,1,0,1,0,1,0,1,1,0,0,0,0,0,21,1.3125,6,0.75,6,2,1,1,1,1,1,1,""
98,"100","UKRN08","Yes","Year 2","4","Psychology BSc","Female","19","UKRN",2,2,1,-1,-1,0,1,1,1,1,1,1,1,1,0,-1,1,1,1,1,-1,-1,0,-1,1,0,0,0,1,1,0,0,1,0,0,1,0,0,1,0,1,9,0.5625,1,0.125,3,3,1,1,0,0,0,1,""
558,"100","UNI06","No","Year 1","3","Psychology ","Female","20","Non-UKRN",2,1,0,1,-1,0,1,1,-1,1,0,1,2,1,1,1,0,0,0,0,0,-1,1,0,1,0,0,0,0,0,0,0,0,0,0,0,0,0,0,0,0,9,0.5625,1,0.125,0,0,1,1,0,0,0,1,""
120,"100","UKRN01","Yes","Year 2","4","BSc Psychology","Female","20","UKRN",2,1,1,0,1,0,1,-1,1,0,-1,1,1,-1,1,-1,1,-1,-1,1,0,1,0,1,1,1,1,0,0,1,0,0,0,0,0,1,1,0,1,1,1,5,0.3125,2,0.25,3,5,1,0,0,0,0,1,""
568,"100","UNI06","No","Year 1","3","Psychology","Female","18","Non-UKRN",2,1,2,0,1,1,1,2,2,1,0,0,2,2,-1,0,0,2,0,1,1,0,-1,1,0,0,0,1,1,0,0,0,1,0,0,1,0,0,0,0,1,14,0.875,4,0.5,3,2,1,1,0,0,1,0,""
222,"100","UKRN01","Yes","Year 2","4","Psychology ","Female","19","UKRN",2,1,1,1,1,0,-1,-1,-1,0,0,1,2,1,-1,-1,-1,1,1,1,-2,-1,1,0,-1,1,1,0,1,0,0,1,0,0,0,1,0,1,1,0,1,2,0.125,0,0,4,4,0,NA,NA,0,0,0,""
97,"100","UKRN01","Yes","Year 2","4","Psychology","Male","19","UKRN",2,2,2,1,2,2,1,2,2,1,1,1,2,1,-2,-1,-1,2,2,2,-1,-1,2,1,2,0,1,0,0,1,0,1,1,0,0,1,0,0,1,0,0,16,1,9,1.125,4,2,0,NA,NA,0,0,1,""
273,"100","UNI06","No","Year 1","3","Psychology","Male","18","Non-UKRN",2,2,2,2,2,2,2,2,2,2,2,1,2,2,2,0,-2,2,-2,2,0,-2,1,2,-2,1,0,1,1,0,1,0,1,0,0,1,0,0,1,0,0,25,1.5625,1,0.125,5,2,1,1,1,1,1,1,""
303,"100","UNI08","No","Year 2","3","Psychology ","Female","27","Non-UKRN",2,2,2,1,2,1,1,1,0,1,2,2,2,2,2,-1,-1,2,2,2,2,1,1,1,1,1,1,0,0,0,0,0,0,0,0,1,1,0,0,0,1,19,1.1875,12,1.5,2,3,1,1,0,0,0,1,""
576,"100","UNI06","Yes","Year 1","4","PSYCHOLOGY","FEMALE","18","Non-UKRN",2,0,2,2,-2,0,-1,-1,0,2,1,-1,-2,2,1,0,1,-1,1,-1,1,2,1,-1,1,1,0,1,1,0,1,0,0,0,1,0,1,1,0,1,1,4,0.25,3,0.375,4,5,0,NA,NA,0,0,0,"NO"
603,"100","UNI06","No","Year 2","3","Psychology","Female ","21","Non-UKRN",2,0,-1,1,0,1,-1,0,-1,0,0,1,0,1,-1,0,0,1,1,-1,0,0,0,-1,1,1,1,1,1,1,1,1,1,0,0,0,0,0,0,0,0,0,0,1,0.125,8,0,0,NA,NA,0,0,0,""
162,"100","UKRN08","No","Year 1","1","Criminology and Psychology ","Female ","18","UKRN",2,0,-1,0,-2,1,0,2,0,0,0,-1,-1,1,0,1,0,0,-1,1,0,-1,1,-1,1,1,1,1,1,1,1,1,1,0,0,0,0,0,0,0,0,0,0,0,0,8,0,1,1,NA,0,0,0,"None"
230,"100","UNI06","No","Year 1","3","Psychology","Female","20","Non-UKRN",2,2,2,2,2,2,0,1,1,2,2,2,2,0,-2,-2,-2,2,2,1,1,-2,1,2,2,1,1,1,1,1,1,1,1,0,0,0,0,0,0,0,0,14,0.875,9,1.125,8,0,1,1,1,1,1,1,""
375,"100","UNI62","No","Year 1","3","psychological and behavioural sciences ","female ","18","Non-UKRN",2,1,2,2,0,-1,1,1,1,1,1,1,2,1,0,-1,1,1,1,1,-2,1,1,1,0,0,0,1,0,0,0,1,1,0,0,0,0,0,0,0,0,13,0.8125,4,0.5,3,0,1,1,1,0,0,1,""
106,"100","UKRN08","No","Year 2","3","Psychology","Female","19","UKRN",2,1,1,-1,1,2,1,1,2,1,1,2,2,2,2,1,-1,1,1,2,2,1,1,2,2,1,1,1,1,1,1,0,1,0,0,0,0,0,0,0,0,18,1.125,12,1.5,7,0,1,1,1,1,1,1,""
126,"100","UKRN08","No","Year 2","3","Psychology with criminology","female","22","UKRN",2,2,0,2,1,2,2,2,2,2,1,2,2,2,-1,-2,-1,2,1,0,0,-1,-1,1,1,1,0,1,1,0,1,0,1,0,0,1,0,0,0,0,0,18,1.125,3,0.375,5,1,0,NA,NA,0,1,1,""
138,"100","UNI06","Yes","Year 2","4","Psychology & Business BSc","female","19","Non-UKRN",2,1,1,0,-1,-1,-2,1,-1,-2,-2,2,-1,0,-1,-1,-2,1,0,-1,-1,-1,-1,-1,-1,1,1,1,0,1,0,1,1,0,0,0,0,0,0,0,1,-9,-0.5625,-5,-0.625,6,1,0,NA,NA,1,0,1,""
529,"100","UNI06","Yes","Year 1","4","Psychology","Female","18","Non-UKRN",2,1,2,1,1,-1,2,-1,-1,0,1,1,2,-1,1,-1,0,1,1,1,1,0,1,1,1,1,0,1,0,1,0,0,1,1,0,1,0,0,0,0,1,7,0.4375,7,0.875,4,3,1,1,0,0,0,1,""
96,"100","UKRN08","Yes","Year 2","4","Psychology","Female","23","UKRN",2,2,2,-1,-1,0,1,1,1,1,-1,2,-1,2,1,-1,-1,2,2,2,-2,0,-1,1,1,1,1,1,1,0,0,1,1,0,0,0,0,0,0,0,0,7,0.4375,5,0.625,6,0,1,1,0,1,1,1,""
614,"100","UNI06","Yes","Year 1","4","Psychology","female ","19","Non-UKRN",2,1,1,0,1,1,0,1,1,1,0,1,1,0,-1,-1,-1,1,1,1,1,-1,-1,1,1,0,0,1,0,1,0,0,1,0,0,0,0,0,0,0,0,6,0.375,4,0.5,3,0,0,NA,NA,0,0,0,""
484,"100","UNI19","No","Year 1","3","Psychology","Female","20","Non-UKRN",2,1,1,1,0,2,2,2,1,1,1,2,2,0,1,0,1,1,1,1,0,1,1,1,1,0,1,0,0,0,0,1,0,1,0,1,0,0,0,0,1,18,1.125,7,0.875,2,3,1,1,1,1,0,1,""
622,"100","UNI06","Yes","Year 1","3","psychology","male","18","Non-UKRN",2,1,1,0,1,1,0,1,1,1,2,2,2,0,0,1,0,1,1,1,0,-1,0,1,1,0,1,1,0,0,0,0,1,0,0,1,0,0,0,0,1,14,0.875,4,0.5,3,2,1,0,0,1,1,1,""
709,"98","UNI11","No","Year 1","3","BSc Psychology","Female","29","Non-UKRN",2,2,2,-1,1,-1,2,-1,-1,1,2,1,2,1,1,-1,-1,2,1,0,-2,0,-1,2,0,1,1,1,1,1,1,1,1,0,0,1,0,0,1,0,0,9,0.5625,2,0.25,8,2,1,1,0,1,0,1,""
8,"100","UKRN01","Yes","Placement Year","4","BSc Psychology ","Female","21","UKRN",2,1,1,1,1,1,1,1,1,0,1,1,2,0,2,-1,-1,2,1,1,0,-1,1,1,1,1,1,1,1,1,0,1,1,0,0,0,1,0,1,0,0,12,0.75,6,0.75,7,2,1,0,1,1,0,1,"I think its important to teach undergraduates about open research and should be incorporated into the course"
276,"100","UKRN01","Yes","Placement Year","4","Psychology BSc with Professional Training Year","Cisgender man","20","UKRN",2,1,2,2,2,2,2,2,2,2,1,2,2,2,1,1,-1,-1,2,2,1,1,1,1,2,1,0,1,1,1,1,1,1,1,0,1,1,1,1,1,1,25,1.5625,9,1.125,7,7,1,1,1,1,1,1,""
387,"48","UNI73","No","Year 1","3","Criminology and psychology ","Female ","19","Non-UKRN",2,2,0,-1,0,0,0,2,0,1,-2,1,1,0,-1,-1,0,NA,NA,NA,NA,NA,NA,NA,NA,1,1,0,1,1,0,1,1,0,0,1,0,0,1,0,0,2,0.125,NA,NA,6,2,NA,NA,NA,NA,NA,NA,""
143,"100","UKRN08","No","Year 2","3","Psychology with Criminology","female","19","UKRN",2,1,1,1,1,1,2,2,1,1,1,2,1,1,1,0,0,-1,0,1,-2,-2,1,0,1,0,1,0,1,0,0,1,1,1,0,1,0,0,1,0,0,17,1.0625,-2,-0.25,4,3,1,1,0,0,0,1,""
111,"100","UKRN08","Yes","Year 2","4","Psychology","Female","19","UKRN",2,1,0,1,-1,2,2,1,1,1,-1,1,1,1,-1,1,-2,1,1,1,0,-1,1,0,1,1,1,1,0,1,1,0,1,0,1,1,0,0,1,0,1,8,0.5,4,0.5,6,4,1,1,0,1,1,1,""
359,"100","UKRN04","No","Year 1","3","Psychology","Female","21","UKRN",2,2,2,2,2,0,1,1,0,2,1,2,2,2,1,0,1,1,1,2,2,2,2,2,0,1,0,1,1,0,0,0,1,0,0,0,0,0,0,0,0,21,1.3125,12,1.5,4,0,1,1,1,1,1,1,""
634,"100","UNI06","Yes","Year 1","4","psychology","male","19","Non-UKRN",2,1,-1,1,-2,1,2,1,2,1,-1,1,-1,1,-1,-2,-1,1,-2,-1,-2,-2,-2,-2,-2,1,1,1,1,1,1,1,1,0,0,0,0,0,0,0,0,2,0.125,-12,-1.5,8,0,1,1,0,0,0,1,""
577,"100","UNI06","Yes","Year 1","4","Psychology","Female","18","Non-UKRN",2,2,2,2,0,0,-1,2,0,-1,1,0,0,0,1,0,0,-1,-2,-2,2,0,-2,0,2,1,0,1,0,1,1,1,0,1,1,0,1,0,0,0,1,8,0.5,-3,-0.375,5,4,0,NA,NA,0,0,0,""
580,"100","UNI06","Yes","Year 1","3","Psychology ","Female ","19","Non-UKRN",2,1,1,0,-1,-1,-1,2,1,-1,-2,1,2,1,0,1,0,-1,-2,1,1,-1,-1,0,1,1,0,0,0,0,0,0,1,0,1,1,1,1,1,1,0,4,0.25,-2,-0.25,2,6,0,NA,NA,1,1,1,""
194,"100","UNI09","No","Year 1","3","Psychology ","Woman ","18","Non-UKRN",2,2,1,0,1,1,1,1,-1,2,1,1,1,0,-1,1,-1,2,1,1,-1,-1,0,1,1,1,1,1,1,1,1,1,1,0,0,1,0,1,1,0,0,10,0.625,4,0.5,8,3,0,NA,NA,0,0,1,""
655,"100","UNI11","No","Final Year","3","BSc (Hons) Psychology ","Female ","20","Non-UKRN",2,1,1,-1,1,1,0,1,2,2,0,2,2,0,-1,-2,-1,1,1,2,-1,-1,-2,-1,2,1,1,1,1,0,1,1,1,0,0,0,0,1,0,0,0,8,0.5,1,0.125,7,1,1,1,1,0,0,1,""
163,"100","UKRN01","Yes","Placement Year","4","Psychology BSc (Hons)","Female","20","UKRN",2,1,0,0,1,-1,0,0,-2,0,0,2,1,2,0,0,-1,2,2,1,1,-1,-1,1,0,1,1,1,1,0,1,1,1,0,1,1,0,0,0,1,0,3,0.1875,5,0.625,7,3,1,0,1,1,1,1,""
6,"100","UKRN01","Yes","Placement Year","4","BSc Psychology","Female","21","UKRN",2,2,1,1,1,-1,2,-1,-1,-1,-1,2,2,1,2,-2,-2,1,1,0,0,-1,-1,1,0,1,1,0,0,1,0,1,0,0,0,1,1,0,1,0,1,5,0.3125,1,0.125,4,4,1,0,1,1,0,1,""
553,"100","UNI06","Yes","Year 1","4","Psychology","Female","19","Non-UKRN",2,1,1,0,-1,1,2,-1,1,2,-1,1,1,0,1,-2,-1,1,0,-1,-1,-2,1,1,1,1,0,1,0,0,1,0,1,0,0,0,0,0,0,0,0,5,0.3125,0,0,4,0,1,1,NA,0,1,1,""
137,"100","UKRN08","Yes","Year 1","4","Criminology with Psychology","Female","19","UKRN",2,1,2,-1,-2,0,-1,0,-1,2,-2,1,-1,1,-1,0,1,-1,-1,1,0,-1,1,0,0,0,0,1,0,0,0,0,1,0,0,0,0,0,0,0,0,-1,-0.0625,-1,-0.125,2,0,1,1,0,0,0,1,""
320,"100","UKRN01","Yes","Year 2","3","Psychology","Male","19","UKRN",2,2,2,2,2,2,2,1,1,-2,-2,1,2,1,2,-1,-1,2,2,2,1,-1,-1,1,2,1,1,0,0,0,0,0,1,0,0,1,0,0,1,0,0,14,0.875,8,1,3,2,1,1,1,0,0,1,""
677,"100","UNI80","Yes","Final Year","4","BSc Psychology ","Female","23","Non-UKRN",2,2,2,1,1,2,1,2,1,2,-1,2,2,1,1,-1,-2,1,1,1,1,-2,-2,2,1,1,1,1,1,1,1,1,1,0,0,1,1,0,1,1,1,16,1,3,0.375,8,5,1,1,0,1,0,1,""
22,"100","UNI06","Yes","Year 1","4","psychology","female","18","Non-UKRN",2,2,2,2,1,1,2,2,2,1,-2,2,-1,-1,-1,-1,-2,2,-1,2,0,-1,1,1,2,1,1,1,0,1,1,0,1,1,0,0,0,1,1,1,0,9,0.5625,6,0.75,6,4,0,NA,NA,0,0,0,""
556,"100","UNI06","Yes","Year 1","4","Psychology Single Honours","Female","19","Non-UKRN",2,2,1,2,2,2,1,2,-1,2,1,2,2,2,-2,-1,-2,1,1,2,2,-1,1,2,-2,1,1,1,1,0,0,0,1,0,0,1,0,0,0,0,0,15,0.9375,6,0.75,5,1,1,1,0,1,1,1,""
448,"100","UKRN04","No","Year 1","3","Criminology and Psychology","F","21","UKRN",2,1,1,0,1,1,1,1,1,-1,-1,1,1,-1,0,0,1,2,2,2,2,1,2,2,2,1,1,1,1,1,1,1,1,0,0,0,0,0,0,0,0,7,0.4375,15,1.875,8,0,1,1,0,1,1,1,""
635,"100","UNI06","Yes","Year 1","4","Psychology BSc","Male","19","Non-UKRN",2,2,2,2,2,-2,-1,2,1,2,2,-1,2,1,-2,2,-1,2,1,2,-2,-1,2,-1,-2,1,1,1,1,0,1,0,1,1,1,1,0,0,1,0,0,13,0.8125,1,0.125,6,4,1,1,0,1,1,0,""
637,"86","UNI19","Yes","Year 1","3","Psychology","Female","21","Non-UKRN",2,1,1,2,1,1,0,1,-2,2,1,1,-1,0,-2,1,-1,1,1,-1,-1,-1,-1,1,1,1,0,1,0,0,0,1,1,0,0,1,0,0,0,0,1,6,0.375,0,0,4,2,1,0,NA,0,0,1,""
165,"100","UKRN08","No","Year 2","3","psychology with criminology","female","28","UKRN",2,2,2,1,-1,2,2,2,2,2,1,1,2,-1,1,1,1,2,1,1,1,1,2,0,2,1,1,0,1,0,0,0,0,0,0,1,0,1,1,1,1,20,1.25,10,1.25,3,5,1,1,1,0,0,1,""
23,"100","UKRN08","Yes","Year 2","3","Psychology","Male","24","UKRN",2,1,1,0,0,0,0,0,1,0,0,1,0,1,0,1,0,1,1,1,1,-1,1,1,1,1,0,1,1,0,1,1,1,0,0,1,0,0,0,0,1,6,0.375,6,0.75,6,2,1,1,NA,0,1,1,""
686,"100","UNI80","Yes","Final Year","4","Psychology with a Placement Year - BSc (Hons)","Female","21","Non-UKRN",2,2,2,2,2,2,2,2,1,2,2,1,2,2,2,0,0,2,2,2,2,0,1,2,2,1,1,1,1,0,1,1,1,0,0,0,1,0,0,0,0,26,1.625,13,1.625,7,1,1,1,1,1,1,1,"This is a much needed survey! I think more should be done to tackle the replication crisis starting from how undergrads are taught."
245,"100","UNI73","No","Year 2","3","Psychology","Female","21","Non-UKRN",2,1,1,0,0,0,2,0,0,1,-1,0,0,1,-1,0,1,1,1,1,-1,1,0,0,0,1,0,1,0,1,0,0,1,0,0,0,0,0,0,0,0,5,0.3125,3,0.375,4,0,0,NA,NA,0,0,1,""
101,"100","UKRN08","No","Year 1","3","Psychology","Female","21","UKRN",2,1,2,1,1,0,2,-2,-2,1,-2,-1,2,1,2,0,-2,2,2,-2,-2,1,1,2,2,1,1,0,1,1,0,1,0,0,0,1,0,0,1,0,1,4,0.25,6,0.75,5,3,1,1,0,0,0,1,""
5,"100","UNI06","Yes","Year 1","4","Psychology and Business","Female","18","Non-UKRN",2,1,1,1,-1,-1,-1,1,1,1,-1,1,1,1,1,0,-1,1,-1,1,-1,-1,0,1,-1,1,1,1,1,0,1,0,1,0,0,0,0,1,0,1,0,5,0.3125,-1,-0.125,6,2,1,1,0,1,1,1,""
81,"100","UKRN08","Yes","Year 2","3","Psychology","Female","20","UKRN",2,2,2,0,-2,0,0,1,1,-1,-2,2,2,2,-1,0,-1,2,1,2,1,-1,0,1,1,0,0,1,1,0,0,0,1,0,0,1,0,0,0,0,1,5,0.3125,7,0.875,3,2,1,1,1,0,0,1,""
428,"86","UNI50","No","Year 1","3","BSc Psychology","Non-Binary","19","Non-UKRN",2,1,2,-2,-2,1,0,2,1,1,1,2,2,-1,-1,-2,-1,1,1,-1,-1,-2,1,2,1,1,0,1,0,0,1,0,1,0,1,0,1,1,0,1,0,4,0.25,2,0.25,4,4,0,NA,NA,0,0,1,""
412,"100","UNI19","Yes","Year 1","3","Psychology ","Female","18","Non-UKRN",2,2,1,1,-1,1,1,2,1,1,1,0,2,0,-1,0,1,1,1,1,1,1,1,0,0,1,0,0,0,0,1,0,1,0,0,1,0,0,1,0,0,12,0.75,6,0.75,3,2,0,NA,NA,0,0,1,""
570,"100","UNI06","No","Year 1","3","Psychology Bsc","female","19","Non-UKRN",2,0,1,1,0,0,0,0,0,1,0,-1,-1,-1,-1,0,1,1,0,0,-1,0,-1,-1,-1,1,1,0,1,1,0,1,1,0,0,1,0,0,1,0,0,0,0,-3,-0.375,6,2,1,1,0,0,1,0,""
153,"100","UKRN08","Yes","Year 2","3","Psychology with criminology","Female","20","UKRN",2,1,2,0,0,1,0,2,-1,1,-1,1,2,0,1,-2,-2,1,1,1,0,-2,-1,2,1,1,0,0,1,0,0,1,1,0,0,1,0,0,1,0,0,5,0.3125,3,0.375,4,2,1,1,1,0,0,1,""
438,"100","UNI75","No","Year 2","3","Psychology and counselling ","Female ","22","Non-UKRN",2,2,2,2,2,1,1,2,1,2,1,2,2,-1,1,0,0,2,2,2,1,-2,-1,2,1,1,1,0,1,1,0,0,1,0,0,1,0,0,1,1,0,20,1.25,7,0.875,5,3,1,0,0,0,0,1,""
166,"100","UKRN01","Yes","Year 1","4","Psychology BSc","Female","18","UKRN",2,2,2,0,1,0,1,0,-1,2,-1,1,2,0,1,-2,-2,2,1,1,-2,-2,0,1,1,0,0,0,1,0,1,0,1,0,0,0,1,0,1,0,0,6,0.375,2,0.25,3,2,0,NA,NA,0,0,1,""
116,"100","UKRN08","Yes","Year 2","3","Psychology","Female","20","UKRN",2,1,1,-1,-1,1,1,1,1,1,1,2,2,2,-1,1,-2,0,0,1,1,-1,1,1,1,1,0,1,1,0,1,1,1,0,0,1,1,0,1,1,1,10,0.625,4,0.5,6,5,1,1,1,1,1,1,""
115,"100","UKRN08","Yes","Year 1","4","Psychology with Foundation year","Female","24","UKRN",2,2,2,1,1,-1,-1,-1,-2,2,1,-1,2,-1,-1,1,1,1,1,-1,-1,-1,-1,1,-1,1,1,1,0,0,1,0,1,0,0,0,0,0,0,0,0,5,0.3125,-2,-0.25,5,0,0,NA,NA,0,0,0,""
699,"98","UNI79","No","Year 2","3","Clinical Psychology","Female","24","Non-UKRN",2,-1,2,-1,1,1,2,0,-1,-1,1,0,-1,-1,-1,1,0,-1,0,0,0,-1,0,0,0,1,1,1,1,1,1,1,1,0,0,0,0,0,0,0,0,1,0.0625,-2,-0.25,8,0,0,NA,NA,0,0,1,""
610,"100","UNI06","Yes","Year 1","4","psychology","female","19","Non-UKRN",2,-1,0,-1,0,0,0,1,-1,1,1,0,0,1,-1,0,0,1,1,0,1,-1,1,-1,1,1,1,1,1,1,0,0,0,1,1,0,0,0,1,1,1,0,0,3,0.375,5,5,1,0,NA,1,0,0,""
579,"100","UNI06","No","Final Year","3","BSc in Psychology","Female","20","Non-UKRN",2,0,-1,0,-1,1,-2,0,-2,2,-1,1,-1,0,-1,1,-2,1,-1,0,-1,-1,1,0,1,1,0,0,0,1,0,0,0,0,1,1,1,1,1,1,1,-6,-0.375,0,0,2,7,1,0,0,0,1,0,""
693,"100","UNI80","No","Year 2","3","Psychology","female","24","Non-UKRN",2,1,1,0,0,0,1,1,0,1,0,2,2,2,1,-2,-1,1,0,1,-1,-1,-1,1,1,0,0,1,0,0,1,1,1,1,0,1,0,0,1,1,1,9,0.5625,1,0.125,4,5,0,NA,NA,0,0,1,""
605,"100","UNI19","No","Year 1","3","psychology ","female","19","Non-UKRN",2,1,1,-1,1,2,1,2,1,1,1,1,2,-1,0,-1,-1,1,0,1,-2,0,2,2,1,1,1,1,1,1,1,0,1,1,1,1,0,0,0,0,1,10,0.625,5,0.625,7,4,0,NA,NA,0,0,1,""
262,"100","UKRN01","Yes","Year 2","4","Psychology","Male","20","UKRN",2,2,2,2,-2,2,2,2,-1,2,2,2,2,2,1,-1,-1,2,0,2,-1,-1,1,2,1,1,0,1,0,1,0,1,1,0,0,1,0,0,0,1,1,18,1.125,6,0.75,5,3,1,1,1,0,0,1,"Regarding the payment for access to research journals: students should not have to pay for this information, but the researchers still need to be paid somehow. Universities, as establishments, should contirbute money towards journals and publishers that they get their research from, but should be able to provide it free of charge. "
566,"98","UNI19","No","Year 1","3","Bachelor of science and psychology ","Male ","19","Non-UKRN",2,2,2,-1,0,1,1,2,-1,2,1,-1,2,-1,1,-1,-1,1,-1,1,1,-1,-1,0,2,1,0,0,0,0,0,0,0,0,1,1,0,0,1,0,1,8,0.5,2,0.25,1,4,1,1,0,0,0,0,"I think the sharing of data depends on which study it is . For major studies it is important to make everything available but for small studies in progress every body should decide by their own ."
334,"100","UNI74","No","Year 1","2","Bsc Psychology","Female","21","Non-UKRN",2,1,1,0,1,0,1,2,1,1,2,1,2,0,-1,0,0,1,1,2,0,0,0,2,0,1,1,1,1,1,1,1,1,0,0,0,0,0,0,0,0,12,0.75,6,0.75,8,0,1,1,1,0,0,0,""
647,"100","UNI79","No","Year 1","3","Psychology child development ","Female ","19","Non-UKRN",2,1,0,2,-1,2,1,2,1,2,1,2,0,1,-1,-1,0,1,-1,1,-1,-1,1,-1,-1,1,1,1,1,1,1,1,1,0,0,0,0,0,0,0,0,12,0.75,-2,-0.25,8,0,0,NA,NA,0,0,0,""
209,"100","UKRN01","No","Year 2","3","Psychology","Female","20","UKRN",2,2,1,1,1,1,1,1,1,1,-1,1,1,0,-1,0,-1,1,1,2,-1,-1,1,1,1,1,0,1,0,1,1,1,1,0,1,0,1,0,0,0,0,9,0.5625,5,0.625,6,2,1,0,0,0,1,1,""
532,"98","UNI64","No","Year 2","3","BSc (Hons) Psychology (Counselling & Mental Health)","Male","20","Non-UKRN",2,1,1,0,1,0,2,1,-2,1,-2,-1,2,2,2,-2,-2,1,0,0,-1,-2,1,0,0,1,1,1,0,0,1,1,1,1,1,1,0,0,1,0,1,4,0.25,-1,-0.125,6,5,1,1,1,1,1,1,"With regards to the question about sneakily adding participants after a non-significant p-value, I understand that this is p-hacking and is not good practice however the question after the description only asked about whether or not it was right/wrong that the researcher did not decide on the number of participants before the study. My understanding is that it’s fine to not decide on a fixed number of participants, but not to add/remove participants once an analysis had been completed. "
176,"100","UNI06","Yes","Year 2","4","Psychology and Business","Male","19","Non-UKRN",2,1,0,0,-1,2,2,2,1,2,1,1,-1,2,-1,2,0,1,-1,1,1,0,0,0,0,1,1,1,1,0,1,0,1,0,0,1,1,0,1,0,0,13,0.8125,2,0.25,6,3,0,NA,NA,1,0,0,""
144,"100","UKRN08","No","Year 1","4","Psychology with Criminology","Female","18","UKRN",2,1,0,1,1,0,1,2,2,1,1,2,0,0,-1,0,1,-1,-1,1,0,0,1,0,-1,0,0,1,0,1,1,1,1,0,0,1,0,0,1,0,1,12,0.75,-1,-0.125,5,3,0,NA,NA,0,0,0,""
33,"100","UKRN01","Yes","Final Year","4","BSc Psychology","Female","21","UKRN",2,1,2,-1,-2,0,0,1,0,-1,-2,1,1,2,1,0,-1,1,-1,1,1,1,1,1,0,1,0,1,0,0,0,1,1,0,0,1,0,0,0,0,0,2,0.125,5,0.625,4,1,1,0,0,0,0,1,""
395,"100","UNI19","No","Year 1","3","BSc Hons Psychology ","Woman","20","Non-UKRN",2,1,2,0,2,0,0,1,1,1,1,1,2,2,1,0,-1,2,2,2,2,-1,1,1,2,0,0,1,0,0,0,0,0,0,0,1,0,0,0,0,0,14,0.875,11,1.375,1,1,1,1,1,0,0,1,""
202,"100","UNI09","No","Year 2","3","Psychology","Female","21","Non-UKRN",2,2,2,2,1,1,1,1,2,1,-1,1,2,-1,-1,-2,-1,1,1,1,-1,-2,1,1,1,1,0,0,1,0,0,0,1,0,0,1,0,0,1,0,0,10,0.625,3,0.375,3,2,0,NA,NA,0,0,1,""
617,"100","UNI06","Yes","Year 1","4","Psychology","Female","21","Non-UKRN",2,2,2,2,2,2,2,2,1,2,1,2,2,2,0,1,-1,2,2,2,2,-1,1,1,2,0,0,0,0,0,0,0,0,0,0,1,0,0,0,0,0,24,1.5,11,1.375,0,1,1,1,1,0,0,1,""
445,"98","UNI08","No","Year 1","3","Bsc Psychology ","Female","29","Non-UKRN",2,2,1,0,1,0,-1,2,-1,1,1,1,1,0,0,-1,0,2,1,-1,-2,-1,-1,1,0,1,1,0,1,0,1,0,0,0,0,1,0,0,0,0,1,7,0.4375,-1,-0.125,4,2,0,NA,NA,1,0,1,""
358,"100","UNI74","No","Year 2","2","Bsc Psychology","Female","22","Non-UKRN",2,2,2,2,1,1,1,2,1,2,1,2,1,1,-2,-1,1,2,-2,2,2,1,1,2,2,1,1,1,1,1,0,1,1,0,1,1,0,0,0,0,0,17,1.0625,10,1.25,7,2,0,NA,NA,0,0,1,""
546,"100","UNI06","Yes","Year 1","4","Psychology ","Female","19","Non-UKRN",2,0,-2,-1,0,-1,1,2,1,0,0,0,-1,0,-1,0,0,-1,-1,0,-1,-1,0,1,1,1,1,0,0,0,0,0,0,0,0,1,1,1,1,1,1,-2,-0.125,-2,-0.25,2,6,0,NA,NA,0,0,1,""
463,"43","UNI62","No","Year 1","3","Psychological & Behavioural Sciences","Female","19","Non-UKRN",2,NA,NA,NA,NA,NA,NA,NA,NA,NA,NA,NA,NA,NA,NA,NA,NA,NA,NA,NA,NA,NA,NA,NA,NA,0,0,0,0,0,0,0,0,0,0,0,0,0,0,0,0,NA,NA,NA,NA,0,0,NA,NA,NA,NA,NA,NA,""
198,"100","UNI09","No","Year 1","3","Psychology ","Female","19","Non-UKRN",2,1,1,0,1,0,1,0,0,-1,-1,-1,1,0,-1,-1,-1,1,-1,0,1,1,1,-1,0,0,0,1,0,0,0,0,0,1,1,0,1,1,1,1,1,-1,-0.0625,2,0.25,1,7,0,NA,NA,0,0,1,""
363,"100","UNI62","No","Year 1","3","Psychological and Behvaioural Science","Female","18","Non-UKRN",2,2,2,1,2,0,1,2,1,1,0,2,2,2,1,0,-1,2,1,2,2,-1,2,0,0,1,0,1,1,0,0,1,1,0,0,0,0,0,0,0,0,18,1.125,8,1,5,0,1,1,0,0,0,1,""
494,"100","UNI64","Yes","Year 2","3","BSc Psychology (Forensic & Psychopathology)","female","38","Non-UKRN",2,2,2,2,-2,-2,-2,2,2,-2,-2,1,2,1,-1,0,-1,1,1,1,0,1,1,-1,0,0,0,1,0,0,1,1,1,0,0,1,0,0,1,0,1,2,0.125,4,0.5,4,3,0,NA,NA,0,0,1,""
537,"100","UNI06","No","Year 2","3","Psychology","Female","20","Non-UKRN",2,2,1,1,2,1,0,2,1,-1,-2,2,1,0,-1,-1,-2,2,0,-1,-1,-2,1,1,0,1,1,1,1,0,1,0,1,1,0,1,0,0,0,0,1,6,0.375,0,0,6,3,0,NA,NA,0,0,0,"no"
623,"100","UNI19","No","Year 1","3","BSc (Hons) Psychology ","Female","20","Non-UKRN",2,0,1,1,1,1,1,0,-1,0,1,1,2,1,0,-2,-2,1,1,1,2,-2,-2,1,1,1,0,1,1,0,0,0,0,0,0,0,0,0,0,0,1,5,0.3125,3,0.375,3,1,1,1,1,0,0,1,""
646,"100","UNI79","No","Year 2","3","Psychology","Female","19","Non-UKRN",2,-1,0,1,-1,0,0,2,1,-1,-1,1,1,1,0,-1,-1,-1,-1,-1,-1,-1,-1,1,-1,1,1,1,1,1,1,1,1,0,0,0,0,0,0,0,0,1,0.0625,-6,-0.75,8,0,0,NA,NA,0,0,1,""
715,"100","UNI64","No","Final Year","4","Core Psychology with a foundation year","non-binary","21","Non-UKRN",2,1,2,0,1,1,2,2,2,-2,-2,0,2,0,0,0,-1,2,2,0,-2,-1,0,-1,1,0,1,1,0,0,1,0,1,0,0,1,0,0,0,0,1,8,0.5,1,0.125,4,2,0,NA,NA,1,0,1,""
235,"100","UNI72","No","Year 2","3","Psychology and Counselling","Female","19","Non-UKRN",2,2,0,0,-1,-1,1,2,0,1,0,1,2,0,1,-1,0,1,-1,0,-1,-1,0,0,1,1,0,0,0,0,0,1,1,0,0,1,0,0,0,0,0,7,0.4375,-1,-0.125,3,1,0,NA,NA,1,0,1,""
257,"100","UNI73","No","Year 1","3","Criminology & Psychology","female","19","Non-UKRN",2,2,1,1,-1,0,1,2,1,2,0,1,2,1,-2,-1,-2,1,0,-1,-2,-2,0,1,1,0,0,0,1,1,1,1,1,1,1,1,0,0,0,0,0,8,0.5,-2,-0.25,5,3,0,NA,NA,0,0,1,""
700,"98","UNI79","No","Year 1","3","Psychology ","female ","19","Non-UKRN",2,1,2,0,1,2,0,1,0,1,-2,1,2,-1,-2,2,0,1,2,-1,-2,-2,1,1,0,1,0,1,0,0,0,1,1,0,0,0,0,0,0,0,1,8,0.5,0,0,4,1,1,1,0,0,0,1,"no"
475,"100","UNI58","No","Year 2","3","BSC (hons) psychology with criminology","Female","20","Non-UKRN",2,2,-2,-1,1,1,2,1,0,-1,-1,1,2,-1,1,0,0,1,-1,1,1,-1,1,-2,0,1,1,0,1,0,0,1,1,0,0,1,0,0,0,0,0,5,0.3125,0,0,5,1,0,NA,NA,0,0,1,""
615,"100","UNI06","Yes","Year 1","3","Psychology","Female","20","Non-UKRN",2,1,1,1,1,1,0,2,1,-1,0,1,-1,0,-1,-1,-1,0,1,1,1,-1,1,1,1,1,0,1,0,1,1,0,1,0,0,1,0,0,1,0,0,4,0.25,5,0.625,5,2,1,1,0,1,1,1,""
135,"100","UKRN01","Yes","Year 2","3","Psychology","Female","19","UKRN",2,1,2,0,1,-1,0,0,-1,-2,-1,0,2,0,2,0,-1,1,-1,1,-1,-1,-1,-1,1,1,1,0,1,1,0,0,0,0,0,1,0,0,1,1,1,2,0.125,-2,-0.25,4,4,1,0,0,0,0,1,""
436,"100","UNI75","No","Year 2","3","Applied Psychology","Female ","24","Non-UKRN",2,2,2,2,2,1,2,2,1,2,-2,2,2,-2,-2,-1,0,2,1,2,1,-1,2,-1,2,1,1,1,1,1,1,1,1,1,0,1,0,0,0,0,0,13,0.8125,8,1,8,2,0,NA,NA,0,0,1,""
244,"100","UNI73","No","Year 2","3","Psychology, clinical and cognitive neuroscience ","Female ","21","Non-UKRN",2,1,1,1,1,-1,1,1,-1,2,-1,1,1,1,-1,-1,-1,1,-1,1,-1,-1,1,1,1,1,1,0,0,0,0,1,0,0,0,1,1,1,1,0,1,5,0.3125,2,0.25,3,5,0,NA,NA,1,0,1,""
378,"100","UKRN04","No","Year 2","3","Psychology","Male","20","UKRN",2,1,1,0,1,0,0,2,2,1,1,1,2,1,2,-1,-1,1,0,1,-2,-1,-1,1,1,1,1,1,0,0,1,0,1,1,0,1,0,0,1,0,0,13,0.8125,0,0,5,3,1,1,1,1,0,1,""
108,"100","UKRN08","Yes","Year 2","4","Psychology Bsc","Female","37","UKRN",2,2,1,1,1,0,-1,2,1,2,0,0,2,2,2,1,1,1,1,1,1,0,1,1,1,0,0,0,1,1,0,1,1,0,0,1,0,0,1,0,0,17,1.0625,7,0.875,4,2,1,1,1,1,1,1,""
474,"100","UNI19","Yes","Year 1","3","Psychology","Female","30","Non-UKRN",2,1,2,1,0,0,1,2,0,0,1,-2,2,1,1,-1,1,-1,2,1,2,-1,-1,1,1,0,0,0,1,0,1,0,1,0,0,0,0,0,0,0,0,10,0.625,4,0.5,3,0,1,1,0,0,0,0,"It's applicable for year 2 and 3 student but not sure for year 1."
391,"100","UKRN01","Yes","Year 2","4","BSc Hons Psychology","male","19","UKRN",2,1,0,1,1,1,0,1,1,1,1,1,0,1,-1,-1,-1,1,1,0,-1,-1,0,1,0,1,1,0,1,1,0,1,1,0,0,1,0,0,1,0,0,7,0.4375,1,0.125,6,2,1,1,0,0,0,1,""
293,"100","UNI73","No","Final Year","3","BSc Psychology","Female","21","Non-UKRN",2,2,2,1,0,-1,1,1,1,1,-2,1,2,0,1,-1,-1,1,-1,1,-1,-1,-1,1,1,1,1,1,1,1,1,1,1,0,0,0,0,0,0,0,0,8,0.5,0,0,8,0,0,NA,NA,0,0,1,""
44,"100","UKRN08","Yes","Year 2","3","Psychology Bsc","Female","22","UKRN",2,1,2,0,2,1,0,1,0,-1,2,1,2,2,2,-2,-1,1,0,0,1,-2,1,2,2,0,1,0,1,1,0,1,1,1,0,1,0,0,1,0,0,12,0.75,5,0.625,5,3,1,1,1,1,1,1,""
389,"100","UNI74","No","Year 1","2","Psychology with English Literature","Male","24","Non-UKRN",2,2,2,2,1,2,1,2,2,2,1,1,2,0,-1,-2,0,2,2,2,-1,-2,2,0,2,0,0,1,1,0,1,0,1,0,0,0,1,0,1,0,0,17,1.0625,7,0.875,4,2,0,NA,NA,0,0,1,""
172,"100","UKRN08","Yes","Year 1","4","Single Hons Psychology","Woman","19","UKRN",2,1,1,1,-1,1,0,1,-1,-1,-1,2,2,0,-1,-1,-1,2,1,1,-1,-1,1,1,1,1,1,1,1,1,1,1,1,0,0,0,0,0,0,0,0,2,0.125,5,0.625,8,0,1,1,1,0,0,1,""
366,"100","UNI62","No","Final Year","3","Psychological and Behavioural Science","Female","21","Non-UKRN",2,2,2,1,1,-1,1,1,1,1,2,-1,2,1,-1,0,1,1,1,1,1,1,1,-1,-1,1,1,1,1,0,1,1,1,0,0,1,0,0,1,0,0,13,0.8125,4,0.5,7,2,1,1,1,0,0,1,""
522,"100","UNI06","No","Year 2","3","Psychology","Female","21","Non-UKRN",2,1,1,0,1,1,1,-1,-1,0,1,0,1,0,-1,-1,-1,1,0,1,-1,-1,0,0,0,1,1,0,1,1,0,1,0,0,0,1,0,0,1,0,1,2,0.125,0,0,5,3,0,NA,NA,0,0,0,""
296,"100","UNI50","No","Final Year","3","BsC Psychology ","Female ","20","Non-UKRN",2,2,1,-1,-1,1,1,2,1,-1,-1,2,0,0,-1,-1,0,1,0,1,1,1,1,0,0,0,0,0,1,0,0,0,1,0,0,0,0,0,0,0,0,4,0.25,5,0.625,2,0,1,1,0,0,0,1,"N/A"
164,"100","UKRN08","No","Year 2","3","psychology bsc","female","22","UKRN",2,2,1,1,0,2,2,0,0,1,0,2,2,1,-1,-1,-1,1,1,-1,-1,0,0,1,1,1,0,1,1,1,1,1,1,0,1,0,0,0,0,0,0,11,0.6875,2,0.25,7,1,1,1,0,0,1,1,""
250,"100","UNI73","No","Year 2","3","Psychology with criminology","female","20","Non-UKRN",2,1,1,0,-2,1,1,2,1,1,0,-1,1,-1,0,-1,-1,0,-1,-1,0,-1,1,0,1,1,1,0,1,1,0,1,0,0,0,1,0,0,1,0,1,3,0.1875,-1,-0.125,5,3,1,0,0,0,0,1,""
79,"100","UKRN01","Yes","Placement Year","4","psychology","female","20","UKRN",2,1,0,0,0,0,1,-1,0,0,0,1,1,0,-1,0,0,1,-1,0,0,-1,-1,1,1,1,1,1,1,1,1,1,1,0,0,1,0,0,0,1,0,2,0.125,0,0,8,2,1,0,0,0,0,0,""
703,"98","UNI11","No","Year 1","3","Psychology","Female","20","Non-UKRN",2,1,1,1,1,1,0,2,2,0,-1,1,2,1,1,-1,-1,2,1,2,0,-1,-1,2,1,1,1,0,1,1,1,1,0,0,0,1,0,0,0,0,1,11,0.6875,6,0.75,6,2,1,1,0,0,0,1,""
48,"100","UKRN08","No","Year 2","3","Psychology","Female","20","UKRN",2,1,1,1,2,1,1,2,2,2,1,1,2,1,-1,-1,-1,1,1,2,2,0,1,1,1,1,1,0,1,1,1,0,1,0,0,1,0,0,0,0,0,15,0.9375,9,1.125,6,1,1,1,1,0,1,1,""
689,"100","UNI11","No","Year 1","3","Psychology ","Female ","28","Non-UKRN",2,1,1,1,1,1,0,1,1,1,1,0,1,1,-1,-1,-1,2,1,1,-1,1,1,-1,1,1,1,1,0,1,1,0,1,0,0,1,0,1,0,0,0,8,0.5,5,0.625,6,2,1,1,1,0,0,1,""
236,"100","UNI72","No","Year 1","4","BA hons psychology ","Male","48","Non-UKRN",2,2,1,1,0,1,1,1,1,1,1,1,1,1,-1,-1,-1,1,1,1,-1,-1,0,1,1,1,1,1,1,1,1,1,1,0,0,0,0,0,0,0,0,10,0.625,3,0.375,8,0,1,0,0,1,0,1,""
94,"100","UKRN08","Yes","Year 2","3","Psychology with Criminology","Male","20","UKRN",2,2,2,1,0,1,1,1,0,1,0,1,2,2,-1,0,-1,-1,0,0,1,-1,1,2,0,1,0,1,0,0,0,0,1,0,0,1,0,0,0,0,0,12,0.75,2,0.25,3,1,1,1,1,0,0,0,""
83,"100","UKRN08","Yes","Year 2","3","Psychology with Criminology","Female","25","UKRN",2,2,2,1,2,1,1,1,0,2,0,2,2,0,2,-1,0,-2,2,0,0,-1,-2,2,1,0,0,1,1,0,1,0,1,0,0,0,0,0,0,0,0,17,1.0625,0,0,4,0,1,1,0,0,0,1,""
259,"100","UNI73","No","Year 1","3","Clinical and cognitive neuroscience and psychology ","Female ","19","Non-UKRN",2,2,1,0,1,1,1,1,1,1,-1,1,0,0,-1,-1,-1,1,1,1,-1,-2,-2,1,1,0,0,1,0,1,0,1,0,0,0,0,0,0,0,0,1,6,0.375,0,0,3,1,1,1,1,0,0,1,""
361,"100","UKRN04","No","Year 1","3","Bsc Psychology ","Male ","18","UKRN",2,2,1,1,1,2,2,2,1,2,-1,2,2,2,2,-1,-1,-2,1,-2,-2,-2,-1,2,2,1,0,1,1,1,1,0,1,1,0,1,0,0,1,0,1,19,1.1875,-4,-0.5,6,4,1,1,1,1,1,1,""
297,"100","UNI50","No","Year 1","3","BSc Psychology","Female","18","Non-UKRN",2,1,1,0,1,1,2,1,1,1,-2,1,1,1,-2,-1,-1,-1,0,1,-2,-1,1,1,1,1,0,1,0,0,1,1,1,0,0,0,0,0,0,1,0,6,0.375,0,0,5,1,1,0,0,0,0,1,""
105,"100","UKRN08","Yes","Year 1","4","Psychology BSc","Female ","19","UKRN",2,2,2,2,0,1,0,2,1,2,-2,1,2,1,0,0,0,1,2,-1,-1,-2,-1,1,1,1,0,0,0,0,1,0,1,0,0,0,0,0,0,0,1,14,0.875,0,0,3,1,1,1,1,1,1,1,""
473,"100","UNI19","No","Year 1","3","BSc Psychology","Female","20","Non-UKRN",2,2,0,1,1,-1,0,-1,-2,-1,-2,-1,1,-1,1,-1,-1,1,1,-1,-1,-1,-1,1,1,0,0,1,1,0,1,0,1,1,1,0,0,1,0,1,0,-5,-0.3125,0,0,4,4,1,1,0,0,0,1,""
100,"100","UKRN08","Yes","Year 2","3","psychology","female","20","UKRN",2,2,2,-1,0,0,2,-1,2,-1,1,2,2,1,1,-2,-2,2,1,-1,0,-2,-2,2,1,1,0,1,1,0,0,0,1,0,0,0,0,0,0,0,0,8,0.5,1,0.125,4,0,1,1,1,1,1,1,"no"
133,"98","UKRN01","Yes","Placement Year","3","Psychology BSc","Female","21","UKRN",2,1,1,1,-1,1,1,2,1,1,-1,1,2,2,2,-1,1,2,1,2,1,1,1,1,1,1,0,1,1,1,1,1,1,0,0,0,1,0,0,0,0,14,0.875,10,1.25,7,1,1,0,1,1,0,1,"None"
140,"100","UKRN08","Yes","Year 1","4","Psychology","Female","23","UKRN",2,2,2,0,2,2,2,-1,1,2,-2,2,2,2,2,-2,-2,2,2,1,2,-2,-2,2,2,0,0,1,1,0,0,0,1,1,1,0,0,1,1,1,0,14,0.875,7,0.875,3,5,1,1,1,1,1,1,""
199,"100","UNI09","No","Year 2","3","Psychology with neuropsychology ","Female ","21","Non-UKRN",2,2,2,1,1,1,1,2,-1,1,-1,1,1,-1,1,-1,-1,1,-1,-1,-1,-2,-1,-1,1,1,1,1,1,0,1,1,1,0,0,1,1,0,0,0,1,9,0.5625,-5,-0.625,7,3,0,NA,NA,0,0,1,""
173,"100","UKRN01","No","Year 1","3","Psychology","female","19","UKRN",2,2,0,0,1,2,1,2,2,1,1,1,1,1,1,0,0,0,1,1,0,0,0,1,1,1,0,1,0,0,1,0,1,0,0,0,0,0,1,0,0,16,1,4,0.5,4,1,0,NA,NA,0,0,1,""
345,"100","UNI10","Yes","Year 1","4","Forensic Psychology","Female","21","Non-UKRN",2,2,2,-1,-2,0,0,-2,-2,-2,-2,2,1,1,1,-2,-2,1,0,1,-2,-2,-2,2,0,0,0,1,1,0,1,0,1,1,1,0,0,1,0,1,0,-6,-0.375,-2,-0.25,4,4,0,NA,NA,0,0,1,""
41,"100","UKRN08","No","Year 1","4","PSYCHOLOGY ","female ","18","UKRN",2,1,1,0,0,0,1,1,-1,0,0,-1,1,-1,-1,-1,-1,0,0,-1,-1,-1,-1,-1,1,0,0,0,0,0,0,0,1,0,0,0,0,0,0,0,0,-1,-0.0625,-4,-0.5,1,0,0,NA,NA,0,0,0,""
211,"100","UKRN01","Yes","Year 2","4","Psychology","Female","20","UKRN",2,2,-1,2,1,0,1,0,-1,1,-2,1,2,1,-1,-1,-2,2,1,1,-1,-1,1,0,1,1,0,1,1,1,0,1,1,0,0,0,0,0,0,1,1,3,0.1875,4,0.5,6,2,1,0,1,0,0,0,"n/a"
675,"100","UNI80","No","Final Year","3","BSc Psychology ","Female","21","Non-UKRN",2,2,-1,2,2,2,2,2,2,2,1,0,2,-1,1,-2,-2,2,2,2,-1,-2,1,0,1,1,0,1,1,0,0,0,1,0,0,0,1,0,0,0,0,14,0.875,5,0.625,4,1,0,NA,NA,1,1,0,""
254,"100","UNI73","No","Year 1","3","Psychology","Female","19","Non-UKRN",2,1,2,1,0,0,0,-1,-1,2,0,-1,2,1,1,-2,-1,-1,-1,0,-1,-2,0,-1,-2,0,0,1,0,1,1,0,0,0,0,0,0,0,0,0,0,4,0.25,-8,-1,3,0,1,1,0,0,0,1,""
326,"100","UNI10","No","Year 2","3","Psychology","Female","20","Non-UKRN",2,1,2,0,1,0,0,2,2,-1,-1,2,2,1,0,-1,1,2,1,2,-1,1,1,1,1,0,0,0,0,0,0,0,1,0,0,0,0,0,0,0,0,11,0.6875,8,1,1,0,0,NA,NA,0,0,1,""
720,"100","UNI58","No","Year 2","3","BSc Psychology and Criminology ","Female ","22","Non-UKRN",2,2,1,2,2,2,2,2,-1,2,-2,1,1,1,-1,0,1,2,2,2,1,-1,-2,0,1,1,1,1,1,1,1,1,1,0,0,1,1,0,1,1,0,15,0.9375,5,0.625,8,4,1,1,0,0,0,1,""
223,"100","UNI09","No","Year 1","3","Psychology with Forensics","Female","18","Non-UKRN",2,2,2,1,2,2,2,2,2,1,1,2,2,1,-1,0,-1,2,-1,2,-2,-1,2,1,2,1,1,1,1,0,1,0,1,1,1,1,1,0,1,0,0,20,1.25,5,0.625,6,5,1,0,0,0,0,1,""
38,"100","UKRN01","Yes","Year 1","4","psychology","female","18","UKRN",2,2,1,0,-1,2,0,2,2,0,-2,2,1,1,-1,-1,-1,1,1,1,0,1,1,1,1,1,1,1,1,1,0,1,1,0,0,0,0,0,1,0,0,7,0.4375,7,0.875,7,1,0,NA,NA,0,0,0,""
51,"100","UKRN08","Yes","Year 2","4","pscyhology","female","21","UKRN",2,2,2,1,1,2,1,-1,1,0,1,2,2,2,2,1,-2,2,2,2,1,-1,-1,2,2,1,0,1,1,0,1,1,1,0,0,0,0,0,0,0,0,17,1.0625,9,1.125,6,0,1,1,1,1,1,1,""
549,"100","UNI06","No","Year 1","3","Psychology ","Female","19","Non-UKRN",2,2,2,1,1,2,0,2,2,1,1,1,1,2,1,0,-2,2,2,1,0,-1,0,1,0,1,0,1,1,1,1,0,1,0,0,1,0,0,1,0,0,17,1.0625,5,0.625,6,2,1,0,0,0,0,1,"Nope"
323,"100","UNI10","Yes","Year 2","4","BSc Psychology with Professional Placement Year","Female","19","Non-UKRN",2,1,1,0,1,0,1,1,1,-2,1,1,2,0,1,-1,0,1,1,1,-1,-1,-2,1,0,0,0,1,0,1,0,0,1,0,0,1,0,0,0,0,0,8,0.5,0,0,3,1,0,NA,NA,0,0,1,""
643,"100","UNI79","No","Year 2","3","PSYCHOLOGICAL COUNSELLING","Female ","20","Non-UKRN",2,2,2,0,1,2,2,2,2,2,-2,-1,2,0,-1,1,-1,2,1,-1,-2,-2,-1,-1,-1,0,0,1,1,0,0,0,1,0,0,1,1,0,0,0,0,13,0.8125,-5,-0.625,3,2,0,NA,NA,0,0,1,""
449,"100","UNI75","No","Year 1","1","Psychology & Counselling","Male","71","Non-UKRN",2,0,-1,0,-1,0,0,1,-1,1,-2,1,2,0,0,0,0,0,0,1,-1,0,0,0,0,0,1,0,1,1,1,1,1,1,0,1,0,0,0,0,0,0,0,0,0,6,2,0,NA,NA,0,0,0,""
114,"100","UKRN08","Yes","Year 2","3","Bsc Psychology ","Female ","22","UKRN",2,2,2,1,0,1,1,1,1,1,0,2,0,1,1,0,0,0,1,1,0,1,1,1,1,1,1,1,1,0,1,1,1,1,0,1,0,0,1,1,1,14,0.875,6,0.75,7,5,1,1,0,1,1,1,""
600,"100","UNI06","No","Year 2","3","Psychology","Female","21","Non-UKRN",2,1,1,1,0,1,1,1,1,1,-2,1,1,0,-1,0,0,1,1,1,1,0,0,0,1,1,1,1,0,0,1,1,1,0,0,0,0,0,0,0,0,7,0.4375,5,0.625,6,0,0,NA,NA,0,0,1,""
356,"71","UNI62","No","Year 2","3","Psychology","Female","25","Non-UKRN",2,0,0,0,0,0,0,0,0,0,0,0,0,0,0,0,0,0,0,0,0,0,0,0,0,1,1,1,1,1,1,1,1,0,0,0,0,0,0,0,0,0,0,0,0,8,0,0,NA,NA,NA,NA,NA,""
260,"100","UNI72","No","Year 2","3","Education studies and Psychology","Woman","19","Non-UKRN",2,2,1,1,1,1,1,1,2,2,-2,1,2,1,1,-2,-2,1,1,1,-1,-1,-1,1,1,0,0,1,0,0,1,0,1,0,0,1,0,0,1,0,0,11,0.6875,2,0.25,3,2,1,0,0,0,0,0,""
665,"100","UNI80","Yes","Placement Year","4","Psychology with a placement year","Female","21","Non-UKRN",2,1,1,1,1,1,1,1,-1,1,1,1,2,0,1,-1,-1,1,1,1,-1,-1,1,1,1,0,0,0,0,0,0,0,0,0,0,1,0,0,0,0,1,10,0.625,4,0.5,0,2,0,NA,NA,1,0,1,""
432,"98","UNI58","No","Year 2","3","Psychology with Criminology ","Female","22","Non-UKRN",2,0,1,-1,1,-1,0,1,-1,1,0,0,2,-1,1,-1,-1,-1,-1,1,-1,-1,-1,1,1,1,0,1,0,0,0,1,1,0,0,1,0,0,0,1,0,1,0.0625,-2,-0.25,4,2,1,0,0,0,0,1,""
535,"100","UNI06","No","Year 1","3","BSc Psychology ","male","19","Non-UKRN",2,1,0,0,-1,1,-1,1,-1,1,1,1,0,0,-1,0,-1,1,0,1,-1,-1,-1,1,0,1,1,1,0,0,0,0,1,0,0,1,0,0,0,0,1,1,0.0625,0,0,4,2,0,NA,NA,0,1,1,""
664,"100","UNI11","No","Year 2","3","Criminology with Psychology","Female","19","Non-UKRN",2,2,1,0,0,-1,1,1,0,1,-1,-1,2,-1,2,-1,-1,1,-1,1,0,-1,1,0,0,0,0,0,0,0,0,0,1,1,0,1,0,1,0,0,0,4,0.25,1,0.125,1,3,0,NA,NA,0,0,0,""
515,"100","UNI06","Yes","Year 2","4","Psychology and Marketing","Female","20","Non-UKRN",2,1,1,1,1,1,1,0,1,0,0,1,2,1,-1,1,1,1,0,1,0,-1,0,-1,1,0,0,0,0,1,0,1,1,1,1,1,1,0,1,0,0,12,0.75,1,0.125,3,5,0,NA,NA,0,1,1,""
382,"100","UNI62","No","Year 1","3","Psychological and Behavioural Science","Male","18","Non-UKRN",2,1,0,2,2,2,1,1,1,1,-1,2,2,-1,2,-2,1,2,2,1,-2,-2,2,2,2,1,1,1,0,0,0,1,1,0,0,0,1,1,1,0,0,14,0.875,7,0.875,5,3,1,1,1,0,1,1,"I think acknowledging and knowing about the replicability crisis, and the push for open research within psychology and other sciences is important. However, as to how psychology/science can be made to be, and (more importantly) why it isn't currently 'open' and accessible to everyone needs to be emphasised and explained more so."
86,"100","UKRN08","No","Final Year","4","BSC (HONS) PSYCHOLOGY WITH CRIMINOLOGY","Female","32","UKRN",2,1,1,1,1,1,1,-1,-1,1,-1,1,2,0,1,-1,-1,2,1,-1,-1,-1,1,-1,1,0,1,1,0,0,0,0,1,0,1,1,0,0,0,0,0,6,0.375,1,0.125,3,2,0,NA,NA,0,0,0,"I wasn't sure in the questions using the word ""questionnaires"" if you meant completed ones or just the blank ones the researcher used. I found it difficult to answer these questions as I didn't know if it was a GDPR question being asked."
62,"100","UNI06","Yes","Year 1","4","Psychology","Male","18","Non-UKRN",2,2,1,0,1,1,0,1,1,2,1,0,-1,0,-1,-1,-1,1,0,1,1,1,1,0,1,1,1,1,0,0,1,0,1,1,0,1,0,0,1,0,0,6,0.375,6,0.75,5,3,1,0,0,0,1,1,"I was just about to do the replication crisis lecture after this questionnaire"
578,"100","UNI06","Yes","Year 1","4","BSc Psychology and Marketing","Female","19","Non-UKRN",2,2,2,1,1,-1,1,1,1,1,1,1,2,1,2,-1,-2,2,2,1,2,-2,1,2,-1,1,1,1,1,0,0,0,1,0,0,0,0,1,1,1,0,13,0.8125,7,0.875,5,3,1,1,0,1,1,1,""
196,"100","UNI09","No","Year 1","3","psychology ","female ","18","Non-UKRN",2,0,0,0,-1,1,0,1,-1,2,-2,2,1,1,-1,0,-1,-1,-1,-1,-2,-2,-1,-1,0,1,1,1,1,1,1,1,1,0,0,0,0,0,0,0,0,2,0.125,-9,-1.125,8,0,0,NA,NA,0,0,0,""
304,"100","UNI08","No","Year 2","3","Psychology","Female","30","Non-UKRN",2,2,2,1,1,1,2,2,1,-1,1,2,2,2,2,-1,-1,2,1,-1,1,-2,1,1,2,1,1,1,1,0,1,1,1,0,0,0,1,0,0,0,1,18,1.125,5,0.625,7,2,1,0,0,0,0,1,""
71,"100","UKRN08","Yes","Year 1","4","Psychology","Female ","20","UKRN",2,2,2,0,0,0,0,0,-1,1,-2,1,2,1,-1,-1,-2,2,0,-1,-2,-2,1,0,0,1,1,1,1,1,1,1,1,0,0,0,0,0,0,0,0,2,0.125,-2,-0.25,8,0,1,1,0,1,1,1,""
674,"100","UNI80","No","Year 1","3","Psychology","Female","18","Non-UKRN",2,2,2,1,1,0,0,2,1,2,1,1,1,1,1,-2,-1,2,2,1,-1,-2,1,-1,1,1,1,1,1,0,0,0,1,0,0,0,1,0,0,0,0,13,0.8125,3,0.375,5,1,0,NA,NA,1,0,1,""
682,"100","UNI80","No","Year 2","3","Psychology","Female ","21","Non-UKRN",2,2,1,2,1,2,2,2,2,2,1,2,2,2,2,-1,1,1,2,2,-1,-1,1,1,1,0,0,0,1,0,0,0,1,0,0,0,0,0,0,0,0,25,1.5625,6,0.75,2,0,1,1,0,0,0,0,""
657,"100","UNI11","No","Year 1","3","Forensic Investigative Psychology","Female","19","Non-UKRN",2,2,1,0,-1,2,0,2,-1,1,-1,2,2,0,-1,-1,-2,1,-1,1,-2,-1,-1,-1,1,1,0,1,1,0,1,1,1,0,0,1,0,0,0,0,1,5,0.3125,-3,-0.375,6,2,1,1,NA,0,0,1,""
714,"43","UNI06","Yes","Year 1","4","psychology","fremqle","19","Non-UKRN",2,NA,NA,NA,NA,NA,NA,NA,NA,NA,NA,NA,NA,NA,NA,NA,NA,NA,NA,NA,NA,NA,NA,NA,NA,0,0,0,0,0,0,0,0,0,0,0,0,0,0,0,0,NA,NA,NA,NA,0,0,NA,NA,NA,NA,NA,NA,""
344,"100","UKRN04","Yes","Year 2","3","Psychology ","Male","20","UKRN",2,1,2,1,2,1,1,0,0,0,-1,2,2,0,1,-1,-1,2,0,-1,1,-2,-1,1,1,1,1,1,1,1,1,0,1,0,0,0,0,0,0,1,0,10,0.625,1,0.125,7,1,1,1,0,0,0,1,""
381,"88","UNI73","No","Final Year","3","Psychology","Female ","22","Non-UKRN",2,1,1,2,2,2,2,2,1,2,2,2,2,2,0,-1,1,1,2,2,0,1,1,2,2,1,0,1,1,1,0,1,1,0,1,0,0,0,1,0,0,23,1.4375,11,1.375,6,2,1,0,0,1,1,1,""
547,"100","UNI06","Yes","Year 1","4","Psychology and business ","Woman ","18","Non-UKRN",2,1,1,0,0,1,1,1,1,1,1,1,0,1,-1,0,-1,0,0,1,-1,-1,-1,0,0,1,0,1,0,1,0,0,1,0,1,0,1,0,1,1,0,8,0.5,-2,-0.25,4,4,0,NA,NA,0,0,0,""
491,"100","UNI64","Yes","Year 1","3","Psychology (counselling and mental health)","Male ","20","Non-UKRN",2,2,2,-2,0,1,1,2,1,1,1,2,1,-1,-1,-1,1,1,-1,2,-1,1,1,2,0,1,0,1,0,0,1,0,1,0,1,0,1,1,0,1,0,10,0.625,5,0.625,4,4,1,1,0,0,1,1,""
696,"100","UNI80","Yes","Year 2","4","Psychology with a Placement Year ","female","20","Non-UKRN",2,2,1,0,1,0,-1,0,-1,2,1,1,2,0,-1,-1,0,1,1,1,0,-2,-1,-1,1,0,0,1,0,0,0,0,1,0,0,1,0,0,0,0,1,6,0.375,0,0,2,2,1,1,1,1,1,1,""
99,"100","UKRN08","No","Year 2","3","Psychology","Female","20","UKRN",2,2,1,1,1,2,1,2,-1,2,1,1,1,1,-1,0,-1,2,1,2,-1,-1,1,1,1,1,0,1,0,0,0,0,0,0,0,1,0,0,1,0,1,13,0.8125,6,0.75,2,3,1,1,0,0,0,1,""
234,"100","UNI72","No","Year 1","3","BA Hons in Psychology and Counselling","F","42","Non-UKRN",2,1,1,1,2,1,1,2,0,1,2,1,2,-1,1,-2,1,1,1,0,-1,-1,-1,1,-1,1,0,1,0,0,0,0,0,0,0,0,0,0,0,0,0,14,0.875,-1,-0.125,2,0,0,NA,NA,0,0,1,""
190,"100","UKRN01","Yes","Year 1","4","Psychology","Female","18","UKRN",2,1,2,0,1,1,1,-1,-1,1,1,1,2,0,1,-2,-2,-1,-1,0,-1,-2,-1,2,0,1,1,1,1,0,1,0,1,1,0,1,1,0,1,0,1,6,0.375,-4,-0.5,6,5,1,1,1,1,0,1,""
575,"100","UNI06","Yes","Year 1","3","Psychology","female","18","Non-UKRN",2,1,2,0,1,0,0,0,0,-1,-1,0,-1,-1,-1,0,-1,1,-1,-2,1,1,1,1,0,0,0,1,0,0,0,0,1,0,0,1,0,0,0,0,0,-2,-0.125,2,0.25,2,1,1,1,0,0,1,1,"I just want to be rich :("
221,"100","UKRN01","Yes","Year 1","4","Psychology Bsc","Female","20","UKRN",2,2,1,1,0,1,0,1,-1,1,1,1,2,1,1,-1,-1,1,0,1,-1,-1,0,1,0,0,0,1,0,1,1,0,1,0,0,1,0,0,1,0,0,10,0.625,1,0.125,4,2,0,NA,NA,0,0,1,""
514,"100","UNI06","Yes","Year 2","3","Psychology","Female","21","Non-UKRN",2,1,1,2,0,1,0,2,1,1,-2,1,-1,0,-1,1,0,-1,-1,-1,-1,0,1,-1,-1,1,0,0,0,0,1,1,1,0,0,1,0,0,0,1,1,7,0.4375,-5,-0.625,4,3,0,NA,NA,1,0,1,""
402,"43","UNI72","Other (Please specify)","Year 1","3","Psychology and Applied Drama in the Community","non binary","19","Non-UKRN",2,NA,NA,NA,NA,NA,NA,NA,NA,NA,NA,NA,NA,NA,NA,NA,NA,NA,NA,NA,NA,NA,NA,NA,NA,0,0,0,0,0,0,0,0,0,0,0,0,0,0,0,0,NA,NA,NA,NA,0,0,NA,NA,NA,NA,NA,NA,""
128,"100","UKRN08","Yes","Year 1","4","Psychology with Criminology Foundation ","Female","34","UKRN",2,1,2,1,1,1,0,0,0,1,-1,1,0,1,-1,0,-1,1,1,-1,-1,-1,-1,0,0,0,0,1,0,0,0,0,1,0,0,0,0,0,0,0,0,6,0.375,-2,-0.25,2,0,1,1,0,0,0,1,"Thank you refreshing my dusty memory"
75,"100","UKRN08","Yes","Year 2","3","Psychology","Female","20","UKRN",2,1,1,0,-1,0,0,1,2,1,-1,2,2,1,-1,-1,1,1,-1,-1,-1,0,0,1,-1,1,1,0,0,1,1,1,0,0,0,1,1,0,0,0,1,8,0.5,-2,-0.25,5,3,1,1,1,0,0,1,""
119,"100","UKRN01","Yes","Year 2","4","Bsc Psychology (Hons)","Female ","19","UKRN",2,1,1,0,1,1,0,2,0,2,1,1,1,0,1,0,-2,1,-1,1,-2,-2,0,1,1,0,0,0,0,0,0,1,0,0,0,1,1,0,0,0,0,10,0.625,-1,-0.125,1,2,0,NA,NA,0,0,1,""
663,"100","UNI11","No","Year 1","3","Forensic investigative psychology ","Female","19","Non-UKRN",2,0,1,0,0,1,0,1,0,-1,-1,0,-1,0,-1,0,0,1,0,0,0,-1,0,0,0,1,0,1,0,0,1,1,1,0,1,0,1,1,0,0,0,-1,-0.0625,0,0,5,3,0,NA,NA,1,0,0,""
350,"100","UKRN04","No","Final Year","3","Psychology single honours ","Female ","22","UKRN",2,1,2,1,2,1,1,2,1,2,1,1,2,0,2,-1,-1,1,2,1,-1,-1,-1,1,1,1,1,0,1,0,0,0,1,0,0,1,0,0,1,0,0,17,1.0625,3,0.375,4,2,1,1,1,1,0,1,""
88,"100","UKRN01","Yes","Year 2","4","Psychology BSc","female","19","UKRN",2,2,1,0,-1,0,0,1,1,1,-1,1,1,1,0,0,-1,-1,-1,1,-1,-1,0,1,1,1,1,1,0,0,0,1,1,0,0,1,0,0,0,0,1,6,0.375,-1,-0.125,5,2,0,NA,NA,0,0,1,""
706,"64","UNI11","No","Year 2","3","Psychology BSc","Female ","19","Non-UKRN",2,2,1,1,-1,1,0,2,-1,1,-1,2,2,1,-1,-1,-2,-1,1,2,0,-2,1,NA,NA,1,0,1,0,1,1,1,1,0,1,0,1,0,0,0,0,6,0.375,NA,NA,6,2,NA,NA,NA,NA,NA,NA,""
371,"100","UNI10","Yes","Final Year","4","Business Management with Psychology joint honours with a Professional Placement Year","Male","24","Non-UKRN",2,1,1,2,1,1,2,2,2,2,2,2,2,2,-2,-1,-2,2,1,2,2,-2,1,1,1,1,1,1,1,0,1,1,1,0,0,0,0,1,0,0,0,17,1.0625,8,1,7,1,1,0,0,1,0,1,"This is a hot topic that needs to be addressed if the future of social sciences wants to in anyway catch up with the fast moving contant changing world and its disciplines."
443,"100","UNI75","No","Final Year","3","BSc Psychology","Female","46","Non-UKRN",2,2,2,2,2,1,2,1,-1,2,-2,1,2,1,-1,-2,-1,-1,2,2,-2,-1,1,1,2,0,0,1,1,0,0,1,1,0,0,1,1,0,0,0,1,11,0.6875,4,0.5,4,3,0,NA,NA,0,0,1,""
464,"100","UNI75","No","Year 1","3","Psychology","Male","22","Non-UKRN",2,2,1,0,2,1,1,2,2,-1,0,2,1,1,-1,0,-1,1,1,1,-2,-1,-1,1,1,1,0,1,0,1,0,0,1,0,0,0,0,0,0,0,0,12,0.75,1,0.125,4,0,0,NA,NA,0,0,1,""
175,"100","UKRN01","Yes","Year 2","4","Psychology BSc","Male","20","UKRN",2,2,2,2,-2,2,-2,2,0,1,-2,2,2,2,-2,0,-2,2,-2,1,0,1,1,2,-1,1,1,1,1,1,1,1,1,0,0,0,0,0,0,0,0,7,0.4375,4,0.5,8,0,1,0,0,0,1,1,""
25,"100","UKRN01","Yes","Year 2","4","BSc Psychology","Female","19","UKRN",2,1,2,0,-2,-1,0,1,-1,-1,-2,1,1,1,0,0,-1,-2,-2,-1,-1,0,0,1,1,1,1,1,1,1,1,1,1,0,0,1,0,0,0,0,0,-1,-0.0625,-4,-0.5,8,1,1,1,0,1,0,1,""
265,"100","UKRN01","Yes","Year 1","3","Psychology ","Female ","19","UKRN",2,1,2,1,1,0,1,1,1,-1,-2,1,1,0,-1,-1,-1,2,-1,1,-1,-1,-1,1,1,0,0,1,0,0,1,0,1,0,0,0,0,0,0,0,0,4,0.25,1,0.125,3,0,0,NA,NA,0,0,0,""
401,"100","UNI10","Yes","Year 1","4","Psychology with a placement year","Female","19","Non-UKRN",2,2,2,0,-1,0,-1,-1,-1,1,0,1,1,-1,-1,-1,-1,1,1,1,-1,-1,-1,1,-1,1,0,0,0,1,0,0,1,0,0,1,0,0,1,0,0,-1,-0.0625,0,0,3,2,0,NA,NA,1,0,1,""
493,"100","UNI64","Yes","Year 1","3","Psychology (Forensics and Psychopathology)","Female","18","Non-UKRN",2,2,1,1,0,0,0,1,-1,1,-1,1,2,2,1,-1,-1,1,-1,-1,-1,-1,0,-1,1,1,0,1,0,0,1,0,1,0,0,0,0,0,0,0,0,8,0.5,-3,-0.375,4,0,1,1,0,1,1,1,""
188,"98","UKRN01","Yes","Year 2","4","Psychology","Female","19","UKRN",2,1,2,2,0,1,1,2,2,2,1,1,1,0,1,-1,1,2,1,1,1,1,1,1,1,1,1,1,1,1,0,1,1,0,0,0,0,0,1,0,0,17,1.0625,9,1.125,7,1,1,1,1,1,1,1,""
583,"100","UNI06","Yes","Year 2","4","Psychology ","Female","20","Non-UKRN",2,1,1,1,-2,1,1,2,1,1,0,2,0,0,0,0,0,-1,-1,-1,0,-1,0,1,0,0,0,1,0,0,0,0,1,0,0,0,0,0,0,0,1,9,0.5625,-3,-0.375,2,1,1,1,0,0,1,1,""
434,"100","UNI75","Yes","Year 2","3","Applied psychology","Female ","28","Non-UKRN",2,0,1,1,-1,-1,0,1,1,1,-2,1,2,1,1,-1,1,2,1,0,0,-2,-1,1,1,1,1,1,1,1,1,1,1,0,0,1,0,0,1,0,0,6,0.375,2,0.25,8,2,0,NA,NA,0,0,0,""
606,"100","UNI19","No","Year 1","3","BSc Psychology","Female","20","Non-UKRN",2,2,1,1,-1,0,1,0,-1,-1,1,1,1,-1,0,0,-1,1,1,1,0,-1,1,1,1,1,1,0,0,0,0,1,1,0,0,0,0,0,0,0,0,3,0.1875,5,0.625,4,0,0,NA,NA,0,0,1,""
571,"100","UNI06","Yes","Year 1","4","Psychology and Sociology","Female","19","Non-UKRN",2,1,1,1,1,1,1,2,2,2,1,2,2,0,0,-1,-1,1,1,0,-1,-1,0,1,-1,1,1,1,1,0,1,1,1,1,0,1,1,0,1,0,0,15,0.9375,0,0,7,4,1,1,0,0,1,1,""
516,"100","UNI06","Yes","Year 2","4","Psychology","Female","19","Non-UKRN",2,2,0,0,1,0,0,0,2,1,0,1,0,2,0,2,0,0,1,0,1,-1,-2,1,1,1,1,0,1,0,1,1,1,0,0,1,0,1,1,0,1,11,0.6875,1,0.125,6,4,1,0,0,0,0,0,"no"
92,"100","UKRN01","Yes","Year 2","4","Psychology ","Female ","20","UKRN",2,2,1,1,1,0,0,1,1,1,-2,1,1,0,1,-1,-2,1,1,1,0,-2,-1,0,1,1,1,1,0,0,1,1,1,0,0,1,0,0,1,0,0,6,0.375,1,0.125,6,2,0,NA,NA,1,0,1,""
599,"100","UNI06","Yes","Year 2","4","Psychology","Female","19","Non-UKRN",2,2,1,0,1,0,0,0,0,2,0,1,1,1,-1,-1,0,1,1,0,0,-1,-1,0,1,1,1,0,1,1,0,0,0,0,0,1,0,0,1,1,1,7,0.4375,1,0.125,4,4,0,NA,NA,1,0,0,""
285,"100","UNI50","Other (Please specify)","Year 1","3","Psychology ","Female ","18","Non-UKRN",2,2,1,1,-1,2,2,2,2,2,-2,1,1,1,-1,0,0,1,0,1,0,-2,0,0,1,1,0,1,0,0,1,0,1,0,1,0,1,1,0,1,0,13,0.8125,1,0.125,4,4,0,NA,NA,0,0,1,""
353,"100","UKRN04","No","Final Year","3","psychology and criminology","male","21","UKRN",2,2,2,0,-1,2,2,2,2,1,-2,-2,2,0,-2,-2,0,2,2,2,-2,-1,0,0,1,0,0,0,0,0,0,0,1,0,0,1,0,0,0,0,0,6,0.375,4,0.5,1,1,0,NA,NA,0,0,1,""
294,"100","UNI50","No","Year 1","3","BSc Psychology ","Female","19","Non-UKRN",2,2,2,0,1,1,2,2,1,2,-2,1,2,2,1,-1,-2,1,1,2,-2,-1,1,1,1,0,1,0,1,1,0,1,0,1,0,1,0,0,1,0,1,14,0.875,4,0.5,4,4,0,NA,NA,1,0,1,""
12,"100","UNI06","Yes","Year 2","4","psychology ","female","19","Non-UKRN",2,1,0,0,1,1,1,1,0,0,0,1,1,-1,1,0,0,1,-1,1,0,-1,0,1,1,1,1,1,1,0,1,0,1,1,0,1,0,0,1,0,1,7,0.4375,2,0.25,6,4,0,NA,NA,1,0,1,""
63,"100","UKRN01","Yes","Placement Year","4","Psychology BSc","female","21","UKRN",2,0,1,0,1,1,1,1,1,2,0,1,2,1,2,-2,-1,2,2,1,-1,1,0,2,2,1,0,1,1,1,1,1,1,0,0,1,0,0,0,1,0,11,0.6875,9,1.125,7,2,1,1,0,1,1,1,""
268,"100","UNI72","No","Year 1","3","Psychology","Nonbinary","21","Non-UKRN",2,2,2,2,2,2,2,2,2,2,2,2,2,2,-1,-2,-2,1,1,2,2,-1,-1,1,2,1,1,1,0,0,1,0,0,0,0,1,0,0,1,0,0,21,1.3125,7,0.875,4,2,0,NA,NA,0,0,1,""
178,"100","UNI06","Yes","Placement Year","3","BSc Psychology ","Female","22","Non-UKRN",2,2,1,-1,2,1,1,-1,-1,1,1,-1,2,2,-1,0,1,1,1,0,1,1,-1,0,1,1,1,1,1,0,1,1,1,0,0,1,1,0,1,0,0,9,0.5625,4,0.5,7,3,1,0,0,0,0,0,"We do not get taught much about how research works/is produced as undergraduates. I don’t know the common code of practice for publishing and sharing experiments"
331,"100","UNI10","Yes","Placement Year","4","BSc hons Psychology with Placement Year","Female","25","Non-UKRN",2,2,2,1,1,2,1,-1,-1,1,1,1,2,0,2,-1,-1,1,2,-2,1,1,1,1,2,1,0,0,0,0,0,0,0,0,0,1,1,1,1,0,1,12,0.75,7,0.875,1,5,1,0,0,0,0,1,""
690,"100","UNI79","No","Year 1","3","Psychology ","Female","19","Non-UKRN",2,0,1,0,1,0,0,2,1,2,-2,1,2,1,0,1,-1,0,0,1,1,2,2,1,0,0,0,1,1,1,1,0,1,1,1,0,0,0,0,1,0,9,0.5625,7,0.875,5,3,0,NA,NA,0,0,1,""
104,"100","UKRN08","No","Year 2","3","Psychology","female","23","UKRN",2,1,1,0,1,-1,0,1,1,0,1,1,2,2,-1,0,2,1,1,-1,0,0,0,1,0,1,1,0,1,0,0,1,1,0,0,1,0,1,1,0,0,11,0.6875,2,0.25,5,3,1,1,0,0,0,0,""
673,"100","UNI80","No","Final Year","3","Psychology ","Female ","21","Non-UKRN",2,1,1,1,1,1,1,1,1,-1,-1,1,1,1,-1,-1,-1,1,-1,1,1,1,1,1,1,1,0,1,0,0,0,0,1,0,0,1,1,0,0,0,0,6,0.375,6,0.75,3,2,1,1,NA,0,1,1,""
499,"100","UNI19","No","Year 1","3","Psychology","Male","18","Non-UKRN",2,1,2,0,1,1,0,1,1,1,1,2,2,2,-1,0,-1,2,1,0,0,-2,1,2,1,0,0,0,0,1,1,1,0,1,1,1,1,0,0,0,1,13,0.8125,5,0.625,3,5,1,1,1,0,0,1,"No"
687,"100","UNI11","No","Final Year","3","Psychology","Female","20","Non-UKRN",2,2,1,1,1,1,1,1,-1,0,0,2,2,1,1,-1,1,2,0,2,2,-2,1,2,2,1,1,1,1,1,1,1,1,0,0,0,0,0,0,0,0,13,0.8125,9,1.125,8,0,1,0,0,0,0,1,""
270,"100","UNI06","Yes","Year 1","4","Psychology and business ","Female ","18","Non-UKRN",2,2,2,1,1,1,1,2,2,1,1,1,2,1,0,0,-2,2,1,1,1,-1,1,0,1,1,0,0,1,1,0,0,1,0,0,1,0,0,1,0,0,16,1,6,0.75,4,2,1,1,0,0,1,1,""
470,"100","UNI75","No","Final Year","3","Applied Psychology and Counselling. ","Female ","49","Non-UKRN",2,1,1,-1,-1,0,-1,1,1,-1,-2,1,1,-1,1,-1,0,-1,-1,-1,-1,1,1,0,0,0,0,0,0,0,0,0,1,0,0,1,1,0,1,1,1,-1,-0.0625,-2,-0.25,1,5,1,1,0,0,0,1,"Research methods is hard and takes continual learning and keeping up to date. "
581,"100","UNI06","Yes","Year 1","4","BSc Psychology and Maketing","Female","19","Non-UKRN",2,-2,2,2,2,1,1,1,1,2,1,2,2,2,2,-1,-2,2,2,2,2,-2,1,2,-2,1,1,1,1,0,1,0,1,0,0,0,0,1,0,1,0,16,1,7,0.875,6,2,1,1,0,1,1,1,""
286,"100","UNI50","No","Year 2","3","Psychology with clinical psychology","Female","20","Non-UKRN",2,1,1,0,0,1,1,1,1,1,-1,0,0,1,-1,1,-2,1,1,1,-1,-1,1,0,1,1,0,1,0,0,1,0,1,0,0,1,0,0,1,0,1,5,0.3125,3,0.375,4,3,0,NA,NA,0,0,0,""
642,"100","UNI79","No","Year 1","3","Addiction Psychology","male","23","Non-UKRN",2,2,2,2,2,2,2,2,2,2,2,2,2,-2,-2,-2,-2,2,2,2,2,2,2,2,2,1,1,1,0,0,1,0,1,0,0,0,1,1,0,1,0,16,1,16,2,5,3,0,NA,NA,1,0,1,""
180,"100","UKRN08","Yes","Year 1","4","BSc (Honours) Psychology","female","21","UKRN",2,2,1,0,1,1,0,0,0,-1,-1,2,2,1,-1,0,-1,1,0,1,-1,-1,-1,2,0,0,0,0,1,1,0,1,0,0,0,1,0,0,1,0,1,6,0.375,1,0.125,3,3,1,1,0,0,1,1,""
267,"100","UKRN01","Yes","Year 2","4","Psychology","female","20","UKRN",2,1,1,0,0,0,0,0,-1,1,0,1,1,0,-1,-1,0,1,1,1,-1,-1,1,-1,1,1,1,1,1,1,1,1,1,1,0,1,1,1,1,1,1,2,0.125,2,0.25,8,7,1,1,1,0,1,1,""
10,"100","UNI06","Yes","Year 1","4","single honors psychology with placement year","female","19","Non-UKRN",2,2,2,2,2,2,2,2,2,2,2,1,2,1,-2,-1,0,2,2,2,2,0,2,1,2,1,1,0,1,1,1,1,0,0,0,1,0,0,0,0,1,21,1.3125,13,1.625,6,2,1,1,0,1,1,1,"no"
67,"100","UKRN01","Yes","Year 2","4","Psychology","Female","21","UKRN",2,1,1,1,0,1,1,1,1,1,1,1,2,0,1,0,1,1,1,1,0,0,1,-1,1,0,0,1,1,0,0,1,1,0,0,0,0,0,0,0,0,14,0.875,4,0.5,4,0,0,NA,NA,0,0,1,"no, good questions that make you think"
340,"100","UKRN04","No","Year 2","3","BSc (hons) Psychology","Female","22","UKRN",2,2,2,2,2,1,1,2,1,1,2,2,2,2,2,0,-1,2,2,2,1,-1,0,1,1,1,1,1,1,0,1,0,1,1,0,1,0,0,1,0,0,23,1.4375,8,1,6,3,1,1,1,0,1,1,""
619,"100","UNI06","Yes","Year 1","4","psychology ","female","19","Non-UKRN",2,1,1,2,0,1,0,1,0,0,0,2,1,0,0,-2,-2,1,0,0,-2,-2,1,0,0,1,1,1,1,1,1,1,1,1,1,1,0,0,1,1,0,5,0.3125,-2,-0.25,8,5,0,NA,NA,1,0,1,""
565,"100","UNI06","Yes","Year 1","4","Psychology ","Female ","20","Non-UKRN",2,0,0,0,0,0,0,2,0,0,0,0,0,0,0,0,0,0,0,0,0,0,0,0,0,1,1,1,1,1,1,1,1,0,0,0,0,0,0,0,0,2,0.125,0,0,8,0,0,NA,NA,0,0,0,""
476,"100","UNI74","No","Year 1","2","Bsc Psychology","Female","49","Non-UKRN",2,1,1,0,-1,0,1,1,1,0,-2,1,1,0,-1,-1,-2,-1,-1,1,-1,-2,-1,1,-1,1,0,1,0,0,1,1,1,1,0,1,0,0,1,0,0,0,0,-5,-0.625,5,3,0,NA,NA,0,0,0,"Some of these issues should be applicable to undergraduates because these are ethical issues and it should be part of an undergraduates foundation of understanding."
55,"100","UKRN01","Yes","Year 1","4","Psychology","Female","18","UKRN",2,2,1,-1,-1,-1,1,-1,-1,1,2,1,2,0,1,-2,-2,1,-1,1,-2,2,1,1,1,0,0,1,1,0,1,0,1,1,1,0,0,1,0,1,0,2,0.125,4,0.5,4,4,1,0,0,0,0,1,""
538,"100","UNI06","No","Year 1","3","Psychology","female","19","Non-UKRN",2,1,1,-1,1,1,1,2,-1,1,-1,1,2,1,-1,1,0,-1,-1,-1,-1,-1,-1,2,1,0,0,0,0,0,0,0,1,0,0,1,0,0,1,0,0,9,0.5625,-3,-0.375,1,2,1,1,1,1,1,1,""
523,"100","UNI06","Yes","Year 2","4","psychology","female","19","Non-UKRN",2,0,-1,1,-1,0,-1,2,2,2,0,1,1,1,0,1,0,-1,-1,1,0,-1,1,0,0,1,0,0,0,0,0,0,1,0,0,0,0,0,0,0,0,8,0.5,-1,-0.125,2,0,0,NA,NA,1,0,1,""
372,"100","UNI62","No","Year 2","3","Psychological and Behavioural Sciences","Female","20","Non-UKRN",2,1,2,1,1,-1,1,1,1,1,1,1,2,1,1,1,1,2,1,2,1,1,1,2,0,1,1,1,1,1,1,1,1,0,0,0,0,0,0,0,0,16,1,10,1.25,8,0,1,1,1,1,1,1,""
503,"100","UNI06","No","Year 2","3","Psychology","Female","23","Non-UKRN",2,2,1,1,0,1,1,-1,-1,1,1,1,1,0,0,-2,-2,-1,1,0,-1,-2,-2,2,1,1,1,0,1,1,0,1,0,0,0,1,0,0,1,0,1,4,0.25,-2,-0.25,5,3,1,0,1,0,0,1,""
542,"100","UNI06","Yes","Year 2","4","BSc Psychology","Female","19","Non-UKRN",2,1,-1,1,1,1,1,1,1,1,0,0,2,1,-1,-1,0,1,0,1,0,-1,1,1,1,1,0,1,0,1,1,1,1,0,0,0,0,0,0,1,1,8,0.5,4,0.5,6,2,0,NA,NA,0,0,1,""
256,"100","UNI73","Yes","Year 2","4","Psychology and criminology with a year in industry","Woman","21","Non-UKRN",2,2,2,2,2,0,1,-1,1,0,1,2,2,1,-1,-1,-1,2,2,1,1,-1,1,2,1,1,1,0,1,1,1,1,0,0,0,1,0,0,0,0,1,12,0.75,9,1.125,6,2,1,1,1,0,0,1,""
555,"100","UNI06","Yes","Year 1","4","Psychology","Female","20","Non-UKRN",2,2,2,1,2,0,0,2,0,2,-1,1,1,1,-2,-1,-2,0,1,-1,-1,-1,0,1,1,1,1,0,1,1,0,1,0,0,0,1,0,0,1,0,1,8,0.5,0,0,5,3,1,1,1,0,0,1,""
7,"100","UKRN01","Other (Please specify)","Year 1","3","Psychology Bsc","Female","19","UKRN",2,2,2,1,1,0,1,0,-1,0,-1,1,2,1,0,-1,0,1,1,-1,0,1,1,2,0,1,1,1,0,0,1,0,1,0,0,0,0,0,0,0,0,8,0.5,5,0.625,5,0,1,0,0,1,0,0,""
77,"100","UKRN08","Yes","Year 2","4","Psychology","Female","21","UKRN",2,1,1,1,-1,1,1,2,1,1,-2,-1,2,1,-1,-1,-1,1,-1,1,1,-2,-1,1,1,0,0,1,1,0,1,0,1,0,0,1,0,0,1,0,1,5,0.3125,1,0.125,4,3,1,1,1,0,0,1,""
609,"100","UNI06","No","Year 1","3","Psychology ","Female ","20","Non-UKRN",2,1,1,-1,-2,-2,1,2,-1,1,-2,2,2,1,2,-1,-1,-1,-1,1,-1,-2,1,2,1,0,0,1,0,0,0,0,1,0,0,0,0,0,0,0,0,3,0.1875,0,0,2,0,1,1,NA,0,0,1,""
508,"100","UNI06","Yes","Year 1","3","Psychology and business ","Male ","20","Non-UKRN",2,1,2,2,2,2,0,2,0,2,-1,1,1,1,-2,-1,-2,2,2,2,-1,-2,-2,0,0,1,1,0,0,0,0,0,0,0,0,1,0,1,1,0,1,10,0.625,1,0.125,2,4,1,1,1,0,1,1,""
229,"100","UKRN01","No","Final Year","3","Psychology BSc","Female","21","UKRN",2,1,1,1,1,0,1,1,1,1,-1,1,1,1,0,-1,-1,1,1,2,1,-1,1,1,1,1,1,1,0,0,0,1,1,0,0,1,0,0,0,0,0,8,0.5,7,0.875,5,1,1,1,1,0,1,1,""
362,"100","UNI10","No","Year 2","3","Psychology ","Female ","19","Non-UKRN",2,2,1,1,-1,2,0,2,1,2,-1,2,-1,1,-2,-1,-2,-1,-2,1,-1,-1,1,1,0,1,0,1,1,0,1,1,1,0,1,0,0,1,0,0,0,6,0.375,-2,-0.25,6,2,1,0,0,0,0,1,""
225,"100","UNI06","Yes","Year 1","4","business and psychology","male","20","Non-UKRN",2,1,1,1,0,1,1,1,1,1,-2,2,2,1,2,-1,-1,1,-2,1,-1,-1,2,1,1,0,0,1,0,0,1,0,1,1,1,0,1,1,0,1,0,11,0.6875,2,0.25,3,5,0,NA,NA,0,0,1,""
228,"100","UNI06","Yes","Year 1","4","business and psychology","male","20","Non-UKRN",2,1,1,1,1,1,0,1,1,1,1,1,2,1,2,0,-1,1,1,2,-1,1,2,1,1,0,0,1,0,1,1,0,1,0,0,0,0,0,1,0,0,14,0.875,8,1,4,1,0,NA,NA,0,0,1,""
420,"100","UNI19","Yes","Year 1","3","Bcs Psychology ","Transgender Male ","18","Non-UKRN",2,2,2,1,2,1,1,1,2,2,-1,-1,1,2,1,-2,-2,2,2,2,2,-2,-1,1,2,1,0,1,1,1,1,0,1,0,1,0,0,0,0,1,0,12,0.75,8,1,6,2,1,1,0,0,0,1,""
154,"100","UKRN08","No","Final Year","4","Psychology","Male","27","UKRN",2,2,2,2,2,2,2,2,2,2,2,1,-1,2,-1,1,-2,2,0,1,1,-1,1,-1,-1,1,1,1,1,0,1,0,1,0,0,0,0,1,0,1,0,20,1.25,2,0.25,6,2,1,1,1,1,1,1,""
380,"100","UNI19","No","Year 2","3","Psychology ","Female ","21","Non-UKRN",2,1,1,2,1,-1,1,-1,-1,1,1,-1,1,-1,-1,-1,1,2,1,1,1,1,1,-2,-1,1,0,1,0,0,0,1,1,1,0,0,0,0,0,0,0,3,0.1875,4,0.5,4,1,0,NA,NA,0,0,1,""
458,"100","UNI75","No","Year 1","3","Psychology BSc","Female","23","Non-UKRN",2,2,2,2,-1,-1,1,0,0,2,2,2,2,2,1,-1,-2,2,-1,2,-2,-2,1,2,2,0,0,0,1,1,0,1,1,0,0,1,0,0,1,0,0,13,0.8125,4,0.5,4,2,0,NA,NA,1,1,1,""
662,"100","UNI11","No","Year 1","3","BSc Psychology","Female","18","Non-UKRN",2,1,1,1,-2,1,0,2,1,1,1,2,0,1,-2,-1,-2,1,0,1,-1,-2,1,1,1,1,1,0,1,1,0,1,0,0,0,1,0,0,1,0,1,5,0.3125,2,0.25,5,3,1,0,0,0,0,1,""
666,"100","UNI80","Yes","Placement Year","4","Psychology with Clinical Psychology and Placement Year","Female","24","Non-UKRN",2,2,2,-2,-1,-2,-2,1,1,-2,-2,-1,2,1,-2,-2,-1,1,-1,-1,-2,-2,-2,-1,1,1,1,0,0,0,0,0,1,0,0,1,0,0,0,0,1,-8,-0.5,-7,-0.875,3,2,0,NA,NA,0,0,1,""
526,"100","UNI06","Yes","Year 2","3","BSc Psychology","Male","23","Non-UKRN",2,2,1,0,-1,0,0,1,0,1,0,2,1,0,-1,0,-2,1,1,1,-1,-1,1,1,1,1,1,1,1,0,1,0,1,0,0,1,1,0,1,0,0,4,0.25,4,0.5,6,3,0,NA,NA,1,0,1,""
263,"100","UNI73","No","Final Year","3","Psychology","Female","21","Non-UKRN",2,1,2,2,2,2,2,1,0,2,2,2,2,2,2,-1,-1,2,2,2,2,0,2,2,2,1,0,0,1,0,0,1,1,0,0,0,1,0,0,1,0,22,1.375,14,1.75,4,2,1,1,0,1,1,1,""
396,"100","UNI08","No","Final Year","3","BSc Psychology","F","22","Non-UKRN",2,2,2,0,2,2,2,2,2,-2,-2,2,2,2,2,-2,-2,2,2,2,2,-2,-2,2,2,1,1,1,1,1,1,1,1,1,1,1,0,1,1,1,1,14,0.875,8,1,8,7,1,1,0,1,1,1,""
625,"100","UNI06","No","Year 1","3","Psychology ","Female ","18","Non-UKRN",2,0,0,0,0,0,0,0,0,0,0,0,0,0,0,0,0,0,0,0,0,0,0,0,0,0,0,1,0,0,0,0,1,1,1,0,1,1,1,1,0,0,0,0,0,2,6,0,NA,NA,0,0,0,""
557,"100","UNI06","Yes","Year 1","4","Psychology and Sociology","Male","18","Non-UKRN",2,1,1,1,-1,0,0,0,-1,1,0,1,1,1,-1,0,-1,-1,0,1,-1,-1,1,1,0,1,1,1,1,0,1,1,1,1,0,0,0,0,0,0,1,3,0.1875,0,0,7,2,1,1,0,1,1,1,""
716,"100","UNI64","No","Year 2","3","Psychology (Forensic and Psychopathology)","Female","22","Non-UKRN",2,2,1,1,0,1,1,2,0,1,0,1,1,0,-1,1,0,1,-1,0,-1,-1,1,1,0,1,1,1,0,0,1,0,1,0,0,0,1,1,0,1,0,11,0.6875,0,0,5,3,1,0,1,0,0,1,""
574,"100","UNI06","No","Year 2","3","psychology","female","20","Non-UKRN",2,1,2,1,0,1,1,1,1,0,0,0,0,1,0,2,-2,2,2,-1,-2,-2,0,1,2,1,1,0,0,1,1,0,1,0,0,1,0,0,0,0,0,9,0.5625,2,0.25,5,1,0,NA,NA,0,0,1,""
2,"100","UKRN08","Yes","Placement Year","3","Bsc Psychology","Female","24","UKRN",2,2,2,2,2,2,2,2,1,2,2,2,2,2,2,-1,-2,2,2,2,2,-1,2,2,-2,1,1,1,1,1,0,1,1,0,1,1,1,0,0,0,0,24,1.5,9,1.125,7,3,1,1,1,1,1,1,""
213,"100","UNI09","No","Year 1","3","Psychology with forensic psychology ","Famale ","20","Non-UKRN",2,1,2,2,2,2,1,2,2,1,1,2,2,1,-1,-1,-1,1,1,1,-1,-1,1,1,1,1,1,1,0,0,1,1,1,0,0,0,1,1,0,0,0,18,1.125,4,0.5,6,2,0,NA,NA,1,0,1,""
490,"100","UNI64","Other (Please specify)","Year 2","3","Psychology","female","20","Non-UKRN",2,2,2,-1,2,2,2,2,1,2,1,1,2,0,-1,-1,-1,1,1,1,-2,-2,-1,0,0,0,0,0,1,0,0,1,0,1,1,1,0,1,1,0,1,15,0.9375,-2,-0.25,2,6,0,NA,NA,0,0,1,"It would be nice if we study about these things at uni"
543,"100","UNI06","No","Year 1","3","BSc Psychology ","Female","19","Non-UKRN",2,1,-1,2,0,0,-1,1,-1,1,0,1,-1,1,0,1,0,1,-1,1,-2,-2,0,-1,-1,1,1,0,0,0,1,1,1,0,0,1,0,0,1,0,0,4,0.25,-5,-0.625,5,2,0,NA,NA,0,0,1,""
145,"100","UKRN08","No","Year 1","3","Psychology","Female","19","UKRN",2,2,2,1,2,1,1,2,1,1,1,1,2,1,2,-1,-1,2,1,1,0,-2,-1,1,1,0,0,1,1,0,0,0,1,0,0,0,0,0,0,0,0,18,1.125,3,0.375,3,0,1,1,0,0,0,0,""
524,"100","UNI06","Yes","Year 2","4","Psychology and Marketing","male","20","Non-UKRN",2,1,1,-1,0,1,1,1,1,-1,1,-1,-1,0,0,0,0,0,1,-1,-1,0,1,0,1,1,1,1,0,0,0,0,1,1,1,1,0,0,0,0,0,3,0.1875,1,0.125,4,3,0,NA,NA,1,0,1,""
240,"100","UNI73","Yes","Year 1","4","Crim Psych","Female","19","Non-UKRN",2,2,2,0,1,1,1,1,0,1,0,2,2,1,-1,-1,-1,1,-1,1,0,-1,1,1,0,0,0,1,0,0,0,0,1,0,0,0,0,0,0,0,0,11,0.6875,2,0.25,2,0,1,1,0,0,0,1,""
393,"100","UKRN01","Yes","Year 1","4","Psychology","Male","18","UKRN",2,2,2,2,2,2,2,2,2,2,2,2,2,2,-2,2,-2,2,2,2,2,-1,-1,2,2,0,0,1,0,0,0,0,1,0,0,0,0,0,0,0,0,24,1.5,10,1.25,2,0,0,NA,NA,0,0,0,""
355,"100","UKRN04","Other (Please specify)","Placement Year","3","Bsc Psychology","Female","20","UKRN",2,1,2,0,1,2,0,2,2,-1,-1,0,2,-1,-1,1,-1,1,1,2,1,-2,0,0,1,1,0,1,1,0,0,1,1,0,1,0,0,1,1,0,0,8,0.5,4,0.5,5,3,1,1,1,1,1,1,"No"
417,"100","UNI19","No","Year 1","3","Psychology","Female","19","Non-UKRN",2,1,1,1,1,2,1,1,1,2,1,-1,2,0,-1,-1,0,1,1,2,0,-1,-1,0,1,0,0,1,0,0,1,0,1,0,0,1,0,0,1,0,0,11,0.6875,3,0.375,3,2,1,1,0,0,0,0,""
216,"100","UNI09","No","Final Year","3","Psychology","Female","20","Non-UKRN",2,2,1,1,1,1,1,2,2,2,1,1,2,1,0,-1,-2,1,1,2,-1,-2,0,2,1,0,0,0,0,0,1,1,1,1,1,1,0,0,0,0,0,15,0.9375,4,0.5,3,3,0,NA,NA,0,0,1,""
554,"100","UNI06","Yes","Year 1","4","BSc Psychology ","Male ","18","Non-UKRN",2,1,1,1,0,0,-1,1,0,1,-1,1,0,-1,1,-1,0,-1,2,-1,0,-1,1,1,1,1,1,1,1,1,1,1,0,0,0,0,0,0,0,0,1,3,0.1875,2,0.25,7,1,1,1,0,0,1,1,""
397,"100","UNI19","Other (Please specify)","Year 1","3","psychology ","female ","20","Non-UKRN",2,0,-1,-1,-1,0,0,1,1,0,-1,0,1,0,0,0,0,-1,-1,1,1,0,0,0,1,0,0,0,0,1,0,1,0,1,1,1,0,0,0,0,0,-1,-0.0625,1,0.125,2,3,0,NA,NA,0,0,1,""
639,"100","UNI06","Yes","Year 1","3","Psychology","Male","17","Non-UKRN",2,1,0,0,-1,0,1,0,-1,0,0,1,1,0,1,-1,0,0,0,1,-1,0,0,-1,0,1,0,1,0,0,0,1,0,0,1,0,1,1,1,0,1,2,0.125,-1,-0.125,3,5,0,NA,NA,1,0,1,""
572,"100","UNI06","Yes","Year 2","4","Psychology and Sociology","Female","21","Non-UKRN",2,1,1,1,1,2,1,2,1,1,1,1,0,1,-1,1,1,1,1,2,-1,1,2,0,1,0,0,0,1,1,0,1,0,1,1,1,0,0,1,0,1,15,0.9375,7,0.875,3,5,0,NA,NA,1,0,1,""
82,"100","UKRN08","No","Year 2","3","Psychology (Hons)","Female","19","UKRN",2,2,2,1,-1,1,1,1,2,1,-1,0,2,1,1,-1,-2,2,2,1,1,-2,-2,2,1,1,0,1,0,0,0,0,1,0,0,0,0,0,0,0,0,10,0.625,5,0.625,3,0,1,1,1,0,1,1,""
717,"100","UNI64","No","Year 2","3","Psychology Forensic & Psychopathology","Female","20","Non-UKRN",2,2,1,0,0,2,0,0,1,0,-1,1,0,2,-2,-1,0,1,-1,1,-1,-1,0,1,0,0,1,0,1,1,0,1,0,1,0,1,0,0,1,0,1,5,0.3125,0,0,4,4,1,1,0,0,0,1,"n/a"
318,"100","UKRN01","Yes","Year 1","4","Psychology","Female","18","UKRN",2,1,1,1,1,0,0,1,-1,1,-2,1,2,1,-1,-1,-1,-1,1,1,-2,-1,0,1,0,1,1,0,0,0,0,1,1,0,0,1,1,1,1,0,0,4,0.25,-1,-0.125,4,4,0,NA,NA,0,1,1,""
